[2024-12-03 10:07:20] production.INFO:   
[2024-12-03 10:14:57] production.INFO:   
[2024-12-03 10:16:56] production.INFO:   
[2024-12-03 10:17:09] production.INFO:   
[2024-12-03 10:37:50] production.INFO:   
[2024-12-03 10:38:44] production.INFO:   
[2024-12-03 10:39:00] production.INFO:   
[2024-12-03 13:31:37] production.ERROR: SQLSTATE[HY000] [1045] Access denied for user 'ce85862_btf101'@'localhost' (using password: YES) (Connection: mysql, SQL: select * from `sessions` where `id` = B20T4KtNdvmOh2iNU0Wtl0PDomtrbxkN5cD5PdEW limit 1) {"exception":"[object] (Illuminate\\Database\\QueryException(code: 1045): SQLSTATE[HY000] [1045] Access denied for user 'ce85862_btf101'@'localhost' (using password: YES) (Connection: mysql, SQL: select * from `sessions` where `id` = B20T4KtNdvmOh2iNU0Wtl0PDomtrbxkN5cD5PdEW limit 1) at /home/n/nasedklm/nasedklm.beget.tech/public_html/vendor/laravel/framework/src/Illuminate/Database/Connection.php:813)
[stacktrace]
#0 /home/n/nasedklm/nasedklm.beget.tech/public_html/vendor/laravel/framework/src/Illuminate/Database/Connection.php(767): Illuminate\\Database\\Connection->runQueryCallback('select * from `...', Array, Object(Closure))
#1 /home/n/nasedklm/nasedklm.beget.tech/public_html/vendor/laravel/framework/src/Illuminate/Database/Connection.php(398): Illuminate\\Database\\Connection->run('select * from `...', Array, Object(Closure))
#2 /home/n/nasedklm/nasedklm.beget.tech/public_html/vendor/laravel/framework/src/Illuminate/Database/Query/Builder.php(2993): Illuminate\\Database\\Connection->select('select * from `...', Array, true)
#3 /home/n/nasedklm/nasedklm.beget.tech/public_html/vendor/laravel/framework/src/Illuminate/Database/Query/Builder.php(2978): Illuminate\\Database\\Query\\Builder->runSelect()
#4 /home/n/nasedklm/nasedklm.beget.tech/public_html/vendor/laravel/framework/src/Illuminate/Database/Query/Builder.php(3566): Illuminate\\Database\\Query\\Builder->Illuminate\\Database\\Query\\{closure}()
#5 /home/n/nasedklm/nasedklm.beget.tech/public_html/vendor/laravel/framework/src/Illuminate/Database/Query/Builder.php(2977): Illuminate\\Database\\Query\\Builder->onceWithColumns(Array, Object(Closure))
#6 /home/n/nasedklm/nasedklm.beget.tech/public_html/vendor/laravel/framework/src/Illuminate/Database/Concerns/BuildsQueries.php(335): Illuminate\\Database\\Query\\Builder->get(Array)
#7 /home/n/nasedklm/nasedklm.beget.tech/public_html/vendor/laravel/framework/src/Illuminate/Database/Query/Builder.php(2900): Illuminate\\Database\\Query\\Builder->first(Array)
#8 /home/n/nasedklm/nasedklm.beget.tech/public_html/vendor/laravel/framework/src/Illuminate/Session/DatabaseSessionHandler.php(97): Illuminate\\Database\\Query\\Builder->find('B20T4KtNdvmOh2i...')
#9 /home/n/nasedklm/nasedklm.beget.tech/public_html/vendor/laravel/framework/src/Illuminate/Session/Store.php(113): Illuminate\\Session\\DatabaseSessionHandler->read('B20T4KtNdvmOh2i...')
#10 /home/n/nasedklm/nasedklm.beget.tech/public_html/vendor/laravel/framework/src/Illuminate/Session/Store.php(101): Illuminate\\Session\\Store->readFromHandler()
#11 /home/n/nasedklm/nasedklm.beget.tech/public_html/vendor/laravel/framework/src/Illuminate/Session/Store.php(85): Illuminate\\Session\\Store->loadSession()
#12 /home/n/nasedklm/nasedklm.beget.tech/public_html/vendor/laravel/framework/src/Illuminate/Session/Middleware/StartSession.php(147): Illuminate\\Session\\Store->start()
#13 /home/n/nasedklm/nasedklm.beget.tech/public_html/vendor/laravel/framework/src/Illuminate/Support/helpers.php(363): Illuminate\\Session\\Middleware\\StartSession->Illuminate\\Session\\Middleware\\{closure}(Object(Illuminate\\Session\\Store))
#14 /home/n/nasedklm/nasedklm.beget.tech/public_html/vendor/laravel/framework/src/Illuminate/Session/Middleware/StartSession.php(144): tap(Object(Illuminate\\Session\\Store), Object(Closure))
#15 /home/n/nasedklm/nasedklm.beget.tech/public_html/vendor/laravel/framework/src/Illuminate/Session/Middleware/StartSession.php(116): Illuminate\\Session\\Middleware\\StartSession->startSession(Object(Illuminate\\Http\\Request), Object(Illuminate\\Session\\Store))
#16 /home/n/nasedklm/nasedklm.beget.tech/public_html/vendor/laravel/framework/src/Illuminate/Session/Middleware/StartSession.php(64): Illuminate\\Session\\Middleware\\StartSession->handleStatefulRequest(Object(Illuminate\\Http\\Request), Object(Illuminate\\Session\\Store), Object(Closure))
#17 /home/n/nasedklm/nasedklm.beget.tech/public_html/vendor/laravel/framework/src/Illuminate/Pipeline/Pipeline.php(183): Illuminate\\Session\\Middleware\\StartSession->handle(Object(Illuminate\\Http\\Request), Object(Closure))
#18 /home/n/nasedklm/nasedklm.beget.tech/public_html/vendor/laravel/framework/src/Illuminate/Cookie/Middleware/AddQueuedCookiesToResponse.php(37): Illuminate\\Pipeline\\Pipeline->Illuminate\\Pipeline\\{closure}(Object(Illuminate\\Http\\Request))
#19 /home/n/nasedklm/nasedklm.beget.tech/public_html/vendor/laravel/framework/src/Illuminate/Pipeline/Pipeline.php(183): Illuminate\\Cookie\\Middleware\\AddQueuedCookiesToResponse->handle(Object(Illuminate\\Http\\Request), Object(Closure))
#20 /home/n/nasedklm/nasedklm.beget.tech/public_html/vendor/laravel/framework/src/Illuminate/Cookie/Middleware/EncryptCookies.php(75): Illuminate\\Pipeline\\Pipeline->Illuminate\\Pipeline\\{closure}(Object(Illuminate\\Http\\Request))
#21 /home/n/nasedklm/nasedklm.beget.tech/public_html/vendor/laravel/framework/src/Illuminate/Pipeline/Pipeline.php(183): Illuminate\\Cookie\\Middleware\\EncryptCookies->handle(Object(Illuminate\\Http\\Request), Object(Closure))
#22 /home/n/nasedklm/nasedklm.beget.tech/public_html/vendor/laravel/framework/src/Illuminate/Pipeline/Pipeline.php(119): Illuminate\\Pipeline\\Pipeline->Illuminate\\Pipeline\\{closure}(Object(Illuminate\\Http\\Request))
#23 /home/n/nasedklm/nasedklm.beget.tech/public_html/vendor/laravel/framework/src/Illuminate/Routing/Router.php(805): Illuminate\\Pipeline\\Pipeline->then(Object(Closure))
#24 /home/n/nasedklm/nasedklm.beget.tech/public_html/vendor/laravel/framework/src/Illuminate/Routing/Router.php(784): Illuminate\\Routing\\Router->runRouteWithinStack(Object(Illuminate\\Routing\\Route), Object(Illuminate\\Http\\Request))
#25 /home/n/nasedklm/nasedklm.beget.tech/public_html/vendor/laravel/framework/src/Illuminate/Routing/Router.php(748): Illuminate\\Routing\\Router->runRoute(Object(Illuminate\\Http\\Request), Object(Illuminate\\Routing\\Route))
#26 /home/n/nasedklm/nasedklm.beget.tech/public_html/vendor/laravel/framework/src/Illuminate/Routing/Router.php(737): Illuminate\\Routing\\Router->dispatchToRoute(Object(Illuminate\\Http\\Request))
#27 /home/n/nasedklm/nasedklm.beget.tech/public_html/vendor/laravel/framework/src/Illuminate/Foundation/Http/Kernel.php(200): Illuminate\\Routing\\Router->dispatch(Object(Illuminate\\Http\\Request))
#28 /home/n/nasedklm/nasedklm.beget.tech/public_html/vendor/laravel/framework/src/Illuminate/Pipeline/Pipeline.php(144): Illuminate\\Foundation\\Http\\Kernel->Illuminate\\Foundation\\Http\\{closure}(Object(Illuminate\\Http\\Request))
#29 /home/n/nasedklm/nasedklm.beget.tech/public_html/vendor/barryvdh/laravel-debugbar/src/Middleware/InjectDebugbar.php(59): Illuminate\\Pipeline\\Pipeline->Illuminate\\Pipeline\\{closure}(Object(Illuminate\\Http\\Request))
#30 /home/n/nasedklm/nasedklm.beget.tech/public_html/vendor/laravel/framework/src/Illuminate/Pipeline/Pipeline.php(183): Barryvdh\\Debugbar\\Middleware\\InjectDebugbar->handle(Object(Illuminate\\Http\\Request), Object(Closure))
#31 /home/n/nasedklm/nasedklm.beget.tech/public_html/vendor/laravel/framework/src/Illuminate/Foundation/Http/Middleware/TransformsRequest.php(21): Illuminate\\Pipeline\\Pipeline->Illuminate\\Pipeline\\{closure}(Object(Illuminate\\Http\\Request))
#32 /home/n/nasedklm/nasedklm.beget.tech/public_html/vendor/laravel/framework/src/Illuminate/Foundation/Http/Middleware/ConvertEmptyStringsToNull.php(31): Illuminate\\Foundation\\Http\\Middleware\\TransformsRequest->handle(Object(Illuminate\\Http\\Request), Object(Closure))
#33 /home/n/nasedklm/nasedklm.beget.tech/public_html/vendor/laravel/framework/src/Illuminate/Pipeline/Pipeline.php(183): Illuminate\\Foundation\\Http\\Middleware\\ConvertEmptyStringsToNull->handle(Object(Illuminate\\Http\\Request), Object(Closure))
#34 /home/n/nasedklm/nasedklm.beget.tech/public_html/vendor/laravel/framework/src/Illuminate/Foundation/Http/Middleware/TransformsRequest.php(21): Illuminate\\Pipeline\\Pipeline->Illuminate\\Pipeline\\{closure}(Object(Illuminate\\Http\\Request))
#35 /home/n/nasedklm/nasedklm.beget.tech/public_html/vendor/laravel/framework/src/Illuminate/Foundation/Http/Middleware/TrimStrings.php(51): Illuminate\\Foundation\\Http\\Middleware\\TransformsRequest->handle(Object(Illuminate\\Http\\Request), Object(Closure))
#36 /home/n/nasedklm/nasedklm.beget.tech/public_html/vendor/laravel/framework/src/Illuminate/Pipeline/Pipeline.php(183): Illuminate\\Foundation\\Http\\Middleware\\TrimStrings->handle(Object(Illuminate\\Http\\Request), Object(Closure))
#37 /home/n/nasedklm/nasedklm.beget.tech/public_html/vendor/laravel/framework/src/Illuminate/Http/Middleware/ValidatePostSize.php(27): Illuminate\\Pipeline\\Pipeline->Illuminate\\Pipeline\\{closure}(Object(Illuminate\\Http\\Request))
#38 /home/n/nasedklm/nasedklm.beget.tech/public_html/vendor/laravel/framework/src/Illuminate/Pipeline/Pipeline.php(183): Illuminate\\Http\\Middleware\\ValidatePostSize->handle(Object(Illuminate\\Http\\Request), Object(Closure))
#39 /home/n/nasedklm/nasedklm.beget.tech/public_html/vendor/laravel/framework/src/Illuminate/Foundation/Http/Middleware/PreventRequestsDuringMaintenance.php(110): Illuminate\\Pipeline\\Pipeline->Illuminate\\Pipeline\\{closure}(Object(Illuminate\\Http\\Request))
#40 /home/n/nasedklm/nasedklm.beget.tech/public_html/vendor/laravel/framework/src/Illuminate/Pipeline/Pipeline.php(183): Illuminate\\Foundation\\Http\\Middleware\\PreventRequestsDuringMaintenance->handle(Object(Illuminate\\Http\\Request), Object(Closure))
#41 /home/n/nasedklm/nasedklm.beget.tech/public_html/vendor/laravel/framework/src/Illuminate/Http/Middleware/HandleCors.php(49): Illuminate\\Pipeline\\Pipeline->Illuminate\\Pipeline\\{closure}(Object(Illuminate\\Http\\Request))
#42 /home/n/nasedklm/nasedklm.beget.tech/public_html/vendor/laravel/framework/src/Illuminate/Pipeline/Pipeline.php(183): Illuminate\\Http\\Middleware\\HandleCors->handle(Object(Illuminate\\Http\\Request), Object(Closure))
#43 /home/n/nasedklm/nasedklm.beget.tech/public_html/vendor/laravel/framework/src/Illuminate/Http/Middleware/TrustProxies.php(57): Illuminate\\Pipeline\\Pipeline->Illuminate\\Pipeline\\{closure}(Object(Illuminate\\Http\\Request))
#44 /home/n/nasedklm/nasedklm.beget.tech/public_html/vendor/laravel/framework/src/Illuminate/Pipeline/Pipeline.php(183): Illuminate\\Http\\Middleware\\TrustProxies->handle(Object(Illuminate\\Http\\Request), Object(Closure))
#45 /home/n/nasedklm/nasedklm.beget.tech/public_html/vendor/laravel/framework/src/Illuminate/Pipeline/Pipeline.php(119): Illuminate\\Pipeline\\Pipeline->Illuminate\\Pipeline\\{closure}(Object(Illuminate\\Http\\Request))
#46 /home/n/nasedklm/nasedklm.beget.tech/public_html/vendor/laravel/framework/src/Illuminate/Foundation/Http/Kernel.php(175): Illuminate\\Pipeline\\Pipeline->then(Object(Closure))
#47 /home/n/nasedklm/nasedklm.beget.tech/public_html/vendor/laravel/framework/src/Illuminate/Foundation/Http/Kernel.php(144): Illuminate\\Foundation\\Http\\Kernel->sendRequestThroughRouter(Object(Illuminate\\Http\\Request))
#48 /home/n/nasedklm/nasedklm.beget.tech/public_html/public/index.php(50): Illuminate\\Foundation\\Http\\Kernel->handle(Object(Illuminate\\Http\\Request))
#49 {main}

[previous exception] [object] (PDOException(code: 1045): SQLSTATE[HY000] [1045] Access denied for user 'ce85862_btf101'@'localhost' (using password: YES) at /home/n/nasedklm/nasedklm.beget.tech/public_html/vendor/laravel/framework/src/Illuminate/Database/Connectors/Connector.php:65)
[stacktrace]
#0 /home/n/nasedklm/nasedklm.beget.tech/public_html/vendor/laravel/framework/src/Illuminate/Database/Connectors/Connector.php(65): PDO->__construct('mysql:host=127....', 'ce85862_btf101', Object(SensitiveParameterValue), Array)
#1 /home/n/nasedklm/nasedklm.beget.tech/public_html/vendor/laravel/framework/src/Illuminate/Database/Connectors/Connector.php(44): Illuminate\\Database\\Connectors\\Connector->createPdoConnection('mysql:host=127....', 'ce85862_btf101', 'qCdma7CV', Array)
#2 /home/n/nasedklm/nasedklm.beget.tech/public_html/vendor/laravel/framework/src/Illuminate/Database/Connectors/MySqlConnector.php(24): Illuminate\\Database\\Connectors\\Connector->createConnection('mysql:host=127....', Array, Array)
#3 /home/n/nasedklm/nasedklm.beget.tech/public_html/vendor/laravel/framework/src/Illuminate/Database/Connectors/ConnectionFactory.php(185): Illuminate\\Database\\Connectors\\MySqlConnector->connect(Array)
#4 [internal function]: Illuminate\\Database\\Connectors\\ConnectionFactory->Illuminate\\Database\\Connectors\\{closure}()
#5 /home/n/nasedklm/nasedklm.beget.tech/public_html/vendor/laravel/framework/src/Illuminate/Database/Connection.php(1219): call_user_func(Object(Closure))
#6 /home/n/nasedklm/nasedklm.beget.tech/public_html/vendor/laravel/framework/src/Illuminate/Database/Connection.php(1255): Illuminate\\Database\\Connection->getPdo()
#7 /home/n/nasedklm/nasedklm.beget.tech/public_html/vendor/laravel/framework/src/Illuminate/Database/Connection.php(512): Illuminate\\Database\\Connection->getReadPdo()
#8 /home/n/nasedklm/nasedklm.beget.tech/public_html/vendor/laravel/framework/src/Illuminate/Database/Connection.php(407): Illuminate\\Database\\Connection->getPdoForSelect(true)
#9 /home/n/nasedklm/nasedklm.beget.tech/public_html/vendor/laravel/framework/src/Illuminate/Database/Connection.php(800): Illuminate\\Database\\Connection->Illuminate\\Database\\{closure}('select * from `...', Array)
#10 /home/n/nasedklm/nasedklm.beget.tech/public_html/vendor/laravel/framework/src/Illuminate/Database/Connection.php(767): Illuminate\\Database\\Connection->runQueryCallback('select * from `...', Array, Object(Closure))
#11 /home/n/nasedklm/nasedklm.beget.tech/public_html/vendor/laravel/framework/src/Illuminate/Database/Connection.php(398): Illuminate\\Database\\Connection->run('select * from `...', Array, Object(Closure))
#12 /home/n/nasedklm/nasedklm.beget.tech/public_html/vendor/laravel/framework/src/Illuminate/Database/Query/Builder.php(2993): Illuminate\\Database\\Connection->select('select * from `...', Array, true)
#13 /home/n/nasedklm/nasedklm.beget.tech/public_html/vendor/laravel/framework/src/Illuminate/Database/Query/Builder.php(2978): Illuminate\\Database\\Query\\Builder->runSelect()
#14 /home/n/nasedklm/nasedklm.beget.tech/public_html/vendor/laravel/framework/src/Illuminate/Database/Query/Builder.php(3566): Illuminate\\Database\\Query\\Builder->Illuminate\\Database\\Query\\{closure}()
#15 /home/n/nasedklm/nasedklm.beget.tech/public_html/vendor/laravel/framework/src/Illuminate/Database/Query/Builder.php(2977): Illuminate\\Database\\Query\\Builder->onceWithColumns(Array, Object(Closure))
#16 /home/n/nasedklm/nasedklm.beget.tech/public_html/vendor/laravel/framework/src/Illuminate/Database/Concerns/BuildsQueries.php(335): Illuminate\\Database\\Query\\Builder->get(Array)
#17 /home/n/nasedklm/nasedklm.beget.tech/public_html/vendor/laravel/framework/src/Illuminate/Database/Query/Builder.php(2900): Illuminate\\Database\\Query\\Builder->first(Array)
#18 /home/n/nasedklm/nasedklm.beget.tech/public_html/vendor/laravel/framework/src/Illuminate/Session/DatabaseSessionHandler.php(97): Illuminate\\Database\\Query\\Builder->find('B20T4KtNdvmOh2i...')
#19 /home/n/nasedklm/nasedklm.beget.tech/public_html/vendor/laravel/framework/src/Illuminate/Session/Store.php(113): Illuminate\\Session\\DatabaseSessionHandler->read('B20T4KtNdvmOh2i...')
#20 /home/n/nasedklm/nasedklm.beget.tech/public_html/vendor/laravel/framework/src/Illuminate/Session/Store.php(101): Illuminate\\Session\\Store->readFromHandler()
#21 /home/n/nasedklm/nasedklm.beget.tech/public_html/vendor/laravel/framework/src/Illuminate/Session/Store.php(85): Illuminate\\Session\\Store->loadSession()
#22 /home/n/nasedklm/nasedklm.beget.tech/public_html/vendor/laravel/framework/src/Illuminate/Session/Middleware/StartSession.php(147): Illuminate\\Session\\Store->start()
#23 /home/n/nasedklm/nasedklm.beget.tech/public_html/vendor/laravel/framework/src/Illuminate/Support/helpers.php(363): Illuminate\\Session\\Middleware\\StartSession->Illuminate\\Session\\Middleware\\{closure}(Object(Illuminate\\Session\\Store))
#24 /home/n/nasedklm/nasedklm.beget.tech/public_html/vendor/laravel/framework/src/Illuminate/Session/Middleware/StartSession.php(144): tap(Object(Illuminate\\Session\\Store), Object(Closure))
#25 /home/n/nasedklm/nasedklm.beget.tech/public_html/vendor/laravel/framework/src/Illuminate/Session/Middleware/StartSession.php(116): Illuminate\\Session\\Middleware\\StartSession->startSession(Object(Illuminate\\Http\\Request), Object(Illuminate\\Session\\Store))
#26 /home/n/nasedklm/nasedklm.beget.tech/public_html/vendor/laravel/framework/src/Illuminate/Session/Middleware/StartSession.php(64): Illuminate\\Session\\Middleware\\StartSession->handleStatefulRequest(Object(Illuminate\\Http\\Request), Object(Illuminate\\Session\\Store), Object(Closure))
#27 /home/n/nasedklm/nasedklm.beget.tech/public_html/vendor/laravel/framework/src/Illuminate/Pipeline/Pipeline.php(183): Illuminate\\Session\\Middleware\\StartSession->handle(Object(Illuminate\\Http\\Request), Object(Closure))
#28 /home/n/nasedklm/nasedklm.beget.tech/public_html/vendor/laravel/framework/src/Illuminate/Cookie/Middleware/AddQueuedCookiesToResponse.php(37): Illuminate\\Pipeline\\Pipeline->Illuminate\\Pipeline\\{closure}(Object(Illuminate\\Http\\Request))
#29 /home/n/nasedklm/nasedklm.beget.tech/public_html/vendor/laravel/framework/src/Illuminate/Pipeline/Pipeline.php(183): Illuminate\\Cookie\\Middleware\\AddQueuedCookiesToResponse->handle(Object(Illuminate\\Http\\Request), Object(Closure))
#30 /home/n/nasedklm/nasedklm.beget.tech/public_html/vendor/laravel/framework/src/Illuminate/Cookie/Middleware/EncryptCookies.php(75): Illuminate\\Pipeline\\Pipeline->Illuminate\\Pipeline\\{closure}(Object(Illuminate\\Http\\Request))
#31 /home/n/nasedklm/nasedklm.beget.tech/public_html/vendor/laravel/framework/src/Illuminate/Pipeline/Pipeline.php(183): Illuminate\\Cookie\\Middleware\\EncryptCookies->handle(Object(Illuminate\\Http\\Request), Object(Closure))
#32 /home/n/nasedklm/nasedklm.beget.tech/public_html/vendor/laravel/framework/src/Illuminate/Pipeline/Pipeline.php(119): Illuminate\\Pipeline\\Pipeline->Illuminate\\Pipeline\\{closure}(Object(Illuminate\\Http\\Request))
#33 /home/n/nasedklm/nasedklm.beget.tech/public_html/vendor/laravel/framework/src/Illuminate/Routing/Router.php(805): Illuminate\\Pipeline\\Pipeline->then(Object(Closure))
#34 /home/n/nasedklm/nasedklm.beget.tech/public_html/vendor/laravel/framework/src/Illuminate/Routing/Router.php(784): Illuminate\\Routing\\Router->runRouteWithinStack(Object(Illuminate\\Routing\\Route), Object(Illuminate\\Http\\Request))
#35 /home/n/nasedklm/nasedklm.beget.tech/public_html/vendor/laravel/framework/src/Illuminate/Routing/Router.php(748): Illuminate\\Routing\\Router->runRoute(Object(Illuminate\\Http\\Request), Object(Illuminate\\Routing\\Route))
#36 /home/n/nasedklm/nasedklm.beget.tech/public_html/vendor/laravel/framework/src/Illuminate/Routing/Router.php(737): Illuminate\\Routing\\Router->dispatchToRoute(Object(Illuminate\\Http\\Request))
#37 /home/n/nasedklm/nasedklm.beget.tech/public_html/vendor/laravel/framework/src/Illuminate/Foundation/Http/Kernel.php(200): Illuminate\\Routing\\Router->dispatch(Object(Illuminate\\Http\\Request))
#38 /home/n/nasedklm/nasedklm.beget.tech/public_html/vendor/laravel/framework/src/Illuminate/Pipeline/Pipeline.php(144): Illuminate\\Foundation\\Http\\Kernel->Illuminate\\Foundation\\Http\\{closure}(Object(Illuminate\\Http\\Request))
#39 /home/n/nasedklm/nasedklm.beget.tech/public_html/vendor/barryvdh/laravel-debugbar/src/Middleware/InjectDebugbar.php(59): Illuminate\\Pipeline\\Pipeline->Illuminate\\Pipeline\\{closure}(Object(Illuminate\\Http\\Request))
#40 /home/n/nasedklm/nasedklm.beget.tech/public_html/vendor/laravel/framework/src/Illuminate/Pipeline/Pipeline.php(183): Barryvdh\\Debugbar\\Middleware\\InjectDebugbar->handle(Object(Illuminate\\Http\\Request), Object(Closure))
#41 /home/n/nasedklm/nasedklm.beget.tech/public_html/vendor/laravel/framework/src/Illuminate/Foundation/Http/Middleware/TransformsRequest.php(21): Illuminate\\Pipeline\\Pipeline->Illuminate\\Pipeline\\{closure}(Object(Illuminate\\Http\\Request))
#42 /home/n/nasedklm/nasedklm.beget.tech/public_html/vendor/laravel/framework/src/Illuminate/Foundation/Http/Middleware/ConvertEmptyStringsToNull.php(31): Illuminate\\Foundation\\Http\\Middleware\\TransformsRequest->handle(Object(Illuminate\\Http\\Request), Object(Closure))
#43 /home/n/nasedklm/nasedklm.beget.tech/public_html/vendor/laravel/framework/src/Illuminate/Pipeline/Pipeline.php(183): Illuminate\\Foundation\\Http\\Middleware\\ConvertEmptyStringsToNull->handle(Object(Illuminate\\Http\\Request), Object(Closure))
#44 /home/n/nasedklm/nasedklm.beget.tech/public_html/vendor/laravel/framework/src/Illuminate/Foundation/Http/Middleware/TransformsRequest.php(21): Illuminate\\Pipeline\\Pipeline->Illuminate\\Pipeline\\{closure}(Object(Illuminate\\Http\\Request))
#45 /home/n/nasedklm/nasedklm.beget.tech/public_html/vendor/laravel/framework/src/Illuminate/Foundation/Http/Middleware/TrimStrings.php(51): Illuminate\\Foundation\\Http\\Middleware\\TransformsRequest->handle(Object(Illuminate\\Http\\Request), Object(Closure))
#46 /home/n/nasedklm/nasedklm.beget.tech/public_html/vendor/laravel/framework/src/Illuminate/Pipeline/Pipeline.php(183): Illuminate\\Foundation\\Http\\Middleware\\TrimStrings->handle(Object(Illuminate\\Http\\Request), Object(Closure))
#47 /home/n/nasedklm/nasedklm.beget.tech/public_html/vendor/laravel/framework/src/Illuminate/Http/Middleware/ValidatePostSize.php(27): Illuminate\\Pipeline\\Pipeline->Illuminate\\Pipeline\\{closure}(Object(Illuminate\\Http\\Request))
#48 /home/n/nasedklm/nasedklm.beget.tech/public_html/vendor/laravel/framework/src/Illuminate/Pipeline/Pipeline.php(183): Illuminate\\Http\\Middleware\\ValidatePostSize->handle(Object(Illuminate\\Http\\Request), Object(Closure))
#49 /home/n/nasedklm/nasedklm.beget.tech/public_html/vendor/laravel/framework/src/Illuminate/Foundation/Http/Middleware/PreventRequestsDuringMaintenance.php(110): Illuminate\\Pipeline\\Pipeline->Illuminate\\Pipeline\\{closure}(Object(Illuminate\\Http\\Request))
#50 /home/n/nasedklm/nasedklm.beget.tech/public_html/vendor/laravel/framework/src/Illuminate/Pipeline/Pipeline.php(183): Illuminate\\Foundation\\Http\\Middleware\\PreventRequestsDuringMaintenance->handle(Object(Illuminate\\Http\\Request), Object(Closure))
#51 /home/n/nasedklm/nasedklm.beget.tech/public_html/vendor/laravel/framework/src/Illuminate/Http/Middleware/HandleCors.php(49): Illuminate\\Pipeline\\Pipeline->Illuminate\\Pipeline\\{closure}(Object(Illuminate\\Http\\Request))
#52 /home/n/nasedklm/nasedklm.beget.tech/public_html/vendor/laravel/framework/src/Illuminate/Pipeline/Pipeline.php(183): Illuminate\\Http\\Middleware\\HandleCors->handle(Object(Illuminate\\Http\\Request), Object(Closure))
#53 /home/n/nasedklm/nasedklm.beget.tech/public_html/vendor/laravel/framework/src/Illuminate/Http/Middleware/TrustProxies.php(57): Illuminate\\Pipeline\\Pipeline->Illuminate\\Pipeline\\{closure}(Object(Illuminate\\Http\\Request))
#54 /home/n/nasedklm/nasedklm.beget.tech/public_html/vendor/laravel/framework/src/Illuminate/Pipeline/Pipeline.php(183): Illuminate\\Http\\Middleware\\TrustProxies->handle(Object(Illuminate\\Http\\Request), Object(Closure))
#55 /home/n/nasedklm/nasedklm.beget.tech/public_html/vendor/laravel/framework/src/Illuminate/Pipeline/Pipeline.php(119): Illuminate\\Pipeline\\Pipeline->Illuminate\\Pipeline\\{closure}(Object(Illuminate\\Http\\Request))
#56 /home/n/nasedklm/nasedklm.beget.tech/public_html/vendor/laravel/framework/src/Illuminate/Foundation/Http/Kernel.php(175): Illuminate\\Pipeline\\Pipeline->then(Object(Closure))
#57 /home/n/nasedklm/nasedklm.beget.tech/public_html/vendor/laravel/framework/src/Illuminate/Foundation/Http/Kernel.php(144): Illuminate\\Foundation\\Http\\Kernel->sendRequestThroughRouter(Object(Illuminate\\Http\\Request))
#58 /home/n/nasedklm/nasedklm.beget.tech/public_html/public/index.php(50): Illuminate\\Foundation\\Http\\Kernel->handle(Object(Illuminate\\Http\\Request))
#59 {main}
"} 
[2024-12-03 13:31:37] production.ERROR: SQLSTATE[HY000] [1045] Access denied for user 'ce85862_btf101'@'localhost' (using password: YES) (Connection: mysql, SQL: select * from `currencies`) {"exception":"[object] (Illuminate\\Database\\QueryException(code: 1045): SQLSTATE[HY000] [1045] Access denied for user 'ce85862_btf101'@'localhost' (using password: YES) (Connection: mysql, SQL: select * from `currencies`) at /home/n/nasedklm/nasedklm.beget.tech/public_html/vendor/laravel/framework/src/Illuminate/Database/Connection.php:813)
[stacktrace]
#0 /home/n/nasedklm/nasedklm.beget.tech/public_html/vendor/laravel/framework/src/Illuminate/Database/Connection.php(767): Illuminate\\Database\\Connection->runQueryCallback('select * from `...', Array, Object(Closure))
#1 /home/n/nasedklm/nasedklm.beget.tech/public_html/vendor/laravel/framework/src/Illuminate/Database/Connection.php(398): Illuminate\\Database\\Connection->run('select * from `...', Array, Object(Closure))
#2 /home/n/nasedklm/nasedklm.beget.tech/public_html/vendor/laravel/framework/src/Illuminate/Database/Query/Builder.php(2993): Illuminate\\Database\\Connection->select('select * from `...', Array, true)
#3 /home/n/nasedklm/nasedklm.beget.tech/public_html/vendor/laravel/framework/src/Illuminate/Database/Query/Builder.php(2978): Illuminate\\Database\\Query\\Builder->runSelect()
#4 /home/n/nasedklm/nasedklm.beget.tech/public_html/vendor/laravel/framework/src/Illuminate/Database/Query/Builder.php(3566): Illuminate\\Database\\Query\\Builder->Illuminate\\Database\\Query\\{closure}()
#5 /home/n/nasedklm/nasedklm.beget.tech/public_html/vendor/laravel/framework/src/Illuminate/Database/Query/Builder.php(2977): Illuminate\\Database\\Query\\Builder->onceWithColumns(Array, Object(Closure))
#6 /home/n/nasedklm/nasedklm.beget.tech/public_html/vendor/laravel/framework/src/Illuminate/Database/Eloquent/Builder.php(748): Illuminate\\Database\\Query\\Builder->get(Array)
#7 /home/n/nasedklm/nasedklm.beget.tech/public_html/vendor/laravel/framework/src/Illuminate/Database/Eloquent/Builder.php(730): Illuminate\\Database\\Eloquent\\Builder->getModels(Array)
#8 /home/n/nasedklm/nasedklm.beget.tech/public_html/vendor/laravel/framework/src/Illuminate/Support/Traits/ForwardsCalls.php(23): Illuminate\\Database\\Eloquent\\Builder->get()
#9 /home/n/nasedklm/nasedklm.beget.tech/public_html/vendor/laravel/framework/src/Illuminate/Database/Eloquent/Model.php(2340): Illuminate\\Database\\Eloquent\\Model->forwardCallTo(Object(Illuminate\\Database\\Eloquent\\Builder), 'get', Array)
#10 /home/n/nasedklm/nasedklm.beget.tech/public_html/vendor/laravel/framework/src/Illuminate/Database/Eloquent/Model.php(2352): Illuminate\\Database\\Eloquent\\Model->__call('get', Array)
#11 /home/n/nasedklm/nasedklm.beget.tech/public_html/app/Services/CurrencyConversion.php(15): Illuminate\\Database\\Eloquent\\Model::__callStatic('get', Array)
#12 /home/n/nasedklm/nasedklm.beget.tech/public_html/app/Services/CurrencyConversion.php(55): App\\Services\\CurrencyConversion::loadContainer()
#13 /home/n/nasedklm/nasedklm.beget.tech/public_html/app/ViewComposers/CurrenciesComposer.php(11): App\\Services\\CurrencyConversion::getCurrencySymbol()
#14 /home/n/nasedklm/nasedklm.beget.tech/public_html/vendor/laravel/framework/src/Illuminate/View/Concerns/ManagesEvents.php(124): App\\ViewComposers\\CurrenciesComposer->compose(Object(Illuminate\\View\\View))
#15 /home/n/nasedklm/nasedklm.beget.tech/public_html/vendor/laravel/framework/src/Illuminate/View/Concerns/ManagesEvents.php(162): Illuminate\\View\\Factory->Illuminate\\View\\Concerns\\{closure}(Object(Illuminate\\View\\View))
#16 /home/n/nasedklm/nasedklm.beget.tech/public_html/vendor/laravel/framework/src/Illuminate/Events/Dispatcher.php(455): Illuminate\\View\\Factory->Illuminate\\View\\Concerns\\{closure}('composing: erro...', Array)
#17 /home/n/nasedklm/nasedklm.beget.tech/public_html/vendor/laravel/framework/src/Illuminate/Events/Dispatcher.php(286): Illuminate\\Events\\Dispatcher->Illuminate\\Events\\{closure}('composing: erro...', Array)
#18 /home/n/nasedklm/nasedklm.beget.tech/public_html/vendor/laravel/framework/src/Illuminate/Events/Dispatcher.php(266): Illuminate\\Events\\Dispatcher->invokeListeners('composing: erro...', Array, false)
#19 /home/n/nasedklm/nasedklm.beget.tech/public_html/vendor/laravel/framework/src/Illuminate/View/Concerns/ManagesEvents.php(178): Illuminate\\Events\\Dispatcher->dispatch('composing: erro...', Array)
#20 /home/n/nasedklm/nasedklm.beget.tech/public_html/vendor/laravel/framework/src/Illuminate/View/View.php(189): Illuminate\\View\\Factory->callComposer(Object(Illuminate\\View\\View))
#21 /home/n/nasedklm/nasedklm.beget.tech/public_html/vendor/laravel/framework/src/Illuminate/View/View.php(160): Illuminate\\View\\View->renderContents()
#22 /home/n/nasedklm/nasedklm.beget.tech/public_html/vendor/laravel/framework/src/Illuminate/Http/Response.php(70): Illuminate\\View\\View->render()
#23 /home/n/nasedklm/nasedklm.beget.tech/public_html/vendor/laravel/framework/src/Illuminate/Http/Response.php(35): Illuminate\\Http\\Response->setContent(Object(Illuminate\\View\\View))
#24 /home/n/nasedklm/nasedklm.beget.tech/public_html/vendor/laravel/framework/src/Illuminate/Routing/ResponseFactory.php(58): Illuminate\\Http\\Response->__construct(Object(Illuminate\\View\\View), 500, Array)
#25 /home/n/nasedklm/nasedklm.beget.tech/public_html/vendor/laravel/framework/src/Illuminate/Routing/ResponseFactory.php(88): Illuminate\\Routing\\ResponseFactory->make(Object(Illuminate\\View\\View), 500, Array)
#26 /home/n/nasedklm/nasedklm.beget.tech/public_html/vendor/laravel/framework/src/Illuminate/Foundation/Exceptions/Handler.php(886): Illuminate\\Routing\\ResponseFactory->view('errors::500', Array, 500, Array)
#27 /home/n/nasedklm/nasedklm.beget.tech/public_html/vendor/laravel/framework/src/Illuminate/Foundation/Exceptions/Handler.php(807): Illuminate\\Foundation\\Exceptions\\Handler->renderHttpException(Object(Symfony\\Component\\HttpKernel\\Exception\\HttpException))
#28 /home/n/nasedklm/nasedklm.beget.tech/public_html/vendor/laravel/framework/src/Illuminate/Foundation/Exceptions/Handler.php(698): Illuminate\\Foundation\\Exceptions\\Handler->prepareResponse(Object(Illuminate\\Http\\Request), Object(Symfony\\Component\\HttpKernel\\Exception\\HttpException))
#29 /home/n/nasedklm/nasedklm.beget.tech/public_html/vendor/laravel/framework/src/Illuminate/Foundation/Exceptions/Handler.php(587): Illuminate\\Foundation\\Exceptions\\Handler->renderExceptionResponse(Object(Illuminate\\Http\\Request), Object(Illuminate\\Database\\QueryException))
#30 /home/n/nasedklm/nasedklm.beget.tech/public_html/vendor/laravel/framework/src/Illuminate/Routing/Pipeline.php(51): Illuminate\\Foundation\\Exceptions\\Handler->render(Object(Illuminate\\Http\\Request), Object(Illuminate\\Database\\QueryException))
#31 /home/n/nasedklm/nasedklm.beget.tech/public_html/vendor/laravel/framework/src/Illuminate/Pipeline/Pipeline.php(188): Illuminate\\Routing\\Pipeline->handleException(Object(Illuminate\\Http\\Request), Object(Illuminate\\Database\\QueryException))
#32 /home/n/nasedklm/nasedklm.beget.tech/public_html/vendor/laravel/framework/src/Illuminate/Cookie/Middleware/AddQueuedCookiesToResponse.php(37): Illuminate\\Pipeline\\Pipeline->Illuminate\\Pipeline\\{closure}(Object(Illuminate\\Http\\Request))
#33 /home/n/nasedklm/nasedklm.beget.tech/public_html/vendor/laravel/framework/src/Illuminate/Pipeline/Pipeline.php(183): Illuminate\\Cookie\\Middleware\\AddQueuedCookiesToResponse->handle(Object(Illuminate\\Http\\Request), Object(Closure))
#34 /home/n/nasedklm/nasedklm.beget.tech/public_html/vendor/laravel/framework/src/Illuminate/Cookie/Middleware/EncryptCookies.php(75): Illuminate\\Pipeline\\Pipeline->Illuminate\\Pipeline\\{closure}(Object(Illuminate\\Http\\Request))
#35 /home/n/nasedklm/nasedklm.beget.tech/public_html/vendor/laravel/framework/src/Illuminate/Pipeline/Pipeline.php(183): Illuminate\\Cookie\\Middleware\\EncryptCookies->handle(Object(Illuminate\\Http\\Request), Object(Closure))
#36 /home/n/nasedklm/nasedklm.beget.tech/public_html/vendor/laravel/framework/src/Illuminate/Pipeline/Pipeline.php(119): Illuminate\\Pipeline\\Pipeline->Illuminate\\Pipeline\\{closure}(Object(Illuminate\\Http\\Request))
#37 /home/n/nasedklm/nasedklm.beget.tech/public_html/vendor/laravel/framework/src/Illuminate/Routing/Router.php(805): Illuminate\\Pipeline\\Pipeline->then(Object(Closure))
#38 /home/n/nasedklm/nasedklm.beget.tech/public_html/vendor/laravel/framework/src/Illuminate/Routing/Router.php(784): Illuminate\\Routing\\Router->runRouteWithinStack(Object(Illuminate\\Routing\\Route), Object(Illuminate\\Http\\Request))
#39 /home/n/nasedklm/nasedklm.beget.tech/public_html/vendor/laravel/framework/src/Illuminate/Routing/Router.php(748): Illuminate\\Routing\\Router->runRoute(Object(Illuminate\\Http\\Request), Object(Illuminate\\Routing\\Route))
#40 /home/n/nasedklm/nasedklm.beget.tech/public_html/vendor/laravel/framework/src/Illuminate/Routing/Router.php(737): Illuminate\\Routing\\Router->dispatchToRoute(Object(Illuminate\\Http\\Request))
#41 /home/n/nasedklm/nasedklm.beget.tech/public_html/vendor/laravel/framework/src/Illuminate/Foundation/Http/Kernel.php(200): Illuminate\\Routing\\Router->dispatch(Object(Illuminate\\Http\\Request))
#42 /home/n/nasedklm/nasedklm.beget.tech/public_html/vendor/laravel/framework/src/Illuminate/Pipeline/Pipeline.php(144): Illuminate\\Foundation\\Http\\Kernel->Illuminate\\Foundation\\Http\\{closure}(Object(Illuminate\\Http\\Request))
#43 /home/n/nasedklm/nasedklm.beget.tech/public_html/vendor/barryvdh/laravel-debugbar/src/Middleware/InjectDebugbar.php(59): Illuminate\\Pipeline\\Pipeline->Illuminate\\Pipeline\\{closure}(Object(Illuminate\\Http\\Request))
#44 /home/n/nasedklm/nasedklm.beget.tech/public_html/vendor/laravel/framework/src/Illuminate/Pipeline/Pipeline.php(183): Barryvdh\\Debugbar\\Middleware\\InjectDebugbar->handle(Object(Illuminate\\Http\\Request), Object(Closure))
#45 /home/n/nasedklm/nasedklm.beget.tech/public_html/vendor/laravel/framework/src/Illuminate/Foundation/Http/Middleware/TransformsRequest.php(21): Illuminate\\Pipeline\\Pipeline->Illuminate\\Pipeline\\{closure}(Object(Illuminate\\Http\\Request))
#46 /home/n/nasedklm/nasedklm.beget.tech/public_html/vendor/laravel/framework/src/Illuminate/Foundation/Http/Middleware/ConvertEmptyStringsToNull.php(31): Illuminate\\Foundation\\Http\\Middleware\\TransformsRequest->handle(Object(Illuminate\\Http\\Request), Object(Closure))
#47 /home/n/nasedklm/nasedklm.beget.tech/public_html/vendor/laravel/framework/src/Illuminate/Pipeline/Pipeline.php(183): Illuminate\\Foundation\\Http\\Middleware\\ConvertEmptyStringsToNull->handle(Object(Illuminate\\Http\\Request), Object(Closure))
#48 /home/n/nasedklm/nasedklm.beget.tech/public_html/vendor/laravel/framework/src/Illuminate/Foundation/Http/Middleware/TransformsRequest.php(21): Illuminate\\Pipeline\\Pipeline->Illuminate\\Pipeline\\{closure}(Object(Illuminate\\Http\\Request))
#49 /home/n/nasedklm/nasedklm.beget.tech/public_html/vendor/laravel/framework/src/Illuminate/Foundation/Http/Middleware/TrimStrings.php(51): Illuminate\\Foundation\\Http\\Middleware\\TransformsRequest->handle(Object(Illuminate\\Http\\Request), Object(Closure))
#50 /home/n/nasedklm/nasedklm.beget.tech/public_html/vendor/laravel/framework/src/Illuminate/Pipeline/Pipeline.php(183): Illuminate\\Foundation\\Http\\Middleware\\TrimStrings->handle(Object(Illuminate\\Http\\Request), Object(Closure))
#51 /home/n/nasedklm/nasedklm.beget.tech/public_html/vendor/laravel/framework/src/Illuminate/Http/Middleware/ValidatePostSize.php(27): Illuminate\\Pipeline\\Pipeline->Illuminate\\Pipeline\\{closure}(Object(Illuminate\\Http\\Request))
#52 /home/n/nasedklm/nasedklm.beget.tech/public_html/vendor/laravel/framework/src/Illuminate/Pipeline/Pipeline.php(183): Illuminate\\Http\\Middleware\\ValidatePostSize->handle(Object(Illuminate\\Http\\Request), Object(Closure))
#53 /home/n/nasedklm/nasedklm.beget.tech/public_html/vendor/laravel/framework/src/Illuminate/Foundation/Http/Middleware/PreventRequestsDuringMaintenance.php(110): Illuminate\\Pipeline\\Pipeline->Illuminate\\Pipeline\\{closure}(Object(Illuminate\\Http\\Request))
#54 /home/n/nasedklm/nasedklm.beget.tech/public_html/vendor/laravel/framework/src/Illuminate/Pipeline/Pipeline.php(183): Illuminate\\Foundation\\Http\\Middleware\\PreventRequestsDuringMaintenance->handle(Object(Illuminate\\Http\\Request), Object(Closure))
#55 /home/n/nasedklm/nasedklm.beget.tech/public_html/vendor/laravel/framework/src/Illuminate/Http/Middleware/HandleCors.php(49): Illuminate\\Pipeline\\Pipeline->Illuminate\\Pipeline\\{closure}(Object(Illuminate\\Http\\Request))
#56 /home/n/nasedklm/nasedklm.beget.tech/public_html/vendor/laravel/framework/src/Illuminate/Pipeline/Pipeline.php(183): Illuminate\\Http\\Middleware\\HandleCors->handle(Object(Illuminate\\Http\\Request), Object(Closure))
#57 /home/n/nasedklm/nasedklm.beget.tech/public_html/vendor/laravel/framework/src/Illuminate/Http/Middleware/TrustProxies.php(57): Illuminate\\Pipeline\\Pipeline->Illuminate\\Pipeline\\{closure}(Object(Illuminate\\Http\\Request))
#58 /home/n/nasedklm/nasedklm.beget.tech/public_html/vendor/laravel/framework/src/Illuminate/Pipeline/Pipeline.php(183): Illuminate\\Http\\Middleware\\TrustProxies->handle(Object(Illuminate\\Http\\Request), Object(Closure))
#59 /home/n/nasedklm/nasedklm.beget.tech/public_html/vendor/laravel/framework/src/Illuminate/Pipeline/Pipeline.php(119): Illuminate\\Pipeline\\Pipeline->Illuminate\\Pipeline\\{closure}(Object(Illuminate\\Http\\Request))
#60 /home/n/nasedklm/nasedklm.beget.tech/public_html/vendor/laravel/framework/src/Illuminate/Foundation/Http/Kernel.php(175): Illuminate\\Pipeline\\Pipeline->then(Object(Closure))
#61 /home/n/nasedklm/nasedklm.beget.tech/public_html/vendor/laravel/framework/src/Illuminate/Foundation/Http/Kernel.php(144): Illuminate\\Foundation\\Http\\Kernel->sendRequestThroughRouter(Object(Illuminate\\Http\\Request))
#62 /home/n/nasedklm/nasedklm.beget.tech/public_html/public/index.php(50): Illuminate\\Foundation\\Http\\Kernel->handle(Object(Illuminate\\Http\\Request))
#63 {main}

[previous exception] [object] (PDOException(code: 1045): SQLSTATE[HY000] [1045] Access denied for user 'ce85862_btf101'@'localhost' (using password: YES) at /home/n/nasedklm/nasedklm.beget.tech/public_html/vendor/laravel/framework/src/Illuminate/Database/Connectors/Connector.php:65)
[stacktrace]
#0 /home/n/nasedklm/nasedklm.beget.tech/public_html/vendor/laravel/framework/src/Illuminate/Database/Connectors/Connector.php(65): PDO->__construct('mysql:host=127....', 'ce85862_btf101', Object(SensitiveParameterValue), Array)
#1 /home/n/nasedklm/nasedklm.beget.tech/public_html/vendor/laravel/framework/src/Illuminate/Database/Connectors/Connector.php(44): Illuminate\\Database\\Connectors\\Connector->createPdoConnection('mysql:host=127....', 'ce85862_btf101', 'qCdma7CV', Array)
#2 /home/n/nasedklm/nasedklm.beget.tech/public_html/vendor/laravel/framework/src/Illuminate/Database/Connectors/MySqlConnector.php(24): Illuminate\\Database\\Connectors\\Connector->createConnection('mysql:host=127....', Array, Array)
#3 /home/n/nasedklm/nasedklm.beget.tech/public_html/vendor/laravel/framework/src/Illuminate/Database/Connectors/ConnectionFactory.php(185): Illuminate\\Database\\Connectors\\MySqlConnector->connect(Array)
#4 [internal function]: Illuminate\\Database\\Connectors\\ConnectionFactory->Illuminate\\Database\\Connectors\\{closure}()
#5 /home/n/nasedklm/nasedklm.beget.tech/public_html/vendor/laravel/framework/src/Illuminate/Database/Connection.php(1219): call_user_func(Object(Closure))
#6 /home/n/nasedklm/nasedklm.beget.tech/public_html/vendor/laravel/framework/src/Illuminate/Database/Connection.php(1255): Illuminate\\Database\\Connection->getPdo()
#7 /home/n/nasedklm/nasedklm.beget.tech/public_html/vendor/laravel/framework/src/Illuminate/Database/Connection.php(512): Illuminate\\Database\\Connection->getReadPdo()
#8 /home/n/nasedklm/nasedklm.beget.tech/public_html/vendor/laravel/framework/src/Illuminate/Database/Connection.php(407): Illuminate\\Database\\Connection->getPdoForSelect(true)
#9 /home/n/nasedklm/nasedklm.beget.tech/public_html/vendor/laravel/framework/src/Illuminate/Database/Connection.php(800): Illuminate\\Database\\Connection->Illuminate\\Database\\{closure}('select * from `...', Array)
#10 /home/n/nasedklm/nasedklm.beget.tech/public_html/vendor/laravel/framework/src/Illuminate/Database/Connection.php(767): Illuminate\\Database\\Connection->runQueryCallback('select * from `...', Array, Object(Closure))
#11 /home/n/nasedklm/nasedklm.beget.tech/public_html/vendor/laravel/framework/src/Illuminate/Database/Connection.php(398): Illuminate\\Database\\Connection->run('select * from `...', Array, Object(Closure))
#12 /home/n/nasedklm/nasedklm.beget.tech/public_html/vendor/laravel/framework/src/Illuminate/Database/Query/Builder.php(2993): Illuminate\\Database\\Connection->select('select * from `...', Array, true)
#13 /home/n/nasedklm/nasedklm.beget.tech/public_html/vendor/laravel/framework/src/Illuminate/Database/Query/Builder.php(2978): Illuminate\\Database\\Query\\Builder->runSelect()
#14 /home/n/nasedklm/nasedklm.beget.tech/public_html/vendor/laravel/framework/src/Illuminate/Database/Query/Builder.php(3566): Illuminate\\Database\\Query\\Builder->Illuminate\\Database\\Query\\{closure}()
#15 /home/n/nasedklm/nasedklm.beget.tech/public_html/vendor/laravel/framework/src/Illuminate/Database/Query/Builder.php(2977): Illuminate\\Database\\Query\\Builder->onceWithColumns(Array, Object(Closure))
#16 /home/n/nasedklm/nasedklm.beget.tech/public_html/vendor/laravel/framework/src/Illuminate/Database/Eloquent/Builder.php(748): Illuminate\\Database\\Query\\Builder->get(Array)
#17 /home/n/nasedklm/nasedklm.beget.tech/public_html/vendor/laravel/framework/src/Illuminate/Database/Eloquent/Builder.php(730): Illuminate\\Database\\Eloquent\\Builder->getModels(Array)
#18 /home/n/nasedklm/nasedklm.beget.tech/public_html/vendor/laravel/framework/src/Illuminate/Support/Traits/ForwardsCalls.php(23): Illuminate\\Database\\Eloquent\\Builder->get()
#19 /home/n/nasedklm/nasedklm.beget.tech/public_html/vendor/laravel/framework/src/Illuminate/Database/Eloquent/Model.php(2340): Illuminate\\Database\\Eloquent\\Model->forwardCallTo(Object(Illuminate\\Database\\Eloquent\\Builder), 'get', Array)
#20 /home/n/nasedklm/nasedklm.beget.tech/public_html/vendor/laravel/framework/src/Illuminate/Database/Eloquent/Model.php(2352): Illuminate\\Database\\Eloquent\\Model->__call('get', Array)
#21 /home/n/nasedklm/nasedklm.beget.tech/public_html/app/Services/CurrencyConversion.php(15): Illuminate\\Database\\Eloquent\\Model::__callStatic('get', Array)
#22 /home/n/nasedklm/nasedklm.beget.tech/public_html/app/Services/CurrencyConversion.php(55): App\\Services\\CurrencyConversion::loadContainer()
#23 /home/n/nasedklm/nasedklm.beget.tech/public_html/app/ViewComposers/CurrenciesComposer.php(11): App\\Services\\CurrencyConversion::getCurrencySymbol()
#24 /home/n/nasedklm/nasedklm.beget.tech/public_html/vendor/laravel/framework/src/Illuminate/View/Concerns/ManagesEvents.php(124): App\\ViewComposers\\CurrenciesComposer->compose(Object(Illuminate\\View\\View))
#25 /home/n/nasedklm/nasedklm.beget.tech/public_html/vendor/laravel/framework/src/Illuminate/View/Concerns/ManagesEvents.php(162): Illuminate\\View\\Factory->Illuminate\\View\\Concerns\\{closure}(Object(Illuminate\\View\\View))
#26 /home/n/nasedklm/nasedklm.beget.tech/public_html/vendor/laravel/framework/src/Illuminate/Events/Dispatcher.php(455): Illuminate\\View\\Factory->Illuminate\\View\\Concerns\\{closure}('composing: erro...', Array)
#27 /home/n/nasedklm/nasedklm.beget.tech/public_html/vendor/laravel/framework/src/Illuminate/Events/Dispatcher.php(286): Illuminate\\Events\\Dispatcher->Illuminate\\Events\\{closure}('composing: erro...', Array)
#28 /home/n/nasedklm/nasedklm.beget.tech/public_html/vendor/laravel/framework/src/Illuminate/Events/Dispatcher.php(266): Illuminate\\Events\\Dispatcher->invokeListeners('composing: erro...', Array, false)
#29 /home/n/nasedklm/nasedklm.beget.tech/public_html/vendor/laravel/framework/src/Illuminate/View/Concerns/ManagesEvents.php(178): Illuminate\\Events\\Dispatcher->dispatch('composing: erro...', Array)
#30 /home/n/nasedklm/nasedklm.beget.tech/public_html/vendor/laravel/framework/src/Illuminate/View/View.php(189): Illuminate\\View\\Factory->callComposer(Object(Illuminate\\View\\View))
#31 /home/n/nasedklm/nasedklm.beget.tech/public_html/vendor/laravel/framework/src/Illuminate/View/View.php(160): Illuminate\\View\\View->renderContents()
#32 /home/n/nasedklm/nasedklm.beget.tech/public_html/vendor/laravel/framework/src/Illuminate/Http/Response.php(70): Illuminate\\View\\View->render()
#33 /home/n/nasedklm/nasedklm.beget.tech/public_html/vendor/laravel/framework/src/Illuminate/Http/Response.php(35): Illuminate\\Http\\Response->setContent(Object(Illuminate\\View\\View))
#34 /home/n/nasedklm/nasedklm.beget.tech/public_html/vendor/laravel/framework/src/Illuminate/Routing/ResponseFactory.php(58): Illuminate\\Http\\Response->__construct(Object(Illuminate\\View\\View), 500, Array)
#35 /home/n/nasedklm/nasedklm.beget.tech/public_html/vendor/laravel/framework/src/Illuminate/Routing/ResponseFactory.php(88): Illuminate\\Routing\\ResponseFactory->make(Object(Illuminate\\View\\View), 500, Array)
#36 /home/n/nasedklm/nasedklm.beget.tech/public_html/vendor/laravel/framework/src/Illuminate/Foundation/Exceptions/Handler.php(886): Illuminate\\Routing\\ResponseFactory->view('errors::500', Array, 500, Array)
#37 /home/n/nasedklm/nasedklm.beget.tech/public_html/vendor/laravel/framework/src/Illuminate/Foundation/Exceptions/Handler.php(807): Illuminate\\Foundation\\Exceptions\\Handler->renderHttpException(Object(Symfony\\Component\\HttpKernel\\Exception\\HttpException))
#38 /home/n/nasedklm/nasedklm.beget.tech/public_html/vendor/laravel/framework/src/Illuminate/Foundation/Exceptions/Handler.php(698): Illuminate\\Foundation\\Exceptions\\Handler->prepareResponse(Object(Illuminate\\Http\\Request), Object(Symfony\\Component\\HttpKernel\\Exception\\HttpException))
#39 /home/n/nasedklm/nasedklm.beget.tech/public_html/vendor/laravel/framework/src/Illuminate/Foundation/Exceptions/Handler.php(587): Illuminate\\Foundation\\Exceptions\\Handler->renderExceptionResponse(Object(Illuminate\\Http\\Request), Object(Illuminate\\Database\\QueryException))
#40 /home/n/nasedklm/nasedklm.beget.tech/public_html/vendor/laravel/framework/src/Illuminate/Routing/Pipeline.php(51): Illuminate\\Foundation\\Exceptions\\Handler->render(Object(Illuminate\\Http\\Request), Object(Illuminate\\Database\\QueryException))
#41 /home/n/nasedklm/nasedklm.beget.tech/public_html/vendor/laravel/framework/src/Illuminate/Pipeline/Pipeline.php(188): Illuminate\\Routing\\Pipeline->handleException(Object(Illuminate\\Http\\Request), Object(Illuminate\\Database\\QueryException))
#42 /home/n/nasedklm/nasedklm.beget.tech/public_html/vendor/laravel/framework/src/Illuminate/Cookie/Middleware/AddQueuedCookiesToResponse.php(37): Illuminate\\Pipeline\\Pipeline->Illuminate\\Pipeline\\{closure}(Object(Illuminate\\Http\\Request))
#43 /home/n/nasedklm/nasedklm.beget.tech/public_html/vendor/laravel/framework/src/Illuminate/Pipeline/Pipeline.php(183): Illuminate\\Cookie\\Middleware\\AddQueuedCookiesToResponse->handle(Object(Illuminate\\Http\\Request), Object(Closure))
#44 /home/n/nasedklm/nasedklm.beget.tech/public_html/vendor/laravel/framework/src/Illuminate/Cookie/Middleware/EncryptCookies.php(75): Illuminate\\Pipeline\\Pipeline->Illuminate\\Pipeline\\{closure}(Object(Illuminate\\Http\\Request))
#45 /home/n/nasedklm/nasedklm.beget.tech/public_html/vendor/laravel/framework/src/Illuminate/Pipeline/Pipeline.php(183): Illuminate\\Cookie\\Middleware\\EncryptCookies->handle(Object(Illuminate\\Http\\Request), Object(Closure))
#46 /home/n/nasedklm/nasedklm.beget.tech/public_html/vendor/laravel/framework/src/Illuminate/Pipeline/Pipeline.php(119): Illuminate\\Pipeline\\Pipeline->Illuminate\\Pipeline\\{closure}(Object(Illuminate\\Http\\Request))
#47 /home/n/nasedklm/nasedklm.beget.tech/public_html/vendor/laravel/framework/src/Illuminate/Routing/Router.php(805): Illuminate\\Pipeline\\Pipeline->then(Object(Closure))
#48 /home/n/nasedklm/nasedklm.beget.tech/public_html/vendor/laravel/framework/src/Illuminate/Routing/Router.php(784): Illuminate\\Routing\\Router->runRouteWithinStack(Object(Illuminate\\Routing\\Route), Object(Illuminate\\Http\\Request))
#49 /home/n/nasedklm/nasedklm.beget.tech/public_html/vendor/laravel/framework/src/Illuminate/Routing/Router.php(748): Illuminate\\Routing\\Router->runRoute(Object(Illuminate\\Http\\Request), Object(Illuminate\\Routing\\Route))
#50 /home/n/nasedklm/nasedklm.beget.tech/public_html/vendor/laravel/framework/src/Illuminate/Routing/Router.php(737): Illuminate\\Routing\\Router->dispatchToRoute(Object(Illuminate\\Http\\Request))
#51 /home/n/nasedklm/nasedklm.beget.tech/public_html/vendor/laravel/framework/src/Illuminate/Foundation/Http/Kernel.php(200): Illuminate\\Routing\\Router->dispatch(Object(Illuminate\\Http\\Request))
#52 /home/n/nasedklm/nasedklm.beget.tech/public_html/vendor/laravel/framework/src/Illuminate/Pipeline/Pipeline.php(144): Illuminate\\Foundation\\Http\\Kernel->Illuminate\\Foundation\\Http\\{closure}(Object(Illuminate\\Http\\Request))
#53 /home/n/nasedklm/nasedklm.beget.tech/public_html/vendor/barryvdh/laravel-debugbar/src/Middleware/InjectDebugbar.php(59): Illuminate\\Pipeline\\Pipeline->Illuminate\\Pipeline\\{closure}(Object(Illuminate\\Http\\Request))
#54 /home/n/nasedklm/nasedklm.beget.tech/public_html/vendor/laravel/framework/src/Illuminate/Pipeline/Pipeline.php(183): Barryvdh\\Debugbar\\Middleware\\InjectDebugbar->handle(Object(Illuminate\\Http\\Request), Object(Closure))
#55 /home/n/nasedklm/nasedklm.beget.tech/public_html/vendor/laravel/framework/src/Illuminate/Foundation/Http/Middleware/TransformsRequest.php(21): Illuminate\\Pipeline\\Pipeline->Illuminate\\Pipeline\\{closure}(Object(Illuminate\\Http\\Request))
#56 /home/n/nasedklm/nasedklm.beget.tech/public_html/vendor/laravel/framework/src/Illuminate/Foundation/Http/Middleware/ConvertEmptyStringsToNull.php(31): Illuminate\\Foundation\\Http\\Middleware\\TransformsRequest->handle(Object(Illuminate\\Http\\Request), Object(Closure))
#57 /home/n/nasedklm/nasedklm.beget.tech/public_html/vendor/laravel/framework/src/Illuminate/Pipeline/Pipeline.php(183): Illuminate\\Foundation\\Http\\Middleware\\ConvertEmptyStringsToNull->handle(Object(Illuminate\\Http\\Request), Object(Closure))
#58 /home/n/nasedklm/nasedklm.beget.tech/public_html/vendor/laravel/framework/src/Illuminate/Foundation/Http/Middleware/TransformsRequest.php(21): Illuminate\\Pipeline\\Pipeline->Illuminate\\Pipeline\\{closure}(Object(Illuminate\\Http\\Request))
#59 /home/n/nasedklm/nasedklm.beget.tech/public_html/vendor/laravel/framework/src/Illuminate/Foundation/Http/Middleware/TrimStrings.php(51): Illuminate\\Foundation\\Http\\Middleware\\TransformsRequest->handle(Object(Illuminate\\Http\\Request), Object(Closure))
#60 /home/n/nasedklm/nasedklm.beget.tech/public_html/vendor/laravel/framework/src/Illuminate/Pipeline/Pipeline.php(183): Illuminate\\Foundation\\Http\\Middleware\\TrimStrings->handle(Object(Illuminate\\Http\\Request), Object(Closure))
#61 /home/n/nasedklm/nasedklm.beget.tech/public_html/vendor/laravel/framework/src/Illuminate/Http/Middleware/ValidatePostSize.php(27): Illuminate\\Pipeline\\Pipeline->Illuminate\\Pipeline\\{closure}(Object(Illuminate\\Http\\Request))
#62 /home/n/nasedklm/nasedklm.beget.tech/public_html/vendor/laravel/framework/src/Illuminate/Pipeline/Pipeline.php(183): Illuminate\\Http\\Middleware\\ValidatePostSize->handle(Object(Illuminate\\Http\\Request), Object(Closure))
#63 /home/n/nasedklm/nasedklm.beget.tech/public_html/vendor/laravel/framework/src/Illuminate/Foundation/Http/Middleware/PreventRequestsDuringMaintenance.php(110): Illuminate\\Pipeline\\Pipeline->Illuminate\\Pipeline\\{closure}(Object(Illuminate\\Http\\Request))
#64 /home/n/nasedklm/nasedklm.beget.tech/public_html/vendor/laravel/framework/src/Illuminate/Pipeline/Pipeline.php(183): Illuminate\\Foundation\\Http\\Middleware\\PreventRequestsDuringMaintenance->handle(Object(Illuminate\\Http\\Request), Object(Closure))
#65 /home/n/nasedklm/nasedklm.beget.tech/public_html/vendor/laravel/framework/src/Illuminate/Http/Middleware/HandleCors.php(49): Illuminate\\Pipeline\\Pipeline->Illuminate\\Pipeline\\{closure}(Object(Illuminate\\Http\\Request))
#66 /home/n/nasedklm/nasedklm.beget.tech/public_html/vendor/laravel/framework/src/Illuminate/Pipeline/Pipeline.php(183): Illuminate\\Http\\Middleware\\HandleCors->handle(Object(Illuminate\\Http\\Request), Object(Closure))
#67 /home/n/nasedklm/nasedklm.beget.tech/public_html/vendor/laravel/framework/src/Illuminate/Http/Middleware/TrustProxies.php(57): Illuminate\\Pipeline\\Pipeline->Illuminate\\Pipeline\\{closure}(Object(Illuminate\\Http\\Request))
#68 /home/n/nasedklm/nasedklm.beget.tech/public_html/vendor/laravel/framework/src/Illuminate/Pipeline/Pipeline.php(183): Illuminate\\Http\\Middleware\\TrustProxies->handle(Object(Illuminate\\Http\\Request), Object(Closure))
#69 /home/n/nasedklm/nasedklm.beget.tech/public_html/vendor/laravel/framework/src/Illuminate/Pipeline/Pipeline.php(119): Illuminate\\Pipeline\\Pipeline->Illuminate\\Pipeline\\{closure}(Object(Illuminate\\Http\\Request))
#70 /home/n/nasedklm/nasedklm.beget.tech/public_html/vendor/laravel/framework/src/Illuminate/Foundation/Http/Kernel.php(175): Illuminate\\Pipeline\\Pipeline->then(Object(Closure))
#71 /home/n/nasedklm/nasedklm.beget.tech/public_html/vendor/laravel/framework/src/Illuminate/Foundation/Http/Kernel.php(144): Illuminate\\Foundation\\Http\\Kernel->sendRequestThroughRouter(Object(Illuminate\\Http\\Request))
#72 /home/n/nasedklm/nasedklm.beget.tech/public_html/public/index.php(50): Illuminate\\Foundation\\Http\\Kernel->handle(Object(Illuminate\\Http\\Request))
#73 {main}
"} 
[2024-12-03 13:32:07] production.ERROR: SQLSTATE[HY000] [1045] Access denied for user 'ce85862_btf101'@'localhost' (using password: YES) (Connection: mysql, SQL: select * from `sessions` where `id` = 8rjQhSfVERAeOHuTVEKVAedy7IOHa89mNLwvlzqn limit 1) {"exception":"[object] (Illuminate\\Database\\QueryException(code: 1045): SQLSTATE[HY000] [1045] Access denied for user 'ce85862_btf101'@'localhost' (using password: YES) (Connection: mysql, SQL: select * from `sessions` where `id` = 8rjQhSfVERAeOHuTVEKVAedy7IOHa89mNLwvlzqn limit 1) at /home/n/nasedklm/nasedklm.beget.tech/public_html/vendor/laravel/framework/src/Illuminate/Database/Connection.php:813)
[stacktrace]
#0 /home/n/nasedklm/nasedklm.beget.tech/public_html/vendor/laravel/framework/src/Illuminate/Database/Connection.php(767): Illuminate\\Database\\Connection->runQueryCallback('select * from `...', Array, Object(Closure))
#1 /home/n/nasedklm/nasedklm.beget.tech/public_html/vendor/laravel/framework/src/Illuminate/Database/Connection.php(398): Illuminate\\Database\\Connection->run('select * from `...', Array, Object(Closure))
#2 /home/n/nasedklm/nasedklm.beget.tech/public_html/vendor/laravel/framework/src/Illuminate/Database/Query/Builder.php(2993): Illuminate\\Database\\Connection->select('select * from `...', Array, true)
#3 /home/n/nasedklm/nasedklm.beget.tech/public_html/vendor/laravel/framework/src/Illuminate/Database/Query/Builder.php(2978): Illuminate\\Database\\Query\\Builder->runSelect()
#4 /home/n/nasedklm/nasedklm.beget.tech/public_html/vendor/laravel/framework/src/Illuminate/Database/Query/Builder.php(3566): Illuminate\\Database\\Query\\Builder->Illuminate\\Database\\Query\\{closure}()
#5 /home/n/nasedklm/nasedklm.beget.tech/public_html/vendor/laravel/framework/src/Illuminate/Database/Query/Builder.php(2977): Illuminate\\Database\\Query\\Builder->onceWithColumns(Array, Object(Closure))
#6 /home/n/nasedklm/nasedklm.beget.tech/public_html/vendor/laravel/framework/src/Illuminate/Database/Concerns/BuildsQueries.php(335): Illuminate\\Database\\Query\\Builder->get(Array)
#7 /home/n/nasedklm/nasedklm.beget.tech/public_html/vendor/laravel/framework/src/Illuminate/Database/Query/Builder.php(2900): Illuminate\\Database\\Query\\Builder->first(Array)
#8 /home/n/nasedklm/nasedklm.beget.tech/public_html/vendor/laravel/framework/src/Illuminate/Session/DatabaseSessionHandler.php(97): Illuminate\\Database\\Query\\Builder->find('8rjQhSfVERAeOHu...')
#9 /home/n/nasedklm/nasedklm.beget.tech/public_html/vendor/laravel/framework/src/Illuminate/Session/Store.php(113): Illuminate\\Session\\DatabaseSessionHandler->read('8rjQhSfVERAeOHu...')
#10 /home/n/nasedklm/nasedklm.beget.tech/public_html/vendor/laravel/framework/src/Illuminate/Session/Store.php(101): Illuminate\\Session\\Store->readFromHandler()
#11 /home/n/nasedklm/nasedklm.beget.tech/public_html/vendor/laravel/framework/src/Illuminate/Session/Store.php(85): Illuminate\\Session\\Store->loadSession()
#12 /home/n/nasedklm/nasedklm.beget.tech/public_html/vendor/laravel/framework/src/Illuminate/Session/Middleware/StartSession.php(147): Illuminate\\Session\\Store->start()
#13 /home/n/nasedklm/nasedklm.beget.tech/public_html/vendor/laravel/framework/src/Illuminate/Support/helpers.php(363): Illuminate\\Session\\Middleware\\StartSession->Illuminate\\Session\\Middleware\\{closure}(Object(Illuminate\\Session\\Store))
#14 /home/n/nasedklm/nasedklm.beget.tech/public_html/vendor/laravel/framework/src/Illuminate/Session/Middleware/StartSession.php(144): tap(Object(Illuminate\\Session\\Store), Object(Closure))
#15 /home/n/nasedklm/nasedklm.beget.tech/public_html/vendor/laravel/framework/src/Illuminate/Session/Middleware/StartSession.php(116): Illuminate\\Session\\Middleware\\StartSession->startSession(Object(Illuminate\\Http\\Request), Object(Illuminate\\Session\\Store))
#16 /home/n/nasedklm/nasedklm.beget.tech/public_html/vendor/laravel/framework/src/Illuminate/Session/Middleware/StartSession.php(64): Illuminate\\Session\\Middleware\\StartSession->handleStatefulRequest(Object(Illuminate\\Http\\Request), Object(Illuminate\\Session\\Store), Object(Closure))
#17 /home/n/nasedklm/nasedklm.beget.tech/public_html/vendor/laravel/framework/src/Illuminate/Pipeline/Pipeline.php(183): Illuminate\\Session\\Middleware\\StartSession->handle(Object(Illuminate\\Http\\Request), Object(Closure))
#18 /home/n/nasedklm/nasedklm.beget.tech/public_html/vendor/laravel/framework/src/Illuminate/Cookie/Middleware/AddQueuedCookiesToResponse.php(37): Illuminate\\Pipeline\\Pipeline->Illuminate\\Pipeline\\{closure}(Object(Illuminate\\Http\\Request))
#19 /home/n/nasedklm/nasedklm.beget.tech/public_html/vendor/laravel/framework/src/Illuminate/Pipeline/Pipeline.php(183): Illuminate\\Cookie\\Middleware\\AddQueuedCookiesToResponse->handle(Object(Illuminate\\Http\\Request), Object(Closure))
#20 /home/n/nasedklm/nasedklm.beget.tech/public_html/vendor/laravel/framework/src/Illuminate/Cookie/Middleware/EncryptCookies.php(75): Illuminate\\Pipeline\\Pipeline->Illuminate\\Pipeline\\{closure}(Object(Illuminate\\Http\\Request))
#21 /home/n/nasedklm/nasedklm.beget.tech/public_html/vendor/laravel/framework/src/Illuminate/Pipeline/Pipeline.php(183): Illuminate\\Cookie\\Middleware\\EncryptCookies->handle(Object(Illuminate\\Http\\Request), Object(Closure))
#22 /home/n/nasedklm/nasedklm.beget.tech/public_html/vendor/laravel/framework/src/Illuminate/Pipeline/Pipeline.php(119): Illuminate\\Pipeline\\Pipeline->Illuminate\\Pipeline\\{closure}(Object(Illuminate\\Http\\Request))
#23 /home/n/nasedklm/nasedklm.beget.tech/public_html/vendor/laravel/framework/src/Illuminate/Routing/Router.php(805): Illuminate\\Pipeline\\Pipeline->then(Object(Closure))
#24 /home/n/nasedklm/nasedklm.beget.tech/public_html/vendor/laravel/framework/src/Illuminate/Routing/Router.php(784): Illuminate\\Routing\\Router->runRouteWithinStack(Object(Illuminate\\Routing\\Route), Object(Illuminate\\Http\\Request))
#25 /home/n/nasedklm/nasedklm.beget.tech/public_html/vendor/laravel/framework/src/Illuminate/Routing/Router.php(748): Illuminate\\Routing\\Router->runRoute(Object(Illuminate\\Http\\Request), Object(Illuminate\\Routing\\Route))
#26 /home/n/nasedklm/nasedklm.beget.tech/public_html/vendor/laravel/framework/src/Illuminate/Routing/Router.php(737): Illuminate\\Routing\\Router->dispatchToRoute(Object(Illuminate\\Http\\Request))
#27 /home/n/nasedklm/nasedklm.beget.tech/public_html/vendor/laravel/framework/src/Illuminate/Foundation/Http/Kernel.php(200): Illuminate\\Routing\\Router->dispatch(Object(Illuminate\\Http\\Request))
#28 /home/n/nasedklm/nasedklm.beget.tech/public_html/vendor/laravel/framework/src/Illuminate/Pipeline/Pipeline.php(144): Illuminate\\Foundation\\Http\\Kernel->Illuminate\\Foundation\\Http\\{closure}(Object(Illuminate\\Http\\Request))
#29 /home/n/nasedklm/nasedklm.beget.tech/public_html/vendor/barryvdh/laravel-debugbar/src/Middleware/InjectDebugbar.php(66): Illuminate\\Pipeline\\Pipeline->Illuminate\\Pipeline\\{closure}(Object(Illuminate\\Http\\Request))
#30 /home/n/nasedklm/nasedklm.beget.tech/public_html/vendor/laravel/framework/src/Illuminate/Pipeline/Pipeline.php(183): Barryvdh\\Debugbar\\Middleware\\InjectDebugbar->handle(Object(Illuminate\\Http\\Request), Object(Closure))
#31 /home/n/nasedklm/nasedklm.beget.tech/public_html/vendor/laravel/framework/src/Illuminate/Foundation/Http/Middleware/TransformsRequest.php(21): Illuminate\\Pipeline\\Pipeline->Illuminate\\Pipeline\\{closure}(Object(Illuminate\\Http\\Request))
#32 /home/n/nasedklm/nasedklm.beget.tech/public_html/vendor/laravel/framework/src/Illuminate/Foundation/Http/Middleware/ConvertEmptyStringsToNull.php(31): Illuminate\\Foundation\\Http\\Middleware\\TransformsRequest->handle(Object(Illuminate\\Http\\Request), Object(Closure))
#33 /home/n/nasedklm/nasedklm.beget.tech/public_html/vendor/laravel/framework/src/Illuminate/Pipeline/Pipeline.php(183): Illuminate\\Foundation\\Http\\Middleware\\ConvertEmptyStringsToNull->handle(Object(Illuminate\\Http\\Request), Object(Closure))
#34 /home/n/nasedklm/nasedklm.beget.tech/public_html/vendor/laravel/framework/src/Illuminate/Foundation/Http/Middleware/TransformsRequest.php(21): Illuminate\\Pipeline\\Pipeline->Illuminate\\Pipeline\\{closure}(Object(Illuminate\\Http\\Request))
#35 /home/n/nasedklm/nasedklm.beget.tech/public_html/vendor/laravel/framework/src/Illuminate/Foundation/Http/Middleware/TrimStrings.php(51): Illuminate\\Foundation\\Http\\Middleware\\TransformsRequest->handle(Object(Illuminate\\Http\\Request), Object(Closure))
#36 /home/n/nasedklm/nasedklm.beget.tech/public_html/vendor/laravel/framework/src/Illuminate/Pipeline/Pipeline.php(183): Illuminate\\Foundation\\Http\\Middleware\\TrimStrings->handle(Object(Illuminate\\Http\\Request), Object(Closure))
#37 /home/n/nasedklm/nasedklm.beget.tech/public_html/vendor/laravel/framework/src/Illuminate/Http/Middleware/ValidatePostSize.php(27): Illuminate\\Pipeline\\Pipeline->Illuminate\\Pipeline\\{closure}(Object(Illuminate\\Http\\Request))
#38 /home/n/nasedklm/nasedklm.beget.tech/public_html/vendor/laravel/framework/src/Illuminate/Pipeline/Pipeline.php(183): Illuminate\\Http\\Middleware\\ValidatePostSize->handle(Object(Illuminate\\Http\\Request), Object(Closure))
#39 /home/n/nasedklm/nasedklm.beget.tech/public_html/vendor/laravel/framework/src/Illuminate/Foundation/Http/Middleware/PreventRequestsDuringMaintenance.php(110): Illuminate\\Pipeline\\Pipeline->Illuminate\\Pipeline\\{closure}(Object(Illuminate\\Http\\Request))
#40 /home/n/nasedklm/nasedklm.beget.tech/public_html/vendor/laravel/framework/src/Illuminate/Pipeline/Pipeline.php(183): Illuminate\\Foundation\\Http\\Middleware\\PreventRequestsDuringMaintenance->handle(Object(Illuminate\\Http\\Request), Object(Closure))
#41 /home/n/nasedklm/nasedklm.beget.tech/public_html/vendor/laravel/framework/src/Illuminate/Http/Middleware/HandleCors.php(49): Illuminate\\Pipeline\\Pipeline->Illuminate\\Pipeline\\{closure}(Object(Illuminate\\Http\\Request))
#42 /home/n/nasedklm/nasedklm.beget.tech/public_html/vendor/laravel/framework/src/Illuminate/Pipeline/Pipeline.php(183): Illuminate\\Http\\Middleware\\HandleCors->handle(Object(Illuminate\\Http\\Request), Object(Closure))
#43 /home/n/nasedklm/nasedklm.beget.tech/public_html/vendor/laravel/framework/src/Illuminate/Http/Middleware/TrustProxies.php(57): Illuminate\\Pipeline\\Pipeline->Illuminate\\Pipeline\\{closure}(Object(Illuminate\\Http\\Request))
#44 /home/n/nasedklm/nasedklm.beget.tech/public_html/vendor/laravel/framework/src/Illuminate/Pipeline/Pipeline.php(183): Illuminate\\Http\\Middleware\\TrustProxies->handle(Object(Illuminate\\Http\\Request), Object(Closure))
#45 /home/n/nasedklm/nasedklm.beget.tech/public_html/vendor/laravel/framework/src/Illuminate/Pipeline/Pipeline.php(119): Illuminate\\Pipeline\\Pipeline->Illuminate\\Pipeline\\{closure}(Object(Illuminate\\Http\\Request))
#46 /home/n/nasedklm/nasedklm.beget.tech/public_html/vendor/laravel/framework/src/Illuminate/Foundation/Http/Kernel.php(175): Illuminate\\Pipeline\\Pipeline->then(Object(Closure))
#47 /home/n/nasedklm/nasedklm.beget.tech/public_html/vendor/laravel/framework/src/Illuminate/Foundation/Http/Kernel.php(144): Illuminate\\Foundation\\Http\\Kernel->sendRequestThroughRouter(Object(Illuminate\\Http\\Request))
#48 /home/n/nasedklm/nasedklm.beget.tech/public_html/public/index.php(50): Illuminate\\Foundation\\Http\\Kernel->handle(Object(Illuminate\\Http\\Request))
#49 {main}

[previous exception] [object] (PDOException(code: 1045): SQLSTATE[HY000] [1045] Access denied for user 'ce85862_btf101'@'localhost' (using password: YES) at /home/n/nasedklm/nasedklm.beget.tech/public_html/vendor/laravel/framework/src/Illuminate/Database/Connectors/Connector.php:65)
[stacktrace]
#0 /home/n/nasedklm/nasedklm.beget.tech/public_html/vendor/laravel/framework/src/Illuminate/Database/Connectors/Connector.php(65): PDO->__construct('mysql:host=127....', 'ce85862_btf101', Object(SensitiveParameterValue), Array)
#1 /home/n/nasedklm/nasedklm.beget.tech/public_html/vendor/laravel/framework/src/Illuminate/Database/Connectors/Connector.php(44): Illuminate\\Database\\Connectors\\Connector->createPdoConnection('mysql:host=127....', 'ce85862_btf101', 'qCdma7CV', Array)
#2 /home/n/nasedklm/nasedklm.beget.tech/public_html/vendor/laravel/framework/src/Illuminate/Database/Connectors/MySqlConnector.php(24): Illuminate\\Database\\Connectors\\Connector->createConnection('mysql:host=127....', Array, Array)
#3 /home/n/nasedklm/nasedklm.beget.tech/public_html/vendor/laravel/framework/src/Illuminate/Database/Connectors/ConnectionFactory.php(185): Illuminate\\Database\\Connectors\\MySqlConnector->connect(Array)
#4 [internal function]: Illuminate\\Database\\Connectors\\ConnectionFactory->Illuminate\\Database\\Connectors\\{closure}()
#5 /home/n/nasedklm/nasedklm.beget.tech/public_html/vendor/laravel/framework/src/Illuminate/Database/Connection.php(1219): call_user_func(Object(Closure))
#6 /home/n/nasedklm/nasedklm.beget.tech/public_html/vendor/laravel/framework/src/Illuminate/Database/Connection.php(1255): Illuminate\\Database\\Connection->getPdo()
#7 /home/n/nasedklm/nasedklm.beget.tech/public_html/vendor/laravel/framework/src/Illuminate/Database/Connection.php(512): Illuminate\\Database\\Connection->getReadPdo()
#8 /home/n/nasedklm/nasedklm.beget.tech/public_html/vendor/laravel/framework/src/Illuminate/Database/Connection.php(407): Illuminate\\Database\\Connection->getPdoForSelect(true)
#9 /home/n/nasedklm/nasedklm.beget.tech/public_html/vendor/laravel/framework/src/Illuminate/Database/Connection.php(800): Illuminate\\Database\\Connection->Illuminate\\Database\\{closure}('select * from `...', Array)
#10 /home/n/nasedklm/nasedklm.beget.tech/public_html/vendor/laravel/framework/src/Illuminate/Database/Connection.php(767): Illuminate\\Database\\Connection->runQueryCallback('select * from `...', Array, Object(Closure))
#11 /home/n/nasedklm/nasedklm.beget.tech/public_html/vendor/laravel/framework/src/Illuminate/Database/Connection.php(398): Illuminate\\Database\\Connection->run('select * from `...', Array, Object(Closure))
#12 /home/n/nasedklm/nasedklm.beget.tech/public_html/vendor/laravel/framework/src/Illuminate/Database/Query/Builder.php(2993): Illuminate\\Database\\Connection->select('select * from `...', Array, true)
#13 /home/n/nasedklm/nasedklm.beget.tech/public_html/vendor/laravel/framework/src/Illuminate/Database/Query/Builder.php(2978): Illuminate\\Database\\Query\\Builder->runSelect()
#14 /home/n/nasedklm/nasedklm.beget.tech/public_html/vendor/laravel/framework/src/Illuminate/Database/Query/Builder.php(3566): Illuminate\\Database\\Query\\Builder->Illuminate\\Database\\Query\\{closure}()
#15 /home/n/nasedklm/nasedklm.beget.tech/public_html/vendor/laravel/framework/src/Illuminate/Database/Query/Builder.php(2977): Illuminate\\Database\\Query\\Builder->onceWithColumns(Array, Object(Closure))
#16 /home/n/nasedklm/nasedklm.beget.tech/public_html/vendor/laravel/framework/src/Illuminate/Database/Concerns/BuildsQueries.php(335): Illuminate\\Database\\Query\\Builder->get(Array)
#17 /home/n/nasedklm/nasedklm.beget.tech/public_html/vendor/laravel/framework/src/Illuminate/Database/Query/Builder.php(2900): Illuminate\\Database\\Query\\Builder->first(Array)
#18 /home/n/nasedklm/nasedklm.beget.tech/public_html/vendor/laravel/framework/src/Illuminate/Session/DatabaseSessionHandler.php(97): Illuminate\\Database\\Query\\Builder->find('8rjQhSfVERAeOHu...')
#19 /home/n/nasedklm/nasedklm.beget.tech/public_html/vendor/laravel/framework/src/Illuminate/Session/Store.php(113): Illuminate\\Session\\DatabaseSessionHandler->read('8rjQhSfVERAeOHu...')
#20 /home/n/nasedklm/nasedklm.beget.tech/public_html/vendor/laravel/framework/src/Illuminate/Session/Store.php(101): Illuminate\\Session\\Store->readFromHandler()
#21 /home/n/nasedklm/nasedklm.beget.tech/public_html/vendor/laravel/framework/src/Illuminate/Session/Store.php(85): Illuminate\\Session\\Store->loadSession()
#22 /home/n/nasedklm/nasedklm.beget.tech/public_html/vendor/laravel/framework/src/Illuminate/Session/Middleware/StartSession.php(147): Illuminate\\Session\\Store->start()
#23 /home/n/nasedklm/nasedklm.beget.tech/public_html/vendor/laravel/framework/src/Illuminate/Support/helpers.php(363): Illuminate\\Session\\Middleware\\StartSession->Illuminate\\Session\\Middleware\\{closure}(Object(Illuminate\\Session\\Store))
#24 /home/n/nasedklm/nasedklm.beget.tech/public_html/vendor/laravel/framework/src/Illuminate/Session/Middleware/StartSession.php(144): tap(Object(Illuminate\\Session\\Store), Object(Closure))
#25 /home/n/nasedklm/nasedklm.beget.tech/public_html/vendor/laravel/framework/src/Illuminate/Session/Middleware/StartSession.php(116): Illuminate\\Session\\Middleware\\StartSession->startSession(Object(Illuminate\\Http\\Request), Object(Illuminate\\Session\\Store))
#26 /home/n/nasedklm/nasedklm.beget.tech/public_html/vendor/laravel/framework/src/Illuminate/Session/Middleware/StartSession.php(64): Illuminate\\Session\\Middleware\\StartSession->handleStatefulRequest(Object(Illuminate\\Http\\Request), Object(Illuminate\\Session\\Store), Object(Closure))
#27 /home/n/nasedklm/nasedklm.beget.tech/public_html/vendor/laravel/framework/src/Illuminate/Pipeline/Pipeline.php(183): Illuminate\\Session\\Middleware\\StartSession->handle(Object(Illuminate\\Http\\Request), Object(Closure))
#28 /home/n/nasedklm/nasedklm.beget.tech/public_html/vendor/laravel/framework/src/Illuminate/Cookie/Middleware/AddQueuedCookiesToResponse.php(37): Illuminate\\Pipeline\\Pipeline->Illuminate\\Pipeline\\{closure}(Object(Illuminate\\Http\\Request))
#29 /home/n/nasedklm/nasedklm.beget.tech/public_html/vendor/laravel/framework/src/Illuminate/Pipeline/Pipeline.php(183): Illuminate\\Cookie\\Middleware\\AddQueuedCookiesToResponse->handle(Object(Illuminate\\Http\\Request), Object(Closure))
#30 /home/n/nasedklm/nasedklm.beget.tech/public_html/vendor/laravel/framework/src/Illuminate/Cookie/Middleware/EncryptCookies.php(75): Illuminate\\Pipeline\\Pipeline->Illuminate\\Pipeline\\{closure}(Object(Illuminate\\Http\\Request))
#31 /home/n/nasedklm/nasedklm.beget.tech/public_html/vendor/laravel/framework/src/Illuminate/Pipeline/Pipeline.php(183): Illuminate\\Cookie\\Middleware\\EncryptCookies->handle(Object(Illuminate\\Http\\Request), Object(Closure))
#32 /home/n/nasedklm/nasedklm.beget.tech/public_html/vendor/laravel/framework/src/Illuminate/Pipeline/Pipeline.php(119): Illuminate\\Pipeline\\Pipeline->Illuminate\\Pipeline\\{closure}(Object(Illuminate\\Http\\Request))
#33 /home/n/nasedklm/nasedklm.beget.tech/public_html/vendor/laravel/framework/src/Illuminate/Routing/Router.php(805): Illuminate\\Pipeline\\Pipeline->then(Object(Closure))
#34 /home/n/nasedklm/nasedklm.beget.tech/public_html/vendor/laravel/framework/src/Illuminate/Routing/Router.php(784): Illuminate\\Routing\\Router->runRouteWithinStack(Object(Illuminate\\Routing\\Route), Object(Illuminate\\Http\\Request))
#35 /home/n/nasedklm/nasedklm.beget.tech/public_html/vendor/laravel/framework/src/Illuminate/Routing/Router.php(748): Illuminate\\Routing\\Router->runRoute(Object(Illuminate\\Http\\Request), Object(Illuminate\\Routing\\Route))
#36 /home/n/nasedklm/nasedklm.beget.tech/public_html/vendor/laravel/framework/src/Illuminate/Routing/Router.php(737): Illuminate\\Routing\\Router->dispatchToRoute(Object(Illuminate\\Http\\Request))
#37 /home/n/nasedklm/nasedklm.beget.tech/public_html/vendor/laravel/framework/src/Illuminate/Foundation/Http/Kernel.php(200): Illuminate\\Routing\\Router->dispatch(Object(Illuminate\\Http\\Request))
#38 /home/n/nasedklm/nasedklm.beget.tech/public_html/vendor/laravel/framework/src/Illuminate/Pipeline/Pipeline.php(144): Illuminate\\Foundation\\Http\\Kernel->Illuminate\\Foundation\\Http\\{closure}(Object(Illuminate\\Http\\Request))
#39 /home/n/nasedklm/nasedklm.beget.tech/public_html/vendor/barryvdh/laravel-debugbar/src/Middleware/InjectDebugbar.php(66): Illuminate\\Pipeline\\Pipeline->Illuminate\\Pipeline\\{closure}(Object(Illuminate\\Http\\Request))
#40 /home/n/nasedklm/nasedklm.beget.tech/public_html/vendor/laravel/framework/src/Illuminate/Pipeline/Pipeline.php(183): Barryvdh\\Debugbar\\Middleware\\InjectDebugbar->handle(Object(Illuminate\\Http\\Request), Object(Closure))
#41 /home/n/nasedklm/nasedklm.beget.tech/public_html/vendor/laravel/framework/src/Illuminate/Foundation/Http/Middleware/TransformsRequest.php(21): Illuminate\\Pipeline\\Pipeline->Illuminate\\Pipeline\\{closure}(Object(Illuminate\\Http\\Request))
#42 /home/n/nasedklm/nasedklm.beget.tech/public_html/vendor/laravel/framework/src/Illuminate/Foundation/Http/Middleware/ConvertEmptyStringsToNull.php(31): Illuminate\\Foundation\\Http\\Middleware\\TransformsRequest->handle(Object(Illuminate\\Http\\Request), Object(Closure))
#43 /home/n/nasedklm/nasedklm.beget.tech/public_html/vendor/laravel/framework/src/Illuminate/Pipeline/Pipeline.php(183): Illuminate\\Foundation\\Http\\Middleware\\ConvertEmptyStringsToNull->handle(Object(Illuminate\\Http\\Request), Object(Closure))
#44 /home/n/nasedklm/nasedklm.beget.tech/public_html/vendor/laravel/framework/src/Illuminate/Foundation/Http/Middleware/TransformsRequest.php(21): Illuminate\\Pipeline\\Pipeline->Illuminate\\Pipeline\\{closure}(Object(Illuminate\\Http\\Request))
#45 /home/n/nasedklm/nasedklm.beget.tech/public_html/vendor/laravel/framework/src/Illuminate/Foundation/Http/Middleware/TrimStrings.php(51): Illuminate\\Foundation\\Http\\Middleware\\TransformsRequest->handle(Object(Illuminate\\Http\\Request), Object(Closure))
#46 /home/n/nasedklm/nasedklm.beget.tech/public_html/vendor/laravel/framework/src/Illuminate/Pipeline/Pipeline.php(183): Illuminate\\Foundation\\Http\\Middleware\\TrimStrings->handle(Object(Illuminate\\Http\\Request), Object(Closure))
#47 /home/n/nasedklm/nasedklm.beget.tech/public_html/vendor/laravel/framework/src/Illuminate/Http/Middleware/ValidatePostSize.php(27): Illuminate\\Pipeline\\Pipeline->Illuminate\\Pipeline\\{closure}(Object(Illuminate\\Http\\Request))
#48 /home/n/nasedklm/nasedklm.beget.tech/public_html/vendor/laravel/framework/src/Illuminate/Pipeline/Pipeline.php(183): Illuminate\\Http\\Middleware\\ValidatePostSize->handle(Object(Illuminate\\Http\\Request), Object(Closure))
#49 /home/n/nasedklm/nasedklm.beget.tech/public_html/vendor/laravel/framework/src/Illuminate/Foundation/Http/Middleware/PreventRequestsDuringMaintenance.php(110): Illuminate\\Pipeline\\Pipeline->Illuminate\\Pipeline\\{closure}(Object(Illuminate\\Http\\Request))
#50 /home/n/nasedklm/nasedklm.beget.tech/public_html/vendor/laravel/framework/src/Illuminate/Pipeline/Pipeline.php(183): Illuminate\\Foundation\\Http\\Middleware\\PreventRequestsDuringMaintenance->handle(Object(Illuminate\\Http\\Request), Object(Closure))
#51 /home/n/nasedklm/nasedklm.beget.tech/public_html/vendor/laravel/framework/src/Illuminate/Http/Middleware/HandleCors.php(49): Illuminate\\Pipeline\\Pipeline->Illuminate\\Pipeline\\{closure}(Object(Illuminate\\Http\\Request))
#52 /home/n/nasedklm/nasedklm.beget.tech/public_html/vendor/laravel/framework/src/Illuminate/Pipeline/Pipeline.php(183): Illuminate\\Http\\Middleware\\HandleCors->handle(Object(Illuminate\\Http\\Request), Object(Closure))
#53 /home/n/nasedklm/nasedklm.beget.tech/public_html/vendor/laravel/framework/src/Illuminate/Http/Middleware/TrustProxies.php(57): Illuminate\\Pipeline\\Pipeline->Illuminate\\Pipeline\\{closure}(Object(Illuminate\\Http\\Request))
#54 /home/n/nasedklm/nasedklm.beget.tech/public_html/vendor/laravel/framework/src/Illuminate/Pipeline/Pipeline.php(183): Illuminate\\Http\\Middleware\\TrustProxies->handle(Object(Illuminate\\Http\\Request), Object(Closure))
#55 /home/n/nasedklm/nasedklm.beget.tech/public_html/vendor/laravel/framework/src/Illuminate/Pipeline/Pipeline.php(119): Illuminate\\Pipeline\\Pipeline->Illuminate\\Pipeline\\{closure}(Object(Illuminate\\Http\\Request))
#56 /home/n/nasedklm/nasedklm.beget.tech/public_html/vendor/laravel/framework/src/Illuminate/Foundation/Http/Kernel.php(175): Illuminate\\Pipeline\\Pipeline->then(Object(Closure))
#57 /home/n/nasedklm/nasedklm.beget.tech/public_html/vendor/laravel/framework/src/Illuminate/Foundation/Http/Kernel.php(144): Illuminate\\Foundation\\Http\\Kernel->sendRequestThroughRouter(Object(Illuminate\\Http\\Request))
#58 /home/n/nasedklm/nasedklm.beget.tech/public_html/public/index.php(50): Illuminate\\Foundation\\Http\\Kernel->handle(Object(Illuminate\\Http\\Request))
#59 {main}
"} 
[2024-12-03 13:32:07] production.ERROR: Debugbar exception: SQLSTATE[HY000] [1045] Access denied for user 'ce85862_btf101'@'localhost' (using password: YES) (Connection: mysql, SQL: select * from `sessions` where `id` = 8rjQhSfVERAeOHuTVEKVAedy7IOHa89mNLwvlzqn limit 1)  
[2024-12-03 13:32:44] production.ERROR: SQLSTATE[HY000] [1045] Access denied for user 'ce85862_btf101'@'localhost' (using password: YES) (Connection: mysql, SQL: select * from `sessions` where `id` = Ps2TlSfC7fY7s25mdf8D1LtOr5gfUizyFc2g7kwH limit 1) {"exception":"[object] (Illuminate\\Database\\QueryException(code: 1045): SQLSTATE[HY000] [1045] Access denied for user 'ce85862_btf101'@'localhost' (using password: YES) (Connection: mysql, SQL: select * from `sessions` where `id` = Ps2TlSfC7fY7s25mdf8D1LtOr5gfUizyFc2g7kwH limit 1) at /home/n/nasedklm/nasedklm.beget.tech/public_html/vendor/laravel/framework/src/Illuminate/Database/Connection.php:813)
[stacktrace]
#0 /home/n/nasedklm/nasedklm.beget.tech/public_html/vendor/laravel/framework/src/Illuminate/Database/Connection.php(767): Illuminate\\Database\\Connection->runQueryCallback('select * from `...', Array, Object(Closure))
#1 /home/n/nasedklm/nasedklm.beget.tech/public_html/vendor/laravel/framework/src/Illuminate/Database/Connection.php(398): Illuminate\\Database\\Connection->run('select * from `...', Array, Object(Closure))
#2 /home/n/nasedklm/nasedklm.beget.tech/public_html/vendor/laravel/framework/src/Illuminate/Database/Query/Builder.php(2993): Illuminate\\Database\\Connection->select('select * from `...', Array, true)
#3 /home/n/nasedklm/nasedklm.beget.tech/public_html/vendor/laravel/framework/src/Illuminate/Database/Query/Builder.php(2978): Illuminate\\Database\\Query\\Builder->runSelect()
#4 /home/n/nasedklm/nasedklm.beget.tech/public_html/vendor/laravel/framework/src/Illuminate/Database/Query/Builder.php(3566): Illuminate\\Database\\Query\\Builder->Illuminate\\Database\\Query\\{closure}()
#5 /home/n/nasedklm/nasedklm.beget.tech/public_html/vendor/laravel/framework/src/Illuminate/Database/Query/Builder.php(2977): Illuminate\\Database\\Query\\Builder->onceWithColumns(Array, Object(Closure))
#6 /home/n/nasedklm/nasedklm.beget.tech/public_html/vendor/laravel/framework/src/Illuminate/Database/Concerns/BuildsQueries.php(335): Illuminate\\Database\\Query\\Builder->get(Array)
#7 /home/n/nasedklm/nasedklm.beget.tech/public_html/vendor/laravel/framework/src/Illuminate/Database/Query/Builder.php(2900): Illuminate\\Database\\Query\\Builder->first(Array)
#8 /home/n/nasedklm/nasedklm.beget.tech/public_html/vendor/laravel/framework/src/Illuminate/Session/DatabaseSessionHandler.php(97): Illuminate\\Database\\Query\\Builder->find('Ps2TlSfC7fY7s25...')
#9 /home/n/nasedklm/nasedklm.beget.tech/public_html/vendor/laravel/framework/src/Illuminate/Session/Store.php(113): Illuminate\\Session\\DatabaseSessionHandler->read('Ps2TlSfC7fY7s25...')
#10 /home/n/nasedklm/nasedklm.beget.tech/public_html/vendor/laravel/framework/src/Illuminate/Session/Store.php(101): Illuminate\\Session\\Store->readFromHandler()
#11 /home/n/nasedklm/nasedklm.beget.tech/public_html/vendor/laravel/framework/src/Illuminate/Session/Store.php(85): Illuminate\\Session\\Store->loadSession()
#12 /home/n/nasedklm/nasedklm.beget.tech/public_html/vendor/laravel/framework/src/Illuminate/Session/Middleware/StartSession.php(147): Illuminate\\Session\\Store->start()
#13 /home/n/nasedklm/nasedklm.beget.tech/public_html/vendor/laravel/framework/src/Illuminate/Support/helpers.php(363): Illuminate\\Session\\Middleware\\StartSession->Illuminate\\Session\\Middleware\\{closure}(Object(Illuminate\\Session\\Store))
#14 /home/n/nasedklm/nasedklm.beget.tech/public_html/vendor/laravel/framework/src/Illuminate/Session/Middleware/StartSession.php(144): tap(Object(Illuminate\\Session\\Store), Object(Closure))
#15 /home/n/nasedklm/nasedklm.beget.tech/public_html/vendor/laravel/framework/src/Illuminate/Session/Middleware/StartSession.php(116): Illuminate\\Session\\Middleware\\StartSession->startSession(Object(Illuminate\\Http\\Request), Object(Illuminate\\Session\\Store))
#16 /home/n/nasedklm/nasedklm.beget.tech/public_html/vendor/laravel/framework/src/Illuminate/Session/Middleware/StartSession.php(64): Illuminate\\Session\\Middleware\\StartSession->handleStatefulRequest(Object(Illuminate\\Http\\Request), Object(Illuminate\\Session\\Store), Object(Closure))
#17 /home/n/nasedklm/nasedklm.beget.tech/public_html/vendor/laravel/framework/src/Illuminate/Pipeline/Pipeline.php(183): Illuminate\\Session\\Middleware\\StartSession->handle(Object(Illuminate\\Http\\Request), Object(Closure))
#18 /home/n/nasedklm/nasedklm.beget.tech/public_html/vendor/laravel/framework/src/Illuminate/Cookie/Middleware/AddQueuedCookiesToResponse.php(37): Illuminate\\Pipeline\\Pipeline->Illuminate\\Pipeline\\{closure}(Object(Illuminate\\Http\\Request))
#19 /home/n/nasedklm/nasedklm.beget.tech/public_html/vendor/laravel/framework/src/Illuminate/Pipeline/Pipeline.php(183): Illuminate\\Cookie\\Middleware\\AddQueuedCookiesToResponse->handle(Object(Illuminate\\Http\\Request), Object(Closure))
#20 /home/n/nasedklm/nasedklm.beget.tech/public_html/vendor/laravel/framework/src/Illuminate/Cookie/Middleware/EncryptCookies.php(75): Illuminate\\Pipeline\\Pipeline->Illuminate\\Pipeline\\{closure}(Object(Illuminate\\Http\\Request))
#21 /home/n/nasedklm/nasedklm.beget.tech/public_html/vendor/laravel/framework/src/Illuminate/Pipeline/Pipeline.php(183): Illuminate\\Cookie\\Middleware\\EncryptCookies->handle(Object(Illuminate\\Http\\Request), Object(Closure))
#22 /home/n/nasedklm/nasedklm.beget.tech/public_html/vendor/laravel/framework/src/Illuminate/Pipeline/Pipeline.php(119): Illuminate\\Pipeline\\Pipeline->Illuminate\\Pipeline\\{closure}(Object(Illuminate\\Http\\Request))
#23 /home/n/nasedklm/nasedklm.beget.tech/public_html/vendor/laravel/framework/src/Illuminate/Routing/Router.php(805): Illuminate\\Pipeline\\Pipeline->then(Object(Closure))
#24 /home/n/nasedklm/nasedklm.beget.tech/public_html/vendor/laravel/framework/src/Illuminate/Routing/Router.php(784): Illuminate\\Routing\\Router->runRouteWithinStack(Object(Illuminate\\Routing\\Route), Object(Illuminate\\Http\\Request))
#25 /home/n/nasedklm/nasedklm.beget.tech/public_html/vendor/laravel/framework/src/Illuminate/Routing/Router.php(748): Illuminate\\Routing\\Router->runRoute(Object(Illuminate\\Http\\Request), Object(Illuminate\\Routing\\Route))
#26 /home/n/nasedklm/nasedklm.beget.tech/public_html/vendor/laravel/framework/src/Illuminate/Routing/Router.php(737): Illuminate\\Routing\\Router->dispatchToRoute(Object(Illuminate\\Http\\Request))
#27 /home/n/nasedklm/nasedklm.beget.tech/public_html/vendor/laravel/framework/src/Illuminate/Foundation/Http/Kernel.php(200): Illuminate\\Routing\\Router->dispatch(Object(Illuminate\\Http\\Request))
#28 /home/n/nasedklm/nasedklm.beget.tech/public_html/vendor/laravel/framework/src/Illuminate/Pipeline/Pipeline.php(144): Illuminate\\Foundation\\Http\\Kernel->Illuminate\\Foundation\\Http\\{closure}(Object(Illuminate\\Http\\Request))
#29 /home/n/nasedklm/nasedklm.beget.tech/public_html/vendor/barryvdh/laravel-debugbar/src/Middleware/InjectDebugbar.php(66): Illuminate\\Pipeline\\Pipeline->Illuminate\\Pipeline\\{closure}(Object(Illuminate\\Http\\Request))
#30 /home/n/nasedklm/nasedklm.beget.tech/public_html/vendor/laravel/framework/src/Illuminate/Pipeline/Pipeline.php(183): Barryvdh\\Debugbar\\Middleware\\InjectDebugbar->handle(Object(Illuminate\\Http\\Request), Object(Closure))
#31 /home/n/nasedklm/nasedklm.beget.tech/public_html/vendor/laravel/framework/src/Illuminate/Foundation/Http/Middleware/TransformsRequest.php(21): Illuminate\\Pipeline\\Pipeline->Illuminate\\Pipeline\\{closure}(Object(Illuminate\\Http\\Request))
#32 /home/n/nasedklm/nasedklm.beget.tech/public_html/vendor/laravel/framework/src/Illuminate/Foundation/Http/Middleware/ConvertEmptyStringsToNull.php(31): Illuminate\\Foundation\\Http\\Middleware\\TransformsRequest->handle(Object(Illuminate\\Http\\Request), Object(Closure))
#33 /home/n/nasedklm/nasedklm.beget.tech/public_html/vendor/laravel/framework/src/Illuminate/Pipeline/Pipeline.php(183): Illuminate\\Foundation\\Http\\Middleware\\ConvertEmptyStringsToNull->handle(Object(Illuminate\\Http\\Request), Object(Closure))
#34 /home/n/nasedklm/nasedklm.beget.tech/public_html/vendor/laravel/framework/src/Illuminate/Foundation/Http/Middleware/TransformsRequest.php(21): Illuminate\\Pipeline\\Pipeline->Illuminate\\Pipeline\\{closure}(Object(Illuminate\\Http\\Request))
#35 /home/n/nasedklm/nasedklm.beget.tech/public_html/vendor/laravel/framework/src/Illuminate/Foundation/Http/Middleware/TrimStrings.php(51): Illuminate\\Foundation\\Http\\Middleware\\TransformsRequest->handle(Object(Illuminate\\Http\\Request), Object(Closure))
#36 /home/n/nasedklm/nasedklm.beget.tech/public_html/vendor/laravel/framework/src/Illuminate/Pipeline/Pipeline.php(183): Illuminate\\Foundation\\Http\\Middleware\\TrimStrings->handle(Object(Illuminate\\Http\\Request), Object(Closure))
#37 /home/n/nasedklm/nasedklm.beget.tech/public_html/vendor/laravel/framework/src/Illuminate/Http/Middleware/ValidatePostSize.php(27): Illuminate\\Pipeline\\Pipeline->Illuminate\\Pipeline\\{closure}(Object(Illuminate\\Http\\Request))
#38 /home/n/nasedklm/nasedklm.beget.tech/public_html/vendor/laravel/framework/src/Illuminate/Pipeline/Pipeline.php(183): Illuminate\\Http\\Middleware\\ValidatePostSize->handle(Object(Illuminate\\Http\\Request), Object(Closure))
#39 /home/n/nasedklm/nasedklm.beget.tech/public_html/vendor/laravel/framework/src/Illuminate/Foundation/Http/Middleware/PreventRequestsDuringMaintenance.php(110): Illuminate\\Pipeline\\Pipeline->Illuminate\\Pipeline\\{closure}(Object(Illuminate\\Http\\Request))
#40 /home/n/nasedklm/nasedklm.beget.tech/public_html/vendor/laravel/framework/src/Illuminate/Pipeline/Pipeline.php(183): Illuminate\\Foundation\\Http\\Middleware\\PreventRequestsDuringMaintenance->handle(Object(Illuminate\\Http\\Request), Object(Closure))
#41 /home/n/nasedklm/nasedklm.beget.tech/public_html/vendor/laravel/framework/src/Illuminate/Http/Middleware/HandleCors.php(49): Illuminate\\Pipeline\\Pipeline->Illuminate\\Pipeline\\{closure}(Object(Illuminate\\Http\\Request))
#42 /home/n/nasedklm/nasedklm.beget.tech/public_html/vendor/laravel/framework/src/Illuminate/Pipeline/Pipeline.php(183): Illuminate\\Http\\Middleware\\HandleCors->handle(Object(Illuminate\\Http\\Request), Object(Closure))
#43 /home/n/nasedklm/nasedklm.beget.tech/public_html/vendor/laravel/framework/src/Illuminate/Http/Middleware/TrustProxies.php(57): Illuminate\\Pipeline\\Pipeline->Illuminate\\Pipeline\\{closure}(Object(Illuminate\\Http\\Request))
#44 /home/n/nasedklm/nasedklm.beget.tech/public_html/vendor/laravel/framework/src/Illuminate/Pipeline/Pipeline.php(183): Illuminate\\Http\\Middleware\\TrustProxies->handle(Object(Illuminate\\Http\\Request), Object(Closure))
#45 /home/n/nasedklm/nasedklm.beget.tech/public_html/vendor/laravel/framework/src/Illuminate/Pipeline/Pipeline.php(119): Illuminate\\Pipeline\\Pipeline->Illuminate\\Pipeline\\{closure}(Object(Illuminate\\Http\\Request))
#46 /home/n/nasedklm/nasedklm.beget.tech/public_html/vendor/laravel/framework/src/Illuminate/Foundation/Http/Kernel.php(175): Illuminate\\Pipeline\\Pipeline->then(Object(Closure))
#47 /home/n/nasedklm/nasedklm.beget.tech/public_html/vendor/laravel/framework/src/Illuminate/Foundation/Http/Kernel.php(144): Illuminate\\Foundation\\Http\\Kernel->sendRequestThroughRouter(Object(Illuminate\\Http\\Request))
#48 /home/n/nasedklm/nasedklm.beget.tech/public_html/public/index.php(50): Illuminate\\Foundation\\Http\\Kernel->handle(Object(Illuminate\\Http\\Request))
#49 {main}

[previous exception] [object] (PDOException(code: 1045): SQLSTATE[HY000] [1045] Access denied for user 'ce85862_btf101'@'localhost' (using password: YES) at /home/n/nasedklm/nasedklm.beget.tech/public_html/vendor/laravel/framework/src/Illuminate/Database/Connectors/Connector.php:65)
[stacktrace]
#0 /home/n/nasedklm/nasedklm.beget.tech/public_html/vendor/laravel/framework/src/Illuminate/Database/Connectors/Connector.php(65): PDO->__construct('mysql:host=127....', 'ce85862_btf101', Object(SensitiveParameterValue), Array)
#1 /home/n/nasedklm/nasedklm.beget.tech/public_html/vendor/laravel/framework/src/Illuminate/Database/Connectors/Connector.php(44): Illuminate\\Database\\Connectors\\Connector->createPdoConnection('mysql:host=127....', 'ce85862_btf101', 'qCdma7CV', Array)
#2 /home/n/nasedklm/nasedklm.beget.tech/public_html/vendor/laravel/framework/src/Illuminate/Database/Connectors/MySqlConnector.php(24): Illuminate\\Database\\Connectors\\Connector->createConnection('mysql:host=127....', Array, Array)
#3 /home/n/nasedklm/nasedklm.beget.tech/public_html/vendor/laravel/framework/src/Illuminate/Database/Connectors/ConnectionFactory.php(185): Illuminate\\Database\\Connectors\\MySqlConnector->connect(Array)
#4 [internal function]: Illuminate\\Database\\Connectors\\ConnectionFactory->Illuminate\\Database\\Connectors\\{closure}()
#5 /home/n/nasedklm/nasedklm.beget.tech/public_html/vendor/laravel/framework/src/Illuminate/Database/Connection.php(1219): call_user_func(Object(Closure))
#6 /home/n/nasedklm/nasedklm.beget.tech/public_html/vendor/laravel/framework/src/Illuminate/Database/Connection.php(1255): Illuminate\\Database\\Connection->getPdo()
#7 /home/n/nasedklm/nasedklm.beget.tech/public_html/vendor/laravel/framework/src/Illuminate/Database/Connection.php(512): Illuminate\\Database\\Connection->getReadPdo()
#8 /home/n/nasedklm/nasedklm.beget.tech/public_html/vendor/laravel/framework/src/Illuminate/Database/Connection.php(407): Illuminate\\Database\\Connection->getPdoForSelect(true)
#9 /home/n/nasedklm/nasedklm.beget.tech/public_html/vendor/laravel/framework/src/Illuminate/Database/Connection.php(800): Illuminate\\Database\\Connection->Illuminate\\Database\\{closure}('select * from `...', Array)
#10 /home/n/nasedklm/nasedklm.beget.tech/public_html/vendor/laravel/framework/src/Illuminate/Database/Connection.php(767): Illuminate\\Database\\Connection->runQueryCallback('select * from `...', Array, Object(Closure))
#11 /home/n/nasedklm/nasedklm.beget.tech/public_html/vendor/laravel/framework/src/Illuminate/Database/Connection.php(398): Illuminate\\Database\\Connection->run('select * from `...', Array, Object(Closure))
#12 /home/n/nasedklm/nasedklm.beget.tech/public_html/vendor/laravel/framework/src/Illuminate/Database/Query/Builder.php(2993): Illuminate\\Database\\Connection->select('select * from `...', Array, true)
#13 /home/n/nasedklm/nasedklm.beget.tech/public_html/vendor/laravel/framework/src/Illuminate/Database/Query/Builder.php(2978): Illuminate\\Database\\Query\\Builder->runSelect()
#14 /home/n/nasedklm/nasedklm.beget.tech/public_html/vendor/laravel/framework/src/Illuminate/Database/Query/Builder.php(3566): Illuminate\\Database\\Query\\Builder->Illuminate\\Database\\Query\\{closure}()
#15 /home/n/nasedklm/nasedklm.beget.tech/public_html/vendor/laravel/framework/src/Illuminate/Database/Query/Builder.php(2977): Illuminate\\Database\\Query\\Builder->onceWithColumns(Array, Object(Closure))
#16 /home/n/nasedklm/nasedklm.beget.tech/public_html/vendor/laravel/framework/src/Illuminate/Database/Concerns/BuildsQueries.php(335): Illuminate\\Database\\Query\\Builder->get(Array)
#17 /home/n/nasedklm/nasedklm.beget.tech/public_html/vendor/laravel/framework/src/Illuminate/Database/Query/Builder.php(2900): Illuminate\\Database\\Query\\Builder->first(Array)
#18 /home/n/nasedklm/nasedklm.beget.tech/public_html/vendor/laravel/framework/src/Illuminate/Session/DatabaseSessionHandler.php(97): Illuminate\\Database\\Query\\Builder->find('Ps2TlSfC7fY7s25...')
#19 /home/n/nasedklm/nasedklm.beget.tech/public_html/vendor/laravel/framework/src/Illuminate/Session/Store.php(113): Illuminate\\Session\\DatabaseSessionHandler->read('Ps2TlSfC7fY7s25...')
#20 /home/n/nasedklm/nasedklm.beget.tech/public_html/vendor/laravel/framework/src/Illuminate/Session/Store.php(101): Illuminate\\Session\\Store->readFromHandler()
#21 /home/n/nasedklm/nasedklm.beget.tech/public_html/vendor/laravel/framework/src/Illuminate/Session/Store.php(85): Illuminate\\Session\\Store->loadSession()
#22 /home/n/nasedklm/nasedklm.beget.tech/public_html/vendor/laravel/framework/src/Illuminate/Session/Middleware/StartSession.php(147): Illuminate\\Session\\Store->start()
#23 /home/n/nasedklm/nasedklm.beget.tech/public_html/vendor/laravel/framework/src/Illuminate/Support/helpers.php(363): Illuminate\\Session\\Middleware\\StartSession->Illuminate\\Session\\Middleware\\{closure}(Object(Illuminate\\Session\\Store))
#24 /home/n/nasedklm/nasedklm.beget.tech/public_html/vendor/laravel/framework/src/Illuminate/Session/Middleware/StartSession.php(144): tap(Object(Illuminate\\Session\\Store), Object(Closure))
#25 /home/n/nasedklm/nasedklm.beget.tech/public_html/vendor/laravel/framework/src/Illuminate/Session/Middleware/StartSession.php(116): Illuminate\\Session\\Middleware\\StartSession->startSession(Object(Illuminate\\Http\\Request), Object(Illuminate\\Session\\Store))
#26 /home/n/nasedklm/nasedklm.beget.tech/public_html/vendor/laravel/framework/src/Illuminate/Session/Middleware/StartSession.php(64): Illuminate\\Session\\Middleware\\StartSession->handleStatefulRequest(Object(Illuminate\\Http\\Request), Object(Illuminate\\Session\\Store), Object(Closure))
#27 /home/n/nasedklm/nasedklm.beget.tech/public_html/vendor/laravel/framework/src/Illuminate/Pipeline/Pipeline.php(183): Illuminate\\Session\\Middleware\\StartSession->handle(Object(Illuminate\\Http\\Request), Object(Closure))
#28 /home/n/nasedklm/nasedklm.beget.tech/public_html/vendor/laravel/framework/src/Illuminate/Cookie/Middleware/AddQueuedCookiesToResponse.php(37): Illuminate\\Pipeline\\Pipeline->Illuminate\\Pipeline\\{closure}(Object(Illuminate\\Http\\Request))
#29 /home/n/nasedklm/nasedklm.beget.tech/public_html/vendor/laravel/framework/src/Illuminate/Pipeline/Pipeline.php(183): Illuminate\\Cookie\\Middleware\\AddQueuedCookiesToResponse->handle(Object(Illuminate\\Http\\Request), Object(Closure))
#30 /home/n/nasedklm/nasedklm.beget.tech/public_html/vendor/laravel/framework/src/Illuminate/Cookie/Middleware/EncryptCookies.php(75): Illuminate\\Pipeline\\Pipeline->Illuminate\\Pipeline\\{closure}(Object(Illuminate\\Http\\Request))
#31 /home/n/nasedklm/nasedklm.beget.tech/public_html/vendor/laravel/framework/src/Illuminate/Pipeline/Pipeline.php(183): Illuminate\\Cookie\\Middleware\\EncryptCookies->handle(Object(Illuminate\\Http\\Request), Object(Closure))
#32 /home/n/nasedklm/nasedklm.beget.tech/public_html/vendor/laravel/framework/src/Illuminate/Pipeline/Pipeline.php(119): Illuminate\\Pipeline\\Pipeline->Illuminate\\Pipeline\\{closure}(Object(Illuminate\\Http\\Request))
#33 /home/n/nasedklm/nasedklm.beget.tech/public_html/vendor/laravel/framework/src/Illuminate/Routing/Router.php(805): Illuminate\\Pipeline\\Pipeline->then(Object(Closure))
#34 /home/n/nasedklm/nasedklm.beget.tech/public_html/vendor/laravel/framework/src/Illuminate/Routing/Router.php(784): Illuminate\\Routing\\Router->runRouteWithinStack(Object(Illuminate\\Routing\\Route), Object(Illuminate\\Http\\Request))
#35 /home/n/nasedklm/nasedklm.beget.tech/public_html/vendor/laravel/framework/src/Illuminate/Routing/Router.php(748): Illuminate\\Routing\\Router->runRoute(Object(Illuminate\\Http\\Request), Object(Illuminate\\Routing\\Route))
#36 /home/n/nasedklm/nasedklm.beget.tech/public_html/vendor/laravel/framework/src/Illuminate/Routing/Router.php(737): Illuminate\\Routing\\Router->dispatchToRoute(Object(Illuminate\\Http\\Request))
#37 /home/n/nasedklm/nasedklm.beget.tech/public_html/vendor/laravel/framework/src/Illuminate/Foundation/Http/Kernel.php(200): Illuminate\\Routing\\Router->dispatch(Object(Illuminate\\Http\\Request))
#38 /home/n/nasedklm/nasedklm.beget.tech/public_html/vendor/laravel/framework/src/Illuminate/Pipeline/Pipeline.php(144): Illuminate\\Foundation\\Http\\Kernel->Illuminate\\Foundation\\Http\\{closure}(Object(Illuminate\\Http\\Request))
#39 /home/n/nasedklm/nasedklm.beget.tech/public_html/vendor/barryvdh/laravel-debugbar/src/Middleware/InjectDebugbar.php(66): Illuminate\\Pipeline\\Pipeline->Illuminate\\Pipeline\\{closure}(Object(Illuminate\\Http\\Request))
#40 /home/n/nasedklm/nasedklm.beget.tech/public_html/vendor/laravel/framework/src/Illuminate/Pipeline/Pipeline.php(183): Barryvdh\\Debugbar\\Middleware\\InjectDebugbar->handle(Object(Illuminate\\Http\\Request), Object(Closure))
#41 /home/n/nasedklm/nasedklm.beget.tech/public_html/vendor/laravel/framework/src/Illuminate/Foundation/Http/Middleware/TransformsRequest.php(21): Illuminate\\Pipeline\\Pipeline->Illuminate\\Pipeline\\{closure}(Object(Illuminate\\Http\\Request))
#42 /home/n/nasedklm/nasedklm.beget.tech/public_html/vendor/laravel/framework/src/Illuminate/Foundation/Http/Middleware/ConvertEmptyStringsToNull.php(31): Illuminate\\Foundation\\Http\\Middleware\\TransformsRequest->handle(Object(Illuminate\\Http\\Request), Object(Closure))
#43 /home/n/nasedklm/nasedklm.beget.tech/public_html/vendor/laravel/framework/src/Illuminate/Pipeline/Pipeline.php(183): Illuminate\\Foundation\\Http\\Middleware\\ConvertEmptyStringsToNull->handle(Object(Illuminate\\Http\\Request), Object(Closure))
#44 /home/n/nasedklm/nasedklm.beget.tech/public_html/vendor/laravel/framework/src/Illuminate/Foundation/Http/Middleware/TransformsRequest.php(21): Illuminate\\Pipeline\\Pipeline->Illuminate\\Pipeline\\{closure}(Object(Illuminate\\Http\\Request))
#45 /home/n/nasedklm/nasedklm.beget.tech/public_html/vendor/laravel/framework/src/Illuminate/Foundation/Http/Middleware/TrimStrings.php(51): Illuminate\\Foundation\\Http\\Middleware\\TransformsRequest->handle(Object(Illuminate\\Http\\Request), Object(Closure))
#46 /home/n/nasedklm/nasedklm.beget.tech/public_html/vendor/laravel/framework/src/Illuminate/Pipeline/Pipeline.php(183): Illuminate\\Foundation\\Http\\Middleware\\TrimStrings->handle(Object(Illuminate\\Http\\Request), Object(Closure))
#47 /home/n/nasedklm/nasedklm.beget.tech/public_html/vendor/laravel/framework/src/Illuminate/Http/Middleware/ValidatePostSize.php(27): Illuminate\\Pipeline\\Pipeline->Illuminate\\Pipeline\\{closure}(Object(Illuminate\\Http\\Request))
#48 /home/n/nasedklm/nasedklm.beget.tech/public_html/vendor/laravel/framework/src/Illuminate/Pipeline/Pipeline.php(183): Illuminate\\Http\\Middleware\\ValidatePostSize->handle(Object(Illuminate\\Http\\Request), Object(Closure))
#49 /home/n/nasedklm/nasedklm.beget.tech/public_html/vendor/laravel/framework/src/Illuminate/Foundation/Http/Middleware/PreventRequestsDuringMaintenance.php(110): Illuminate\\Pipeline\\Pipeline->Illuminate\\Pipeline\\{closure}(Object(Illuminate\\Http\\Request))
#50 /home/n/nasedklm/nasedklm.beget.tech/public_html/vendor/laravel/framework/src/Illuminate/Pipeline/Pipeline.php(183): Illuminate\\Foundation\\Http\\Middleware\\PreventRequestsDuringMaintenance->handle(Object(Illuminate\\Http\\Request), Object(Closure))
#51 /home/n/nasedklm/nasedklm.beget.tech/public_html/vendor/laravel/framework/src/Illuminate/Http/Middleware/HandleCors.php(49): Illuminate\\Pipeline\\Pipeline->Illuminate\\Pipeline\\{closure}(Object(Illuminate\\Http\\Request))
#52 /home/n/nasedklm/nasedklm.beget.tech/public_html/vendor/laravel/framework/src/Illuminate/Pipeline/Pipeline.php(183): Illuminate\\Http\\Middleware\\HandleCors->handle(Object(Illuminate\\Http\\Request), Object(Closure))
#53 /home/n/nasedklm/nasedklm.beget.tech/public_html/vendor/laravel/framework/src/Illuminate/Http/Middleware/TrustProxies.php(57): Illuminate\\Pipeline\\Pipeline->Illuminate\\Pipeline\\{closure}(Object(Illuminate\\Http\\Request))
#54 /home/n/nasedklm/nasedklm.beget.tech/public_html/vendor/laravel/framework/src/Illuminate/Pipeline/Pipeline.php(183): Illuminate\\Http\\Middleware\\TrustProxies->handle(Object(Illuminate\\Http\\Request), Object(Closure))
#55 /home/n/nasedklm/nasedklm.beget.tech/public_html/vendor/laravel/framework/src/Illuminate/Pipeline/Pipeline.php(119): Illuminate\\Pipeline\\Pipeline->Illuminate\\Pipeline\\{closure}(Object(Illuminate\\Http\\Request))
#56 /home/n/nasedklm/nasedklm.beget.tech/public_html/vendor/laravel/framework/src/Illuminate/Foundation/Http/Kernel.php(175): Illuminate\\Pipeline\\Pipeline->then(Object(Closure))
#57 /home/n/nasedklm/nasedklm.beget.tech/public_html/vendor/laravel/framework/src/Illuminate/Foundation/Http/Kernel.php(144): Illuminate\\Foundation\\Http\\Kernel->sendRequestThroughRouter(Object(Illuminate\\Http\\Request))
#58 /home/n/nasedklm/nasedklm.beget.tech/public_html/public/index.php(50): Illuminate\\Foundation\\Http\\Kernel->handle(Object(Illuminate\\Http\\Request))
#59 {main}
"} 
[2024-12-03 13:32:44] production.ERROR: Debugbar exception: SQLSTATE[HY000] [1045] Access denied for user 'ce85862_btf101'@'localhost' (using password: YES) (Connection: mysql, SQL: select * from `sessions` where `id` = Ps2TlSfC7fY7s25mdf8D1LtOr5gfUizyFc2g7kwH limit 1)  
[2024-12-03 15:43:43] production.INFO:   
[2024-12-03 15:45:47] production.INFO:   
[2024-12-03 15:46:01] production.INFO:   
[2024-12-03 15:51:38] production.INFO:   
[2024-12-03 15:51:57] production.ERROR: stripos(): Argument #1 ($haystack) must be of type string, array given {"userId":1,"exception":"[object] (TypeError(code: 0): stripos(): Argument #1 ($haystack) must be of type string, array given at /home/n/nasedklm/nasedklm.beget.tech/public_html/vendor/laravel/framework/src/Illuminate/Database/Grammar.php:86)
[stacktrace]
#0 /home/n/nasedklm/nasedklm.beget.tech/public_html/vendor/laravel/framework/src/Illuminate/Database/Grammar.php(86): stripos(Array, ' as ')
#1 /home/n/nasedklm/nasedklm.beget.tech/public_html/vendor/laravel/framework/src/Illuminate/Database/Query/Grammars/Grammar.php(954): Illuminate\\Database\\Grammar->wrap(Array)
#2 [internal function]: Illuminate\\Database\\Query\\Grammars\\Grammar->Illuminate\\Database\\Query\\Grammars\\{closure}(Array)
#3 /home/n/nasedklm/nasedklm.beget.tech/public_html/vendor/laravel/framework/src/Illuminate/Database/Query/Grammars/Grammar.php(953): array_map(Object(Closure), Array)
#4 /home/n/nasedklm/nasedklm.beget.tech/public_html/vendor/laravel/framework/src/Illuminate/Database/Query/Grammars/Grammar.php(938): Illuminate\\Database\\Query\\Grammars\\Grammar->compileOrdersToArray(Object(Illuminate\\Database\\Query\\Builder), Array)
#5 /home/n/nasedklm/nasedklm.beget.tech/public_html/vendor/laravel/framework/src/Illuminate/Database/Query/Grammars/Grammar.php(114): Illuminate\\Database\\Query\\Grammars\\Grammar->compileOrders(Object(Illuminate\\Database\\Query\\Builder), Array)
#6 /home/n/nasedklm/nasedklm.beget.tech/public_html/vendor/laravel/framework/src/Illuminate/Database/Query/Grammars/Grammar.php(88): Illuminate\\Database\\Query\\Grammars\\Grammar->compileComponents(Object(Illuminate\\Database\\Query\\Builder))
#7 /home/n/nasedklm/nasedklm.beget.tech/public_html/vendor/laravel/framework/src/Illuminate/Database/Query/Builder.php(2876): Illuminate\\Database\\Query\\Grammars\\Grammar->compileSelect(Object(Illuminate\\Database\\Query\\Builder))
#8 /home/n/nasedklm/nasedklm.beget.tech/public_html/vendor/laravel/framework/src/Illuminate/Database/Query/Builder.php(2994): Illuminate\\Database\\Query\\Builder->toSql()
#9 /home/n/nasedklm/nasedklm.beget.tech/public_html/vendor/laravel/framework/src/Illuminate/Database/Query/Builder.php(2978): Illuminate\\Database\\Query\\Builder->runSelect()
#10 /home/n/nasedklm/nasedklm.beget.tech/public_html/vendor/laravel/framework/src/Illuminate/Database/Query/Builder.php(3566): Illuminate\\Database\\Query\\Builder->Illuminate\\Database\\Query\\{closure}()
#11 /home/n/nasedklm/nasedklm.beget.tech/public_html/vendor/laravel/framework/src/Illuminate/Database/Query/Builder.php(2977): Illuminate\\Database\\Query\\Builder->onceWithColumns(Array, Object(Closure))
#12 /home/n/nasedklm/nasedklm.beget.tech/public_html/app/Http/Controllers/PagesController.php(58): Illuminate\\Database\\Query\\Builder->get()
#13 /home/n/nasedklm/nasedklm.beget.tech/public_html/vendor/laravel/framework/src/Illuminate/Routing/Controller.php(54): App\\Http\\Controllers\\PagesController->distributors()
#14 /home/n/nasedklm/nasedklm.beget.tech/public_html/vendor/laravel/framework/src/Illuminate/Routing/ControllerDispatcher.php(43): Illuminate\\Routing\\Controller->callAction('distributors', Array)
#15 /home/n/nasedklm/nasedklm.beget.tech/public_html/vendor/laravel/framework/src/Illuminate/Routing/Route.php(260): Illuminate\\Routing\\ControllerDispatcher->dispatch(Object(Illuminate\\Routing\\Route), Object(App\\Http\\Controllers\\PagesController), 'distributors')
#16 /home/n/nasedklm/nasedklm.beget.tech/public_html/vendor/laravel/framework/src/Illuminate/Routing/Route.php(206): Illuminate\\Routing\\Route->runController()
#17 /home/n/nasedklm/nasedklm.beget.tech/public_html/vendor/laravel/framework/src/Illuminate/Routing/Router.php(806): Illuminate\\Routing\\Route->run()
#18 /home/n/nasedklm/nasedklm.beget.tech/public_html/vendor/laravel/framework/src/Illuminate/Pipeline/Pipeline.php(144): Illuminate\\Routing\\Router->Illuminate\\Routing\\{closure}(Object(Illuminate\\Http\\Request))
#19 /home/n/nasedklm/nasedklm.beget.tech/public_html/app/Http/Middleware/UserActivity.php(20): Illuminate\\Pipeline\\Pipeline->Illuminate\\Pipeline\\{closure}(Object(Illuminate\\Http\\Request))
#20 /home/n/nasedklm/nasedklm.beget.tech/public_html/vendor/laravel/framework/src/Illuminate/Pipeline/Pipeline.php(183): App\\Http\\Middleware\\UserActivity->handle(Object(Illuminate\\Http\\Request), Object(Closure))
#21 /home/n/nasedklm/nasedklm.beget.tech/public_html/app/Http/Middleware/SetLocale.php(51): Illuminate\\Pipeline\\Pipeline->Illuminate\\Pipeline\\{closure}(Object(Illuminate\\Http\\Request))
#22 /home/n/nasedklm/nasedklm.beget.tech/public_html/vendor/laravel/framework/src/Illuminate/Pipeline/Pipeline.php(183): App\\Http\\Middleware\\SetLocale->handle(Object(Illuminate\\Http\\Request), Object(Closure))
#23 /home/n/nasedklm/nasedklm.beget.tech/public_html/vendor/erlandmuchasaj/laravel-gzip/src/Middleware/GzipEncodeResponse.php(19): Illuminate\\Pipeline\\Pipeline->Illuminate\\Pipeline\\{closure}(Object(Illuminate\\Http\\Request))
#24 /home/n/nasedklm/nasedklm.beget.tech/public_html/vendor/laravel/framework/src/Illuminate/Pipeline/Pipeline.php(183): ErlandMuchasaj\\LaravelGzip\\Middleware\\GzipEncodeResponse->handle(Object(Illuminate\\Http\\Request), Object(Closure))
#25 /home/n/nasedklm/nasedklm.beget.tech/public_html/vendor/laravel/framework/src/Illuminate/Routing/Middleware/SubstituteBindings.php(50): Illuminate\\Pipeline\\Pipeline->Illuminate\\Pipeline\\{closure}(Object(Illuminate\\Http\\Request))
#26 /home/n/nasedklm/nasedklm.beget.tech/public_html/vendor/laravel/framework/src/Illuminate/Pipeline/Pipeline.php(183): Illuminate\\Routing\\Middleware\\SubstituteBindings->handle(Object(Illuminate\\Http\\Request), Object(Closure))
#27 /home/n/nasedklm/nasedklm.beget.tech/public_html/vendor/laravel/framework/src/Illuminate/Foundation/Http/Middleware/VerifyCsrfToken.php(88): Illuminate\\Pipeline\\Pipeline->Illuminate\\Pipeline\\{closure}(Object(Illuminate\\Http\\Request))
#28 /home/n/nasedklm/nasedklm.beget.tech/public_html/vendor/laravel/framework/src/Illuminate/Pipeline/Pipeline.php(183): Illuminate\\Foundation\\Http\\Middleware\\VerifyCsrfToken->handle(Object(Illuminate\\Http\\Request), Object(Closure))
#29 /home/n/nasedklm/nasedklm.beget.tech/public_html/vendor/laravel/framework/src/Illuminate/View/Middleware/ShareErrorsFromSession.php(49): Illuminate\\Pipeline\\Pipeline->Illuminate\\Pipeline\\{closure}(Object(Illuminate\\Http\\Request))
#30 /home/n/nasedklm/nasedklm.beget.tech/public_html/vendor/laravel/framework/src/Illuminate/Pipeline/Pipeline.php(183): Illuminate\\View\\Middleware\\ShareErrorsFromSession->handle(Object(Illuminate\\Http\\Request), Object(Closure))
#31 /home/n/nasedklm/nasedklm.beget.tech/public_html/vendor/laravel/framework/src/Illuminate/Session/Middleware/StartSession.php(121): Illuminate\\Pipeline\\Pipeline->Illuminate\\Pipeline\\{closure}(Object(Illuminate\\Http\\Request))
#32 /home/n/nasedklm/nasedklm.beget.tech/public_html/vendor/laravel/framework/src/Illuminate/Session/Middleware/StartSession.php(64): Illuminate\\Session\\Middleware\\StartSession->handleStatefulRequest(Object(Illuminate\\Http\\Request), Object(Illuminate\\Session\\Store), Object(Closure))
#33 /home/n/nasedklm/nasedklm.beget.tech/public_html/vendor/laravel/framework/src/Illuminate/Pipeline/Pipeline.php(183): Illuminate\\Session\\Middleware\\StartSession->handle(Object(Illuminate\\Http\\Request), Object(Closure))
#34 /home/n/nasedklm/nasedklm.beget.tech/public_html/vendor/laravel/framework/src/Illuminate/Cookie/Middleware/AddQueuedCookiesToResponse.php(37): Illuminate\\Pipeline\\Pipeline->Illuminate\\Pipeline\\{closure}(Object(Illuminate\\Http\\Request))
#35 /home/n/nasedklm/nasedklm.beget.tech/public_html/vendor/laravel/framework/src/Illuminate/Pipeline/Pipeline.php(183): Illuminate\\Cookie\\Middleware\\AddQueuedCookiesToResponse->handle(Object(Illuminate\\Http\\Request), Object(Closure))
#36 /home/n/nasedklm/nasedklm.beget.tech/public_html/vendor/laravel/framework/src/Illuminate/Cookie/Middleware/EncryptCookies.php(75): Illuminate\\Pipeline\\Pipeline->Illuminate\\Pipeline\\{closure}(Object(Illuminate\\Http\\Request))
#37 /home/n/nasedklm/nasedklm.beget.tech/public_html/vendor/laravel/framework/src/Illuminate/Pipeline/Pipeline.php(183): Illuminate\\Cookie\\Middleware\\EncryptCookies->handle(Object(Illuminate\\Http\\Request), Object(Closure))
#38 /home/n/nasedklm/nasedklm.beget.tech/public_html/vendor/laravel/framework/src/Illuminate/Pipeline/Pipeline.php(119): Illuminate\\Pipeline\\Pipeline->Illuminate\\Pipeline\\{closure}(Object(Illuminate\\Http\\Request))
#39 /home/n/nasedklm/nasedklm.beget.tech/public_html/vendor/laravel/framework/src/Illuminate/Routing/Router.php(805): Illuminate\\Pipeline\\Pipeline->then(Object(Closure))
#40 /home/n/nasedklm/nasedklm.beget.tech/public_html/vendor/laravel/framework/src/Illuminate/Routing/Router.php(784): Illuminate\\Routing\\Router->runRouteWithinStack(Object(Illuminate\\Routing\\Route), Object(Illuminate\\Http\\Request))
#41 /home/n/nasedklm/nasedklm.beget.tech/public_html/vendor/laravel/framework/src/Illuminate/Routing/Router.php(748): Illuminate\\Routing\\Router->runRoute(Object(Illuminate\\Http\\Request), Object(Illuminate\\Routing\\Route))
#42 /home/n/nasedklm/nasedklm.beget.tech/public_html/vendor/laravel/framework/src/Illuminate/Routing/Router.php(737): Illuminate\\Routing\\Router->dispatchToRoute(Object(Illuminate\\Http\\Request))
#43 /home/n/nasedklm/nasedklm.beget.tech/public_html/vendor/laravel/framework/src/Illuminate/Foundation/Http/Kernel.php(200): Illuminate\\Routing\\Router->dispatch(Object(Illuminate\\Http\\Request))
#44 /home/n/nasedklm/nasedklm.beget.tech/public_html/vendor/laravel/framework/src/Illuminate/Pipeline/Pipeline.php(144): Illuminate\\Foundation\\Http\\Kernel->Illuminate\\Foundation\\Http\\{closure}(Object(Illuminate\\Http\\Request))
#45 /home/n/nasedklm/nasedklm.beget.tech/public_html/vendor/barryvdh/laravel-debugbar/src/Middleware/InjectDebugbar.php(59): Illuminate\\Pipeline\\Pipeline->Illuminate\\Pipeline\\{closure}(Object(Illuminate\\Http\\Request))
#46 /home/n/nasedklm/nasedklm.beget.tech/public_html/vendor/laravel/framework/src/Illuminate/Pipeline/Pipeline.php(183): Barryvdh\\Debugbar\\Middleware\\InjectDebugbar->handle(Object(Illuminate\\Http\\Request), Object(Closure))
#47 /home/n/nasedklm/nasedklm.beget.tech/public_html/vendor/laravel/framework/src/Illuminate/Foundation/Http/Middleware/TransformsRequest.php(21): Illuminate\\Pipeline\\Pipeline->Illuminate\\Pipeline\\{closure}(Object(Illuminate\\Http\\Request))
#48 /home/n/nasedklm/nasedklm.beget.tech/public_html/vendor/laravel/framework/src/Illuminate/Foundation/Http/Middleware/ConvertEmptyStringsToNull.php(31): Illuminate\\Foundation\\Http\\Middleware\\TransformsRequest->handle(Object(Illuminate\\Http\\Request), Object(Closure))
#49 /home/n/nasedklm/nasedklm.beget.tech/public_html/vendor/laravel/framework/src/Illuminate/Pipeline/Pipeline.php(183): Illuminate\\Foundation\\Http\\Middleware\\ConvertEmptyStringsToNull->handle(Object(Illuminate\\Http\\Request), Object(Closure))
#50 /home/n/nasedklm/nasedklm.beget.tech/public_html/vendor/laravel/framework/src/Illuminate/Foundation/Http/Middleware/TransformsRequest.php(21): Illuminate\\Pipeline\\Pipeline->Illuminate\\Pipeline\\{closure}(Object(Illuminate\\Http\\Request))
#51 /home/n/nasedklm/nasedklm.beget.tech/public_html/vendor/laravel/framework/src/Illuminate/Foundation/Http/Middleware/TrimStrings.php(51): Illuminate\\Foundation\\Http\\Middleware\\TransformsRequest->handle(Object(Illuminate\\Http\\Request), Object(Closure))
#52 /home/n/nasedklm/nasedklm.beget.tech/public_html/vendor/laravel/framework/src/Illuminate/Pipeline/Pipeline.php(183): Illuminate\\Foundation\\Http\\Middleware\\TrimStrings->handle(Object(Illuminate\\Http\\Request), Object(Closure))
#53 /home/n/nasedklm/nasedklm.beget.tech/public_html/vendor/laravel/framework/src/Illuminate/Http/Middleware/ValidatePostSize.php(27): Illuminate\\Pipeline\\Pipeline->Illuminate\\Pipeline\\{closure}(Object(Illuminate\\Http\\Request))
#54 /home/n/nasedklm/nasedklm.beget.tech/public_html/vendor/laravel/framework/src/Illuminate/Pipeline/Pipeline.php(183): Illuminate\\Http\\Middleware\\ValidatePostSize->handle(Object(Illuminate\\Http\\Request), Object(Closure))
#55 /home/n/nasedklm/nasedklm.beget.tech/public_html/vendor/laravel/framework/src/Illuminate/Foundation/Http/Middleware/PreventRequestsDuringMaintenance.php(110): Illuminate\\Pipeline\\Pipeline->Illuminate\\Pipeline\\{closure}(Object(Illuminate\\Http\\Request))
#56 /home/n/nasedklm/nasedklm.beget.tech/public_html/vendor/laravel/framework/src/Illuminate/Pipeline/Pipeline.php(183): Illuminate\\Foundation\\Http\\Middleware\\PreventRequestsDuringMaintenance->handle(Object(Illuminate\\Http\\Request), Object(Closure))
#57 /home/n/nasedklm/nasedklm.beget.tech/public_html/vendor/laravel/framework/src/Illuminate/Http/Middleware/HandleCors.php(49): Illuminate\\Pipeline\\Pipeline->Illuminate\\Pipeline\\{closure}(Object(Illuminate\\Http\\Request))
#58 /home/n/nasedklm/nasedklm.beget.tech/public_html/vendor/laravel/framework/src/Illuminate/Pipeline/Pipeline.php(183): Illuminate\\Http\\Middleware\\HandleCors->handle(Object(Illuminate\\Http\\Request), Object(Closure))
#59 /home/n/nasedklm/nasedklm.beget.tech/public_html/vendor/laravel/framework/src/Illuminate/Http/Middleware/TrustProxies.php(57): Illuminate\\Pipeline\\Pipeline->Illuminate\\Pipeline\\{closure}(Object(Illuminate\\Http\\Request))
#60 /home/n/nasedklm/nasedklm.beget.tech/public_html/vendor/laravel/framework/src/Illuminate/Pipeline/Pipeline.php(183): Illuminate\\Http\\Middleware\\TrustProxies->handle(Object(Illuminate\\Http\\Request), Object(Closure))
#61 /home/n/nasedklm/nasedklm.beget.tech/public_html/vendor/laravel/framework/src/Illuminate/Pipeline/Pipeline.php(119): Illuminate\\Pipeline\\Pipeline->Illuminate\\Pipeline\\{closure}(Object(Illuminate\\Http\\Request))
#62 /home/n/nasedklm/nasedklm.beget.tech/public_html/vendor/laravel/framework/src/Illuminate/Foundation/Http/Kernel.php(175): Illuminate\\Pipeline\\Pipeline->then(Object(Closure))
#63 /home/n/nasedklm/nasedklm.beget.tech/public_html/vendor/laravel/framework/src/Illuminate/Foundation/Http/Kernel.php(144): Illuminate\\Foundation\\Http\\Kernel->sendRequestThroughRouter(Object(Illuminate\\Http\\Request))
#64 /home/n/nasedklm/nasedklm.beget.tech/public_html/public/index.php(50): Illuminate\\Foundation\\Http\\Kernel->handle(Object(Illuminate\\Http\\Request))
#65 {main}
"} 
[2024-12-03 16:49:15] production.ERROR: Method App\Http\Controllers\PagesController::privacy does not exist. {"userId":1,"exception":"[object] (BadMethodCallException(code: 0): Method App\\Http\\Controllers\\PagesController::privacy does not exist. at /home/n/nasedklm/nasedklm.beget.tech/public_html/vendor/laravel/framework/src/Illuminate/Routing/Controller.php:68)
[stacktrace]
#0 /home/n/nasedklm/nasedklm.beget.tech/public_html/vendor/laravel/framework/src/Illuminate/Routing/Controller.php(54): Illuminate\\Routing\\Controller->__call('privacy', Array)
#1 /home/n/nasedklm/nasedklm.beget.tech/public_html/vendor/laravel/framework/src/Illuminate/Routing/ControllerDispatcher.php(43): Illuminate\\Routing\\Controller->callAction('privacy', Array)
#2 /home/n/nasedklm/nasedklm.beget.tech/public_html/vendor/laravel/framework/src/Illuminate/Routing/Route.php(260): Illuminate\\Routing\\ControllerDispatcher->dispatch(Object(Illuminate\\Routing\\Route), Object(App\\Http\\Controllers\\PagesController), 'privacy')
#3 /home/n/nasedklm/nasedklm.beget.tech/public_html/vendor/laravel/framework/src/Illuminate/Routing/Route.php(206): Illuminate\\Routing\\Route->runController()
#4 /home/n/nasedklm/nasedklm.beget.tech/public_html/vendor/laravel/framework/src/Illuminate/Routing/Router.php(806): Illuminate\\Routing\\Route->run()
#5 /home/n/nasedklm/nasedklm.beget.tech/public_html/vendor/laravel/framework/src/Illuminate/Pipeline/Pipeline.php(144): Illuminate\\Routing\\Router->Illuminate\\Routing\\{closure}(Object(Illuminate\\Http\\Request))
#6 /home/n/nasedklm/nasedklm.beget.tech/public_html/app/Http/Middleware/UserActivity.php(20): Illuminate\\Pipeline\\Pipeline->Illuminate\\Pipeline\\{closure}(Object(Illuminate\\Http\\Request))
#7 /home/n/nasedklm/nasedklm.beget.tech/public_html/vendor/laravel/framework/src/Illuminate/Pipeline/Pipeline.php(183): App\\Http\\Middleware\\UserActivity->handle(Object(Illuminate\\Http\\Request), Object(Closure))
#8 /home/n/nasedklm/nasedklm.beget.tech/public_html/app/Http/Middleware/SetLocale.php(51): Illuminate\\Pipeline\\Pipeline->Illuminate\\Pipeline\\{closure}(Object(Illuminate\\Http\\Request))
#9 /home/n/nasedklm/nasedklm.beget.tech/public_html/vendor/laravel/framework/src/Illuminate/Pipeline/Pipeline.php(183): App\\Http\\Middleware\\SetLocale->handle(Object(Illuminate\\Http\\Request), Object(Closure))
#10 /home/n/nasedklm/nasedklm.beget.tech/public_html/vendor/erlandmuchasaj/laravel-gzip/src/Middleware/GzipEncodeResponse.php(19): Illuminate\\Pipeline\\Pipeline->Illuminate\\Pipeline\\{closure}(Object(Illuminate\\Http\\Request))
#11 /home/n/nasedklm/nasedklm.beget.tech/public_html/vendor/laravel/framework/src/Illuminate/Pipeline/Pipeline.php(183): ErlandMuchasaj\\LaravelGzip\\Middleware\\GzipEncodeResponse->handle(Object(Illuminate\\Http\\Request), Object(Closure))
#12 /home/n/nasedklm/nasedklm.beget.tech/public_html/vendor/laravel/framework/src/Illuminate/Routing/Middleware/SubstituteBindings.php(50): Illuminate\\Pipeline\\Pipeline->Illuminate\\Pipeline\\{closure}(Object(Illuminate\\Http\\Request))
#13 /home/n/nasedklm/nasedklm.beget.tech/public_html/vendor/laravel/framework/src/Illuminate/Pipeline/Pipeline.php(183): Illuminate\\Routing\\Middleware\\SubstituteBindings->handle(Object(Illuminate\\Http\\Request), Object(Closure))
#14 /home/n/nasedklm/nasedklm.beget.tech/public_html/vendor/laravel/framework/src/Illuminate/Foundation/Http/Middleware/VerifyCsrfToken.php(88): Illuminate\\Pipeline\\Pipeline->Illuminate\\Pipeline\\{closure}(Object(Illuminate\\Http\\Request))
#15 /home/n/nasedklm/nasedklm.beget.tech/public_html/vendor/laravel/framework/src/Illuminate/Pipeline/Pipeline.php(183): Illuminate\\Foundation\\Http\\Middleware\\VerifyCsrfToken->handle(Object(Illuminate\\Http\\Request), Object(Closure))
#16 /home/n/nasedklm/nasedklm.beget.tech/public_html/vendor/laravel/framework/src/Illuminate/View/Middleware/ShareErrorsFromSession.php(49): Illuminate\\Pipeline\\Pipeline->Illuminate\\Pipeline\\{closure}(Object(Illuminate\\Http\\Request))
#17 /home/n/nasedklm/nasedklm.beget.tech/public_html/vendor/laravel/framework/src/Illuminate/Pipeline/Pipeline.php(183): Illuminate\\View\\Middleware\\ShareErrorsFromSession->handle(Object(Illuminate\\Http\\Request), Object(Closure))
#18 /home/n/nasedklm/nasedklm.beget.tech/public_html/vendor/laravel/framework/src/Illuminate/Session/Middleware/StartSession.php(121): Illuminate\\Pipeline\\Pipeline->Illuminate\\Pipeline\\{closure}(Object(Illuminate\\Http\\Request))
#19 /home/n/nasedklm/nasedklm.beget.tech/public_html/vendor/laravel/framework/src/Illuminate/Session/Middleware/StartSession.php(64): Illuminate\\Session\\Middleware\\StartSession->handleStatefulRequest(Object(Illuminate\\Http\\Request), Object(Illuminate\\Session\\Store), Object(Closure))
#20 /home/n/nasedklm/nasedklm.beget.tech/public_html/vendor/laravel/framework/src/Illuminate/Pipeline/Pipeline.php(183): Illuminate\\Session\\Middleware\\StartSession->handle(Object(Illuminate\\Http\\Request), Object(Closure))
#21 /home/n/nasedklm/nasedklm.beget.tech/public_html/vendor/laravel/framework/src/Illuminate/Cookie/Middleware/AddQueuedCookiesToResponse.php(37): Illuminate\\Pipeline\\Pipeline->Illuminate\\Pipeline\\{closure}(Object(Illuminate\\Http\\Request))
#22 /home/n/nasedklm/nasedklm.beget.tech/public_html/vendor/laravel/framework/src/Illuminate/Pipeline/Pipeline.php(183): Illuminate\\Cookie\\Middleware\\AddQueuedCookiesToResponse->handle(Object(Illuminate\\Http\\Request), Object(Closure))
#23 /home/n/nasedklm/nasedklm.beget.tech/public_html/vendor/laravel/framework/src/Illuminate/Cookie/Middleware/EncryptCookies.php(75): Illuminate\\Pipeline\\Pipeline->Illuminate\\Pipeline\\{closure}(Object(Illuminate\\Http\\Request))
#24 /home/n/nasedklm/nasedklm.beget.tech/public_html/vendor/laravel/framework/src/Illuminate/Pipeline/Pipeline.php(183): Illuminate\\Cookie\\Middleware\\EncryptCookies->handle(Object(Illuminate\\Http\\Request), Object(Closure))
#25 /home/n/nasedklm/nasedklm.beget.tech/public_html/vendor/laravel/framework/src/Illuminate/Pipeline/Pipeline.php(119): Illuminate\\Pipeline\\Pipeline->Illuminate\\Pipeline\\{closure}(Object(Illuminate\\Http\\Request))
#26 /home/n/nasedklm/nasedklm.beget.tech/public_html/vendor/laravel/framework/src/Illuminate/Routing/Router.php(805): Illuminate\\Pipeline\\Pipeline->then(Object(Closure))
#27 /home/n/nasedklm/nasedklm.beget.tech/public_html/vendor/laravel/framework/src/Illuminate/Routing/Router.php(784): Illuminate\\Routing\\Router->runRouteWithinStack(Object(Illuminate\\Routing\\Route), Object(Illuminate\\Http\\Request))
#28 /home/n/nasedklm/nasedklm.beget.tech/public_html/vendor/laravel/framework/src/Illuminate/Routing/Router.php(748): Illuminate\\Routing\\Router->runRoute(Object(Illuminate\\Http\\Request), Object(Illuminate\\Routing\\Route))
#29 /home/n/nasedklm/nasedklm.beget.tech/public_html/vendor/laravel/framework/src/Illuminate/Routing/Router.php(737): Illuminate\\Routing\\Router->dispatchToRoute(Object(Illuminate\\Http\\Request))
#30 /home/n/nasedklm/nasedklm.beget.tech/public_html/vendor/laravel/framework/src/Illuminate/Foundation/Http/Kernel.php(200): Illuminate\\Routing\\Router->dispatch(Object(Illuminate\\Http\\Request))
#31 /home/n/nasedklm/nasedklm.beget.tech/public_html/vendor/laravel/framework/src/Illuminate/Pipeline/Pipeline.php(144): Illuminate\\Foundation\\Http\\Kernel->Illuminate\\Foundation\\Http\\{closure}(Object(Illuminate\\Http\\Request))
#32 /home/n/nasedklm/nasedklm.beget.tech/public_html/vendor/barryvdh/laravel-debugbar/src/Middleware/InjectDebugbar.php(59): Illuminate\\Pipeline\\Pipeline->Illuminate\\Pipeline\\{closure}(Object(Illuminate\\Http\\Request))
#33 /home/n/nasedklm/nasedklm.beget.tech/public_html/vendor/laravel/framework/src/Illuminate/Pipeline/Pipeline.php(183): Barryvdh\\Debugbar\\Middleware\\InjectDebugbar->handle(Object(Illuminate\\Http\\Request), Object(Closure))
#34 /home/n/nasedklm/nasedklm.beget.tech/public_html/vendor/laravel/framework/src/Illuminate/Foundation/Http/Middleware/TransformsRequest.php(21): Illuminate\\Pipeline\\Pipeline->Illuminate\\Pipeline\\{closure}(Object(Illuminate\\Http\\Request))
#35 /home/n/nasedklm/nasedklm.beget.tech/public_html/vendor/laravel/framework/src/Illuminate/Foundation/Http/Middleware/ConvertEmptyStringsToNull.php(31): Illuminate\\Foundation\\Http\\Middleware\\TransformsRequest->handle(Object(Illuminate\\Http\\Request), Object(Closure))
#36 /home/n/nasedklm/nasedklm.beget.tech/public_html/vendor/laravel/framework/src/Illuminate/Pipeline/Pipeline.php(183): Illuminate\\Foundation\\Http\\Middleware\\ConvertEmptyStringsToNull->handle(Object(Illuminate\\Http\\Request), Object(Closure))
#37 /home/n/nasedklm/nasedklm.beget.tech/public_html/vendor/laravel/framework/src/Illuminate/Foundation/Http/Middleware/TransformsRequest.php(21): Illuminate\\Pipeline\\Pipeline->Illuminate\\Pipeline\\{closure}(Object(Illuminate\\Http\\Request))
#38 /home/n/nasedklm/nasedklm.beget.tech/public_html/vendor/laravel/framework/src/Illuminate/Foundation/Http/Middleware/TrimStrings.php(51): Illuminate\\Foundation\\Http\\Middleware\\TransformsRequest->handle(Object(Illuminate\\Http\\Request), Object(Closure))
#39 /home/n/nasedklm/nasedklm.beget.tech/public_html/vendor/laravel/framework/src/Illuminate/Pipeline/Pipeline.php(183): Illuminate\\Foundation\\Http\\Middleware\\TrimStrings->handle(Object(Illuminate\\Http\\Request), Object(Closure))
#40 /home/n/nasedklm/nasedklm.beget.tech/public_html/vendor/laravel/framework/src/Illuminate/Http/Middleware/ValidatePostSize.php(27): Illuminate\\Pipeline\\Pipeline->Illuminate\\Pipeline\\{closure}(Object(Illuminate\\Http\\Request))
#41 /home/n/nasedklm/nasedklm.beget.tech/public_html/vendor/laravel/framework/src/Illuminate/Pipeline/Pipeline.php(183): Illuminate\\Http\\Middleware\\ValidatePostSize->handle(Object(Illuminate\\Http\\Request), Object(Closure))
#42 /home/n/nasedklm/nasedklm.beget.tech/public_html/vendor/laravel/framework/src/Illuminate/Foundation/Http/Middleware/PreventRequestsDuringMaintenance.php(110): Illuminate\\Pipeline\\Pipeline->Illuminate\\Pipeline\\{closure}(Object(Illuminate\\Http\\Request))
#43 /home/n/nasedklm/nasedklm.beget.tech/public_html/vendor/laravel/framework/src/Illuminate/Pipeline/Pipeline.php(183): Illuminate\\Foundation\\Http\\Middleware\\PreventRequestsDuringMaintenance->handle(Object(Illuminate\\Http\\Request), Object(Closure))
#44 /home/n/nasedklm/nasedklm.beget.tech/public_html/vendor/laravel/framework/src/Illuminate/Http/Middleware/HandleCors.php(49): Illuminate\\Pipeline\\Pipeline->Illuminate\\Pipeline\\{closure}(Object(Illuminate\\Http\\Request))
#45 /home/n/nasedklm/nasedklm.beget.tech/public_html/vendor/laravel/framework/src/Illuminate/Pipeline/Pipeline.php(183): Illuminate\\Http\\Middleware\\HandleCors->handle(Object(Illuminate\\Http\\Request), Object(Closure))
#46 /home/n/nasedklm/nasedklm.beget.tech/public_html/vendor/laravel/framework/src/Illuminate/Http/Middleware/TrustProxies.php(57): Illuminate\\Pipeline\\Pipeline->Illuminate\\Pipeline\\{closure}(Object(Illuminate\\Http\\Request))
#47 /home/n/nasedklm/nasedklm.beget.tech/public_html/vendor/laravel/framework/src/Illuminate/Pipeline/Pipeline.php(183): Illuminate\\Http\\Middleware\\TrustProxies->handle(Object(Illuminate\\Http\\Request), Object(Closure))
#48 /home/n/nasedklm/nasedklm.beget.tech/public_html/vendor/laravel/framework/src/Illuminate/Pipeline/Pipeline.php(119): Illuminate\\Pipeline\\Pipeline->Illuminate\\Pipeline\\{closure}(Object(Illuminate\\Http\\Request))
#49 /home/n/nasedklm/nasedklm.beget.tech/public_html/vendor/laravel/framework/src/Illuminate/Foundation/Http/Kernel.php(175): Illuminate\\Pipeline\\Pipeline->then(Object(Closure))
#50 /home/n/nasedklm/nasedklm.beget.tech/public_html/vendor/laravel/framework/src/Illuminate/Foundation/Http/Kernel.php(144): Illuminate\\Foundation\\Http\\Kernel->sendRequestThroughRouter(Object(Illuminate\\Http\\Request))
#51 /home/n/nasedklm/nasedklm.beget.tech/public_html/public/index.php(50): Illuminate\\Foundation\\Http\\Kernel->handle(Object(Illuminate\\Http\\Request))
#52 {main}
"} 
[2024-12-03 16:49:53] production.ERROR: Method App\Http\Controllers\PagesController::privacy does not exist. {"userId":1,"exception":"[object] (BadMethodCallException(code: 0): Method App\\Http\\Controllers\\PagesController::privacy does not exist. at /home/n/nasedklm/nasedklm.beget.tech/public_html/vendor/laravel/framework/src/Illuminate/Routing/Controller.php:68)
[stacktrace]
#0 /home/n/nasedklm/nasedklm.beget.tech/public_html/vendor/laravel/framework/src/Illuminate/Routing/Controller.php(54): Illuminate\\Routing\\Controller->__call('privacy', Array)
#1 /home/n/nasedklm/nasedklm.beget.tech/public_html/vendor/laravel/framework/src/Illuminate/Routing/ControllerDispatcher.php(43): Illuminate\\Routing\\Controller->callAction('privacy', Array)
#2 /home/n/nasedklm/nasedklm.beget.tech/public_html/vendor/laravel/framework/src/Illuminate/Routing/Route.php(260): Illuminate\\Routing\\ControllerDispatcher->dispatch(Object(Illuminate\\Routing\\Route), Object(App\\Http\\Controllers\\PagesController), 'privacy')
#3 /home/n/nasedklm/nasedklm.beget.tech/public_html/vendor/laravel/framework/src/Illuminate/Routing/Route.php(206): Illuminate\\Routing\\Route->runController()
#4 /home/n/nasedklm/nasedklm.beget.tech/public_html/vendor/laravel/framework/src/Illuminate/Routing/Router.php(806): Illuminate\\Routing\\Route->run()
#5 /home/n/nasedklm/nasedklm.beget.tech/public_html/vendor/laravel/framework/src/Illuminate/Pipeline/Pipeline.php(144): Illuminate\\Routing\\Router->Illuminate\\Routing\\{closure}(Object(Illuminate\\Http\\Request))
#6 /home/n/nasedklm/nasedklm.beget.tech/public_html/app/Http/Middleware/UserActivity.php(20): Illuminate\\Pipeline\\Pipeline->Illuminate\\Pipeline\\{closure}(Object(Illuminate\\Http\\Request))
#7 /home/n/nasedklm/nasedklm.beget.tech/public_html/vendor/laravel/framework/src/Illuminate/Pipeline/Pipeline.php(183): App\\Http\\Middleware\\UserActivity->handle(Object(Illuminate\\Http\\Request), Object(Closure))
#8 /home/n/nasedklm/nasedklm.beget.tech/public_html/app/Http/Middleware/SetLocale.php(51): Illuminate\\Pipeline\\Pipeline->Illuminate\\Pipeline\\{closure}(Object(Illuminate\\Http\\Request))
#9 /home/n/nasedklm/nasedklm.beget.tech/public_html/vendor/laravel/framework/src/Illuminate/Pipeline/Pipeline.php(183): App\\Http\\Middleware\\SetLocale->handle(Object(Illuminate\\Http\\Request), Object(Closure))
#10 /home/n/nasedklm/nasedklm.beget.tech/public_html/vendor/erlandmuchasaj/laravel-gzip/src/Middleware/GzipEncodeResponse.php(19): Illuminate\\Pipeline\\Pipeline->Illuminate\\Pipeline\\{closure}(Object(Illuminate\\Http\\Request))
#11 /home/n/nasedklm/nasedklm.beget.tech/public_html/vendor/laravel/framework/src/Illuminate/Pipeline/Pipeline.php(183): ErlandMuchasaj\\LaravelGzip\\Middleware\\GzipEncodeResponse->handle(Object(Illuminate\\Http\\Request), Object(Closure))
#12 /home/n/nasedklm/nasedklm.beget.tech/public_html/vendor/laravel/framework/src/Illuminate/Routing/Middleware/SubstituteBindings.php(50): Illuminate\\Pipeline\\Pipeline->Illuminate\\Pipeline\\{closure}(Object(Illuminate\\Http\\Request))
#13 /home/n/nasedklm/nasedklm.beget.tech/public_html/vendor/laravel/framework/src/Illuminate/Pipeline/Pipeline.php(183): Illuminate\\Routing\\Middleware\\SubstituteBindings->handle(Object(Illuminate\\Http\\Request), Object(Closure))
#14 /home/n/nasedklm/nasedklm.beget.tech/public_html/vendor/laravel/framework/src/Illuminate/Foundation/Http/Middleware/VerifyCsrfToken.php(88): Illuminate\\Pipeline\\Pipeline->Illuminate\\Pipeline\\{closure}(Object(Illuminate\\Http\\Request))
#15 /home/n/nasedklm/nasedklm.beget.tech/public_html/vendor/laravel/framework/src/Illuminate/Pipeline/Pipeline.php(183): Illuminate\\Foundation\\Http\\Middleware\\VerifyCsrfToken->handle(Object(Illuminate\\Http\\Request), Object(Closure))
#16 /home/n/nasedklm/nasedklm.beget.tech/public_html/vendor/laravel/framework/src/Illuminate/View/Middleware/ShareErrorsFromSession.php(49): Illuminate\\Pipeline\\Pipeline->Illuminate\\Pipeline\\{closure}(Object(Illuminate\\Http\\Request))
#17 /home/n/nasedklm/nasedklm.beget.tech/public_html/vendor/laravel/framework/src/Illuminate/Pipeline/Pipeline.php(183): Illuminate\\View\\Middleware\\ShareErrorsFromSession->handle(Object(Illuminate\\Http\\Request), Object(Closure))
#18 /home/n/nasedklm/nasedklm.beget.tech/public_html/vendor/laravel/framework/src/Illuminate/Session/Middleware/StartSession.php(121): Illuminate\\Pipeline\\Pipeline->Illuminate\\Pipeline\\{closure}(Object(Illuminate\\Http\\Request))
#19 /home/n/nasedklm/nasedklm.beget.tech/public_html/vendor/laravel/framework/src/Illuminate/Session/Middleware/StartSession.php(64): Illuminate\\Session\\Middleware\\StartSession->handleStatefulRequest(Object(Illuminate\\Http\\Request), Object(Illuminate\\Session\\Store), Object(Closure))
#20 /home/n/nasedklm/nasedklm.beget.tech/public_html/vendor/laravel/framework/src/Illuminate/Pipeline/Pipeline.php(183): Illuminate\\Session\\Middleware\\StartSession->handle(Object(Illuminate\\Http\\Request), Object(Closure))
#21 /home/n/nasedklm/nasedklm.beget.tech/public_html/vendor/laravel/framework/src/Illuminate/Cookie/Middleware/AddQueuedCookiesToResponse.php(37): Illuminate\\Pipeline\\Pipeline->Illuminate\\Pipeline\\{closure}(Object(Illuminate\\Http\\Request))
#22 /home/n/nasedklm/nasedklm.beget.tech/public_html/vendor/laravel/framework/src/Illuminate/Pipeline/Pipeline.php(183): Illuminate\\Cookie\\Middleware\\AddQueuedCookiesToResponse->handle(Object(Illuminate\\Http\\Request), Object(Closure))
#23 /home/n/nasedklm/nasedklm.beget.tech/public_html/vendor/laravel/framework/src/Illuminate/Cookie/Middleware/EncryptCookies.php(75): Illuminate\\Pipeline\\Pipeline->Illuminate\\Pipeline\\{closure}(Object(Illuminate\\Http\\Request))
#24 /home/n/nasedklm/nasedklm.beget.tech/public_html/vendor/laravel/framework/src/Illuminate/Pipeline/Pipeline.php(183): Illuminate\\Cookie\\Middleware\\EncryptCookies->handle(Object(Illuminate\\Http\\Request), Object(Closure))
#25 /home/n/nasedklm/nasedklm.beget.tech/public_html/vendor/laravel/framework/src/Illuminate/Pipeline/Pipeline.php(119): Illuminate\\Pipeline\\Pipeline->Illuminate\\Pipeline\\{closure}(Object(Illuminate\\Http\\Request))
#26 /home/n/nasedklm/nasedklm.beget.tech/public_html/vendor/laravel/framework/src/Illuminate/Routing/Router.php(805): Illuminate\\Pipeline\\Pipeline->then(Object(Closure))
#27 /home/n/nasedklm/nasedklm.beget.tech/public_html/vendor/laravel/framework/src/Illuminate/Routing/Router.php(784): Illuminate\\Routing\\Router->runRouteWithinStack(Object(Illuminate\\Routing\\Route), Object(Illuminate\\Http\\Request))
#28 /home/n/nasedklm/nasedklm.beget.tech/public_html/vendor/laravel/framework/src/Illuminate/Routing/Router.php(748): Illuminate\\Routing\\Router->runRoute(Object(Illuminate\\Http\\Request), Object(Illuminate\\Routing\\Route))
#29 /home/n/nasedklm/nasedklm.beget.tech/public_html/vendor/laravel/framework/src/Illuminate/Routing/Router.php(737): Illuminate\\Routing\\Router->dispatchToRoute(Object(Illuminate\\Http\\Request))
#30 /home/n/nasedklm/nasedklm.beget.tech/public_html/vendor/laravel/framework/src/Illuminate/Foundation/Http/Kernel.php(200): Illuminate\\Routing\\Router->dispatch(Object(Illuminate\\Http\\Request))
#31 /home/n/nasedklm/nasedklm.beget.tech/public_html/vendor/laravel/framework/src/Illuminate/Pipeline/Pipeline.php(144): Illuminate\\Foundation\\Http\\Kernel->Illuminate\\Foundation\\Http\\{closure}(Object(Illuminate\\Http\\Request))
#32 /home/n/nasedklm/nasedklm.beget.tech/public_html/vendor/barryvdh/laravel-debugbar/src/Middleware/InjectDebugbar.php(66): Illuminate\\Pipeline\\Pipeline->Illuminate\\Pipeline\\{closure}(Object(Illuminate\\Http\\Request))
#33 /home/n/nasedklm/nasedklm.beget.tech/public_html/vendor/laravel/framework/src/Illuminate/Pipeline/Pipeline.php(183): Barryvdh\\Debugbar\\Middleware\\InjectDebugbar->handle(Object(Illuminate\\Http\\Request), Object(Closure))
#34 /home/n/nasedklm/nasedklm.beget.tech/public_html/vendor/laravel/framework/src/Illuminate/Foundation/Http/Middleware/TransformsRequest.php(21): Illuminate\\Pipeline\\Pipeline->Illuminate\\Pipeline\\{closure}(Object(Illuminate\\Http\\Request))
#35 /home/n/nasedklm/nasedklm.beget.tech/public_html/vendor/laravel/framework/src/Illuminate/Foundation/Http/Middleware/ConvertEmptyStringsToNull.php(31): Illuminate\\Foundation\\Http\\Middleware\\TransformsRequest->handle(Object(Illuminate\\Http\\Request), Object(Closure))
#36 /home/n/nasedklm/nasedklm.beget.tech/public_html/vendor/laravel/framework/src/Illuminate/Pipeline/Pipeline.php(183): Illuminate\\Foundation\\Http\\Middleware\\ConvertEmptyStringsToNull->handle(Object(Illuminate\\Http\\Request), Object(Closure))
#37 /home/n/nasedklm/nasedklm.beget.tech/public_html/vendor/laravel/framework/src/Illuminate/Foundation/Http/Middleware/TransformsRequest.php(21): Illuminate\\Pipeline\\Pipeline->Illuminate\\Pipeline\\{closure}(Object(Illuminate\\Http\\Request))
#38 /home/n/nasedklm/nasedklm.beget.tech/public_html/vendor/laravel/framework/src/Illuminate/Foundation/Http/Middleware/TrimStrings.php(51): Illuminate\\Foundation\\Http\\Middleware\\TransformsRequest->handle(Object(Illuminate\\Http\\Request), Object(Closure))
#39 /home/n/nasedklm/nasedklm.beget.tech/public_html/vendor/laravel/framework/src/Illuminate/Pipeline/Pipeline.php(183): Illuminate\\Foundation\\Http\\Middleware\\TrimStrings->handle(Object(Illuminate\\Http\\Request), Object(Closure))
#40 /home/n/nasedklm/nasedklm.beget.tech/public_html/vendor/laravel/framework/src/Illuminate/Http/Middleware/ValidatePostSize.php(27): Illuminate\\Pipeline\\Pipeline->Illuminate\\Pipeline\\{closure}(Object(Illuminate\\Http\\Request))
#41 /home/n/nasedklm/nasedklm.beget.tech/public_html/vendor/laravel/framework/src/Illuminate/Pipeline/Pipeline.php(183): Illuminate\\Http\\Middleware\\ValidatePostSize->handle(Object(Illuminate\\Http\\Request), Object(Closure))
#42 /home/n/nasedklm/nasedklm.beget.tech/public_html/vendor/laravel/framework/src/Illuminate/Foundation/Http/Middleware/PreventRequestsDuringMaintenance.php(110): Illuminate\\Pipeline\\Pipeline->Illuminate\\Pipeline\\{closure}(Object(Illuminate\\Http\\Request))
#43 /home/n/nasedklm/nasedklm.beget.tech/public_html/vendor/laravel/framework/src/Illuminate/Pipeline/Pipeline.php(183): Illuminate\\Foundation\\Http\\Middleware\\PreventRequestsDuringMaintenance->handle(Object(Illuminate\\Http\\Request), Object(Closure))
#44 /home/n/nasedklm/nasedklm.beget.tech/public_html/vendor/laravel/framework/src/Illuminate/Http/Middleware/HandleCors.php(49): Illuminate\\Pipeline\\Pipeline->Illuminate\\Pipeline\\{closure}(Object(Illuminate\\Http\\Request))
#45 /home/n/nasedklm/nasedklm.beget.tech/public_html/vendor/laravel/framework/src/Illuminate/Pipeline/Pipeline.php(183): Illuminate\\Http\\Middleware\\HandleCors->handle(Object(Illuminate\\Http\\Request), Object(Closure))
#46 /home/n/nasedklm/nasedklm.beget.tech/public_html/vendor/laravel/framework/src/Illuminate/Http/Middleware/TrustProxies.php(57): Illuminate\\Pipeline\\Pipeline->Illuminate\\Pipeline\\{closure}(Object(Illuminate\\Http\\Request))
#47 /home/n/nasedklm/nasedklm.beget.tech/public_html/vendor/laravel/framework/src/Illuminate/Pipeline/Pipeline.php(183): Illuminate\\Http\\Middleware\\TrustProxies->handle(Object(Illuminate\\Http\\Request), Object(Closure))
#48 /home/n/nasedklm/nasedklm.beget.tech/public_html/vendor/laravel/framework/src/Illuminate/Pipeline/Pipeline.php(119): Illuminate\\Pipeline\\Pipeline->Illuminate\\Pipeline\\{closure}(Object(Illuminate\\Http\\Request))
#49 /home/n/nasedklm/nasedklm.beget.tech/public_html/vendor/laravel/framework/src/Illuminate/Foundation/Http/Kernel.php(175): Illuminate\\Pipeline\\Pipeline->then(Object(Closure))
#50 /home/n/nasedklm/nasedklm.beget.tech/public_html/vendor/laravel/framework/src/Illuminate/Foundation/Http/Kernel.php(144): Illuminate\\Foundation\\Http\\Kernel->sendRequestThroughRouter(Object(Illuminate\\Http\\Request))
#51 /home/n/nasedklm/nasedklm.beget.tech/public_html/public/index.php(50): Illuminate\\Foundation\\Http\\Kernel->handle(Object(Illuminate\\Http\\Request))
#52 {main}
"} 
