[2025-04-19 10:17:55] production.ERROR: Invalid route action: [BackendController]. {"exception":"[object] (UnexpectedValueException(code: 0): Invalid route action: [BackendController]. at /Users/aleksandr/projects/btf/vendor/laravel/framework/src/Illuminate/Routing/RouteAction.php:92)
[stacktrace]
#0 /Users/aleksandr/projects/btf/vendor/laravel/framework/src/Illuminate/Routing/RouteAction.php(47): Illuminate\\Routing\\RouteAction::makeInvokable('BackendControll...')
#1 /Users/aleksandr/projects/btf/vendor/laravel/framework/src/Illuminate/Routing/Route.php(192): Illuminate\\Routing\\RouteAction::parse('backend/{view}', Array)
#2 /Users/aleksandr/projects/btf/vendor/laravel/framework/src/Illuminate/Routing/Route.php(173): Illuminate\\Routing\\Route->parseAction(Array)
#3 /Users/aleksandr/projects/btf/vendor/laravel/framework/src/Illuminate/Routing/Router.php(669): Illuminate\\Routing\\Route->__construct(Array, 'backend/{view}', Array)
#4 /Users/aleksandr/projects/btf/vendor/laravel/framework/src/Illuminate/Routing/Router.php(561): Illuminate\\Routing\\Router->newRoute(Array, 'backend/{view}', Array)
#5 /Users/aleksandr/projects/btf/vendor/laravel/framework/src/Illuminate/Routing/Router.php(541): Illuminate\\Routing\\Router->createRoute(Array, '/backend/{view}', Array)
#6 /Users/aleksandr/projects/btf/vendor/laravel/framework/src/Illuminate/Routing/Router.php(159): Illuminate\\Routing\\Router->addRoute(Array, '/backend/{view}', 'BackendControll...')
#7 /Users/aleksandr/projects/btf/vendor/laravel/framework/src/Illuminate/Support/Facades/Facade.php(357): Illuminate\\Routing\\Router->get('/backend/{view}', 'BackendControll...')
#8 /Users/aleksandr/projects/btf/routes/web.php(25): Illuminate\\Support\\Facades\\Facade::__callStatic('get', Array)
#9 /Users/aleksandr/projects/btf/vendor/laravel/framework/src/Illuminate/Routing/RouteFileRegistrar.php(35): require('/Users/aleksand...')
#10 /Users/aleksandr/projects/btf/vendor/laravel/framework/src/Illuminate/Routing/Router.php(511): Illuminate\\Routing\\RouteFileRegistrar->register('/Users/aleksand...')
#11 /Users/aleksandr/projects/btf/vendor/laravel/framework/src/Illuminate/Routing/Router.php(465): Illuminate\\Routing\\Router->loadRoutes('/Users/aleksand...')
#12 /Users/aleksandr/projects/btf/vendor/laravel/framework/src/Illuminate/Routing/RouteRegistrar.php(194): Illuminate\\Routing\\Router->group(Array, '/Users/aleksand...')
#13 /Users/aleksandr/projects/btf/app/Providers/RouteServiceProvider.php(34): Illuminate\\Routing\\RouteRegistrar->group('/Users/aleksand...')
#14 /Users/aleksandr/projects/btf/vendor/laravel/framework/src/Illuminate/Container/BoundMethod.php(36): App\\Providers\\RouteServiceProvider->App\\Providers\\{closure}()
#15 /Users/aleksandr/projects/btf/vendor/laravel/framework/src/Illuminate/Container/Util.php(41): Illuminate\\Container\\BoundMethod::Illuminate\\Container\\{closure}()
#16 /Users/aleksandr/projects/btf/vendor/laravel/framework/src/Illuminate/Container/BoundMethod.php(81): Illuminate\\Container\\Util::unwrapIfClosure(Object(Closure))
#17 /Users/aleksandr/projects/btf/vendor/laravel/framework/src/Illuminate/Container/BoundMethod.php(35): Illuminate\\Container\\BoundMethod::callBoundMethod(Object(Illuminate\\Foundation\\Application), Object(Closure), Object(Closure))
#18 /Users/aleksandr/projects/btf/vendor/laravel/framework/src/Illuminate/Container/Container.php(662): Illuminate\\Container\\BoundMethod::call(Object(Illuminate\\Foundation\\Application), Object(Closure), Array, NULL)
#19 /Users/aleksandr/projects/btf/vendor/laravel/framework/src/Illuminate/Foundation/Support/Providers/RouteServiceProvider.php(166): Illuminate\\Container\\Container->call(Object(Closure))
#20 /Users/aleksandr/projects/btf/vendor/laravel/framework/src/Illuminate/Foundation/Support/Providers/RouteServiceProvider.php(59): Illuminate\\Foundation\\Support\\Providers\\RouteServiceProvider->loadRoutes()
#21 /Users/aleksandr/projects/btf/vendor/laravel/framework/src/Illuminate/Container/BoundMethod.php(36): Illuminate\\Foundation\\Support\\Providers\\RouteServiceProvider->Illuminate\\Foundation\\Support\\Providers\\{closure}()
#22 /Users/aleksandr/projects/btf/vendor/laravel/framework/src/Illuminate/Container/Util.php(41): Illuminate\\Container\\BoundMethod::Illuminate\\Container\\{closure}()
#23 /Users/aleksandr/projects/btf/vendor/laravel/framework/src/Illuminate/Container/BoundMethod.php(81): Illuminate\\Container\\Util::unwrapIfClosure(Object(Closure))
#24 /Users/aleksandr/projects/btf/vendor/laravel/framework/src/Illuminate/Container/BoundMethod.php(35): Illuminate\\Container\\BoundMethod::callBoundMethod(Object(Illuminate\\Foundation\\Application), Object(Closure), Object(Closure))
#25 /Users/aleksandr/projects/btf/vendor/laravel/framework/src/Illuminate/Container/Container.php(662): Illuminate\\Container\\BoundMethod::call(Object(Illuminate\\Foundation\\Application), Object(Closure), Array, NULL)
#26 /Users/aleksandr/projects/btf/vendor/laravel/framework/src/Illuminate/Support/ServiceProvider.php(126): Illuminate\\Container\\Container->call(Object(Closure))
#27 /Users/aleksandr/projects/btf/vendor/laravel/framework/src/Illuminate/Foundation/Application.php(1117): Illuminate\\Support\\ServiceProvider->callBootedCallbacks()
#28 /Users/aleksandr/projects/btf/vendor/laravel/framework/src/Illuminate/Foundation/Application.php(1095): Illuminate\\Foundation\\Application->bootProvider(Object(App\\Providers\\RouteServiceProvider))
#29 [internal function]: Illuminate\\Foundation\\Application->Illuminate\\Foundation\\{closure}(Object(App\\Providers\\RouteServiceProvider), 'App\\\\Providers\\\\R...')
#30 /Users/aleksandr/projects/btf/vendor/laravel/framework/src/Illuminate/Foundation/Application.php(1094): array_walk(Array, Object(Closure))
#31 /Users/aleksandr/projects/btf/vendor/laravel/framework/src/Illuminate/Foundation/Bootstrap/BootProviders.php(17): Illuminate\\Foundation\\Application->boot()
#32 /Users/aleksandr/projects/btf/vendor/laravel/framework/src/Illuminate/Foundation/Application.php(316): Illuminate\\Foundation\\Bootstrap\\BootProviders->bootstrap(Object(Illuminate\\Foundation\\Application))
#33 /Users/aleksandr/projects/btf/vendor/laravel/framework/src/Illuminate/Foundation/Console/Kernel.php(470): Illuminate\\Foundation\\Application->bootstrapWith(Array)
#34 /Users/aleksandr/projects/btf/vendor/laravel/framework/src/Illuminate/Foundation/Console/Kernel.php(194): Illuminate\\Foundation\\Console\\Kernel->bootstrap()
#35 Command line code(1): Illuminate\\Foundation\\Console\\Kernel->handle(Object(Symfony\\Component\\Console\\Input\\ArgvInput), Object(Symfony\\Component\\Console\\Output\\ConsoleOutput))
#36 {main}
"} 
[2025-04-19 10:17:57] production.ERROR: Invalid route action: [BackendController]. {"exception":"[object] (UnexpectedValueException(code: 0): Invalid route action: [BackendController]. at /Users/aleksandr/projects/btf/vendor/laravel/framework/src/Illuminate/Routing/RouteAction.php:92)
[stacktrace]
#0 /Users/aleksandr/projects/btf/vendor/laravel/framework/src/Illuminate/Routing/RouteAction.php(47): Illuminate\\Routing\\RouteAction::makeInvokable('BackendControll...')
#1 /Users/aleksandr/projects/btf/vendor/laravel/framework/src/Illuminate/Routing/Route.php(192): Illuminate\\Routing\\RouteAction::parse('backend/{view}', Array)
#2 /Users/aleksandr/projects/btf/vendor/laravel/framework/src/Illuminate/Routing/Route.php(173): Illuminate\\Routing\\Route->parseAction(Array)
#3 /Users/aleksandr/projects/btf/vendor/laravel/framework/src/Illuminate/Routing/Router.php(669): Illuminate\\Routing\\Route->__construct(Array, 'backend/{view}', Array)
#4 /Users/aleksandr/projects/btf/vendor/laravel/framework/src/Illuminate/Routing/Router.php(561): Illuminate\\Routing\\Router->newRoute(Array, 'backend/{view}', Array)
#5 /Users/aleksandr/projects/btf/vendor/laravel/framework/src/Illuminate/Routing/Router.php(541): Illuminate\\Routing\\Router->createRoute(Array, '/backend/{view}', Array)
#6 /Users/aleksandr/projects/btf/vendor/laravel/framework/src/Illuminate/Routing/Router.php(159): Illuminate\\Routing\\Router->addRoute(Array, '/backend/{view}', 'BackendControll...')
#7 /Users/aleksandr/projects/btf/vendor/laravel/framework/src/Illuminate/Support/Facades/Facade.php(357): Illuminate\\Routing\\Router->get('/backend/{view}', 'BackendControll...')
#8 /Users/aleksandr/projects/btf/routes/web.php(25): Illuminate\\Support\\Facades\\Facade::__callStatic('get', Array)
#9 /Users/aleksandr/projects/btf/vendor/laravel/framework/src/Illuminate/Routing/RouteFileRegistrar.php(35): require('/Users/aleksand...')
#10 /Users/aleksandr/projects/btf/vendor/laravel/framework/src/Illuminate/Routing/Router.php(511): Illuminate\\Routing\\RouteFileRegistrar->register('/Users/aleksand...')
#11 /Users/aleksandr/projects/btf/vendor/laravel/framework/src/Illuminate/Routing/Router.php(465): Illuminate\\Routing\\Router->loadRoutes('/Users/aleksand...')
#12 /Users/aleksandr/projects/btf/vendor/laravel/framework/src/Illuminate/Routing/RouteRegistrar.php(194): Illuminate\\Routing\\Router->group(Array, '/Users/aleksand...')
#13 /Users/aleksandr/projects/btf/app/Providers/RouteServiceProvider.php(34): Illuminate\\Routing\\RouteRegistrar->group('/Users/aleksand...')
#14 /Users/aleksandr/projects/btf/vendor/laravel/framework/src/Illuminate/Container/BoundMethod.php(36): App\\Providers\\RouteServiceProvider->App\\Providers\\{closure}()
#15 /Users/aleksandr/projects/btf/vendor/laravel/framework/src/Illuminate/Container/Util.php(41): Illuminate\\Container\\BoundMethod::Illuminate\\Container\\{closure}()
#16 /Users/aleksandr/projects/btf/vendor/laravel/framework/src/Illuminate/Container/BoundMethod.php(81): Illuminate\\Container\\Util::unwrapIfClosure(Object(Closure))
#17 /Users/aleksandr/projects/btf/vendor/laravel/framework/src/Illuminate/Container/BoundMethod.php(35): Illuminate\\Container\\BoundMethod::callBoundMethod(Object(Illuminate\\Foundation\\Application), Object(Closure), Object(Closure))
#18 /Users/aleksandr/projects/btf/vendor/laravel/framework/src/Illuminate/Container/Container.php(662): Illuminate\\Container\\BoundMethod::call(Object(Illuminate\\Foundation\\Application), Object(Closure), Array, NULL)
#19 /Users/aleksandr/projects/btf/vendor/laravel/framework/src/Illuminate/Foundation/Support/Providers/RouteServiceProvider.php(166): Illuminate\\Container\\Container->call(Object(Closure))
#20 /Users/aleksandr/projects/btf/vendor/laravel/framework/src/Illuminate/Foundation/Support/Providers/RouteServiceProvider.php(59): Illuminate\\Foundation\\Support\\Providers\\RouteServiceProvider->loadRoutes()
#21 /Users/aleksandr/projects/btf/vendor/laravel/framework/src/Illuminate/Container/BoundMethod.php(36): Illuminate\\Foundation\\Support\\Providers\\RouteServiceProvider->Illuminate\\Foundation\\Support\\Providers\\{closure}()
#22 /Users/aleksandr/projects/btf/vendor/laravel/framework/src/Illuminate/Container/Util.php(41): Illuminate\\Container\\BoundMethod::Illuminate\\Container\\{closure}()
#23 /Users/aleksandr/projects/btf/vendor/laravel/framework/src/Illuminate/Container/BoundMethod.php(81): Illuminate\\Container\\Util::unwrapIfClosure(Object(Closure))
#24 /Users/aleksandr/projects/btf/vendor/laravel/framework/src/Illuminate/Container/BoundMethod.php(35): Illuminate\\Container\\BoundMethod::callBoundMethod(Object(Illuminate\\Foundation\\Application), Object(Closure), Object(Closure))
#25 /Users/aleksandr/projects/btf/vendor/laravel/framework/src/Illuminate/Container/Container.php(662): Illuminate\\Container\\BoundMethod::call(Object(Illuminate\\Foundation\\Application), Object(Closure), Array, NULL)
#26 /Users/aleksandr/projects/btf/vendor/laravel/framework/src/Illuminate/Support/ServiceProvider.php(126): Illuminate\\Container\\Container->call(Object(Closure))
#27 /Users/aleksandr/projects/btf/vendor/laravel/framework/src/Illuminate/Foundation/Application.php(1117): Illuminate\\Support\\ServiceProvider->callBootedCallbacks()
#28 /Users/aleksandr/projects/btf/vendor/laravel/framework/src/Illuminate/Foundation/Application.php(1095): Illuminate\\Foundation\\Application->bootProvider(Object(App\\Providers\\RouteServiceProvider))
#29 [internal function]: Illuminate\\Foundation\\Application->Illuminate\\Foundation\\{closure}(Object(App\\Providers\\RouteServiceProvider), 'App\\\\Providers\\\\R...')
#30 /Users/aleksandr/projects/btf/vendor/laravel/framework/src/Illuminate/Foundation/Application.php(1094): array_walk(Array, Object(Closure))
#31 /Users/aleksandr/projects/btf/vendor/laravel/framework/src/Illuminate/Foundation/Bootstrap/BootProviders.php(17): Illuminate\\Foundation\\Application->boot()
#32 /Users/aleksandr/projects/btf/vendor/laravel/framework/src/Illuminate/Foundation/Application.php(316): Illuminate\\Foundation\\Bootstrap\\BootProviders->bootstrap(Object(Illuminate\\Foundation\\Application))
#33 /Users/aleksandr/projects/btf/vendor/laravel/framework/src/Illuminate/Foundation/Console/Kernel.php(470): Illuminate\\Foundation\\Application->bootstrapWith(Array)
#34 /Users/aleksandr/projects/btf/vendor/laravel/framework/src/Illuminate/Foundation/Console/Kernel.php(194): Illuminate\\Foundation\\Console\\Kernel->bootstrap()
#35 Command line code(1): Illuminate\\Foundation\\Console\\Kernel->handle(Object(Symfony\\Component\\Console\\Input\\ArgvInput), Object(Symfony\\Component\\Console\\Output\\ConsoleOutput))
#36 {main}
"} 
[2025-04-19 10:17:57] production.ERROR: Invalid route action: [BackendController]. {"exception":"[object] (UnexpectedValueException(code: 0): Invalid route action: [BackendController]. at /Users/aleksandr/projects/btf/vendor/laravel/framework/src/Illuminate/Routing/RouteAction.php:92)
[stacktrace]
#0 /Users/aleksandr/projects/btf/vendor/laravel/framework/src/Illuminate/Routing/RouteAction.php(47): Illuminate\\Routing\\RouteAction::makeInvokable('BackendControll...')
#1 /Users/aleksandr/projects/btf/vendor/laravel/framework/src/Illuminate/Routing/Route.php(192): Illuminate\\Routing\\RouteAction::parse('backend/{view}', Array)
#2 /Users/aleksandr/projects/btf/vendor/laravel/framework/src/Illuminate/Routing/Route.php(173): Illuminate\\Routing\\Route->parseAction(Array)
#3 /Users/aleksandr/projects/btf/vendor/laravel/framework/src/Illuminate/Routing/Router.php(669): Illuminate\\Routing\\Route->__construct(Array, 'backend/{view}', Array)
#4 /Users/aleksandr/projects/btf/vendor/laravel/framework/src/Illuminate/Routing/Router.php(561): Illuminate\\Routing\\Router->newRoute(Array, 'backend/{view}', Array)
#5 /Users/aleksandr/projects/btf/vendor/laravel/framework/src/Illuminate/Routing/Router.php(541): Illuminate\\Routing\\Router->createRoute(Array, '/backend/{view}', Array)
#6 /Users/aleksandr/projects/btf/vendor/laravel/framework/src/Illuminate/Routing/Router.php(159): Illuminate\\Routing\\Router->addRoute(Array, '/backend/{view}', 'BackendControll...')
#7 /Users/aleksandr/projects/btf/vendor/laravel/framework/src/Illuminate/Support/Facades/Facade.php(357): Illuminate\\Routing\\Router->get('/backend/{view}', 'BackendControll...')
#8 /Users/aleksandr/projects/btf/routes/web.php(25): Illuminate\\Support\\Facades\\Facade::__callStatic('get', Array)
#9 /Users/aleksandr/projects/btf/vendor/laravel/framework/src/Illuminate/Routing/RouteFileRegistrar.php(35): require('/Users/aleksand...')
#10 /Users/aleksandr/projects/btf/vendor/laravel/framework/src/Illuminate/Routing/Router.php(511): Illuminate\\Routing\\RouteFileRegistrar->register('/Users/aleksand...')
#11 /Users/aleksandr/projects/btf/vendor/laravel/framework/src/Illuminate/Routing/Router.php(465): Illuminate\\Routing\\Router->loadRoutes('/Users/aleksand...')
#12 /Users/aleksandr/projects/btf/vendor/laravel/framework/src/Illuminate/Routing/RouteRegistrar.php(194): Illuminate\\Routing\\Router->group(Array, '/Users/aleksand...')
#13 /Users/aleksandr/projects/btf/app/Providers/RouteServiceProvider.php(34): Illuminate\\Routing\\RouteRegistrar->group('/Users/aleksand...')
#14 /Users/aleksandr/projects/btf/vendor/laravel/framework/src/Illuminate/Container/BoundMethod.php(36): App\\Providers\\RouteServiceProvider->App\\Providers\\{closure}()
#15 /Users/aleksandr/projects/btf/vendor/laravel/framework/src/Illuminate/Container/Util.php(41): Illuminate\\Container\\BoundMethod::Illuminate\\Container\\{closure}()
#16 /Users/aleksandr/projects/btf/vendor/laravel/framework/src/Illuminate/Container/BoundMethod.php(81): Illuminate\\Container\\Util::unwrapIfClosure(Object(Closure))
#17 /Users/aleksandr/projects/btf/vendor/laravel/framework/src/Illuminate/Container/BoundMethod.php(35): Illuminate\\Container\\BoundMethod::callBoundMethod(Object(Illuminate\\Foundation\\Application), Object(Closure), Object(Closure))
#18 /Users/aleksandr/projects/btf/vendor/laravel/framework/src/Illuminate/Container/Container.php(662): Illuminate\\Container\\BoundMethod::call(Object(Illuminate\\Foundation\\Application), Object(Closure), Array, NULL)
#19 /Users/aleksandr/projects/btf/vendor/laravel/framework/src/Illuminate/Foundation/Support/Providers/RouteServiceProvider.php(166): Illuminate\\Container\\Container->call(Object(Closure))
#20 /Users/aleksandr/projects/btf/vendor/laravel/framework/src/Illuminate/Foundation/Support/Providers/RouteServiceProvider.php(59): Illuminate\\Foundation\\Support\\Providers\\RouteServiceProvider->loadRoutes()
#21 /Users/aleksandr/projects/btf/vendor/laravel/framework/src/Illuminate/Container/BoundMethod.php(36): Illuminate\\Foundation\\Support\\Providers\\RouteServiceProvider->Illuminate\\Foundation\\Support\\Providers\\{closure}()
#22 /Users/aleksandr/projects/btf/vendor/laravel/framework/src/Illuminate/Container/Util.php(41): Illuminate\\Container\\BoundMethod::Illuminate\\Container\\{closure}()
#23 /Users/aleksandr/projects/btf/vendor/laravel/framework/src/Illuminate/Container/BoundMethod.php(81): Illuminate\\Container\\Util::unwrapIfClosure(Object(Closure))
#24 /Users/aleksandr/projects/btf/vendor/laravel/framework/src/Illuminate/Container/BoundMethod.php(35): Illuminate\\Container\\BoundMethod::callBoundMethod(Object(Illuminate\\Foundation\\Application), Object(Closure), Object(Closure))
#25 /Users/aleksandr/projects/btf/vendor/laravel/framework/src/Illuminate/Container/Container.php(662): Illuminate\\Container\\BoundMethod::call(Object(Illuminate\\Foundation\\Application), Object(Closure), Array, NULL)
#26 /Users/aleksandr/projects/btf/vendor/laravel/framework/src/Illuminate/Support/ServiceProvider.php(126): Illuminate\\Container\\Container->call(Object(Closure))
#27 /Users/aleksandr/projects/btf/vendor/laravel/framework/src/Illuminate/Foundation/Application.php(1117): Illuminate\\Support\\ServiceProvider->callBootedCallbacks()
#28 /Users/aleksandr/projects/btf/vendor/laravel/framework/src/Illuminate/Foundation/Application.php(1095): Illuminate\\Foundation\\Application->bootProvider(Object(App\\Providers\\RouteServiceProvider))
#29 [internal function]: Illuminate\\Foundation\\Application->Illuminate\\Foundation\\{closure}(Object(App\\Providers\\RouteServiceProvider), 'App\\\\Providers\\\\R...')
#30 /Users/aleksandr/projects/btf/vendor/laravel/framework/src/Illuminate/Foundation/Application.php(1094): array_walk(Array, Object(Closure))
#31 /Users/aleksandr/projects/btf/vendor/laravel/framework/src/Illuminate/Foundation/Bootstrap/BootProviders.php(17): Illuminate\\Foundation\\Application->boot()
#32 /Users/aleksandr/projects/btf/vendor/laravel/framework/src/Illuminate/Foundation/Application.php(316): Illuminate\\Foundation\\Bootstrap\\BootProviders->bootstrap(Object(Illuminate\\Foundation\\Application))
#33 /Users/aleksandr/projects/btf/vendor/laravel/framework/src/Illuminate/Foundation/Console/Kernel.php(470): Illuminate\\Foundation\\Application->bootstrapWith(Array)
#34 /Users/aleksandr/projects/btf/vendor/laravel/framework/src/Illuminate/Foundation/Console/Kernel.php(194): Illuminate\\Foundation\\Console\\Kernel->bootstrap()
#35 Command line code(1): Illuminate\\Foundation\\Console\\Kernel->handle(Object(Symfony\\Component\\Console\\Input\\ArgvInput), Object(Symfony\\Component\\Console\\Output\\ConsoleOutput))
#36 {main}
"} 
[2025-04-19 10:18:24] production.ERROR: Unable to locate file in Vite manifest: resources/css/backend.css. {"view":{"view":"/Users/aleksandr/projects/btf/resources/views/layouts/backend.blade.php","data":{"your_ip":"<pre class=sf-dump id=sf-dump-938361179 data-indent-pad=\"  \">\"<span class=sf-dump-str title=\"13 characters\">192.168.0.102</span>\"
</pre><script>Sfdump(\"sf-dump-938361179\", {\"maxDepth\":3,\"maxStringLength\":160})</script>
","your_location":"<pre class=sf-dump id=sf-dump-1360871974 data-indent-pad=\"  \">\"<span class=sf-dump-str title=\"19 characters\">Kaliningrad, Russia</span>\"
</pre><script>Sfdump(\"sf-dump-1360871974\", {\"maxDepth\":3,\"maxStringLength\":160})</script>
","errors":"<pre class=sf-dump id=sf-dump-1612278363 data-indent-pad=\"  \"><span class=sf-dump-note>Illuminate\\Support\\ViewErrorBag</span> {<a class=sf-dump-ref>#1976</a><samp data-depth=1 class=sf-dump-expanded>
  #<span class=sf-dump-protected title=\"Protected property\">bags</span>: []
</samp>}
</pre><script>Sfdump(\"sf-dump-1612278363\", {\"maxDepth\":3,\"maxStringLength\":160})</script>
","settings":"<pre class=sf-dump id=sf-dump-1477572976 data-indent-pad=\"  \"><span class=sf-dump-note>array:12</span> [<samp data-depth=1 class=sf-dump-expanded>
  \"<span class=sf-dump-key>phone</span>\" => \"<span class=sf-dump-str title=\"12 characters\">+74012313143</span>\"
  \"<span class=sf-dump-key>address</span>\" => \"<span class=sf-dump-str title=\"46 characters\">&#1075;. &#1050;&#1072;&#1083;&#1080;&#1085;&#1080;&#1085;&#1075;&#1088;&#1072;&#1076;, &#1085;&#1072;&#1073;&#1077;&#1088;&#1077;&#1078;&#1085;&#1072;&#1103; &#1055;&#1088;&#1072;&#1074;&#1072;&#1103;, 10, &#1083;&#1080;&#1090;&#1077;&#1088; &#1042;</span>\"
  \"<span class=sf-dump-key>schedule</span>\" => \"<span class=sf-dump-str title=\"89 characters\">&#1055;&#1085;-&#1055;&#1090;: 09:00 - 18:00, &lt;br class=&quot;d-md-none&quot;&gt; &#1055;&#1077;&#1088;&#1077;&#1088;&#1099;&#1074;: 13:00 - 14:00 &lt;br&gt; &#1057;&#1073;, &#1042;&#1089;: &#1042;&#1099;&#1093;&#1086;&#1076;&#1085;&#1086;&#1081;</span>\"
  \"<span class=sf-dump-key>coords</span>\" => \"<span class=sf-dump-str title=\"19 characters\">54.947113,20.159578</span>\"
  \"<span class=sf-dump-key>sitename</span>\" => \"<span class=sf-dump-str title=\"27 characters\">&#1041;&#1072;&#1083;&#1090;&#1080;&#1081;&#1089;&#1082;&#1072;&#1103; &#1090;&#1072;&#1073;&#1072;&#1095;&#1085;&#1072;&#1103; &#1092;&#1072;&#1073;&#1088;&#1080;&#1082;&#1072;</span>\"
  \"<span class=sf-dump-key>email</span>\" => \"<span class=sf-dump-str title=\"20 characters\">sekretar-kd@btf39.su</span>\"
  \"<span class=sf-dump-key>phone2</span>\" => \"<span class=sf-dump-str title=\"12 characters\">+74012313143</span>\"
  \"<span class=sf-dump-key>mobile</span>\" => \"<span class=sf-dump-str title=\"12 characters\">+79114547331</span>\"
  \"<span class=sf-dump-key>brands_count</span>\" => \"<span class=sf-dump-str title=\"2 characters\">15</span>\"
  \"<span class=sf-dump-key>distributors_count</span>\" => \"<span class=sf-dump-str title=\"2 characters\">20</span>\"
  \"<span class=sf-dump-key>years_count</span>\" => \"<span class=sf-dump-str title=\"2 characters\">27</span>\"
  \"<span class=sf-dump-key>employees_count</span>\" => \"<span class=sf-dump-str title=\"3 characters\">245</span>\"
</samp>]
</pre><script>Sfdump(\"sf-dump-1477572976\", {\"maxDepth\":3,\"maxStringLength\":160})</script>
","currencySymbol":"<pre class=sf-dump id=sf-dump-282924345 data-indent-pad=\"  \">\"<span class=sf-dump-str title=\"2 characters\">&#1088;.</span>\"
</pre><script>Sfdump(\"sf-dump-282924345\", {\"maxDepth\":3,\"maxStringLength\":160})</script>
","currencies":"<pre class=sf-dump id=sf-dump-1184478678 data-indent-pad=\"  \"><span class=sf-dump-note>array:3</span> [<samp data-depth=1 class=sf-dump-expanded>
  \"<span class=sf-dump-key>RUB</span>\" => <span class=sf-dump-note title=\"App\\Models\\Currency
\"><span class=\"sf-dump-ellipsis sf-dump-ellipsis-note\">App\\Models</span><span class=\"sf-dump-ellipsis sf-dump-ellipsis-note\">\\</span>Currency</span> {<a class=sf-dump-ref>#1998</a><samp data-depth=2 class=sf-dump-compact>
    #<span class=sf-dump-protected title=\"Protected property\">connection</span>: \"<span class=sf-dump-str title=\"5 characters\">mysql</span>\"
    #<span class=sf-dump-protected title=\"Protected property\">table</span>: \"<span class=sf-dump-str title=\"10 characters\">currencies</span>\"
    #<span class=sf-dump-protected title=\"Protected property\">primaryKey</span>: \"<span class=sf-dump-str title=\"2 characters\">id</span>\"
    #<span class=sf-dump-protected title=\"Protected property\">keyType</span>: \"<span class=sf-dump-str title=\"3 characters\">int</span>\"
    +<span class=sf-dump-public title=\"Public property\">incrementing</span>: <span class=sf-dump-const>true</span>
    #<span class=sf-dump-protected title=\"Protected property\">with</span>: []
    #<span class=sf-dump-protected title=\"Protected property\">withCount</span>: []
    +<span class=sf-dump-public title=\"Public property\">preventsLazyLoading</span>: <span class=sf-dump-const>false</span>
    #<span class=sf-dump-protected title=\"Protected property\">perPage</span>: <span class=sf-dump-num>15</span>
    +<span class=sf-dump-public title=\"Public property\">exists</span>: <span class=sf-dump-const>true</span>
    +<span class=sf-dump-public title=\"Public property\">wasRecentlyCreated</span>: <span class=sf-dump-const>false</span>
    #<span class=sf-dump-protected title=\"Protected property\">escapeWhenCastingToString</span>: <span class=sf-dump-const>false</span>
    #<span class=sf-dump-protected title=\"Protected property\">attributes</span>: <span class=sf-dump-note>array:8</span> [<samp data-depth=3 class=sf-dump-compact>
      \"<span class=sf-dump-key>id</span>\" => <span class=sf-dump-num>1</span>
      \"<span class=sf-dump-key>code</span>\" => \"<span class=sf-dump-str title=\"3 characters\">RUB</span>\"
      \"<span class=sf-dump-key>name</span>\" => \"<span class=sf-dump-str title=\"5 characters\">&#1056;&#1091;&#1073;&#1083;&#1080;</span>\"
      \"<span class=sf-dump-key>symbol</span>\" => \"<span class=sf-dump-str>&#8381;</span>\"
      \"<span class=sf-dump-key>is_main</span>\" => <span class=sf-dump-num>1</span>
      \"<span class=sf-dump-key>rate</span>\" => <span class=sf-dump-num>1.0</span>
      \"<span class=sf-dump-key>created_at</span>\" => <span class=sf-dump-const>null</span>
      \"<span class=sf-dump-key>updated_at</span>\" => \"<span class=sf-dump-str title=\"19 characters\">2024-03-31 12:06:01</span>\"
    </samp>]
    #<span class=sf-dump-protected title=\"Protected property\">original</span>: <span class=sf-dump-note>array:8</span> [<samp data-depth=3 class=sf-dump-compact>
      \"<span class=sf-dump-key>id</span>\" => <span class=sf-dump-num>1</span>
      \"<span class=sf-dump-key>code</span>\" => \"<span class=sf-dump-str title=\"3 characters\">RUB</span>\"
      \"<span class=sf-dump-key>name</span>\" => \"<span class=sf-dump-str title=\"5 characters\">&#1056;&#1091;&#1073;&#1083;&#1080;</span>\"
      \"<span class=sf-dump-key>symbol</span>\" => \"<span class=sf-dump-str>&#8381;</span>\"
      \"<span class=sf-dump-key>is_main</span>\" => <span class=sf-dump-num>1</span>
      \"<span class=sf-dump-key>rate</span>\" => <span class=sf-dump-num>1.0</span>
      \"<span class=sf-dump-key>created_at</span>\" => <span class=sf-dump-const>null</span>
      \"<span class=sf-dump-key>updated_at</span>\" => \"<span class=sf-dump-str title=\"19 characters\">2024-03-31 12:06:01</span>\"
    </samp>]
    #<span class=sf-dump-protected title=\"Protected property\">changes</span>: []
    #<span class=sf-dump-protected title=\"Protected property\">casts</span>: []
    #<span class=sf-dump-protected title=\"Protected property\">classCastCache</span>: []
    #<span class=sf-dump-protected title=\"Protected property\">attributeCastCache</span>: []
    #<span class=sf-dump-protected title=\"Protected property\">dateFormat</span>: <span class=sf-dump-const>null</span>
    #<span class=sf-dump-protected title=\"Protected property\">appends</span>: []
    #<span class=sf-dump-protected title=\"Protected property\">dispatchesEvents</span>: []
    #<span class=sf-dump-protected title=\"Protected property\">observables</span>: []
    #<span class=sf-dump-protected title=\"Protected property\">relations</span>: []
    #<span class=sf-dump-protected title=\"Protected property\">touches</span>: []
    +<span class=sf-dump-public title=\"Public property\">timestamps</span>: <span class=sf-dump-const>true</span>
    +<span class=sf-dump-public title=\"Public property\">usesUniqueIds</span>: <span class=sf-dump-const>false</span>
    #<span class=sf-dump-protected title=\"Protected property\">hidden</span>: []
    #<span class=sf-dump-protected title=\"Protected property\">visible</span>: []
    #<span class=sf-dump-protected title=\"Protected property\">fillable</span>: <span class=sf-dump-note>array:1</span> [<samp data-depth=3 class=sf-dump-compact>
      <span class=sf-dump-index>0</span> => \"<span class=sf-dump-str title=\"4 characters\">rate</span>\"
    </samp>]
    #<span class=sf-dump-protected title=\"Protected property\">guarded</span>: <span class=sf-dump-note>array:1</span> [<samp data-depth=3 class=sf-dump-compact>
      <span class=sf-dump-index>0</span> => \"<span class=sf-dump-str>*</span>\"
    </samp>]
  </samp>}
  \"<span class=sf-dump-key>USD</span>\" => <span class=sf-dump-note title=\"App\\Models\\Currency
\"><span class=\"sf-dump-ellipsis sf-dump-ellipsis-note\">App\\Models</span><span class=\"sf-dump-ellipsis sf-dump-ellipsis-note\">\\</span>Currency</span> {<a class=sf-dump-ref>#2039</a><samp data-depth=2 class=sf-dump-compact>
    #<span class=sf-dump-protected title=\"Protected property\">connection</span>: \"<span class=sf-dump-str title=\"5 characters\">mysql</span>\"
    #<span class=sf-dump-protected title=\"Protected property\">table</span>: \"<span class=sf-dump-str title=\"10 characters\">currencies</span>\"
    #<span class=sf-dump-protected title=\"Protected property\">primaryKey</span>: \"<span class=sf-dump-str title=\"2 characters\">id</span>\"
    #<span class=sf-dump-protected title=\"Protected property\">keyType</span>: \"<span class=sf-dump-str title=\"3 characters\">int</span>\"
    +<span class=sf-dump-public title=\"Public property\">incrementing</span>: <span class=sf-dump-const>true</span>
    #<span class=sf-dump-protected title=\"Protected property\">with</span>: []
    #<span class=sf-dump-protected title=\"Protected property\">withCount</span>: []
    +<span class=sf-dump-public title=\"Public property\">preventsLazyLoading</span>: <span class=sf-dump-const>false</span>
    #<span class=sf-dump-protected title=\"Protected property\">perPage</span>: <span class=sf-dump-num>15</span>
    +<span class=sf-dump-public title=\"Public property\">exists</span>: <span class=sf-dump-const>true</span>
    +<span class=sf-dump-public title=\"Public property\">wasRecentlyCreated</span>: <span class=sf-dump-const>false</span>
    #<span class=sf-dump-protected title=\"Protected property\">escapeWhenCastingToString</span>: <span class=sf-dump-const>false</span>
    #<span class=sf-dump-protected title=\"Protected property\">attributes</span>: <span class=sf-dump-note>array:8</span> [<samp data-depth=3 class=sf-dump-compact>
      \"<span class=sf-dump-key>id</span>\" => <span class=sf-dump-num>2</span>
      \"<span class=sf-dump-key>code</span>\" => \"<span class=sf-dump-str title=\"3 characters\">USD</span>\"
      \"<span class=sf-dump-key>name</span>\" => \"<span class=sf-dump-str title=\"7 characters\">&#1044;&#1086;&#1083;&#1083;&#1072;&#1088;&#1099;</span>\"
      \"<span class=sf-dump-key>symbol</span>\" => \"<span class=sf-dump-str>$</span>\"
      \"<span class=sf-dump-key>is_main</span>\" => <span class=sf-dump-num>0</span>
      \"<span class=sf-dump-key>rate</span>\" => <span class=sf-dump-num>0.0108019931</span>
      \"<span class=sf-dump-key>created_at</span>\" => <span class=sf-dump-const>null</span>
      \"<span class=sf-dump-key>updated_at</span>\" => \"<span class=sf-dump-str title=\"19 characters\">2024-03-31 12:56:29</span>\"
    </samp>]
    #<span class=sf-dump-protected title=\"Protected property\">original</span>: <span class=sf-dump-note>array:8</span> [<samp data-depth=3 class=sf-dump-compact>
      \"<span class=sf-dump-key>id</span>\" => <span class=sf-dump-num>2</span>
      \"<span class=sf-dump-key>code</span>\" => \"<span class=sf-dump-str title=\"3 characters\">USD</span>\"
      \"<span class=sf-dump-key>name</span>\" => \"<span class=sf-dump-str title=\"7 characters\">&#1044;&#1086;&#1083;&#1083;&#1072;&#1088;&#1099;</span>\"
      \"<span class=sf-dump-key>symbol</span>\" => \"<span class=sf-dump-str>$</span>\"
      \"<span class=sf-dump-key>is_main</span>\" => <span class=sf-dump-num>0</span>
      \"<span class=sf-dump-key>rate</span>\" => <span class=sf-dump-num>0.0108019931</span>
      \"<span class=sf-dump-key>created_at</span>\" => <span class=sf-dump-const>null</span>
      \"<span class=sf-dump-key>updated_at</span>\" => \"<span class=sf-dump-str title=\"19 characters\">2024-03-31 12:56:29</span>\"
    </samp>]
    #<span class=sf-dump-protected title=\"Protected property\">changes</span>: []
    #<span class=sf-dump-protected title=\"Protected property\">casts</span>: []
    #<span class=sf-dump-protected title=\"Protected property\">classCastCache</span>: []
    #<span class=sf-dump-protected title=\"Protected property\">attributeCastCache</span>: []
    #<span class=sf-dump-protected title=\"Protected property\">dateFormat</span>: <span class=sf-dump-const>null</span>
    #<span class=sf-dump-protected title=\"Protected property\">appends</span>: []
    #<span class=sf-dump-protected title=\"Protected property\">dispatchesEvents</span>: []
    #<span class=sf-dump-protected title=\"Protected property\">observables</span>: []
    #<span class=sf-dump-protected title=\"Protected property\">relations</span>: []
    #<span class=sf-dump-protected title=\"Protected property\">touches</span>: []
    +<span class=sf-dump-public title=\"Public property\">timestamps</span>: <span class=sf-dump-const>true</span>
    +<span class=sf-dump-public title=\"Public property\">usesUniqueIds</span>: <span class=sf-dump-const>false</span>
    #<span class=sf-dump-protected title=\"Protected property\">hidden</span>: []
    #<span class=sf-dump-protected title=\"Protected property\">visible</span>: []
    #<span class=sf-dump-protected title=\"Protected property\">fillable</span>: <span class=sf-dump-note>array:1</span> [<samp data-depth=3 class=sf-dump-compact>
      <span class=sf-dump-index>0</span> => \"<span class=sf-dump-str title=\"4 characters\">rate</span>\"
    </samp>]
    #<span class=sf-dump-protected title=\"Protected property\">guarded</span>: <span class=sf-dump-note>array:1</span> [<samp data-depth=3 class=sf-dump-compact>
      <span class=sf-dump-index>0</span> => \"<span class=sf-dump-str>*</span>\"
    </samp>]
  </samp>}
  \"<span class=sf-dump-key>EUR</span>\" => <span class=sf-dump-note title=\"App\\Models\\Currency
\"><span class=\"sf-dump-ellipsis sf-dump-ellipsis-note\">App\\Models</span><span class=\"sf-dump-ellipsis sf-dump-ellipsis-note\">\\</span>Currency</span> {<a class=sf-dump-ref>#2038</a><samp data-depth=2 class=sf-dump-compact>
    #<span class=sf-dump-protected title=\"Protected property\">connection</span>: \"<span class=sf-dump-str title=\"5 characters\">mysql</span>\"
    #<span class=sf-dump-protected title=\"Protected property\">table</span>: \"<span class=sf-dump-str title=\"10 characters\">currencies</span>\"
    #<span class=sf-dump-protected title=\"Protected property\">primaryKey</span>: \"<span class=sf-dump-str title=\"2 characters\">id</span>\"
    #<span class=sf-dump-protected title=\"Protected property\">keyType</span>: \"<span class=sf-dump-str title=\"3 characters\">int</span>\"
    +<span class=sf-dump-public title=\"Public property\">incrementing</span>: <span class=sf-dump-const>true</span>
    #<span class=sf-dump-protected title=\"Protected property\">with</span>: []
    #<span class=sf-dump-protected title=\"Protected property\">withCount</span>: []
    +<span class=sf-dump-public title=\"Public property\">preventsLazyLoading</span>: <span class=sf-dump-const>false</span>
    #<span class=sf-dump-protected title=\"Protected property\">perPage</span>: <span class=sf-dump-num>15</span>
    +<span class=sf-dump-public title=\"Public property\">exists</span>: <span class=sf-dump-const>true</span>
    +<span class=sf-dump-public title=\"Public property\">wasRecentlyCreated</span>: <span class=sf-dump-const>false</span>
    #<span class=sf-dump-protected title=\"Protected property\">escapeWhenCastingToString</span>: <span class=sf-dump-const>false</span>
    #<span class=sf-dump-protected title=\"Protected property\">attributes</span>: <span class=sf-dump-note>array:8</span> [<samp data-depth=3 class=sf-dump-compact>
      \"<span class=sf-dump-key>id</span>\" => <span class=sf-dump-num>3</span>
      \"<span class=sf-dump-key>code</span>\" => \"<span class=sf-dump-str title=\"3 characters\">EUR</span>\"
      \"<span class=sf-dump-key>name</span>\" => \"<span class=sf-dump-str title=\"4 characters\">&#1045;&#1074;&#1088;&#1086;</span>\"
      \"<span class=sf-dump-key>symbol</span>\" => \"<span class=sf-dump-str>&#8364;</span>\"
      \"<span class=sf-dump-key>is_main</span>\" => <span class=sf-dump-num>0</span>
      \"<span class=sf-dump-key>rate</span>\" => <span class=sf-dump-num>0.0100045918</span>
      \"<span class=sf-dump-key>created_at</span>\" => <span class=sf-dump-const>null</span>
      \"<span class=sf-dump-key>updated_at</span>\" => \"<span class=sf-dump-str title=\"19 characters\">2024-03-31 12:56:29</span>\"
    </samp>]
    #<span class=sf-dump-protected title=\"Protected property\">original</span>: <span class=sf-dump-note>array:8</span> [<samp data-depth=3 class=sf-dump-compact>
      \"<span class=sf-dump-key>id</span>\" => <span class=sf-dump-num>3</span>
      \"<span class=sf-dump-key>code</span>\" => \"<span class=sf-dump-str title=\"3 characters\">EUR</span>\"
      \"<span class=sf-dump-key>name</span>\" => \"<span class=sf-dump-str title=\"4 characters\">&#1045;&#1074;&#1088;&#1086;</span>\"
      \"<span class=sf-dump-key>symbol</span>\" => \"<span class=sf-dump-str>&#8364;</span>\"
      \"<span class=sf-dump-key>is_main</span>\" => <span class=sf-dump-num>0</span>
      \"<span class=sf-dump-key>rate</span>\" => <span class=sf-dump-num>0.0100045918</span>
      \"<span class=sf-dump-key>created_at</span>\" => <span class=sf-dump-const>null</span>
      \"<span class=sf-dump-key>updated_at</span>\" => \"<span class=sf-dump-str title=\"19 characters\">2024-03-31 12:56:29</span>\"
    </samp>]
    #<span class=sf-dump-protected title=\"Protected property\">changes</span>: []
    #<span class=sf-dump-protected title=\"Protected property\">casts</span>: []
    #<span class=sf-dump-protected title=\"Protected property\">classCastCache</span>: []
    #<span class=sf-dump-protected title=\"Protected property\">attributeCastCache</span>: []
    #<span class=sf-dump-protected title=\"Protected property\">dateFormat</span>: <span class=sf-dump-const>null</span>
    #<span class=sf-dump-protected title=\"Protected property\">appends</span>: []
    #<span class=sf-dump-protected title=\"Protected property\">dispatchesEvents</span>: []
    #<span class=sf-dump-protected title=\"Protected property\">observables</span>: []
    #<span class=sf-dump-protected title=\"Protected property\">relations</span>: []
    #<span class=sf-dump-protected title=\"Protected property\">touches</span>: []
    +<span class=sf-dump-public title=\"Public property\">timestamps</span>: <span class=sf-dump-const>true</span>
    +<span class=sf-dump-public title=\"Public property\">usesUniqueIds</span>: <span class=sf-dump-const>false</span>
    #<span class=sf-dump-protected title=\"Protected property\">hidden</span>: []
    #<span class=sf-dump-protected title=\"Protected property\">visible</span>: []
    #<span class=sf-dump-protected title=\"Protected property\">fillable</span>: <span class=sf-dump-note>array:1</span> [<samp data-depth=3 class=sf-dump-compact>
      <span class=sf-dump-index>0</span> => \"<span class=sf-dump-str title=\"4 characters\">rate</span>\"
    </samp>]
    #<span class=sf-dump-protected title=\"Protected property\">guarded</span>: <span class=sf-dump-note>array:1</span> [<samp data-depth=3 class=sf-dump-compact>
      <span class=sf-dump-index>0</span> => \"<span class=sf-dump-str>*</span>\"
    </samp>]
  </samp>}
</samp>]
</pre><script>Sfdump(\"sf-dump-1184478678\", {\"maxDepth\":3,\"maxStringLength\":160})</script>
"}},"exception":"[object] (Spatie\\LaravelIgnition\\Exceptions\\ViewException(code: 0): Unable to locate file in Vite manifest: resources/css/backend.css. at /Users/aleksandr/projects/btf/vendor/laravel/framework/src/Illuminate/Foundation/Vite.php:781)
[stacktrace]
#0 /Users/aleksandr/projects/btf/vendor/laravel/framework/src/Illuminate/Foundation/Vite.php(299): Illuminate\\Foundation\\Vite->chunk(Array, 'resources/css/b...')
#1 /Users/aleksandr/projects/btf/resources/views/layouts/backend.blade.php(10): Illuminate\\Foundation\\Vite->__invoke(Object(Illuminate\\Support\\Collection))
#2 /Users/aleksandr/projects/btf/vendor/laravel/framework/src/Illuminate/Filesystem/Filesystem.php(123): require('/Users/aleksand...')
#3 /Users/aleksandr/projects/btf/vendor/laravel/framework/src/Illuminate/Filesystem/Filesystem.php(124): Illuminate\\Filesystem\\Filesystem::Illuminate\\Filesystem\\{closure}()
#4 /Users/aleksandr/projects/btf/vendor/laravel/framework/src/Illuminate/View/Engines/PhpEngine.php(58): Illuminate\\Filesystem\\Filesystem->getRequire('/Users/aleksand...', Array)
#5 /Users/aleksandr/projects/btf/vendor/laravel/framework/src/Illuminate/View/Engines/CompilerEngine.php(73): Illuminate\\View\\Engines\\PhpEngine->evaluatePath('/Users/aleksand...', Array)
#6 /Users/aleksandr/projects/btf/vendor/laravel/framework/src/Illuminate/View/View.php(208): Illuminate\\View\\Engines\\CompilerEngine->get('/Users/aleksand...', Array)
#7 /Users/aleksandr/projects/btf/vendor/laravel/framework/src/Illuminate/View/View.php(191): Illuminate\\View\\View->getContents()
#8 /Users/aleksandr/projects/btf/vendor/laravel/framework/src/Illuminate/View/View.php(160): Illuminate\\View\\View->renderContents()
#9 /Users/aleksandr/projects/btf/vendor/laravel/framework/src/Illuminate/Http/Response.php(70): Illuminate\\View\\View->render()
#10 /Users/aleksandr/projects/btf/vendor/laravel/framework/src/Illuminate/Http/Response.php(35): Illuminate\\Http\\Response->setContent(Object(Illuminate\\View\\View))
#11 /Users/aleksandr/projects/btf/vendor/laravel/framework/src/Illuminate/Routing/Router.php(918): Illuminate\\Http\\Response->__construct(Object(Illuminate\\View\\View), 200, Array)
#12 /Users/aleksandr/projects/btf/vendor/laravel/framework/src/Illuminate/Routing/Router.php(885): Illuminate\\Routing\\Router::toResponse(Object(Illuminate\\Http\\Request), Object(Illuminate\\View\\View))
#13 /Users/aleksandr/projects/btf/vendor/laravel/framework/src/Illuminate/Routing/Router.php(805): Illuminate\\Routing\\Router->prepareResponse(Object(Illuminate\\Http\\Request), Object(Illuminate\\View\\View))
#14 /Users/aleksandr/projects/btf/vendor/laravel/framework/src/Illuminate/Pipeline/Pipeline.php(144): Illuminate\\Routing\\Router->Illuminate\\Routing\\{closure}(Object(Illuminate\\Http\\Request))
#15 /Users/aleksandr/projects/btf/app/Http/Middleware/UserActivity.php(20): Illuminate\\Pipeline\\Pipeline->Illuminate\\Pipeline\\{closure}(Object(Illuminate\\Http\\Request))
#16 /Users/aleksandr/projects/btf/vendor/laravel/framework/src/Illuminate/Pipeline/Pipeline.php(183): App\\Http\\Middleware\\UserActivity->handle(Object(Illuminate\\Http\\Request), Object(Closure))
#17 /Users/aleksandr/projects/btf/app/Http/Middleware/SetLocale.php(51): Illuminate\\Pipeline\\Pipeline->Illuminate\\Pipeline\\{closure}(Object(Illuminate\\Http\\Request))
#18 /Users/aleksandr/projects/btf/vendor/laravel/framework/src/Illuminate/Pipeline/Pipeline.php(183): App\\Http\\Middleware\\SetLocale->handle(Object(Illuminate\\Http\\Request), Object(Closure))
#19 /Users/aleksandr/projects/btf/vendor/erlandmuchasaj/laravel-gzip/src/Middleware/GzipEncodeResponse.php(19): Illuminate\\Pipeline\\Pipeline->Illuminate\\Pipeline\\{closure}(Object(Illuminate\\Http\\Request))
#20 /Users/aleksandr/projects/btf/vendor/laravel/framework/src/Illuminate/Pipeline/Pipeline.php(183): ErlandMuchasaj\\LaravelGzip\\Middleware\\GzipEncodeResponse->handle(Object(Illuminate\\Http\\Request), Object(Closure))
#21 /Users/aleksandr/projects/btf/vendor/laravel/framework/src/Illuminate/Routing/Middleware/SubstituteBindings.php(50): Illuminate\\Pipeline\\Pipeline->Illuminate\\Pipeline\\{closure}(Object(Illuminate\\Http\\Request))
#22 /Users/aleksandr/projects/btf/vendor/laravel/framework/src/Illuminate/Pipeline/Pipeline.php(183): Illuminate\\Routing\\Middleware\\SubstituteBindings->handle(Object(Illuminate\\Http\\Request), Object(Closure))
#23 /Users/aleksandr/projects/btf/vendor/laravel/framework/src/Illuminate/Foundation/Http/Middleware/VerifyCsrfToken.php(88): Illuminate\\Pipeline\\Pipeline->Illuminate\\Pipeline\\{closure}(Object(Illuminate\\Http\\Request))
#24 /Users/aleksandr/projects/btf/vendor/laravel/framework/src/Illuminate/Pipeline/Pipeline.php(183): Illuminate\\Foundation\\Http\\Middleware\\VerifyCsrfToken->handle(Object(Illuminate\\Http\\Request), Object(Closure))
#25 /Users/aleksandr/projects/btf/vendor/laravel/framework/src/Illuminate/View/Middleware/ShareErrorsFromSession.php(49): Illuminate\\Pipeline\\Pipeline->Illuminate\\Pipeline\\{closure}(Object(Illuminate\\Http\\Request))
#26 /Users/aleksandr/projects/btf/vendor/laravel/framework/src/Illuminate/Pipeline/Pipeline.php(183): Illuminate\\View\\Middleware\\ShareErrorsFromSession->handle(Object(Illuminate\\Http\\Request), Object(Closure))
#27 /Users/aleksandr/projects/btf/vendor/laravel/framework/src/Illuminate/Session/Middleware/StartSession.php(121): Illuminate\\Pipeline\\Pipeline->Illuminate\\Pipeline\\{closure}(Object(Illuminate\\Http\\Request))
#28 /Users/aleksandr/projects/btf/vendor/laravel/framework/src/Illuminate/Session/Middleware/StartSession.php(64): Illuminate\\Session\\Middleware\\StartSession->handleStatefulRequest(Object(Illuminate\\Http\\Request), Object(Illuminate\\Session\\Store), Object(Closure))
#29 /Users/aleksandr/projects/btf/vendor/laravel/framework/src/Illuminate/Pipeline/Pipeline.php(183): Illuminate\\Session\\Middleware\\StartSession->handle(Object(Illuminate\\Http\\Request), Object(Closure))
#30 /Users/aleksandr/projects/btf/vendor/laravel/framework/src/Illuminate/Cookie/Middleware/AddQueuedCookiesToResponse.php(37): Illuminate\\Pipeline\\Pipeline->Illuminate\\Pipeline\\{closure}(Object(Illuminate\\Http\\Request))
#31 /Users/aleksandr/projects/btf/vendor/laravel/framework/src/Illuminate/Pipeline/Pipeline.php(183): Illuminate\\Cookie\\Middleware\\AddQueuedCookiesToResponse->handle(Object(Illuminate\\Http\\Request), Object(Closure))
#32 /Users/aleksandr/projects/btf/vendor/laravel/framework/src/Illuminate/Cookie/Middleware/EncryptCookies.php(75): Illuminate\\Pipeline\\Pipeline->Illuminate\\Pipeline\\{closure}(Object(Illuminate\\Http\\Request))
#33 /Users/aleksandr/projects/btf/vendor/laravel/framework/src/Illuminate/Pipeline/Pipeline.php(183): Illuminate\\Cookie\\Middleware\\EncryptCookies->handle(Object(Illuminate\\Http\\Request), Object(Closure))
#34 /Users/aleksandr/projects/btf/vendor/laravel/framework/src/Illuminate/Pipeline/Pipeline.php(119): Illuminate\\Pipeline\\Pipeline->Illuminate\\Pipeline\\{closure}(Object(Illuminate\\Http\\Request))
#35 /Users/aleksandr/projects/btf/vendor/laravel/framework/src/Illuminate/Routing/Router.php(805): Illuminate\\Pipeline\\Pipeline->then(Object(Closure))
#36 /Users/aleksandr/projects/btf/vendor/laravel/framework/src/Illuminate/Routing/Router.php(784): Illuminate\\Routing\\Router->runRouteWithinStack(Object(Illuminate\\Routing\\Route), Object(Illuminate\\Http\\Request))
#37 /Users/aleksandr/projects/btf/vendor/laravel/framework/src/Illuminate/Routing/Router.php(748): Illuminate\\Routing\\Router->runRoute(Object(Illuminate\\Http\\Request), Object(Illuminate\\Routing\\Route))
#38 /Users/aleksandr/projects/btf/vendor/laravel/framework/src/Illuminate/Routing/Router.php(737): Illuminate\\Routing\\Router->dispatchToRoute(Object(Illuminate\\Http\\Request))
#39 /Users/aleksandr/projects/btf/vendor/laravel/framework/src/Illuminate/Foundation/Http/Kernel.php(200): Illuminate\\Routing\\Router->dispatch(Object(Illuminate\\Http\\Request))
#40 /Users/aleksandr/projects/btf/vendor/laravel/framework/src/Illuminate/Pipeline/Pipeline.php(144): Illuminate\\Foundation\\Http\\Kernel->Illuminate\\Foundation\\Http\\{closure}(Object(Illuminate\\Http\\Request))
#41 /Users/aleksandr/projects/btf/vendor/barryvdh/laravel-debugbar/src/Middleware/InjectDebugbar.php(66): Illuminate\\Pipeline\\Pipeline->Illuminate\\Pipeline\\{closure}(Object(Illuminate\\Http\\Request))
#42 /Users/aleksandr/projects/btf/vendor/laravel/framework/src/Illuminate/Pipeline/Pipeline.php(183): Barryvdh\\Debugbar\\Middleware\\InjectDebugbar->handle(Object(Illuminate\\Http\\Request), Object(Closure))
#43 /Users/aleksandr/projects/btf/vendor/laravel/framework/src/Illuminate/Foundation/Http/Middleware/TransformsRequest.php(21): Illuminate\\Pipeline\\Pipeline->Illuminate\\Pipeline\\{closure}(Object(Illuminate\\Http\\Request))
#44 /Users/aleksandr/projects/btf/vendor/laravel/framework/src/Illuminate/Foundation/Http/Middleware/ConvertEmptyStringsToNull.php(31): Illuminate\\Foundation\\Http\\Middleware\\TransformsRequest->handle(Object(Illuminate\\Http\\Request), Object(Closure))
#45 /Users/aleksandr/projects/btf/vendor/laravel/framework/src/Illuminate/Pipeline/Pipeline.php(183): Illuminate\\Foundation\\Http\\Middleware\\ConvertEmptyStringsToNull->handle(Object(Illuminate\\Http\\Request), Object(Closure))
#46 /Users/aleksandr/projects/btf/vendor/laravel/framework/src/Illuminate/Foundation/Http/Middleware/TransformsRequest.php(21): Illuminate\\Pipeline\\Pipeline->Illuminate\\Pipeline\\{closure}(Object(Illuminate\\Http\\Request))
#47 /Users/aleksandr/projects/btf/vendor/laravel/framework/src/Illuminate/Foundation/Http/Middleware/TrimStrings.php(51): Illuminate\\Foundation\\Http\\Middleware\\TransformsRequest->handle(Object(Illuminate\\Http\\Request), Object(Closure))
#48 /Users/aleksandr/projects/btf/vendor/laravel/framework/src/Illuminate/Pipeline/Pipeline.php(183): Illuminate\\Foundation\\Http\\Middleware\\TrimStrings->handle(Object(Illuminate\\Http\\Request), Object(Closure))
#49 /Users/aleksandr/projects/btf/vendor/laravel/framework/src/Illuminate/Http/Middleware/ValidatePostSize.php(27): Illuminate\\Pipeline\\Pipeline->Illuminate\\Pipeline\\{closure}(Object(Illuminate\\Http\\Request))
#50 /Users/aleksandr/projects/btf/vendor/laravel/framework/src/Illuminate/Pipeline/Pipeline.php(183): Illuminate\\Http\\Middleware\\ValidatePostSize->handle(Object(Illuminate\\Http\\Request), Object(Closure))
#51 /Users/aleksandr/projects/btf/vendor/laravel/framework/src/Illuminate/Foundation/Http/Middleware/PreventRequestsDuringMaintenance.php(110): Illuminate\\Pipeline\\Pipeline->Illuminate\\Pipeline\\{closure}(Object(Illuminate\\Http\\Request))
#52 /Users/aleksandr/projects/btf/vendor/laravel/framework/src/Illuminate/Pipeline/Pipeline.php(183): Illuminate\\Foundation\\Http\\Middleware\\PreventRequestsDuringMaintenance->handle(Object(Illuminate\\Http\\Request), Object(Closure))
#53 /Users/aleksandr/projects/btf/vendor/laravel/framework/src/Illuminate/Http/Middleware/HandleCors.php(49): Illuminate\\Pipeline\\Pipeline->Illuminate\\Pipeline\\{closure}(Object(Illuminate\\Http\\Request))
#54 /Users/aleksandr/projects/btf/vendor/laravel/framework/src/Illuminate/Pipeline/Pipeline.php(183): Illuminate\\Http\\Middleware\\HandleCors->handle(Object(Illuminate\\Http\\Request), Object(Closure))
#55 /Users/aleksandr/projects/btf/vendor/laravel/framework/src/Illuminate/Http/Middleware/TrustProxies.php(57): Illuminate\\Pipeline\\Pipeline->Illuminate\\Pipeline\\{closure}(Object(Illuminate\\Http\\Request))
#56 /Users/aleksandr/projects/btf/vendor/laravel/framework/src/Illuminate/Pipeline/Pipeline.php(183): Illuminate\\Http\\Middleware\\TrustProxies->handle(Object(Illuminate\\Http\\Request), Object(Closure))
#57 /Users/aleksandr/projects/btf/vendor/laravel/framework/src/Illuminate/Pipeline/Pipeline.php(119): Illuminate\\Pipeline\\Pipeline->Illuminate\\Pipeline\\{closure}(Object(Illuminate\\Http\\Request))
#58 /Users/aleksandr/projects/btf/vendor/laravel/framework/src/Illuminate/Foundation/Http/Kernel.php(175): Illuminate\\Pipeline\\Pipeline->then(Object(Closure))
#59 /Users/aleksandr/projects/btf/vendor/laravel/framework/src/Illuminate/Foundation/Http/Kernel.php(144): Illuminate\\Foundation\\Http\\Kernel->sendRequestThroughRouter(Object(Illuminate\\Http\\Request))
#60 /Users/aleksandr/projects/btf/public/index.php(50): Illuminate\\Foundation\\Http\\Kernel->handle(Object(Illuminate\\Http\\Request))
#61 /Users/aleksandr/projects/btf/vendor/laravel/framework/src/Illuminate/Foundation/resources/server.php(16): require_once('/Users/aleksand...')
#62 {main}

[previous exception] [object] (Exception(code: 0): Unable to locate file in Vite manifest: resources/css/backend.css. at /Users/aleksandr/projects/btf/vendor/laravel/framework/src/Illuminate/Foundation/Vite.php:781)
[stacktrace]
#0 /Users/aleksandr/projects/btf/vendor/laravel/framework/src/Illuminate/Foundation/Vite.php(299): Illuminate\\Foundation\\Vite->chunk(Array, 'resources/css/b...')
#1 /Users/aleksandr/projects/btf/storage/framework/views/4980babb759d16821e0ecd88a147fe79.php(10): Illuminate\\Foundation\\Vite->__invoke(Object(Illuminate\\Support\\Collection))
#2 /Users/aleksandr/projects/btf/vendor/laravel/framework/src/Illuminate/Filesystem/Filesystem.php(123): require('/Users/aleksand...')
#3 /Users/aleksandr/projects/btf/vendor/laravel/framework/src/Illuminate/Filesystem/Filesystem.php(124): Illuminate\\Filesystem\\Filesystem::Illuminate\\Filesystem\\{closure}()
#4 /Users/aleksandr/projects/btf/vendor/laravel/framework/src/Illuminate/View/Engines/PhpEngine.php(58): Illuminate\\Filesystem\\Filesystem->getRequire('/Users/aleksand...', Array)
#5 /Users/aleksandr/projects/btf/vendor/laravel/framework/src/Illuminate/View/Engines/CompilerEngine.php(73): Illuminate\\View\\Engines\\PhpEngine->evaluatePath('/Users/aleksand...', Array)
#6 /Users/aleksandr/projects/btf/vendor/laravel/framework/src/Illuminate/View/View.php(208): Illuminate\\View\\Engines\\CompilerEngine->get('/Users/aleksand...', Array)
#7 /Users/aleksandr/projects/btf/vendor/laravel/framework/src/Illuminate/View/View.php(191): Illuminate\\View\\View->getContents()
#8 /Users/aleksandr/projects/btf/vendor/laravel/framework/src/Illuminate/View/View.php(160): Illuminate\\View\\View->renderContents()
#9 /Users/aleksandr/projects/btf/vendor/laravel/framework/src/Illuminate/Http/Response.php(70): Illuminate\\View\\View->render()
#10 /Users/aleksandr/projects/btf/vendor/laravel/framework/src/Illuminate/Http/Response.php(35): Illuminate\\Http\\Response->setContent(Object(Illuminate\\View\\View))
#11 /Users/aleksandr/projects/btf/vendor/laravel/framework/src/Illuminate/Routing/Router.php(918): Illuminate\\Http\\Response->__construct(Object(Illuminate\\View\\View), 200, Array)
#12 /Users/aleksandr/projects/btf/vendor/laravel/framework/src/Illuminate/Routing/Router.php(885): Illuminate\\Routing\\Router::toResponse(Object(Illuminate\\Http\\Request), Object(Illuminate\\View\\View))
#13 /Users/aleksandr/projects/btf/vendor/laravel/framework/src/Illuminate/Routing/Router.php(805): Illuminate\\Routing\\Router->prepareResponse(Object(Illuminate\\Http\\Request), Object(Illuminate\\View\\View))
#14 /Users/aleksandr/projects/btf/vendor/laravel/framework/src/Illuminate/Pipeline/Pipeline.php(144): Illuminate\\Routing\\Router->Illuminate\\Routing\\{closure}(Object(Illuminate\\Http\\Request))
#15 /Users/aleksandr/projects/btf/app/Http/Middleware/UserActivity.php(20): Illuminate\\Pipeline\\Pipeline->Illuminate\\Pipeline\\{closure}(Object(Illuminate\\Http\\Request))
#16 /Users/aleksandr/projects/btf/vendor/laravel/framework/src/Illuminate/Pipeline/Pipeline.php(183): App\\Http\\Middleware\\UserActivity->handle(Object(Illuminate\\Http\\Request), Object(Closure))
#17 /Users/aleksandr/projects/btf/app/Http/Middleware/SetLocale.php(51): Illuminate\\Pipeline\\Pipeline->Illuminate\\Pipeline\\{closure}(Object(Illuminate\\Http\\Request))
#18 /Users/aleksandr/projects/btf/vendor/laravel/framework/src/Illuminate/Pipeline/Pipeline.php(183): App\\Http\\Middleware\\SetLocale->handle(Object(Illuminate\\Http\\Request), Object(Closure))
#19 /Users/aleksandr/projects/btf/vendor/erlandmuchasaj/laravel-gzip/src/Middleware/GzipEncodeResponse.php(19): Illuminate\\Pipeline\\Pipeline->Illuminate\\Pipeline\\{closure}(Object(Illuminate\\Http\\Request))
#20 /Users/aleksandr/projects/btf/vendor/laravel/framework/src/Illuminate/Pipeline/Pipeline.php(183): ErlandMuchasaj\\LaravelGzip\\Middleware\\GzipEncodeResponse->handle(Object(Illuminate\\Http\\Request), Object(Closure))
#21 /Users/aleksandr/projects/btf/vendor/laravel/framework/src/Illuminate/Routing/Middleware/SubstituteBindings.php(50): Illuminate\\Pipeline\\Pipeline->Illuminate\\Pipeline\\{closure}(Object(Illuminate\\Http\\Request))
#22 /Users/aleksandr/projects/btf/vendor/laravel/framework/src/Illuminate/Pipeline/Pipeline.php(183): Illuminate\\Routing\\Middleware\\SubstituteBindings->handle(Object(Illuminate\\Http\\Request), Object(Closure))
#23 /Users/aleksandr/projects/btf/vendor/laravel/framework/src/Illuminate/Foundation/Http/Middleware/VerifyCsrfToken.php(88): Illuminate\\Pipeline\\Pipeline->Illuminate\\Pipeline\\{closure}(Object(Illuminate\\Http\\Request))
#24 /Users/aleksandr/projects/btf/vendor/laravel/framework/src/Illuminate/Pipeline/Pipeline.php(183): Illuminate\\Foundation\\Http\\Middleware\\VerifyCsrfToken->handle(Object(Illuminate\\Http\\Request), Object(Closure))
#25 /Users/aleksandr/projects/btf/vendor/laravel/framework/src/Illuminate/View/Middleware/ShareErrorsFromSession.php(49): Illuminate\\Pipeline\\Pipeline->Illuminate\\Pipeline\\{closure}(Object(Illuminate\\Http\\Request))
#26 /Users/aleksandr/projects/btf/vendor/laravel/framework/src/Illuminate/Pipeline/Pipeline.php(183): Illuminate\\View\\Middleware\\ShareErrorsFromSession->handle(Object(Illuminate\\Http\\Request), Object(Closure))
#27 /Users/aleksandr/projects/btf/vendor/laravel/framework/src/Illuminate/Session/Middleware/StartSession.php(121): Illuminate\\Pipeline\\Pipeline->Illuminate\\Pipeline\\{closure}(Object(Illuminate\\Http\\Request))
#28 /Users/aleksandr/projects/btf/vendor/laravel/framework/src/Illuminate/Session/Middleware/StartSession.php(64): Illuminate\\Session\\Middleware\\StartSession->handleStatefulRequest(Object(Illuminate\\Http\\Request), Object(Illuminate\\Session\\Store), Object(Closure))
#29 /Users/aleksandr/projects/btf/vendor/laravel/framework/src/Illuminate/Pipeline/Pipeline.php(183): Illuminate\\Session\\Middleware\\StartSession->handle(Object(Illuminate\\Http\\Request), Object(Closure))
#30 /Users/aleksandr/projects/btf/vendor/laravel/framework/src/Illuminate/Cookie/Middleware/AddQueuedCookiesToResponse.php(37): Illuminate\\Pipeline\\Pipeline->Illuminate\\Pipeline\\{closure}(Object(Illuminate\\Http\\Request))
#31 /Users/aleksandr/projects/btf/vendor/laravel/framework/src/Illuminate/Pipeline/Pipeline.php(183): Illuminate\\Cookie\\Middleware\\AddQueuedCookiesToResponse->handle(Object(Illuminate\\Http\\Request), Object(Closure))
#32 /Users/aleksandr/projects/btf/vendor/laravel/framework/src/Illuminate/Cookie/Middleware/EncryptCookies.php(75): Illuminate\\Pipeline\\Pipeline->Illuminate\\Pipeline\\{closure}(Object(Illuminate\\Http\\Request))
#33 /Users/aleksandr/projects/btf/vendor/laravel/framework/src/Illuminate/Pipeline/Pipeline.php(183): Illuminate\\Cookie\\Middleware\\EncryptCookies->handle(Object(Illuminate\\Http\\Request), Object(Closure))
#34 /Users/aleksandr/projects/btf/vendor/laravel/framework/src/Illuminate/Pipeline/Pipeline.php(119): Illuminate\\Pipeline\\Pipeline->Illuminate\\Pipeline\\{closure}(Object(Illuminate\\Http\\Request))
#35 /Users/aleksandr/projects/btf/vendor/laravel/framework/src/Illuminate/Routing/Router.php(805): Illuminate\\Pipeline\\Pipeline->then(Object(Closure))
#36 /Users/aleksandr/projects/btf/vendor/laravel/framework/src/Illuminate/Routing/Router.php(784): Illuminate\\Routing\\Router->runRouteWithinStack(Object(Illuminate\\Routing\\Route), Object(Illuminate\\Http\\Request))
#37 /Users/aleksandr/projects/btf/vendor/laravel/framework/src/Illuminate/Routing/Router.php(748): Illuminate\\Routing\\Router->runRoute(Object(Illuminate\\Http\\Request), Object(Illuminate\\Routing\\Route))
#38 /Users/aleksandr/projects/btf/vendor/laravel/framework/src/Illuminate/Routing/Router.php(737): Illuminate\\Routing\\Router->dispatchToRoute(Object(Illuminate\\Http\\Request))
#39 /Users/aleksandr/projects/btf/vendor/laravel/framework/src/Illuminate/Foundation/Http/Kernel.php(200): Illuminate\\Routing\\Router->dispatch(Object(Illuminate\\Http\\Request))
#40 /Users/aleksandr/projects/btf/vendor/laravel/framework/src/Illuminate/Pipeline/Pipeline.php(144): Illuminate\\Foundation\\Http\\Kernel->Illuminate\\Foundation\\Http\\{closure}(Object(Illuminate\\Http\\Request))
#41 /Users/aleksandr/projects/btf/vendor/barryvdh/laravel-debugbar/src/Middleware/InjectDebugbar.php(66): Illuminate\\Pipeline\\Pipeline->Illuminate\\Pipeline\\{closure}(Object(Illuminate\\Http\\Request))
#42 /Users/aleksandr/projects/btf/vendor/laravel/framework/src/Illuminate/Pipeline/Pipeline.php(183): Barryvdh\\Debugbar\\Middleware\\InjectDebugbar->handle(Object(Illuminate\\Http\\Request), Object(Closure))
#43 /Users/aleksandr/projects/btf/vendor/laravel/framework/src/Illuminate/Foundation/Http/Middleware/TransformsRequest.php(21): Illuminate\\Pipeline\\Pipeline->Illuminate\\Pipeline\\{closure}(Object(Illuminate\\Http\\Request))
#44 /Users/aleksandr/projects/btf/vendor/laravel/framework/src/Illuminate/Foundation/Http/Middleware/ConvertEmptyStringsToNull.php(31): Illuminate\\Foundation\\Http\\Middleware\\TransformsRequest->handle(Object(Illuminate\\Http\\Request), Object(Closure))
#45 /Users/aleksandr/projects/btf/vendor/laravel/framework/src/Illuminate/Pipeline/Pipeline.php(183): Illuminate\\Foundation\\Http\\Middleware\\ConvertEmptyStringsToNull->handle(Object(Illuminate\\Http\\Request), Object(Closure))
#46 /Users/aleksandr/projects/btf/vendor/laravel/framework/src/Illuminate/Foundation/Http/Middleware/TransformsRequest.php(21): Illuminate\\Pipeline\\Pipeline->Illuminate\\Pipeline\\{closure}(Object(Illuminate\\Http\\Request))
#47 /Users/aleksandr/projects/btf/vendor/laravel/framework/src/Illuminate/Foundation/Http/Middleware/TrimStrings.php(51): Illuminate\\Foundation\\Http\\Middleware\\TransformsRequest->handle(Object(Illuminate\\Http\\Request), Object(Closure))
#48 /Users/aleksandr/projects/btf/vendor/laravel/framework/src/Illuminate/Pipeline/Pipeline.php(183): Illuminate\\Foundation\\Http\\Middleware\\TrimStrings->handle(Object(Illuminate\\Http\\Request), Object(Closure))
#49 /Users/aleksandr/projects/btf/vendor/laravel/framework/src/Illuminate/Http/Middleware/ValidatePostSize.php(27): Illuminate\\Pipeline\\Pipeline->Illuminate\\Pipeline\\{closure}(Object(Illuminate\\Http\\Request))
#50 /Users/aleksandr/projects/btf/vendor/laravel/framework/src/Illuminate/Pipeline/Pipeline.php(183): Illuminate\\Http\\Middleware\\ValidatePostSize->handle(Object(Illuminate\\Http\\Request), Object(Closure))
#51 /Users/aleksandr/projects/btf/vendor/laravel/framework/src/Illuminate/Foundation/Http/Middleware/PreventRequestsDuringMaintenance.php(110): Illuminate\\Pipeline\\Pipeline->Illuminate\\Pipeline\\{closure}(Object(Illuminate\\Http\\Request))
#52 /Users/aleksandr/projects/btf/vendor/laravel/framework/src/Illuminate/Pipeline/Pipeline.php(183): Illuminate\\Foundation\\Http\\Middleware\\PreventRequestsDuringMaintenance->handle(Object(Illuminate\\Http\\Request), Object(Closure))
#53 /Users/aleksandr/projects/btf/vendor/laravel/framework/src/Illuminate/Http/Middleware/HandleCors.php(49): Illuminate\\Pipeline\\Pipeline->Illuminate\\Pipeline\\{closure}(Object(Illuminate\\Http\\Request))
#54 /Users/aleksandr/projects/btf/vendor/laravel/framework/src/Illuminate/Pipeline/Pipeline.php(183): Illuminate\\Http\\Middleware\\HandleCors->handle(Object(Illuminate\\Http\\Request), Object(Closure))
#55 /Users/aleksandr/projects/btf/vendor/laravel/framework/src/Illuminate/Http/Middleware/TrustProxies.php(57): Illuminate\\Pipeline\\Pipeline->Illuminate\\Pipeline\\{closure}(Object(Illuminate\\Http\\Request))
#56 /Users/aleksandr/projects/btf/vendor/laravel/framework/src/Illuminate/Pipeline/Pipeline.php(183): Illuminate\\Http\\Middleware\\TrustProxies->handle(Object(Illuminate\\Http\\Request), Object(Closure))
#57 /Users/aleksandr/projects/btf/vendor/laravel/framework/src/Illuminate/Pipeline/Pipeline.php(119): Illuminate\\Pipeline\\Pipeline->Illuminate\\Pipeline\\{closure}(Object(Illuminate\\Http\\Request))
#58 /Users/aleksandr/projects/btf/vendor/laravel/framework/src/Illuminate/Foundation/Http/Kernel.php(175): Illuminate\\Pipeline\\Pipeline->then(Object(Closure))
#59 /Users/aleksandr/projects/btf/vendor/laravel/framework/src/Illuminate/Foundation/Http/Kernel.php(144): Illuminate\\Foundation\\Http\\Kernel->sendRequestThroughRouter(Object(Illuminate\\Http\\Request))
#60 /Users/aleksandr/projects/btf/public/index.php(50): Illuminate\\Foundation\\Http\\Kernel->handle(Object(Illuminate\\Http\\Request))
#61 /Users/aleksandr/projects/btf/vendor/laravel/framework/src/Illuminate/Foundation/resources/server.php(16): require_once('/Users/aleksand...')
#62 {main}
"} 
[2025-04-19 10:23:58] production.ERROR: Unable to locate file in Vite manifest: resources/css/backend.css. {"view":{"view":"/Users/aleksandr/projects/btf/resources/views/layouts/backend.blade.php","data":{"your_ip":"<pre class=sf-dump id=sf-dump-1320590252 data-indent-pad=\"  \">\"<span class=sf-dump-str title=\"13 characters\">192.168.0.102</span>\"
</pre><script>Sfdump(\"sf-dump-1320590252\", {\"maxDepth\":3,\"maxStringLength\":160})</script>
","your_location":"<pre class=sf-dump id=sf-dump-1888930749 data-indent-pad=\"  \">\"<span class=sf-dump-str title=\"19 characters\">Kaliningrad, Russia</span>\"
</pre><script>Sfdump(\"sf-dump-1888930749\", {\"maxDepth\":3,\"maxStringLength\":160})</script>
","errors":"<pre class=sf-dump id=sf-dump-486367311 data-indent-pad=\"  \"><span class=sf-dump-note>Illuminate\\Support\\ViewErrorBag</span> {<a class=sf-dump-ref>#1976</a><samp data-depth=1 class=sf-dump-expanded>
  #<span class=sf-dump-protected title=\"Protected property\">bags</span>: []
</samp>}
</pre><script>Sfdump(\"sf-dump-486367311\", {\"maxDepth\":3,\"maxStringLength\":160})</script>
","settings":"<pre class=sf-dump id=sf-dump-1626234464 data-indent-pad=\"  \"><span class=sf-dump-note>array:12</span> [<samp data-depth=1 class=sf-dump-expanded>
  \"<span class=sf-dump-key>phone</span>\" => \"<span class=sf-dump-str title=\"12 characters\">+74012313143</span>\"
  \"<span class=sf-dump-key>address</span>\" => \"<span class=sf-dump-str title=\"46 characters\">&#1075;. &#1050;&#1072;&#1083;&#1080;&#1085;&#1080;&#1085;&#1075;&#1088;&#1072;&#1076;, &#1085;&#1072;&#1073;&#1077;&#1088;&#1077;&#1078;&#1085;&#1072;&#1103; &#1055;&#1088;&#1072;&#1074;&#1072;&#1103;, 10, &#1083;&#1080;&#1090;&#1077;&#1088; &#1042;</span>\"
  \"<span class=sf-dump-key>schedule</span>\" => \"<span class=sf-dump-str title=\"89 characters\">&#1055;&#1085;-&#1055;&#1090;: 09:00 - 18:00, &lt;br class=&quot;d-md-none&quot;&gt; &#1055;&#1077;&#1088;&#1077;&#1088;&#1099;&#1074;: 13:00 - 14:00 &lt;br&gt; &#1057;&#1073;, &#1042;&#1089;: &#1042;&#1099;&#1093;&#1086;&#1076;&#1085;&#1086;&#1081;</span>\"
  \"<span class=sf-dump-key>coords</span>\" => \"<span class=sf-dump-str title=\"19 characters\">54.947113,20.159578</span>\"
  \"<span class=sf-dump-key>sitename</span>\" => \"<span class=sf-dump-str title=\"27 characters\">&#1041;&#1072;&#1083;&#1090;&#1080;&#1081;&#1089;&#1082;&#1072;&#1103; &#1090;&#1072;&#1073;&#1072;&#1095;&#1085;&#1072;&#1103; &#1092;&#1072;&#1073;&#1088;&#1080;&#1082;&#1072;</span>\"
  \"<span class=sf-dump-key>email</span>\" => \"<span class=sf-dump-str title=\"20 characters\">sekretar-kd@btf39.su</span>\"
  \"<span class=sf-dump-key>phone2</span>\" => \"<span class=sf-dump-str title=\"12 characters\">+74012313143</span>\"
  \"<span class=sf-dump-key>mobile</span>\" => \"<span class=sf-dump-str title=\"12 characters\">+79114547331</span>\"
  \"<span class=sf-dump-key>brands_count</span>\" => \"<span class=sf-dump-str title=\"2 characters\">15</span>\"
  \"<span class=sf-dump-key>distributors_count</span>\" => \"<span class=sf-dump-str title=\"2 characters\">20</span>\"
  \"<span class=sf-dump-key>years_count</span>\" => \"<span class=sf-dump-str title=\"2 characters\">27</span>\"
  \"<span class=sf-dump-key>employees_count</span>\" => \"<span class=sf-dump-str title=\"3 characters\">245</span>\"
</samp>]
</pre><script>Sfdump(\"sf-dump-1626234464\", {\"maxDepth\":3,\"maxStringLength\":160})</script>
","currencySymbol":"<pre class=sf-dump id=sf-dump-1791222845 data-indent-pad=\"  \">\"<span class=sf-dump-str title=\"2 characters\">&#1088;.</span>\"
</pre><script>Sfdump(\"sf-dump-1791222845\", {\"maxDepth\":3,\"maxStringLength\":160})</script>
","currencies":"<pre class=sf-dump id=sf-dump-1655945289 data-indent-pad=\"  \"><span class=sf-dump-note>array:3</span> [<samp data-depth=1 class=sf-dump-expanded>
  \"<span class=sf-dump-key>RUB</span>\" => <span class=sf-dump-note title=\"App\\Models\\Currency
\"><span class=\"sf-dump-ellipsis sf-dump-ellipsis-note\">App\\Models</span><span class=\"sf-dump-ellipsis sf-dump-ellipsis-note\">\\</span>Currency</span> {<a class=sf-dump-ref>#1998</a><samp data-depth=2 class=sf-dump-compact>
    #<span class=sf-dump-protected title=\"Protected property\">connection</span>: \"<span class=sf-dump-str title=\"5 characters\">mysql</span>\"
    #<span class=sf-dump-protected title=\"Protected property\">table</span>: \"<span class=sf-dump-str title=\"10 characters\">currencies</span>\"
    #<span class=sf-dump-protected title=\"Protected property\">primaryKey</span>: \"<span class=sf-dump-str title=\"2 characters\">id</span>\"
    #<span class=sf-dump-protected title=\"Protected property\">keyType</span>: \"<span class=sf-dump-str title=\"3 characters\">int</span>\"
    +<span class=sf-dump-public title=\"Public property\">incrementing</span>: <span class=sf-dump-const>true</span>
    #<span class=sf-dump-protected title=\"Protected property\">with</span>: []
    #<span class=sf-dump-protected title=\"Protected property\">withCount</span>: []
    +<span class=sf-dump-public title=\"Public property\">preventsLazyLoading</span>: <span class=sf-dump-const>false</span>
    #<span class=sf-dump-protected title=\"Protected property\">perPage</span>: <span class=sf-dump-num>15</span>
    +<span class=sf-dump-public title=\"Public property\">exists</span>: <span class=sf-dump-const>true</span>
    +<span class=sf-dump-public title=\"Public property\">wasRecentlyCreated</span>: <span class=sf-dump-const>false</span>
    #<span class=sf-dump-protected title=\"Protected property\">escapeWhenCastingToString</span>: <span class=sf-dump-const>false</span>
    #<span class=sf-dump-protected title=\"Protected property\">attributes</span>: <span class=sf-dump-note>array:8</span> [<samp data-depth=3 class=sf-dump-compact>
      \"<span class=sf-dump-key>id</span>\" => <span class=sf-dump-num>1</span>
      \"<span class=sf-dump-key>code</span>\" => \"<span class=sf-dump-str title=\"3 characters\">RUB</span>\"
      \"<span class=sf-dump-key>name</span>\" => \"<span class=sf-dump-str title=\"5 characters\">&#1056;&#1091;&#1073;&#1083;&#1080;</span>\"
      \"<span class=sf-dump-key>symbol</span>\" => \"<span class=sf-dump-str>&#8381;</span>\"
      \"<span class=sf-dump-key>is_main</span>\" => <span class=sf-dump-num>1</span>
      \"<span class=sf-dump-key>rate</span>\" => <span class=sf-dump-num>1.0</span>
      \"<span class=sf-dump-key>created_at</span>\" => <span class=sf-dump-const>null</span>
      \"<span class=sf-dump-key>updated_at</span>\" => \"<span class=sf-dump-str title=\"19 characters\">2024-03-31 12:06:01</span>\"
    </samp>]
    #<span class=sf-dump-protected title=\"Protected property\">original</span>: <span class=sf-dump-note>array:8</span> [<samp data-depth=3 class=sf-dump-compact>
      \"<span class=sf-dump-key>id</span>\" => <span class=sf-dump-num>1</span>
      \"<span class=sf-dump-key>code</span>\" => \"<span class=sf-dump-str title=\"3 characters\">RUB</span>\"
      \"<span class=sf-dump-key>name</span>\" => \"<span class=sf-dump-str title=\"5 characters\">&#1056;&#1091;&#1073;&#1083;&#1080;</span>\"
      \"<span class=sf-dump-key>symbol</span>\" => \"<span class=sf-dump-str>&#8381;</span>\"
      \"<span class=sf-dump-key>is_main</span>\" => <span class=sf-dump-num>1</span>
      \"<span class=sf-dump-key>rate</span>\" => <span class=sf-dump-num>1.0</span>
      \"<span class=sf-dump-key>created_at</span>\" => <span class=sf-dump-const>null</span>
      \"<span class=sf-dump-key>updated_at</span>\" => \"<span class=sf-dump-str title=\"19 characters\">2024-03-31 12:06:01</span>\"
    </samp>]
    #<span class=sf-dump-protected title=\"Protected property\">changes</span>: []
    #<span class=sf-dump-protected title=\"Protected property\">casts</span>: []
    #<span class=sf-dump-protected title=\"Protected property\">classCastCache</span>: []
    #<span class=sf-dump-protected title=\"Protected property\">attributeCastCache</span>: []
    #<span class=sf-dump-protected title=\"Protected property\">dateFormat</span>: <span class=sf-dump-const>null</span>
    #<span class=sf-dump-protected title=\"Protected property\">appends</span>: []
    #<span class=sf-dump-protected title=\"Protected property\">dispatchesEvents</span>: []
    #<span class=sf-dump-protected title=\"Protected property\">observables</span>: []
    #<span class=sf-dump-protected title=\"Protected property\">relations</span>: []
    #<span class=sf-dump-protected title=\"Protected property\">touches</span>: []
    +<span class=sf-dump-public title=\"Public property\">timestamps</span>: <span class=sf-dump-const>true</span>
    +<span class=sf-dump-public title=\"Public property\">usesUniqueIds</span>: <span class=sf-dump-const>false</span>
    #<span class=sf-dump-protected title=\"Protected property\">hidden</span>: []
    #<span class=sf-dump-protected title=\"Protected property\">visible</span>: []
    #<span class=sf-dump-protected title=\"Protected property\">fillable</span>: <span class=sf-dump-note>array:1</span> [<samp data-depth=3 class=sf-dump-compact>
      <span class=sf-dump-index>0</span> => \"<span class=sf-dump-str title=\"4 characters\">rate</span>\"
    </samp>]
    #<span class=sf-dump-protected title=\"Protected property\">guarded</span>: <span class=sf-dump-note>array:1</span> [<samp data-depth=3 class=sf-dump-compact>
      <span class=sf-dump-index>0</span> => \"<span class=sf-dump-str>*</span>\"
    </samp>]
  </samp>}
  \"<span class=sf-dump-key>USD</span>\" => <span class=sf-dump-note title=\"App\\Models\\Currency
\"><span class=\"sf-dump-ellipsis sf-dump-ellipsis-note\">App\\Models</span><span class=\"sf-dump-ellipsis sf-dump-ellipsis-note\">\\</span>Currency</span> {<a class=sf-dump-ref>#2039</a><samp data-depth=2 class=sf-dump-compact>
    #<span class=sf-dump-protected title=\"Protected property\">connection</span>: \"<span class=sf-dump-str title=\"5 characters\">mysql</span>\"
    #<span class=sf-dump-protected title=\"Protected property\">table</span>: \"<span class=sf-dump-str title=\"10 characters\">currencies</span>\"
    #<span class=sf-dump-protected title=\"Protected property\">primaryKey</span>: \"<span class=sf-dump-str title=\"2 characters\">id</span>\"
    #<span class=sf-dump-protected title=\"Protected property\">keyType</span>: \"<span class=sf-dump-str title=\"3 characters\">int</span>\"
    +<span class=sf-dump-public title=\"Public property\">incrementing</span>: <span class=sf-dump-const>true</span>
    #<span class=sf-dump-protected title=\"Protected property\">with</span>: []
    #<span class=sf-dump-protected title=\"Protected property\">withCount</span>: []
    +<span class=sf-dump-public title=\"Public property\">preventsLazyLoading</span>: <span class=sf-dump-const>false</span>
    #<span class=sf-dump-protected title=\"Protected property\">perPage</span>: <span class=sf-dump-num>15</span>
    +<span class=sf-dump-public title=\"Public property\">exists</span>: <span class=sf-dump-const>true</span>
    +<span class=sf-dump-public title=\"Public property\">wasRecentlyCreated</span>: <span class=sf-dump-const>false</span>
    #<span class=sf-dump-protected title=\"Protected property\">escapeWhenCastingToString</span>: <span class=sf-dump-const>false</span>
    #<span class=sf-dump-protected title=\"Protected property\">attributes</span>: <span class=sf-dump-note>array:8</span> [<samp data-depth=3 class=sf-dump-compact>
      \"<span class=sf-dump-key>id</span>\" => <span class=sf-dump-num>2</span>
      \"<span class=sf-dump-key>code</span>\" => \"<span class=sf-dump-str title=\"3 characters\">USD</span>\"
      \"<span class=sf-dump-key>name</span>\" => \"<span class=sf-dump-str title=\"7 characters\">&#1044;&#1086;&#1083;&#1083;&#1072;&#1088;&#1099;</span>\"
      \"<span class=sf-dump-key>symbol</span>\" => \"<span class=sf-dump-str>$</span>\"
      \"<span class=sf-dump-key>is_main</span>\" => <span class=sf-dump-num>0</span>
      \"<span class=sf-dump-key>rate</span>\" => <span class=sf-dump-num>0.0108019931</span>
      \"<span class=sf-dump-key>created_at</span>\" => <span class=sf-dump-const>null</span>
      \"<span class=sf-dump-key>updated_at</span>\" => \"<span class=sf-dump-str title=\"19 characters\">2024-03-31 12:56:29</span>\"
    </samp>]
    #<span class=sf-dump-protected title=\"Protected property\">original</span>: <span class=sf-dump-note>array:8</span> [<samp data-depth=3 class=sf-dump-compact>
      \"<span class=sf-dump-key>id</span>\" => <span class=sf-dump-num>2</span>
      \"<span class=sf-dump-key>code</span>\" => \"<span class=sf-dump-str title=\"3 characters\">USD</span>\"
      \"<span class=sf-dump-key>name</span>\" => \"<span class=sf-dump-str title=\"7 characters\">&#1044;&#1086;&#1083;&#1083;&#1072;&#1088;&#1099;</span>\"
      \"<span class=sf-dump-key>symbol</span>\" => \"<span class=sf-dump-str>$</span>\"
      \"<span class=sf-dump-key>is_main</span>\" => <span class=sf-dump-num>0</span>
      \"<span class=sf-dump-key>rate</span>\" => <span class=sf-dump-num>0.0108019931</span>
      \"<span class=sf-dump-key>created_at</span>\" => <span class=sf-dump-const>null</span>
      \"<span class=sf-dump-key>updated_at</span>\" => \"<span class=sf-dump-str title=\"19 characters\">2024-03-31 12:56:29</span>\"
    </samp>]
    #<span class=sf-dump-protected title=\"Protected property\">changes</span>: []
    #<span class=sf-dump-protected title=\"Protected property\">casts</span>: []
    #<span class=sf-dump-protected title=\"Protected property\">classCastCache</span>: []
    #<span class=sf-dump-protected title=\"Protected property\">attributeCastCache</span>: []
    #<span class=sf-dump-protected title=\"Protected property\">dateFormat</span>: <span class=sf-dump-const>null</span>
    #<span class=sf-dump-protected title=\"Protected property\">appends</span>: []
    #<span class=sf-dump-protected title=\"Protected property\">dispatchesEvents</span>: []
    #<span class=sf-dump-protected title=\"Protected property\">observables</span>: []
    #<span class=sf-dump-protected title=\"Protected property\">relations</span>: []
    #<span class=sf-dump-protected title=\"Protected property\">touches</span>: []
    +<span class=sf-dump-public title=\"Public property\">timestamps</span>: <span class=sf-dump-const>true</span>
    +<span class=sf-dump-public title=\"Public property\">usesUniqueIds</span>: <span class=sf-dump-const>false</span>
    #<span class=sf-dump-protected title=\"Protected property\">hidden</span>: []
    #<span class=sf-dump-protected title=\"Protected property\">visible</span>: []
    #<span class=sf-dump-protected title=\"Protected property\">fillable</span>: <span class=sf-dump-note>array:1</span> [<samp data-depth=3 class=sf-dump-compact>
      <span class=sf-dump-index>0</span> => \"<span class=sf-dump-str title=\"4 characters\">rate</span>\"
    </samp>]
    #<span class=sf-dump-protected title=\"Protected property\">guarded</span>: <span class=sf-dump-note>array:1</span> [<samp data-depth=3 class=sf-dump-compact>
      <span class=sf-dump-index>0</span> => \"<span class=sf-dump-str>*</span>\"
    </samp>]
  </samp>}
  \"<span class=sf-dump-key>EUR</span>\" => <span class=sf-dump-note title=\"App\\Models\\Currency
\"><span class=\"sf-dump-ellipsis sf-dump-ellipsis-note\">App\\Models</span><span class=\"sf-dump-ellipsis sf-dump-ellipsis-note\">\\</span>Currency</span> {<a class=sf-dump-ref>#2038</a><samp data-depth=2 class=sf-dump-compact>
    #<span class=sf-dump-protected title=\"Protected property\">connection</span>: \"<span class=sf-dump-str title=\"5 characters\">mysql</span>\"
    #<span class=sf-dump-protected title=\"Protected property\">table</span>: \"<span class=sf-dump-str title=\"10 characters\">currencies</span>\"
    #<span class=sf-dump-protected title=\"Protected property\">primaryKey</span>: \"<span class=sf-dump-str title=\"2 characters\">id</span>\"
    #<span class=sf-dump-protected title=\"Protected property\">keyType</span>: \"<span class=sf-dump-str title=\"3 characters\">int</span>\"
    +<span class=sf-dump-public title=\"Public property\">incrementing</span>: <span class=sf-dump-const>true</span>
    #<span class=sf-dump-protected title=\"Protected property\">with</span>: []
    #<span class=sf-dump-protected title=\"Protected property\">withCount</span>: []
    +<span class=sf-dump-public title=\"Public property\">preventsLazyLoading</span>: <span class=sf-dump-const>false</span>
    #<span class=sf-dump-protected title=\"Protected property\">perPage</span>: <span class=sf-dump-num>15</span>
    +<span class=sf-dump-public title=\"Public property\">exists</span>: <span class=sf-dump-const>true</span>
    +<span class=sf-dump-public title=\"Public property\">wasRecentlyCreated</span>: <span class=sf-dump-const>false</span>
    #<span class=sf-dump-protected title=\"Protected property\">escapeWhenCastingToString</span>: <span class=sf-dump-const>false</span>
    #<span class=sf-dump-protected title=\"Protected property\">attributes</span>: <span class=sf-dump-note>array:8</span> [<samp data-depth=3 class=sf-dump-compact>
      \"<span class=sf-dump-key>id</span>\" => <span class=sf-dump-num>3</span>
      \"<span class=sf-dump-key>code</span>\" => \"<span class=sf-dump-str title=\"3 characters\">EUR</span>\"
      \"<span class=sf-dump-key>name</span>\" => \"<span class=sf-dump-str title=\"4 characters\">&#1045;&#1074;&#1088;&#1086;</span>\"
      \"<span class=sf-dump-key>symbol</span>\" => \"<span class=sf-dump-str>&#8364;</span>\"
      \"<span class=sf-dump-key>is_main</span>\" => <span class=sf-dump-num>0</span>
      \"<span class=sf-dump-key>rate</span>\" => <span class=sf-dump-num>0.0100045918</span>
      \"<span class=sf-dump-key>created_at</span>\" => <span class=sf-dump-const>null</span>
      \"<span class=sf-dump-key>updated_at</span>\" => \"<span class=sf-dump-str title=\"19 characters\">2024-03-31 12:56:29</span>\"
    </samp>]
    #<span class=sf-dump-protected title=\"Protected property\">original</span>: <span class=sf-dump-note>array:8</span> [<samp data-depth=3 class=sf-dump-compact>
      \"<span class=sf-dump-key>id</span>\" => <span class=sf-dump-num>3</span>
      \"<span class=sf-dump-key>code</span>\" => \"<span class=sf-dump-str title=\"3 characters\">EUR</span>\"
      \"<span class=sf-dump-key>name</span>\" => \"<span class=sf-dump-str title=\"4 characters\">&#1045;&#1074;&#1088;&#1086;</span>\"
      \"<span class=sf-dump-key>symbol</span>\" => \"<span class=sf-dump-str>&#8364;</span>\"
      \"<span class=sf-dump-key>is_main</span>\" => <span class=sf-dump-num>0</span>
      \"<span class=sf-dump-key>rate</span>\" => <span class=sf-dump-num>0.0100045918</span>
      \"<span class=sf-dump-key>created_at</span>\" => <span class=sf-dump-const>null</span>
      \"<span class=sf-dump-key>updated_at</span>\" => \"<span class=sf-dump-str title=\"19 characters\">2024-03-31 12:56:29</span>\"
    </samp>]
    #<span class=sf-dump-protected title=\"Protected property\">changes</span>: []
    #<span class=sf-dump-protected title=\"Protected property\">casts</span>: []
    #<span class=sf-dump-protected title=\"Protected property\">classCastCache</span>: []
    #<span class=sf-dump-protected title=\"Protected property\">attributeCastCache</span>: []
    #<span class=sf-dump-protected title=\"Protected property\">dateFormat</span>: <span class=sf-dump-const>null</span>
    #<span class=sf-dump-protected title=\"Protected property\">appends</span>: []
    #<span class=sf-dump-protected title=\"Protected property\">dispatchesEvents</span>: []
    #<span class=sf-dump-protected title=\"Protected property\">observables</span>: []
    #<span class=sf-dump-protected title=\"Protected property\">relations</span>: []
    #<span class=sf-dump-protected title=\"Protected property\">touches</span>: []
    +<span class=sf-dump-public title=\"Public property\">timestamps</span>: <span class=sf-dump-const>true</span>
    +<span class=sf-dump-public title=\"Public property\">usesUniqueIds</span>: <span class=sf-dump-const>false</span>
    #<span class=sf-dump-protected title=\"Protected property\">hidden</span>: []
    #<span class=sf-dump-protected title=\"Protected property\">visible</span>: []
    #<span class=sf-dump-protected title=\"Protected property\">fillable</span>: <span class=sf-dump-note>array:1</span> [<samp data-depth=3 class=sf-dump-compact>
      <span class=sf-dump-index>0</span> => \"<span class=sf-dump-str title=\"4 characters\">rate</span>\"
    </samp>]
    #<span class=sf-dump-protected title=\"Protected property\">guarded</span>: <span class=sf-dump-note>array:1</span> [<samp data-depth=3 class=sf-dump-compact>
      <span class=sf-dump-index>0</span> => \"<span class=sf-dump-str>*</span>\"
    </samp>]
  </samp>}
</samp>]
</pre><script>Sfdump(\"sf-dump-1655945289\", {\"maxDepth\":3,\"maxStringLength\":160})</script>
"}},"exception":"[object] (Spatie\\LaravelIgnition\\Exceptions\\ViewException(code: 0): Unable to locate file in Vite manifest: resources/css/backend.css. at /Users/aleksandr/projects/btf/vendor/laravel/framework/src/Illuminate/Foundation/Vite.php:781)
[stacktrace]
#0 /Users/aleksandr/projects/btf/vendor/laravel/framework/src/Illuminate/Foundation/Vite.php(299): Illuminate\\Foundation\\Vite->chunk(Array, 'resources/css/b...')
#1 /Users/aleksandr/projects/btf/resources/views/layouts/backend.blade.php(197): Illuminate\\Foundation\\Vite->__invoke(Object(Illuminate\\Support\\Collection))
#2 /Users/aleksandr/projects/btf/vendor/laravel/framework/src/Illuminate/Filesystem/Filesystem.php(123): require('/Users/aleksand...')
#3 /Users/aleksandr/projects/btf/vendor/laravel/framework/src/Illuminate/Filesystem/Filesystem.php(124): Illuminate\\Filesystem\\Filesystem::Illuminate\\Filesystem\\{closure}()
#4 /Users/aleksandr/projects/btf/vendor/laravel/framework/src/Illuminate/View/Engines/PhpEngine.php(58): Illuminate\\Filesystem\\Filesystem->getRequire('/Users/aleksand...', Array)
#5 /Users/aleksandr/projects/btf/vendor/laravel/framework/src/Illuminate/View/Engines/CompilerEngine.php(73): Illuminate\\View\\Engines\\PhpEngine->evaluatePath('/Users/aleksand...', Array)
#6 /Users/aleksandr/projects/btf/vendor/laravel/framework/src/Illuminate/View/View.php(208): Illuminate\\View\\Engines\\CompilerEngine->get('/Users/aleksand...', Array)
#7 /Users/aleksandr/projects/btf/vendor/laravel/framework/src/Illuminate/View/View.php(191): Illuminate\\View\\View->getContents()
#8 /Users/aleksandr/projects/btf/vendor/laravel/framework/src/Illuminate/View/View.php(160): Illuminate\\View\\View->renderContents()
#9 /Users/aleksandr/projects/btf/vendor/laravel/framework/src/Illuminate/Http/Response.php(70): Illuminate\\View\\View->render()
#10 /Users/aleksandr/projects/btf/vendor/laravel/framework/src/Illuminate/Http/Response.php(35): Illuminate\\Http\\Response->setContent(Object(Illuminate\\View\\View))
#11 /Users/aleksandr/projects/btf/vendor/laravel/framework/src/Illuminate/Routing/Router.php(918): Illuminate\\Http\\Response->__construct(Object(Illuminate\\View\\View), 200, Array)
#12 /Users/aleksandr/projects/btf/vendor/laravel/framework/src/Illuminate/Routing/Router.php(885): Illuminate\\Routing\\Router::toResponse(Object(Illuminate\\Http\\Request), Object(Illuminate\\View\\View))
#13 /Users/aleksandr/projects/btf/vendor/laravel/framework/src/Illuminate/Routing/Router.php(805): Illuminate\\Routing\\Router->prepareResponse(Object(Illuminate\\Http\\Request), Object(Illuminate\\View\\View))
#14 /Users/aleksandr/projects/btf/vendor/laravel/framework/src/Illuminate/Pipeline/Pipeline.php(144): Illuminate\\Routing\\Router->Illuminate\\Routing\\{closure}(Object(Illuminate\\Http\\Request))
#15 /Users/aleksandr/projects/btf/app/Http/Middleware/UserActivity.php(20): Illuminate\\Pipeline\\Pipeline->Illuminate\\Pipeline\\{closure}(Object(Illuminate\\Http\\Request))
#16 /Users/aleksandr/projects/btf/vendor/laravel/framework/src/Illuminate/Pipeline/Pipeline.php(183): App\\Http\\Middleware\\UserActivity->handle(Object(Illuminate\\Http\\Request), Object(Closure))
#17 /Users/aleksandr/projects/btf/app/Http/Middleware/SetLocale.php(51): Illuminate\\Pipeline\\Pipeline->Illuminate\\Pipeline\\{closure}(Object(Illuminate\\Http\\Request))
#18 /Users/aleksandr/projects/btf/vendor/laravel/framework/src/Illuminate/Pipeline/Pipeline.php(183): App\\Http\\Middleware\\SetLocale->handle(Object(Illuminate\\Http\\Request), Object(Closure))
#19 /Users/aleksandr/projects/btf/vendor/erlandmuchasaj/laravel-gzip/src/Middleware/GzipEncodeResponse.php(19): Illuminate\\Pipeline\\Pipeline->Illuminate\\Pipeline\\{closure}(Object(Illuminate\\Http\\Request))
#20 /Users/aleksandr/projects/btf/vendor/laravel/framework/src/Illuminate/Pipeline/Pipeline.php(183): ErlandMuchasaj\\LaravelGzip\\Middleware\\GzipEncodeResponse->handle(Object(Illuminate\\Http\\Request), Object(Closure))
#21 /Users/aleksandr/projects/btf/vendor/laravel/framework/src/Illuminate/Routing/Middleware/SubstituteBindings.php(50): Illuminate\\Pipeline\\Pipeline->Illuminate\\Pipeline\\{closure}(Object(Illuminate\\Http\\Request))
#22 /Users/aleksandr/projects/btf/vendor/laravel/framework/src/Illuminate/Pipeline/Pipeline.php(183): Illuminate\\Routing\\Middleware\\SubstituteBindings->handle(Object(Illuminate\\Http\\Request), Object(Closure))
#23 /Users/aleksandr/projects/btf/vendor/laravel/framework/src/Illuminate/Foundation/Http/Middleware/VerifyCsrfToken.php(88): Illuminate\\Pipeline\\Pipeline->Illuminate\\Pipeline\\{closure}(Object(Illuminate\\Http\\Request))
#24 /Users/aleksandr/projects/btf/vendor/laravel/framework/src/Illuminate/Pipeline/Pipeline.php(183): Illuminate\\Foundation\\Http\\Middleware\\VerifyCsrfToken->handle(Object(Illuminate\\Http\\Request), Object(Closure))
#25 /Users/aleksandr/projects/btf/vendor/laravel/framework/src/Illuminate/View/Middleware/ShareErrorsFromSession.php(49): Illuminate\\Pipeline\\Pipeline->Illuminate\\Pipeline\\{closure}(Object(Illuminate\\Http\\Request))
#26 /Users/aleksandr/projects/btf/vendor/laravel/framework/src/Illuminate/Pipeline/Pipeline.php(183): Illuminate\\View\\Middleware\\ShareErrorsFromSession->handle(Object(Illuminate\\Http\\Request), Object(Closure))
#27 /Users/aleksandr/projects/btf/vendor/laravel/framework/src/Illuminate/Session/Middleware/StartSession.php(121): Illuminate\\Pipeline\\Pipeline->Illuminate\\Pipeline\\{closure}(Object(Illuminate\\Http\\Request))
#28 /Users/aleksandr/projects/btf/vendor/laravel/framework/src/Illuminate/Session/Middleware/StartSession.php(64): Illuminate\\Session\\Middleware\\StartSession->handleStatefulRequest(Object(Illuminate\\Http\\Request), Object(Illuminate\\Session\\Store), Object(Closure))
#29 /Users/aleksandr/projects/btf/vendor/laravel/framework/src/Illuminate/Pipeline/Pipeline.php(183): Illuminate\\Session\\Middleware\\StartSession->handle(Object(Illuminate\\Http\\Request), Object(Closure))
#30 /Users/aleksandr/projects/btf/vendor/laravel/framework/src/Illuminate/Cookie/Middleware/AddQueuedCookiesToResponse.php(37): Illuminate\\Pipeline\\Pipeline->Illuminate\\Pipeline\\{closure}(Object(Illuminate\\Http\\Request))
#31 /Users/aleksandr/projects/btf/vendor/laravel/framework/src/Illuminate/Pipeline/Pipeline.php(183): Illuminate\\Cookie\\Middleware\\AddQueuedCookiesToResponse->handle(Object(Illuminate\\Http\\Request), Object(Closure))
#32 /Users/aleksandr/projects/btf/vendor/laravel/framework/src/Illuminate/Cookie/Middleware/EncryptCookies.php(75): Illuminate\\Pipeline\\Pipeline->Illuminate\\Pipeline\\{closure}(Object(Illuminate\\Http\\Request))
#33 /Users/aleksandr/projects/btf/vendor/laravel/framework/src/Illuminate/Pipeline/Pipeline.php(183): Illuminate\\Cookie\\Middleware\\EncryptCookies->handle(Object(Illuminate\\Http\\Request), Object(Closure))
#34 /Users/aleksandr/projects/btf/vendor/laravel/framework/src/Illuminate/Pipeline/Pipeline.php(119): Illuminate\\Pipeline\\Pipeline->Illuminate\\Pipeline\\{closure}(Object(Illuminate\\Http\\Request))
#35 /Users/aleksandr/projects/btf/vendor/laravel/framework/src/Illuminate/Routing/Router.php(805): Illuminate\\Pipeline\\Pipeline->then(Object(Closure))
#36 /Users/aleksandr/projects/btf/vendor/laravel/framework/src/Illuminate/Routing/Router.php(784): Illuminate\\Routing\\Router->runRouteWithinStack(Object(Illuminate\\Routing\\Route), Object(Illuminate\\Http\\Request))
#37 /Users/aleksandr/projects/btf/vendor/laravel/framework/src/Illuminate/Routing/Router.php(748): Illuminate\\Routing\\Router->runRoute(Object(Illuminate\\Http\\Request), Object(Illuminate\\Routing\\Route))
#38 /Users/aleksandr/projects/btf/vendor/laravel/framework/src/Illuminate/Routing/Router.php(737): Illuminate\\Routing\\Router->dispatchToRoute(Object(Illuminate\\Http\\Request))
#39 /Users/aleksandr/projects/btf/vendor/laravel/framework/src/Illuminate/Foundation/Http/Kernel.php(200): Illuminate\\Routing\\Router->dispatch(Object(Illuminate\\Http\\Request))
#40 /Users/aleksandr/projects/btf/vendor/laravel/framework/src/Illuminate/Pipeline/Pipeline.php(144): Illuminate\\Foundation\\Http\\Kernel->Illuminate\\Foundation\\Http\\{closure}(Object(Illuminate\\Http\\Request))
#41 /Users/aleksandr/projects/btf/vendor/barryvdh/laravel-debugbar/src/Middleware/InjectDebugbar.php(66): Illuminate\\Pipeline\\Pipeline->Illuminate\\Pipeline\\{closure}(Object(Illuminate\\Http\\Request))
#42 /Users/aleksandr/projects/btf/vendor/laravel/framework/src/Illuminate/Pipeline/Pipeline.php(183): Barryvdh\\Debugbar\\Middleware\\InjectDebugbar->handle(Object(Illuminate\\Http\\Request), Object(Closure))
#43 /Users/aleksandr/projects/btf/vendor/laravel/framework/src/Illuminate/Foundation/Http/Middleware/TransformsRequest.php(21): Illuminate\\Pipeline\\Pipeline->Illuminate\\Pipeline\\{closure}(Object(Illuminate\\Http\\Request))
#44 /Users/aleksandr/projects/btf/vendor/laravel/framework/src/Illuminate/Foundation/Http/Middleware/ConvertEmptyStringsToNull.php(31): Illuminate\\Foundation\\Http\\Middleware\\TransformsRequest->handle(Object(Illuminate\\Http\\Request), Object(Closure))
#45 /Users/aleksandr/projects/btf/vendor/laravel/framework/src/Illuminate/Pipeline/Pipeline.php(183): Illuminate\\Foundation\\Http\\Middleware\\ConvertEmptyStringsToNull->handle(Object(Illuminate\\Http\\Request), Object(Closure))
#46 /Users/aleksandr/projects/btf/vendor/laravel/framework/src/Illuminate/Foundation/Http/Middleware/TransformsRequest.php(21): Illuminate\\Pipeline\\Pipeline->Illuminate\\Pipeline\\{closure}(Object(Illuminate\\Http\\Request))
#47 /Users/aleksandr/projects/btf/vendor/laravel/framework/src/Illuminate/Foundation/Http/Middleware/TrimStrings.php(51): Illuminate\\Foundation\\Http\\Middleware\\TransformsRequest->handle(Object(Illuminate\\Http\\Request), Object(Closure))
#48 /Users/aleksandr/projects/btf/vendor/laravel/framework/src/Illuminate/Pipeline/Pipeline.php(183): Illuminate\\Foundation\\Http\\Middleware\\TrimStrings->handle(Object(Illuminate\\Http\\Request), Object(Closure))
#49 /Users/aleksandr/projects/btf/vendor/laravel/framework/src/Illuminate/Http/Middleware/ValidatePostSize.php(27): Illuminate\\Pipeline\\Pipeline->Illuminate\\Pipeline\\{closure}(Object(Illuminate\\Http\\Request))
#50 /Users/aleksandr/projects/btf/vendor/laravel/framework/src/Illuminate/Pipeline/Pipeline.php(183): Illuminate\\Http\\Middleware\\ValidatePostSize->handle(Object(Illuminate\\Http\\Request), Object(Closure))
#51 /Users/aleksandr/projects/btf/vendor/laravel/framework/src/Illuminate/Foundation/Http/Middleware/PreventRequestsDuringMaintenance.php(110): Illuminate\\Pipeline\\Pipeline->Illuminate\\Pipeline\\{closure}(Object(Illuminate\\Http\\Request))
#52 /Users/aleksandr/projects/btf/vendor/laravel/framework/src/Illuminate/Pipeline/Pipeline.php(183): Illuminate\\Foundation\\Http\\Middleware\\PreventRequestsDuringMaintenance->handle(Object(Illuminate\\Http\\Request), Object(Closure))
#53 /Users/aleksandr/projects/btf/vendor/laravel/framework/src/Illuminate/Http/Middleware/HandleCors.php(49): Illuminate\\Pipeline\\Pipeline->Illuminate\\Pipeline\\{closure}(Object(Illuminate\\Http\\Request))
#54 /Users/aleksandr/projects/btf/vendor/laravel/framework/src/Illuminate/Pipeline/Pipeline.php(183): Illuminate\\Http\\Middleware\\HandleCors->handle(Object(Illuminate\\Http\\Request), Object(Closure))
#55 /Users/aleksandr/projects/btf/vendor/laravel/framework/src/Illuminate/Http/Middleware/TrustProxies.php(57): Illuminate\\Pipeline\\Pipeline->Illuminate\\Pipeline\\{closure}(Object(Illuminate\\Http\\Request))
#56 /Users/aleksandr/projects/btf/vendor/laravel/framework/src/Illuminate/Pipeline/Pipeline.php(183): Illuminate\\Http\\Middleware\\TrustProxies->handle(Object(Illuminate\\Http\\Request), Object(Closure))
#57 /Users/aleksandr/projects/btf/vendor/laravel/framework/src/Illuminate/Pipeline/Pipeline.php(119): Illuminate\\Pipeline\\Pipeline->Illuminate\\Pipeline\\{closure}(Object(Illuminate\\Http\\Request))
#58 /Users/aleksandr/projects/btf/vendor/laravel/framework/src/Illuminate/Foundation/Http/Kernel.php(175): Illuminate\\Pipeline\\Pipeline->then(Object(Closure))
#59 /Users/aleksandr/projects/btf/vendor/laravel/framework/src/Illuminate/Foundation/Http/Kernel.php(144): Illuminate\\Foundation\\Http\\Kernel->sendRequestThroughRouter(Object(Illuminate\\Http\\Request))
#60 /Users/aleksandr/projects/btf/public/index.php(50): Illuminate\\Foundation\\Http\\Kernel->handle(Object(Illuminate\\Http\\Request))
#61 /Users/aleksandr/projects/btf/vendor/laravel/framework/src/Illuminate/Foundation/resources/server.php(16): require_once('/Users/aleksand...')
#62 {main}

[previous exception] [object] (Exception(code: 0): Unable to locate file in Vite manifest: resources/css/backend.css. at /Users/aleksandr/projects/btf/vendor/laravel/framework/src/Illuminate/Foundation/Vite.php:781)
[stacktrace]
#0 /Users/aleksandr/projects/btf/vendor/laravel/framework/src/Illuminate/Foundation/Vite.php(299): Illuminate\\Foundation\\Vite->chunk(Array, 'resources/css/b...')
#1 /Users/aleksandr/projects/btf/storage/framework/views/4980babb759d16821e0ecd88a147fe79.php(197): Illuminate\\Foundation\\Vite->__invoke(Object(Illuminate\\Support\\Collection))
#2 /Users/aleksandr/projects/btf/vendor/laravel/framework/src/Illuminate/Filesystem/Filesystem.php(123): require('/Users/aleksand...')
#3 /Users/aleksandr/projects/btf/vendor/laravel/framework/src/Illuminate/Filesystem/Filesystem.php(124): Illuminate\\Filesystem\\Filesystem::Illuminate\\Filesystem\\{closure}()
#4 /Users/aleksandr/projects/btf/vendor/laravel/framework/src/Illuminate/View/Engines/PhpEngine.php(58): Illuminate\\Filesystem\\Filesystem->getRequire('/Users/aleksand...', Array)
#5 /Users/aleksandr/projects/btf/vendor/laravel/framework/src/Illuminate/View/Engines/CompilerEngine.php(73): Illuminate\\View\\Engines\\PhpEngine->evaluatePath('/Users/aleksand...', Array)
#6 /Users/aleksandr/projects/btf/vendor/laravel/framework/src/Illuminate/View/View.php(208): Illuminate\\View\\Engines\\CompilerEngine->get('/Users/aleksand...', Array)
#7 /Users/aleksandr/projects/btf/vendor/laravel/framework/src/Illuminate/View/View.php(191): Illuminate\\View\\View->getContents()
#8 /Users/aleksandr/projects/btf/vendor/laravel/framework/src/Illuminate/View/View.php(160): Illuminate\\View\\View->renderContents()
#9 /Users/aleksandr/projects/btf/vendor/laravel/framework/src/Illuminate/Http/Response.php(70): Illuminate\\View\\View->render()
#10 /Users/aleksandr/projects/btf/vendor/laravel/framework/src/Illuminate/Http/Response.php(35): Illuminate\\Http\\Response->setContent(Object(Illuminate\\View\\View))
#11 /Users/aleksandr/projects/btf/vendor/laravel/framework/src/Illuminate/Routing/Router.php(918): Illuminate\\Http\\Response->__construct(Object(Illuminate\\View\\View), 200, Array)
#12 /Users/aleksandr/projects/btf/vendor/laravel/framework/src/Illuminate/Routing/Router.php(885): Illuminate\\Routing\\Router::toResponse(Object(Illuminate\\Http\\Request), Object(Illuminate\\View\\View))
#13 /Users/aleksandr/projects/btf/vendor/laravel/framework/src/Illuminate/Routing/Router.php(805): Illuminate\\Routing\\Router->prepareResponse(Object(Illuminate\\Http\\Request), Object(Illuminate\\View\\View))
#14 /Users/aleksandr/projects/btf/vendor/laravel/framework/src/Illuminate/Pipeline/Pipeline.php(144): Illuminate\\Routing\\Router->Illuminate\\Routing\\{closure}(Object(Illuminate\\Http\\Request))
#15 /Users/aleksandr/projects/btf/app/Http/Middleware/UserActivity.php(20): Illuminate\\Pipeline\\Pipeline->Illuminate\\Pipeline\\{closure}(Object(Illuminate\\Http\\Request))
#16 /Users/aleksandr/projects/btf/vendor/laravel/framework/src/Illuminate/Pipeline/Pipeline.php(183): App\\Http\\Middleware\\UserActivity->handle(Object(Illuminate\\Http\\Request), Object(Closure))
#17 /Users/aleksandr/projects/btf/app/Http/Middleware/SetLocale.php(51): Illuminate\\Pipeline\\Pipeline->Illuminate\\Pipeline\\{closure}(Object(Illuminate\\Http\\Request))
#18 /Users/aleksandr/projects/btf/vendor/laravel/framework/src/Illuminate/Pipeline/Pipeline.php(183): App\\Http\\Middleware\\SetLocale->handle(Object(Illuminate\\Http\\Request), Object(Closure))
#19 /Users/aleksandr/projects/btf/vendor/erlandmuchasaj/laravel-gzip/src/Middleware/GzipEncodeResponse.php(19): Illuminate\\Pipeline\\Pipeline->Illuminate\\Pipeline\\{closure}(Object(Illuminate\\Http\\Request))
#20 /Users/aleksandr/projects/btf/vendor/laravel/framework/src/Illuminate/Pipeline/Pipeline.php(183): ErlandMuchasaj\\LaravelGzip\\Middleware\\GzipEncodeResponse->handle(Object(Illuminate\\Http\\Request), Object(Closure))
#21 /Users/aleksandr/projects/btf/vendor/laravel/framework/src/Illuminate/Routing/Middleware/SubstituteBindings.php(50): Illuminate\\Pipeline\\Pipeline->Illuminate\\Pipeline\\{closure}(Object(Illuminate\\Http\\Request))
#22 /Users/aleksandr/projects/btf/vendor/laravel/framework/src/Illuminate/Pipeline/Pipeline.php(183): Illuminate\\Routing\\Middleware\\SubstituteBindings->handle(Object(Illuminate\\Http\\Request), Object(Closure))
#23 /Users/aleksandr/projects/btf/vendor/laravel/framework/src/Illuminate/Foundation/Http/Middleware/VerifyCsrfToken.php(88): Illuminate\\Pipeline\\Pipeline->Illuminate\\Pipeline\\{closure}(Object(Illuminate\\Http\\Request))
#24 /Users/aleksandr/projects/btf/vendor/laravel/framework/src/Illuminate/Pipeline/Pipeline.php(183): Illuminate\\Foundation\\Http\\Middleware\\VerifyCsrfToken->handle(Object(Illuminate\\Http\\Request), Object(Closure))
#25 /Users/aleksandr/projects/btf/vendor/laravel/framework/src/Illuminate/View/Middleware/ShareErrorsFromSession.php(49): Illuminate\\Pipeline\\Pipeline->Illuminate\\Pipeline\\{closure}(Object(Illuminate\\Http\\Request))
#26 /Users/aleksandr/projects/btf/vendor/laravel/framework/src/Illuminate/Pipeline/Pipeline.php(183): Illuminate\\View\\Middleware\\ShareErrorsFromSession->handle(Object(Illuminate\\Http\\Request), Object(Closure))
#27 /Users/aleksandr/projects/btf/vendor/laravel/framework/src/Illuminate/Session/Middleware/StartSession.php(121): Illuminate\\Pipeline\\Pipeline->Illuminate\\Pipeline\\{closure}(Object(Illuminate\\Http\\Request))
#28 /Users/aleksandr/projects/btf/vendor/laravel/framework/src/Illuminate/Session/Middleware/StartSession.php(64): Illuminate\\Session\\Middleware\\StartSession->handleStatefulRequest(Object(Illuminate\\Http\\Request), Object(Illuminate\\Session\\Store), Object(Closure))
#29 /Users/aleksandr/projects/btf/vendor/laravel/framework/src/Illuminate/Pipeline/Pipeline.php(183): Illuminate\\Session\\Middleware\\StartSession->handle(Object(Illuminate\\Http\\Request), Object(Closure))
#30 /Users/aleksandr/projects/btf/vendor/laravel/framework/src/Illuminate/Cookie/Middleware/AddQueuedCookiesToResponse.php(37): Illuminate\\Pipeline\\Pipeline->Illuminate\\Pipeline\\{closure}(Object(Illuminate\\Http\\Request))
#31 /Users/aleksandr/projects/btf/vendor/laravel/framework/src/Illuminate/Pipeline/Pipeline.php(183): Illuminate\\Cookie\\Middleware\\AddQueuedCookiesToResponse->handle(Object(Illuminate\\Http\\Request), Object(Closure))
#32 /Users/aleksandr/projects/btf/vendor/laravel/framework/src/Illuminate/Cookie/Middleware/EncryptCookies.php(75): Illuminate\\Pipeline\\Pipeline->Illuminate\\Pipeline\\{closure}(Object(Illuminate\\Http\\Request))
#33 /Users/aleksandr/projects/btf/vendor/laravel/framework/src/Illuminate/Pipeline/Pipeline.php(183): Illuminate\\Cookie\\Middleware\\EncryptCookies->handle(Object(Illuminate\\Http\\Request), Object(Closure))
#34 /Users/aleksandr/projects/btf/vendor/laravel/framework/src/Illuminate/Pipeline/Pipeline.php(119): Illuminate\\Pipeline\\Pipeline->Illuminate\\Pipeline\\{closure}(Object(Illuminate\\Http\\Request))
#35 /Users/aleksandr/projects/btf/vendor/laravel/framework/src/Illuminate/Routing/Router.php(805): Illuminate\\Pipeline\\Pipeline->then(Object(Closure))
#36 /Users/aleksandr/projects/btf/vendor/laravel/framework/src/Illuminate/Routing/Router.php(784): Illuminate\\Routing\\Router->runRouteWithinStack(Object(Illuminate\\Routing\\Route), Object(Illuminate\\Http\\Request))
#37 /Users/aleksandr/projects/btf/vendor/laravel/framework/src/Illuminate/Routing/Router.php(748): Illuminate\\Routing\\Router->runRoute(Object(Illuminate\\Http\\Request), Object(Illuminate\\Routing\\Route))
#38 /Users/aleksandr/projects/btf/vendor/laravel/framework/src/Illuminate/Routing/Router.php(737): Illuminate\\Routing\\Router->dispatchToRoute(Object(Illuminate\\Http\\Request))
#39 /Users/aleksandr/projects/btf/vendor/laravel/framework/src/Illuminate/Foundation/Http/Kernel.php(200): Illuminate\\Routing\\Router->dispatch(Object(Illuminate\\Http\\Request))
#40 /Users/aleksandr/projects/btf/vendor/laravel/framework/src/Illuminate/Pipeline/Pipeline.php(144): Illuminate\\Foundation\\Http\\Kernel->Illuminate\\Foundation\\Http\\{closure}(Object(Illuminate\\Http\\Request))
#41 /Users/aleksandr/projects/btf/vendor/barryvdh/laravel-debugbar/src/Middleware/InjectDebugbar.php(66): Illuminate\\Pipeline\\Pipeline->Illuminate\\Pipeline\\{closure}(Object(Illuminate\\Http\\Request))
#42 /Users/aleksandr/projects/btf/vendor/laravel/framework/src/Illuminate/Pipeline/Pipeline.php(183): Barryvdh\\Debugbar\\Middleware\\InjectDebugbar->handle(Object(Illuminate\\Http\\Request), Object(Closure))
#43 /Users/aleksandr/projects/btf/vendor/laravel/framework/src/Illuminate/Foundation/Http/Middleware/TransformsRequest.php(21): Illuminate\\Pipeline\\Pipeline->Illuminate\\Pipeline\\{closure}(Object(Illuminate\\Http\\Request))
#44 /Users/aleksandr/projects/btf/vendor/laravel/framework/src/Illuminate/Foundation/Http/Middleware/ConvertEmptyStringsToNull.php(31): Illuminate\\Foundation\\Http\\Middleware\\TransformsRequest->handle(Object(Illuminate\\Http\\Request), Object(Closure))
#45 /Users/aleksandr/projects/btf/vendor/laravel/framework/src/Illuminate/Pipeline/Pipeline.php(183): Illuminate\\Foundation\\Http\\Middleware\\ConvertEmptyStringsToNull->handle(Object(Illuminate\\Http\\Request), Object(Closure))
#46 /Users/aleksandr/projects/btf/vendor/laravel/framework/src/Illuminate/Foundation/Http/Middleware/TransformsRequest.php(21): Illuminate\\Pipeline\\Pipeline->Illuminate\\Pipeline\\{closure}(Object(Illuminate\\Http\\Request))
#47 /Users/aleksandr/projects/btf/vendor/laravel/framework/src/Illuminate/Foundation/Http/Middleware/TrimStrings.php(51): Illuminate\\Foundation\\Http\\Middleware\\TransformsRequest->handle(Object(Illuminate\\Http\\Request), Object(Closure))
#48 /Users/aleksandr/projects/btf/vendor/laravel/framework/src/Illuminate/Pipeline/Pipeline.php(183): Illuminate\\Foundation\\Http\\Middleware\\TrimStrings->handle(Object(Illuminate\\Http\\Request), Object(Closure))
#49 /Users/aleksandr/projects/btf/vendor/laravel/framework/src/Illuminate/Http/Middleware/ValidatePostSize.php(27): Illuminate\\Pipeline\\Pipeline->Illuminate\\Pipeline\\{closure}(Object(Illuminate\\Http\\Request))
#50 /Users/aleksandr/projects/btf/vendor/laravel/framework/src/Illuminate/Pipeline/Pipeline.php(183): Illuminate\\Http\\Middleware\\ValidatePostSize->handle(Object(Illuminate\\Http\\Request), Object(Closure))
#51 /Users/aleksandr/projects/btf/vendor/laravel/framework/src/Illuminate/Foundation/Http/Middleware/PreventRequestsDuringMaintenance.php(110): Illuminate\\Pipeline\\Pipeline->Illuminate\\Pipeline\\{closure}(Object(Illuminate\\Http\\Request))
#52 /Users/aleksandr/projects/btf/vendor/laravel/framework/src/Illuminate/Pipeline/Pipeline.php(183): Illuminate\\Foundation\\Http\\Middleware\\PreventRequestsDuringMaintenance->handle(Object(Illuminate\\Http\\Request), Object(Closure))
#53 /Users/aleksandr/projects/btf/vendor/laravel/framework/src/Illuminate/Http/Middleware/HandleCors.php(49): Illuminate\\Pipeline\\Pipeline->Illuminate\\Pipeline\\{closure}(Object(Illuminate\\Http\\Request))
#54 /Users/aleksandr/projects/btf/vendor/laravel/framework/src/Illuminate/Pipeline/Pipeline.php(183): Illuminate\\Http\\Middleware\\HandleCors->handle(Object(Illuminate\\Http\\Request), Object(Closure))
#55 /Users/aleksandr/projects/btf/vendor/laravel/framework/src/Illuminate/Http/Middleware/TrustProxies.php(57): Illuminate\\Pipeline\\Pipeline->Illuminate\\Pipeline\\{closure}(Object(Illuminate\\Http\\Request))
#56 /Users/aleksandr/projects/btf/vendor/laravel/framework/src/Illuminate/Pipeline/Pipeline.php(183): Illuminate\\Http\\Middleware\\TrustProxies->handle(Object(Illuminate\\Http\\Request), Object(Closure))
#57 /Users/aleksandr/projects/btf/vendor/laravel/framework/src/Illuminate/Pipeline/Pipeline.php(119): Illuminate\\Pipeline\\Pipeline->Illuminate\\Pipeline\\{closure}(Object(Illuminate\\Http\\Request))
#58 /Users/aleksandr/projects/btf/vendor/laravel/framework/src/Illuminate/Foundation/Http/Kernel.php(175): Illuminate\\Pipeline\\Pipeline->then(Object(Closure))
#59 /Users/aleksandr/projects/btf/vendor/laravel/framework/src/Illuminate/Foundation/Http/Kernel.php(144): Illuminate\\Foundation\\Http\\Kernel->sendRequestThroughRouter(Object(Illuminate\\Http\\Request))
#60 /Users/aleksandr/projects/btf/public/index.php(50): Illuminate\\Foundation\\Http\\Kernel->handle(Object(Illuminate\\Http\\Request))
#61 /Users/aleksandr/projects/btf/vendor/laravel/framework/src/Illuminate/Foundation/resources/server.php(16): require_once('/Users/aleksand...')
#62 {main}
"} 
[2025-04-19 10:25:18] production.ERROR: Unable to locate file in Vite manifest: resources/css/backend.css. {"view":{"view":"/Users/aleksandr/projects/btf/resources/views/layouts/backend.blade.php","data":{"your_ip":"<pre class=sf-dump id=sf-dump-637776259 data-indent-pad=\"  \">\"<span class=sf-dump-str title=\"13 characters\">192.168.0.102</span>\"
</pre><script>Sfdump(\"sf-dump-637776259\", {\"maxDepth\":3,\"maxStringLength\":160})</script>
","your_location":"<pre class=sf-dump id=sf-dump-1433208793 data-indent-pad=\"  \">\"<span class=sf-dump-str title=\"19 characters\">Kaliningrad, Russia</span>\"
</pre><script>Sfdump(\"sf-dump-1433208793\", {\"maxDepth\":3,\"maxStringLength\":160})</script>
","errors":"<pre class=sf-dump id=sf-dump-2146385191 data-indent-pad=\"  \"><span class=sf-dump-note>Illuminate\\Support\\ViewErrorBag</span> {<a class=sf-dump-ref>#1976</a><samp data-depth=1 class=sf-dump-expanded>
  #<span class=sf-dump-protected title=\"Protected property\">bags</span>: []
</samp>}
</pre><script>Sfdump(\"sf-dump-2146385191\", {\"maxDepth\":3,\"maxStringLength\":160})</script>
","settings":"<pre class=sf-dump id=sf-dump-176202024 data-indent-pad=\"  \"><span class=sf-dump-note>array:12</span> [<samp data-depth=1 class=sf-dump-expanded>
  \"<span class=sf-dump-key>phone</span>\" => \"<span class=sf-dump-str title=\"12 characters\">+74012313143</span>\"
  \"<span class=sf-dump-key>address</span>\" => \"<span class=sf-dump-str title=\"46 characters\">&#1075;. &#1050;&#1072;&#1083;&#1080;&#1085;&#1080;&#1085;&#1075;&#1088;&#1072;&#1076;, &#1085;&#1072;&#1073;&#1077;&#1088;&#1077;&#1078;&#1085;&#1072;&#1103; &#1055;&#1088;&#1072;&#1074;&#1072;&#1103;, 10, &#1083;&#1080;&#1090;&#1077;&#1088; &#1042;</span>\"
  \"<span class=sf-dump-key>schedule</span>\" => \"<span class=sf-dump-str title=\"89 characters\">&#1055;&#1085;-&#1055;&#1090;: 09:00 - 18:00, &lt;br class=&quot;d-md-none&quot;&gt; &#1055;&#1077;&#1088;&#1077;&#1088;&#1099;&#1074;: 13:00 - 14:00 &lt;br&gt; &#1057;&#1073;, &#1042;&#1089;: &#1042;&#1099;&#1093;&#1086;&#1076;&#1085;&#1086;&#1081;</span>\"
  \"<span class=sf-dump-key>coords</span>\" => \"<span class=sf-dump-str title=\"19 characters\">54.947113,20.159578</span>\"
  \"<span class=sf-dump-key>sitename</span>\" => \"<span class=sf-dump-str title=\"27 characters\">&#1041;&#1072;&#1083;&#1090;&#1080;&#1081;&#1089;&#1082;&#1072;&#1103; &#1090;&#1072;&#1073;&#1072;&#1095;&#1085;&#1072;&#1103; &#1092;&#1072;&#1073;&#1088;&#1080;&#1082;&#1072;</span>\"
  \"<span class=sf-dump-key>email</span>\" => \"<span class=sf-dump-str title=\"20 characters\">sekretar-kd@btf39.su</span>\"
  \"<span class=sf-dump-key>phone2</span>\" => \"<span class=sf-dump-str title=\"12 characters\">+74012313143</span>\"
  \"<span class=sf-dump-key>mobile</span>\" => \"<span class=sf-dump-str title=\"12 characters\">+79114547331</span>\"
  \"<span class=sf-dump-key>brands_count</span>\" => \"<span class=sf-dump-str title=\"2 characters\">15</span>\"
  \"<span class=sf-dump-key>distributors_count</span>\" => \"<span class=sf-dump-str title=\"2 characters\">20</span>\"
  \"<span class=sf-dump-key>years_count</span>\" => \"<span class=sf-dump-str title=\"2 characters\">27</span>\"
  \"<span class=sf-dump-key>employees_count</span>\" => \"<span class=sf-dump-str title=\"3 characters\">245</span>\"
</samp>]
</pre><script>Sfdump(\"sf-dump-176202024\", {\"maxDepth\":3,\"maxStringLength\":160})</script>
","currencySymbol":"<pre class=sf-dump id=sf-dump-439361131 data-indent-pad=\"  \">\"<span class=sf-dump-str title=\"2 characters\">&#1088;.</span>\"
</pre><script>Sfdump(\"sf-dump-439361131\", {\"maxDepth\":3,\"maxStringLength\":160})</script>
","currencies":"<pre class=sf-dump id=sf-dump-870976191 data-indent-pad=\"  \"><span class=sf-dump-note>array:3</span> [<samp data-depth=1 class=sf-dump-expanded>
  \"<span class=sf-dump-key>RUB</span>\" => <span class=sf-dump-note title=\"App\\Models\\Currency
\"><span class=\"sf-dump-ellipsis sf-dump-ellipsis-note\">App\\Models</span><span class=\"sf-dump-ellipsis sf-dump-ellipsis-note\">\\</span>Currency</span> {<a class=sf-dump-ref>#1998</a><samp data-depth=2 class=sf-dump-compact>
    #<span class=sf-dump-protected title=\"Protected property\">connection</span>: \"<span class=sf-dump-str title=\"5 characters\">mysql</span>\"
    #<span class=sf-dump-protected title=\"Protected property\">table</span>: \"<span class=sf-dump-str title=\"10 characters\">currencies</span>\"
    #<span class=sf-dump-protected title=\"Protected property\">primaryKey</span>: \"<span class=sf-dump-str title=\"2 characters\">id</span>\"
    #<span class=sf-dump-protected title=\"Protected property\">keyType</span>: \"<span class=sf-dump-str title=\"3 characters\">int</span>\"
    +<span class=sf-dump-public title=\"Public property\">incrementing</span>: <span class=sf-dump-const>true</span>
    #<span class=sf-dump-protected title=\"Protected property\">with</span>: []
    #<span class=sf-dump-protected title=\"Protected property\">withCount</span>: []
    +<span class=sf-dump-public title=\"Public property\">preventsLazyLoading</span>: <span class=sf-dump-const>false</span>
    #<span class=sf-dump-protected title=\"Protected property\">perPage</span>: <span class=sf-dump-num>15</span>
    +<span class=sf-dump-public title=\"Public property\">exists</span>: <span class=sf-dump-const>true</span>
    +<span class=sf-dump-public title=\"Public property\">wasRecentlyCreated</span>: <span class=sf-dump-const>false</span>
    #<span class=sf-dump-protected title=\"Protected property\">escapeWhenCastingToString</span>: <span class=sf-dump-const>false</span>
    #<span class=sf-dump-protected title=\"Protected property\">attributes</span>: <span class=sf-dump-note>array:8</span> [<samp data-depth=3 class=sf-dump-compact>
      \"<span class=sf-dump-key>id</span>\" => <span class=sf-dump-num>1</span>
      \"<span class=sf-dump-key>code</span>\" => \"<span class=sf-dump-str title=\"3 characters\">RUB</span>\"
      \"<span class=sf-dump-key>name</span>\" => \"<span class=sf-dump-str title=\"5 characters\">&#1056;&#1091;&#1073;&#1083;&#1080;</span>\"
      \"<span class=sf-dump-key>symbol</span>\" => \"<span class=sf-dump-str>&#8381;</span>\"
      \"<span class=sf-dump-key>is_main</span>\" => <span class=sf-dump-num>1</span>
      \"<span class=sf-dump-key>rate</span>\" => <span class=sf-dump-num>1.0</span>
      \"<span class=sf-dump-key>created_at</span>\" => <span class=sf-dump-const>null</span>
      \"<span class=sf-dump-key>updated_at</span>\" => \"<span class=sf-dump-str title=\"19 characters\">2024-03-31 12:06:01</span>\"
    </samp>]
    #<span class=sf-dump-protected title=\"Protected property\">original</span>: <span class=sf-dump-note>array:8</span> [<samp data-depth=3 class=sf-dump-compact>
      \"<span class=sf-dump-key>id</span>\" => <span class=sf-dump-num>1</span>
      \"<span class=sf-dump-key>code</span>\" => \"<span class=sf-dump-str title=\"3 characters\">RUB</span>\"
      \"<span class=sf-dump-key>name</span>\" => \"<span class=sf-dump-str title=\"5 characters\">&#1056;&#1091;&#1073;&#1083;&#1080;</span>\"
      \"<span class=sf-dump-key>symbol</span>\" => \"<span class=sf-dump-str>&#8381;</span>\"
      \"<span class=sf-dump-key>is_main</span>\" => <span class=sf-dump-num>1</span>
      \"<span class=sf-dump-key>rate</span>\" => <span class=sf-dump-num>1.0</span>
      \"<span class=sf-dump-key>created_at</span>\" => <span class=sf-dump-const>null</span>
      \"<span class=sf-dump-key>updated_at</span>\" => \"<span class=sf-dump-str title=\"19 characters\">2024-03-31 12:06:01</span>\"
    </samp>]
    #<span class=sf-dump-protected title=\"Protected property\">changes</span>: []
    #<span class=sf-dump-protected title=\"Protected property\">casts</span>: []
    #<span class=sf-dump-protected title=\"Protected property\">classCastCache</span>: []
    #<span class=sf-dump-protected title=\"Protected property\">attributeCastCache</span>: []
    #<span class=sf-dump-protected title=\"Protected property\">dateFormat</span>: <span class=sf-dump-const>null</span>
    #<span class=sf-dump-protected title=\"Protected property\">appends</span>: []
    #<span class=sf-dump-protected title=\"Protected property\">dispatchesEvents</span>: []
    #<span class=sf-dump-protected title=\"Protected property\">observables</span>: []
    #<span class=sf-dump-protected title=\"Protected property\">relations</span>: []
    #<span class=sf-dump-protected title=\"Protected property\">touches</span>: []
    +<span class=sf-dump-public title=\"Public property\">timestamps</span>: <span class=sf-dump-const>true</span>
    +<span class=sf-dump-public title=\"Public property\">usesUniqueIds</span>: <span class=sf-dump-const>false</span>
    #<span class=sf-dump-protected title=\"Protected property\">hidden</span>: []
    #<span class=sf-dump-protected title=\"Protected property\">visible</span>: []
    #<span class=sf-dump-protected title=\"Protected property\">fillable</span>: <span class=sf-dump-note>array:1</span> [<samp data-depth=3 class=sf-dump-compact>
      <span class=sf-dump-index>0</span> => \"<span class=sf-dump-str title=\"4 characters\">rate</span>\"
    </samp>]
    #<span class=sf-dump-protected title=\"Protected property\">guarded</span>: <span class=sf-dump-note>array:1</span> [<samp data-depth=3 class=sf-dump-compact>
      <span class=sf-dump-index>0</span> => \"<span class=sf-dump-str>*</span>\"
    </samp>]
  </samp>}
  \"<span class=sf-dump-key>USD</span>\" => <span class=sf-dump-note title=\"App\\Models\\Currency
\"><span class=\"sf-dump-ellipsis sf-dump-ellipsis-note\">App\\Models</span><span class=\"sf-dump-ellipsis sf-dump-ellipsis-note\">\\</span>Currency</span> {<a class=sf-dump-ref>#2039</a><samp data-depth=2 class=sf-dump-compact>
    #<span class=sf-dump-protected title=\"Protected property\">connection</span>: \"<span class=sf-dump-str title=\"5 characters\">mysql</span>\"
    #<span class=sf-dump-protected title=\"Protected property\">table</span>: \"<span class=sf-dump-str title=\"10 characters\">currencies</span>\"
    #<span class=sf-dump-protected title=\"Protected property\">primaryKey</span>: \"<span class=sf-dump-str title=\"2 characters\">id</span>\"
    #<span class=sf-dump-protected title=\"Protected property\">keyType</span>: \"<span class=sf-dump-str title=\"3 characters\">int</span>\"
    +<span class=sf-dump-public title=\"Public property\">incrementing</span>: <span class=sf-dump-const>true</span>
    #<span class=sf-dump-protected title=\"Protected property\">with</span>: []
    #<span class=sf-dump-protected title=\"Protected property\">withCount</span>: []
    +<span class=sf-dump-public title=\"Public property\">preventsLazyLoading</span>: <span class=sf-dump-const>false</span>
    #<span class=sf-dump-protected title=\"Protected property\">perPage</span>: <span class=sf-dump-num>15</span>
    +<span class=sf-dump-public title=\"Public property\">exists</span>: <span class=sf-dump-const>true</span>
    +<span class=sf-dump-public title=\"Public property\">wasRecentlyCreated</span>: <span class=sf-dump-const>false</span>
    #<span class=sf-dump-protected title=\"Protected property\">escapeWhenCastingToString</span>: <span class=sf-dump-const>false</span>
    #<span class=sf-dump-protected title=\"Protected property\">attributes</span>: <span class=sf-dump-note>array:8</span> [<samp data-depth=3 class=sf-dump-compact>
      \"<span class=sf-dump-key>id</span>\" => <span class=sf-dump-num>2</span>
      \"<span class=sf-dump-key>code</span>\" => \"<span class=sf-dump-str title=\"3 characters\">USD</span>\"
      \"<span class=sf-dump-key>name</span>\" => \"<span class=sf-dump-str title=\"7 characters\">&#1044;&#1086;&#1083;&#1083;&#1072;&#1088;&#1099;</span>\"
      \"<span class=sf-dump-key>symbol</span>\" => \"<span class=sf-dump-str>$</span>\"
      \"<span class=sf-dump-key>is_main</span>\" => <span class=sf-dump-num>0</span>
      \"<span class=sf-dump-key>rate</span>\" => <span class=sf-dump-num>0.0108019931</span>
      \"<span class=sf-dump-key>created_at</span>\" => <span class=sf-dump-const>null</span>
      \"<span class=sf-dump-key>updated_at</span>\" => \"<span class=sf-dump-str title=\"19 characters\">2024-03-31 12:56:29</span>\"
    </samp>]
    #<span class=sf-dump-protected title=\"Protected property\">original</span>: <span class=sf-dump-note>array:8</span> [<samp data-depth=3 class=sf-dump-compact>
      \"<span class=sf-dump-key>id</span>\" => <span class=sf-dump-num>2</span>
      \"<span class=sf-dump-key>code</span>\" => \"<span class=sf-dump-str title=\"3 characters\">USD</span>\"
      \"<span class=sf-dump-key>name</span>\" => \"<span class=sf-dump-str title=\"7 characters\">&#1044;&#1086;&#1083;&#1083;&#1072;&#1088;&#1099;</span>\"
      \"<span class=sf-dump-key>symbol</span>\" => \"<span class=sf-dump-str>$</span>\"
      \"<span class=sf-dump-key>is_main</span>\" => <span class=sf-dump-num>0</span>
      \"<span class=sf-dump-key>rate</span>\" => <span class=sf-dump-num>0.0108019931</span>
      \"<span class=sf-dump-key>created_at</span>\" => <span class=sf-dump-const>null</span>
      \"<span class=sf-dump-key>updated_at</span>\" => \"<span class=sf-dump-str title=\"19 characters\">2024-03-31 12:56:29</span>\"
    </samp>]
    #<span class=sf-dump-protected title=\"Protected property\">changes</span>: []
    #<span class=sf-dump-protected title=\"Protected property\">casts</span>: []
    #<span class=sf-dump-protected title=\"Protected property\">classCastCache</span>: []
    #<span class=sf-dump-protected title=\"Protected property\">attributeCastCache</span>: []
    #<span class=sf-dump-protected title=\"Protected property\">dateFormat</span>: <span class=sf-dump-const>null</span>
    #<span class=sf-dump-protected title=\"Protected property\">appends</span>: []
    #<span class=sf-dump-protected title=\"Protected property\">dispatchesEvents</span>: []
    #<span class=sf-dump-protected title=\"Protected property\">observables</span>: []
    #<span class=sf-dump-protected title=\"Protected property\">relations</span>: []
    #<span class=sf-dump-protected title=\"Protected property\">touches</span>: []
    +<span class=sf-dump-public title=\"Public property\">timestamps</span>: <span class=sf-dump-const>true</span>
    +<span class=sf-dump-public title=\"Public property\">usesUniqueIds</span>: <span class=sf-dump-const>false</span>
    #<span class=sf-dump-protected title=\"Protected property\">hidden</span>: []
    #<span class=sf-dump-protected title=\"Protected property\">visible</span>: []
    #<span class=sf-dump-protected title=\"Protected property\">fillable</span>: <span class=sf-dump-note>array:1</span> [<samp data-depth=3 class=sf-dump-compact>
      <span class=sf-dump-index>0</span> => \"<span class=sf-dump-str title=\"4 characters\">rate</span>\"
    </samp>]
    #<span class=sf-dump-protected title=\"Protected property\">guarded</span>: <span class=sf-dump-note>array:1</span> [<samp data-depth=3 class=sf-dump-compact>
      <span class=sf-dump-index>0</span> => \"<span class=sf-dump-str>*</span>\"
    </samp>]
  </samp>}
  \"<span class=sf-dump-key>EUR</span>\" => <span class=sf-dump-note title=\"App\\Models\\Currency
\"><span class=\"sf-dump-ellipsis sf-dump-ellipsis-note\">App\\Models</span><span class=\"sf-dump-ellipsis sf-dump-ellipsis-note\">\\</span>Currency</span> {<a class=sf-dump-ref>#2038</a><samp data-depth=2 class=sf-dump-compact>
    #<span class=sf-dump-protected title=\"Protected property\">connection</span>: \"<span class=sf-dump-str title=\"5 characters\">mysql</span>\"
    #<span class=sf-dump-protected title=\"Protected property\">table</span>: \"<span class=sf-dump-str title=\"10 characters\">currencies</span>\"
    #<span class=sf-dump-protected title=\"Protected property\">primaryKey</span>: \"<span class=sf-dump-str title=\"2 characters\">id</span>\"
    #<span class=sf-dump-protected title=\"Protected property\">keyType</span>: \"<span class=sf-dump-str title=\"3 characters\">int</span>\"
    +<span class=sf-dump-public title=\"Public property\">incrementing</span>: <span class=sf-dump-const>true</span>
    #<span class=sf-dump-protected title=\"Protected property\">with</span>: []
    #<span class=sf-dump-protected title=\"Protected property\">withCount</span>: []
    +<span class=sf-dump-public title=\"Public property\">preventsLazyLoading</span>: <span class=sf-dump-const>false</span>
    #<span class=sf-dump-protected title=\"Protected property\">perPage</span>: <span class=sf-dump-num>15</span>
    +<span class=sf-dump-public title=\"Public property\">exists</span>: <span class=sf-dump-const>true</span>
    +<span class=sf-dump-public title=\"Public property\">wasRecentlyCreated</span>: <span class=sf-dump-const>false</span>
    #<span class=sf-dump-protected title=\"Protected property\">escapeWhenCastingToString</span>: <span class=sf-dump-const>false</span>
    #<span class=sf-dump-protected title=\"Protected property\">attributes</span>: <span class=sf-dump-note>array:8</span> [<samp data-depth=3 class=sf-dump-compact>
      \"<span class=sf-dump-key>id</span>\" => <span class=sf-dump-num>3</span>
      \"<span class=sf-dump-key>code</span>\" => \"<span class=sf-dump-str title=\"3 characters\">EUR</span>\"
      \"<span class=sf-dump-key>name</span>\" => \"<span class=sf-dump-str title=\"4 characters\">&#1045;&#1074;&#1088;&#1086;</span>\"
      \"<span class=sf-dump-key>symbol</span>\" => \"<span class=sf-dump-str>&#8364;</span>\"
      \"<span class=sf-dump-key>is_main</span>\" => <span class=sf-dump-num>0</span>
      \"<span class=sf-dump-key>rate</span>\" => <span class=sf-dump-num>0.0100045918</span>
      \"<span class=sf-dump-key>created_at</span>\" => <span class=sf-dump-const>null</span>
      \"<span class=sf-dump-key>updated_at</span>\" => \"<span class=sf-dump-str title=\"19 characters\">2024-03-31 12:56:29</span>\"
    </samp>]
    #<span class=sf-dump-protected title=\"Protected property\">original</span>: <span class=sf-dump-note>array:8</span> [<samp data-depth=3 class=sf-dump-compact>
      \"<span class=sf-dump-key>id</span>\" => <span class=sf-dump-num>3</span>
      \"<span class=sf-dump-key>code</span>\" => \"<span class=sf-dump-str title=\"3 characters\">EUR</span>\"
      \"<span class=sf-dump-key>name</span>\" => \"<span class=sf-dump-str title=\"4 characters\">&#1045;&#1074;&#1088;&#1086;</span>\"
      \"<span class=sf-dump-key>symbol</span>\" => \"<span class=sf-dump-str>&#8364;</span>\"
      \"<span class=sf-dump-key>is_main</span>\" => <span class=sf-dump-num>0</span>
      \"<span class=sf-dump-key>rate</span>\" => <span class=sf-dump-num>0.0100045918</span>
      \"<span class=sf-dump-key>created_at</span>\" => <span class=sf-dump-const>null</span>
      \"<span class=sf-dump-key>updated_at</span>\" => \"<span class=sf-dump-str title=\"19 characters\">2024-03-31 12:56:29</span>\"
    </samp>]
    #<span class=sf-dump-protected title=\"Protected property\">changes</span>: []
    #<span class=sf-dump-protected title=\"Protected property\">casts</span>: []
    #<span class=sf-dump-protected title=\"Protected property\">classCastCache</span>: []
    #<span class=sf-dump-protected title=\"Protected property\">attributeCastCache</span>: []
    #<span class=sf-dump-protected title=\"Protected property\">dateFormat</span>: <span class=sf-dump-const>null</span>
    #<span class=sf-dump-protected title=\"Protected property\">appends</span>: []
    #<span class=sf-dump-protected title=\"Protected property\">dispatchesEvents</span>: []
    #<span class=sf-dump-protected title=\"Protected property\">observables</span>: []
    #<span class=sf-dump-protected title=\"Protected property\">relations</span>: []
    #<span class=sf-dump-protected title=\"Protected property\">touches</span>: []
    +<span class=sf-dump-public title=\"Public property\">timestamps</span>: <span class=sf-dump-const>true</span>
    +<span class=sf-dump-public title=\"Public property\">usesUniqueIds</span>: <span class=sf-dump-const>false</span>
    #<span class=sf-dump-protected title=\"Protected property\">hidden</span>: []
    #<span class=sf-dump-protected title=\"Protected property\">visible</span>: []
    #<span class=sf-dump-protected title=\"Protected property\">fillable</span>: <span class=sf-dump-note>array:1</span> [<samp data-depth=3 class=sf-dump-compact>
      <span class=sf-dump-index>0</span> => \"<span class=sf-dump-str title=\"4 characters\">rate</span>\"
    </samp>]
    #<span class=sf-dump-protected title=\"Protected property\">guarded</span>: <span class=sf-dump-note>array:1</span> [<samp data-depth=3 class=sf-dump-compact>
      <span class=sf-dump-index>0</span> => \"<span class=sf-dump-str>*</span>\"
    </samp>]
  </samp>}
</samp>]
</pre><script>Sfdump(\"sf-dump-870976191\", {\"maxDepth\":3,\"maxStringLength\":160})</script>
"}},"exception":"[object] (Spatie\\LaravelIgnition\\Exceptions\\ViewException(code: 0): Unable to locate file in Vite manifest: resources/css/backend.css. at /Users/aleksandr/projects/btf/vendor/laravel/framework/src/Illuminate/Foundation/Vite.php:781)
[stacktrace]
#0 /Users/aleksandr/projects/btf/vendor/laravel/framework/src/Illuminate/Foundation/Vite.php(299): Illuminate\\Foundation\\Vite->chunk(Array, 'resources/css/b...')
#1 /Users/aleksandr/projects/btf/resources/views/layouts/backend.blade.php(197): Illuminate\\Foundation\\Vite->__invoke(Object(Illuminate\\Support\\Collection))
#2 /Users/aleksandr/projects/btf/vendor/laravel/framework/src/Illuminate/Filesystem/Filesystem.php(123): require('/Users/aleksand...')
#3 /Users/aleksandr/projects/btf/vendor/laravel/framework/src/Illuminate/Filesystem/Filesystem.php(124): Illuminate\\Filesystem\\Filesystem::Illuminate\\Filesystem\\{closure}()
#4 /Users/aleksandr/projects/btf/vendor/laravel/framework/src/Illuminate/View/Engines/PhpEngine.php(58): Illuminate\\Filesystem\\Filesystem->getRequire('/Users/aleksand...', Array)
#5 /Users/aleksandr/projects/btf/vendor/laravel/framework/src/Illuminate/View/Engines/CompilerEngine.php(73): Illuminate\\View\\Engines\\PhpEngine->evaluatePath('/Users/aleksand...', Array)
#6 /Users/aleksandr/projects/btf/vendor/laravel/framework/src/Illuminate/View/View.php(208): Illuminate\\View\\Engines\\CompilerEngine->get('/Users/aleksand...', Array)
#7 /Users/aleksandr/projects/btf/vendor/laravel/framework/src/Illuminate/View/View.php(191): Illuminate\\View\\View->getContents()
#8 /Users/aleksandr/projects/btf/vendor/laravel/framework/src/Illuminate/View/View.php(160): Illuminate\\View\\View->renderContents()
#9 /Users/aleksandr/projects/btf/vendor/laravel/framework/src/Illuminate/Http/Response.php(70): Illuminate\\View\\View->render()
#10 /Users/aleksandr/projects/btf/vendor/laravel/framework/src/Illuminate/Http/Response.php(35): Illuminate\\Http\\Response->setContent(Object(Illuminate\\View\\View))
#11 /Users/aleksandr/projects/btf/vendor/laravel/framework/src/Illuminate/Routing/Router.php(918): Illuminate\\Http\\Response->__construct(Object(Illuminate\\View\\View), 200, Array)
#12 /Users/aleksandr/projects/btf/vendor/laravel/framework/src/Illuminate/Routing/Router.php(885): Illuminate\\Routing\\Router::toResponse(Object(Illuminate\\Http\\Request), Object(Illuminate\\View\\View))
#13 /Users/aleksandr/projects/btf/vendor/laravel/framework/src/Illuminate/Routing/Router.php(805): Illuminate\\Routing\\Router->prepareResponse(Object(Illuminate\\Http\\Request), Object(Illuminate\\View\\View))
#14 /Users/aleksandr/projects/btf/vendor/laravel/framework/src/Illuminate/Pipeline/Pipeline.php(144): Illuminate\\Routing\\Router->Illuminate\\Routing\\{closure}(Object(Illuminate\\Http\\Request))
#15 /Users/aleksandr/projects/btf/app/Http/Middleware/UserActivity.php(20): Illuminate\\Pipeline\\Pipeline->Illuminate\\Pipeline\\{closure}(Object(Illuminate\\Http\\Request))
#16 /Users/aleksandr/projects/btf/vendor/laravel/framework/src/Illuminate/Pipeline/Pipeline.php(183): App\\Http\\Middleware\\UserActivity->handle(Object(Illuminate\\Http\\Request), Object(Closure))
#17 /Users/aleksandr/projects/btf/app/Http/Middleware/SetLocale.php(51): Illuminate\\Pipeline\\Pipeline->Illuminate\\Pipeline\\{closure}(Object(Illuminate\\Http\\Request))
#18 /Users/aleksandr/projects/btf/vendor/laravel/framework/src/Illuminate/Pipeline/Pipeline.php(183): App\\Http\\Middleware\\SetLocale->handle(Object(Illuminate\\Http\\Request), Object(Closure))
#19 /Users/aleksandr/projects/btf/vendor/erlandmuchasaj/laravel-gzip/src/Middleware/GzipEncodeResponse.php(19): Illuminate\\Pipeline\\Pipeline->Illuminate\\Pipeline\\{closure}(Object(Illuminate\\Http\\Request))
#20 /Users/aleksandr/projects/btf/vendor/laravel/framework/src/Illuminate/Pipeline/Pipeline.php(183): ErlandMuchasaj\\LaravelGzip\\Middleware\\GzipEncodeResponse->handle(Object(Illuminate\\Http\\Request), Object(Closure))
#21 /Users/aleksandr/projects/btf/vendor/laravel/framework/src/Illuminate/Routing/Middleware/SubstituteBindings.php(50): Illuminate\\Pipeline\\Pipeline->Illuminate\\Pipeline\\{closure}(Object(Illuminate\\Http\\Request))
#22 /Users/aleksandr/projects/btf/vendor/laravel/framework/src/Illuminate/Pipeline/Pipeline.php(183): Illuminate\\Routing\\Middleware\\SubstituteBindings->handle(Object(Illuminate\\Http\\Request), Object(Closure))
#23 /Users/aleksandr/projects/btf/vendor/laravel/framework/src/Illuminate/Foundation/Http/Middleware/VerifyCsrfToken.php(88): Illuminate\\Pipeline\\Pipeline->Illuminate\\Pipeline\\{closure}(Object(Illuminate\\Http\\Request))
#24 /Users/aleksandr/projects/btf/vendor/laravel/framework/src/Illuminate/Pipeline/Pipeline.php(183): Illuminate\\Foundation\\Http\\Middleware\\VerifyCsrfToken->handle(Object(Illuminate\\Http\\Request), Object(Closure))
#25 /Users/aleksandr/projects/btf/vendor/laravel/framework/src/Illuminate/View/Middleware/ShareErrorsFromSession.php(49): Illuminate\\Pipeline\\Pipeline->Illuminate\\Pipeline\\{closure}(Object(Illuminate\\Http\\Request))
#26 /Users/aleksandr/projects/btf/vendor/laravel/framework/src/Illuminate/Pipeline/Pipeline.php(183): Illuminate\\View\\Middleware\\ShareErrorsFromSession->handle(Object(Illuminate\\Http\\Request), Object(Closure))
#27 /Users/aleksandr/projects/btf/vendor/laravel/framework/src/Illuminate/Session/Middleware/StartSession.php(121): Illuminate\\Pipeline\\Pipeline->Illuminate\\Pipeline\\{closure}(Object(Illuminate\\Http\\Request))
#28 /Users/aleksandr/projects/btf/vendor/laravel/framework/src/Illuminate/Session/Middleware/StartSession.php(64): Illuminate\\Session\\Middleware\\StartSession->handleStatefulRequest(Object(Illuminate\\Http\\Request), Object(Illuminate\\Session\\Store), Object(Closure))
#29 /Users/aleksandr/projects/btf/vendor/laravel/framework/src/Illuminate/Pipeline/Pipeline.php(183): Illuminate\\Session\\Middleware\\StartSession->handle(Object(Illuminate\\Http\\Request), Object(Closure))
#30 /Users/aleksandr/projects/btf/vendor/laravel/framework/src/Illuminate/Cookie/Middleware/AddQueuedCookiesToResponse.php(37): Illuminate\\Pipeline\\Pipeline->Illuminate\\Pipeline\\{closure}(Object(Illuminate\\Http\\Request))
#31 /Users/aleksandr/projects/btf/vendor/laravel/framework/src/Illuminate/Pipeline/Pipeline.php(183): Illuminate\\Cookie\\Middleware\\AddQueuedCookiesToResponse->handle(Object(Illuminate\\Http\\Request), Object(Closure))
#32 /Users/aleksandr/projects/btf/vendor/laravel/framework/src/Illuminate/Cookie/Middleware/EncryptCookies.php(75): Illuminate\\Pipeline\\Pipeline->Illuminate\\Pipeline\\{closure}(Object(Illuminate\\Http\\Request))
#33 /Users/aleksandr/projects/btf/vendor/laravel/framework/src/Illuminate/Pipeline/Pipeline.php(183): Illuminate\\Cookie\\Middleware\\EncryptCookies->handle(Object(Illuminate\\Http\\Request), Object(Closure))
#34 /Users/aleksandr/projects/btf/vendor/laravel/framework/src/Illuminate/Pipeline/Pipeline.php(119): Illuminate\\Pipeline\\Pipeline->Illuminate\\Pipeline\\{closure}(Object(Illuminate\\Http\\Request))
#35 /Users/aleksandr/projects/btf/vendor/laravel/framework/src/Illuminate/Routing/Router.php(805): Illuminate\\Pipeline\\Pipeline->then(Object(Closure))
#36 /Users/aleksandr/projects/btf/vendor/laravel/framework/src/Illuminate/Routing/Router.php(784): Illuminate\\Routing\\Router->runRouteWithinStack(Object(Illuminate\\Routing\\Route), Object(Illuminate\\Http\\Request))
#37 /Users/aleksandr/projects/btf/vendor/laravel/framework/src/Illuminate/Routing/Router.php(748): Illuminate\\Routing\\Router->runRoute(Object(Illuminate\\Http\\Request), Object(Illuminate\\Routing\\Route))
#38 /Users/aleksandr/projects/btf/vendor/laravel/framework/src/Illuminate/Routing/Router.php(737): Illuminate\\Routing\\Router->dispatchToRoute(Object(Illuminate\\Http\\Request))
#39 /Users/aleksandr/projects/btf/vendor/laravel/framework/src/Illuminate/Foundation/Http/Kernel.php(200): Illuminate\\Routing\\Router->dispatch(Object(Illuminate\\Http\\Request))
#40 /Users/aleksandr/projects/btf/vendor/laravel/framework/src/Illuminate/Pipeline/Pipeline.php(144): Illuminate\\Foundation\\Http\\Kernel->Illuminate\\Foundation\\Http\\{closure}(Object(Illuminate\\Http\\Request))
#41 /Users/aleksandr/projects/btf/vendor/barryvdh/laravel-debugbar/src/Middleware/InjectDebugbar.php(66): Illuminate\\Pipeline\\Pipeline->Illuminate\\Pipeline\\{closure}(Object(Illuminate\\Http\\Request))
#42 /Users/aleksandr/projects/btf/vendor/laravel/framework/src/Illuminate/Pipeline/Pipeline.php(183): Barryvdh\\Debugbar\\Middleware\\InjectDebugbar->handle(Object(Illuminate\\Http\\Request), Object(Closure))
#43 /Users/aleksandr/projects/btf/vendor/laravel/framework/src/Illuminate/Foundation/Http/Middleware/TransformsRequest.php(21): Illuminate\\Pipeline\\Pipeline->Illuminate\\Pipeline\\{closure}(Object(Illuminate\\Http\\Request))
#44 /Users/aleksandr/projects/btf/vendor/laravel/framework/src/Illuminate/Foundation/Http/Middleware/ConvertEmptyStringsToNull.php(31): Illuminate\\Foundation\\Http\\Middleware\\TransformsRequest->handle(Object(Illuminate\\Http\\Request), Object(Closure))
#45 /Users/aleksandr/projects/btf/vendor/laravel/framework/src/Illuminate/Pipeline/Pipeline.php(183): Illuminate\\Foundation\\Http\\Middleware\\ConvertEmptyStringsToNull->handle(Object(Illuminate\\Http\\Request), Object(Closure))
#46 /Users/aleksandr/projects/btf/vendor/laravel/framework/src/Illuminate/Foundation/Http/Middleware/TransformsRequest.php(21): Illuminate\\Pipeline\\Pipeline->Illuminate\\Pipeline\\{closure}(Object(Illuminate\\Http\\Request))
#47 /Users/aleksandr/projects/btf/vendor/laravel/framework/src/Illuminate/Foundation/Http/Middleware/TrimStrings.php(51): Illuminate\\Foundation\\Http\\Middleware\\TransformsRequest->handle(Object(Illuminate\\Http\\Request), Object(Closure))
#48 /Users/aleksandr/projects/btf/vendor/laravel/framework/src/Illuminate/Pipeline/Pipeline.php(183): Illuminate\\Foundation\\Http\\Middleware\\TrimStrings->handle(Object(Illuminate\\Http\\Request), Object(Closure))
#49 /Users/aleksandr/projects/btf/vendor/laravel/framework/src/Illuminate/Http/Middleware/ValidatePostSize.php(27): Illuminate\\Pipeline\\Pipeline->Illuminate\\Pipeline\\{closure}(Object(Illuminate\\Http\\Request))
#50 /Users/aleksandr/projects/btf/vendor/laravel/framework/src/Illuminate/Pipeline/Pipeline.php(183): Illuminate\\Http\\Middleware\\ValidatePostSize->handle(Object(Illuminate\\Http\\Request), Object(Closure))
#51 /Users/aleksandr/projects/btf/vendor/laravel/framework/src/Illuminate/Foundation/Http/Middleware/PreventRequestsDuringMaintenance.php(110): Illuminate\\Pipeline\\Pipeline->Illuminate\\Pipeline\\{closure}(Object(Illuminate\\Http\\Request))
#52 /Users/aleksandr/projects/btf/vendor/laravel/framework/src/Illuminate/Pipeline/Pipeline.php(183): Illuminate\\Foundation\\Http\\Middleware\\PreventRequestsDuringMaintenance->handle(Object(Illuminate\\Http\\Request), Object(Closure))
#53 /Users/aleksandr/projects/btf/vendor/laravel/framework/src/Illuminate/Http/Middleware/HandleCors.php(49): Illuminate\\Pipeline\\Pipeline->Illuminate\\Pipeline\\{closure}(Object(Illuminate\\Http\\Request))
#54 /Users/aleksandr/projects/btf/vendor/laravel/framework/src/Illuminate/Pipeline/Pipeline.php(183): Illuminate\\Http\\Middleware\\HandleCors->handle(Object(Illuminate\\Http\\Request), Object(Closure))
#55 /Users/aleksandr/projects/btf/vendor/laravel/framework/src/Illuminate/Http/Middleware/TrustProxies.php(57): Illuminate\\Pipeline\\Pipeline->Illuminate\\Pipeline\\{closure}(Object(Illuminate\\Http\\Request))
#56 /Users/aleksandr/projects/btf/vendor/laravel/framework/src/Illuminate/Pipeline/Pipeline.php(183): Illuminate\\Http\\Middleware\\TrustProxies->handle(Object(Illuminate\\Http\\Request), Object(Closure))
#57 /Users/aleksandr/projects/btf/vendor/laravel/framework/src/Illuminate/Pipeline/Pipeline.php(119): Illuminate\\Pipeline\\Pipeline->Illuminate\\Pipeline\\{closure}(Object(Illuminate\\Http\\Request))
#58 /Users/aleksandr/projects/btf/vendor/laravel/framework/src/Illuminate/Foundation/Http/Kernel.php(175): Illuminate\\Pipeline\\Pipeline->then(Object(Closure))
#59 /Users/aleksandr/projects/btf/vendor/laravel/framework/src/Illuminate/Foundation/Http/Kernel.php(144): Illuminate\\Foundation\\Http\\Kernel->sendRequestThroughRouter(Object(Illuminate\\Http\\Request))
#60 /Users/aleksandr/projects/btf/public/index.php(50): Illuminate\\Foundation\\Http\\Kernel->handle(Object(Illuminate\\Http\\Request))
#61 /Users/aleksandr/projects/btf/vendor/laravel/framework/src/Illuminate/Foundation/resources/server.php(16): require_once('/Users/aleksand...')
#62 {main}

[previous exception] [object] (Exception(code: 0): Unable to locate file in Vite manifest: resources/css/backend.css. at /Users/aleksandr/projects/btf/vendor/laravel/framework/src/Illuminate/Foundation/Vite.php:781)
[stacktrace]
#0 /Users/aleksandr/projects/btf/vendor/laravel/framework/src/Illuminate/Foundation/Vite.php(299): Illuminate\\Foundation\\Vite->chunk(Array, 'resources/css/b...')
#1 /Users/aleksandr/projects/btf/storage/framework/views/4980babb759d16821e0ecd88a147fe79.php(197): Illuminate\\Foundation\\Vite->__invoke(Object(Illuminate\\Support\\Collection))
#2 /Users/aleksandr/projects/btf/vendor/laravel/framework/src/Illuminate/Filesystem/Filesystem.php(123): require('/Users/aleksand...')
#3 /Users/aleksandr/projects/btf/vendor/laravel/framework/src/Illuminate/Filesystem/Filesystem.php(124): Illuminate\\Filesystem\\Filesystem::Illuminate\\Filesystem\\{closure}()
#4 /Users/aleksandr/projects/btf/vendor/laravel/framework/src/Illuminate/View/Engines/PhpEngine.php(58): Illuminate\\Filesystem\\Filesystem->getRequire('/Users/aleksand...', Array)
#5 /Users/aleksandr/projects/btf/vendor/laravel/framework/src/Illuminate/View/Engines/CompilerEngine.php(73): Illuminate\\View\\Engines\\PhpEngine->evaluatePath('/Users/aleksand...', Array)
#6 /Users/aleksandr/projects/btf/vendor/laravel/framework/src/Illuminate/View/View.php(208): Illuminate\\View\\Engines\\CompilerEngine->get('/Users/aleksand...', Array)
#7 /Users/aleksandr/projects/btf/vendor/laravel/framework/src/Illuminate/View/View.php(191): Illuminate\\View\\View->getContents()
#8 /Users/aleksandr/projects/btf/vendor/laravel/framework/src/Illuminate/View/View.php(160): Illuminate\\View\\View->renderContents()
#9 /Users/aleksandr/projects/btf/vendor/laravel/framework/src/Illuminate/Http/Response.php(70): Illuminate\\View\\View->render()
#10 /Users/aleksandr/projects/btf/vendor/laravel/framework/src/Illuminate/Http/Response.php(35): Illuminate\\Http\\Response->setContent(Object(Illuminate\\View\\View))
#11 /Users/aleksandr/projects/btf/vendor/laravel/framework/src/Illuminate/Routing/Router.php(918): Illuminate\\Http\\Response->__construct(Object(Illuminate\\View\\View), 200, Array)
#12 /Users/aleksandr/projects/btf/vendor/laravel/framework/src/Illuminate/Routing/Router.php(885): Illuminate\\Routing\\Router::toResponse(Object(Illuminate\\Http\\Request), Object(Illuminate\\View\\View))
#13 /Users/aleksandr/projects/btf/vendor/laravel/framework/src/Illuminate/Routing/Router.php(805): Illuminate\\Routing\\Router->prepareResponse(Object(Illuminate\\Http\\Request), Object(Illuminate\\View\\View))
#14 /Users/aleksandr/projects/btf/vendor/laravel/framework/src/Illuminate/Pipeline/Pipeline.php(144): Illuminate\\Routing\\Router->Illuminate\\Routing\\{closure}(Object(Illuminate\\Http\\Request))
#15 /Users/aleksandr/projects/btf/app/Http/Middleware/UserActivity.php(20): Illuminate\\Pipeline\\Pipeline->Illuminate\\Pipeline\\{closure}(Object(Illuminate\\Http\\Request))
#16 /Users/aleksandr/projects/btf/vendor/laravel/framework/src/Illuminate/Pipeline/Pipeline.php(183): App\\Http\\Middleware\\UserActivity->handle(Object(Illuminate\\Http\\Request), Object(Closure))
#17 /Users/aleksandr/projects/btf/app/Http/Middleware/SetLocale.php(51): Illuminate\\Pipeline\\Pipeline->Illuminate\\Pipeline\\{closure}(Object(Illuminate\\Http\\Request))
#18 /Users/aleksandr/projects/btf/vendor/laravel/framework/src/Illuminate/Pipeline/Pipeline.php(183): App\\Http\\Middleware\\SetLocale->handle(Object(Illuminate\\Http\\Request), Object(Closure))
#19 /Users/aleksandr/projects/btf/vendor/erlandmuchasaj/laravel-gzip/src/Middleware/GzipEncodeResponse.php(19): Illuminate\\Pipeline\\Pipeline->Illuminate\\Pipeline\\{closure}(Object(Illuminate\\Http\\Request))
#20 /Users/aleksandr/projects/btf/vendor/laravel/framework/src/Illuminate/Pipeline/Pipeline.php(183): ErlandMuchasaj\\LaravelGzip\\Middleware\\GzipEncodeResponse->handle(Object(Illuminate\\Http\\Request), Object(Closure))
#21 /Users/aleksandr/projects/btf/vendor/laravel/framework/src/Illuminate/Routing/Middleware/SubstituteBindings.php(50): Illuminate\\Pipeline\\Pipeline->Illuminate\\Pipeline\\{closure}(Object(Illuminate\\Http\\Request))
#22 /Users/aleksandr/projects/btf/vendor/laravel/framework/src/Illuminate/Pipeline/Pipeline.php(183): Illuminate\\Routing\\Middleware\\SubstituteBindings->handle(Object(Illuminate\\Http\\Request), Object(Closure))
#23 /Users/aleksandr/projects/btf/vendor/laravel/framework/src/Illuminate/Foundation/Http/Middleware/VerifyCsrfToken.php(88): Illuminate\\Pipeline\\Pipeline->Illuminate\\Pipeline\\{closure}(Object(Illuminate\\Http\\Request))
#24 /Users/aleksandr/projects/btf/vendor/laravel/framework/src/Illuminate/Pipeline/Pipeline.php(183): Illuminate\\Foundation\\Http\\Middleware\\VerifyCsrfToken->handle(Object(Illuminate\\Http\\Request), Object(Closure))
#25 /Users/aleksandr/projects/btf/vendor/laravel/framework/src/Illuminate/View/Middleware/ShareErrorsFromSession.php(49): Illuminate\\Pipeline\\Pipeline->Illuminate\\Pipeline\\{closure}(Object(Illuminate\\Http\\Request))
#26 /Users/aleksandr/projects/btf/vendor/laravel/framework/src/Illuminate/Pipeline/Pipeline.php(183): Illuminate\\View\\Middleware\\ShareErrorsFromSession->handle(Object(Illuminate\\Http\\Request), Object(Closure))
#27 /Users/aleksandr/projects/btf/vendor/laravel/framework/src/Illuminate/Session/Middleware/StartSession.php(121): Illuminate\\Pipeline\\Pipeline->Illuminate\\Pipeline\\{closure}(Object(Illuminate\\Http\\Request))
#28 /Users/aleksandr/projects/btf/vendor/laravel/framework/src/Illuminate/Session/Middleware/StartSession.php(64): Illuminate\\Session\\Middleware\\StartSession->handleStatefulRequest(Object(Illuminate\\Http\\Request), Object(Illuminate\\Session\\Store), Object(Closure))
#29 /Users/aleksandr/projects/btf/vendor/laravel/framework/src/Illuminate/Pipeline/Pipeline.php(183): Illuminate\\Session\\Middleware\\StartSession->handle(Object(Illuminate\\Http\\Request), Object(Closure))
#30 /Users/aleksandr/projects/btf/vendor/laravel/framework/src/Illuminate/Cookie/Middleware/AddQueuedCookiesToResponse.php(37): Illuminate\\Pipeline\\Pipeline->Illuminate\\Pipeline\\{closure}(Object(Illuminate\\Http\\Request))
#31 /Users/aleksandr/projects/btf/vendor/laravel/framework/src/Illuminate/Pipeline/Pipeline.php(183): Illuminate\\Cookie\\Middleware\\AddQueuedCookiesToResponse->handle(Object(Illuminate\\Http\\Request), Object(Closure))
#32 /Users/aleksandr/projects/btf/vendor/laravel/framework/src/Illuminate/Cookie/Middleware/EncryptCookies.php(75): Illuminate\\Pipeline\\Pipeline->Illuminate\\Pipeline\\{closure}(Object(Illuminate\\Http\\Request))
#33 /Users/aleksandr/projects/btf/vendor/laravel/framework/src/Illuminate/Pipeline/Pipeline.php(183): Illuminate\\Cookie\\Middleware\\EncryptCookies->handle(Object(Illuminate\\Http\\Request), Object(Closure))
#34 /Users/aleksandr/projects/btf/vendor/laravel/framework/src/Illuminate/Pipeline/Pipeline.php(119): Illuminate\\Pipeline\\Pipeline->Illuminate\\Pipeline\\{closure}(Object(Illuminate\\Http\\Request))
#35 /Users/aleksandr/projects/btf/vendor/laravel/framework/src/Illuminate/Routing/Router.php(805): Illuminate\\Pipeline\\Pipeline->then(Object(Closure))
#36 /Users/aleksandr/projects/btf/vendor/laravel/framework/src/Illuminate/Routing/Router.php(784): Illuminate\\Routing\\Router->runRouteWithinStack(Object(Illuminate\\Routing\\Route), Object(Illuminate\\Http\\Request))
#37 /Users/aleksandr/projects/btf/vendor/laravel/framework/src/Illuminate/Routing/Router.php(748): Illuminate\\Routing\\Router->runRoute(Object(Illuminate\\Http\\Request), Object(Illuminate\\Routing\\Route))
#38 /Users/aleksandr/projects/btf/vendor/laravel/framework/src/Illuminate/Routing/Router.php(737): Illuminate\\Routing\\Router->dispatchToRoute(Object(Illuminate\\Http\\Request))
#39 /Users/aleksandr/projects/btf/vendor/laravel/framework/src/Illuminate/Foundation/Http/Kernel.php(200): Illuminate\\Routing\\Router->dispatch(Object(Illuminate\\Http\\Request))
#40 /Users/aleksandr/projects/btf/vendor/laravel/framework/src/Illuminate/Pipeline/Pipeline.php(144): Illuminate\\Foundation\\Http\\Kernel->Illuminate\\Foundation\\Http\\{closure}(Object(Illuminate\\Http\\Request))
#41 /Users/aleksandr/projects/btf/vendor/barryvdh/laravel-debugbar/src/Middleware/InjectDebugbar.php(66): Illuminate\\Pipeline\\Pipeline->Illuminate\\Pipeline\\{closure}(Object(Illuminate\\Http\\Request))
#42 /Users/aleksandr/projects/btf/vendor/laravel/framework/src/Illuminate/Pipeline/Pipeline.php(183): Barryvdh\\Debugbar\\Middleware\\InjectDebugbar->handle(Object(Illuminate\\Http\\Request), Object(Closure))
#43 /Users/aleksandr/projects/btf/vendor/laravel/framework/src/Illuminate/Foundation/Http/Middleware/TransformsRequest.php(21): Illuminate\\Pipeline\\Pipeline->Illuminate\\Pipeline\\{closure}(Object(Illuminate\\Http\\Request))
#44 /Users/aleksandr/projects/btf/vendor/laravel/framework/src/Illuminate/Foundation/Http/Middleware/ConvertEmptyStringsToNull.php(31): Illuminate\\Foundation\\Http\\Middleware\\TransformsRequest->handle(Object(Illuminate\\Http\\Request), Object(Closure))
#45 /Users/aleksandr/projects/btf/vendor/laravel/framework/src/Illuminate/Pipeline/Pipeline.php(183): Illuminate\\Foundation\\Http\\Middleware\\ConvertEmptyStringsToNull->handle(Object(Illuminate\\Http\\Request), Object(Closure))
#46 /Users/aleksandr/projects/btf/vendor/laravel/framework/src/Illuminate/Foundation/Http/Middleware/TransformsRequest.php(21): Illuminate\\Pipeline\\Pipeline->Illuminate\\Pipeline\\{closure}(Object(Illuminate\\Http\\Request))
#47 /Users/aleksandr/projects/btf/vendor/laravel/framework/src/Illuminate/Foundation/Http/Middleware/TrimStrings.php(51): Illuminate\\Foundation\\Http\\Middleware\\TransformsRequest->handle(Object(Illuminate\\Http\\Request), Object(Closure))
#48 /Users/aleksandr/projects/btf/vendor/laravel/framework/src/Illuminate/Pipeline/Pipeline.php(183): Illuminate\\Foundation\\Http\\Middleware\\TrimStrings->handle(Object(Illuminate\\Http\\Request), Object(Closure))
#49 /Users/aleksandr/projects/btf/vendor/laravel/framework/src/Illuminate/Http/Middleware/ValidatePostSize.php(27): Illuminate\\Pipeline\\Pipeline->Illuminate\\Pipeline\\{closure}(Object(Illuminate\\Http\\Request))
#50 /Users/aleksandr/projects/btf/vendor/laravel/framework/src/Illuminate/Pipeline/Pipeline.php(183): Illuminate\\Http\\Middleware\\ValidatePostSize->handle(Object(Illuminate\\Http\\Request), Object(Closure))
#51 /Users/aleksandr/projects/btf/vendor/laravel/framework/src/Illuminate/Foundation/Http/Middleware/PreventRequestsDuringMaintenance.php(110): Illuminate\\Pipeline\\Pipeline->Illuminate\\Pipeline\\{closure}(Object(Illuminate\\Http\\Request))
#52 /Users/aleksandr/projects/btf/vendor/laravel/framework/src/Illuminate/Pipeline/Pipeline.php(183): Illuminate\\Foundation\\Http\\Middleware\\PreventRequestsDuringMaintenance->handle(Object(Illuminate\\Http\\Request), Object(Closure))
#53 /Users/aleksandr/projects/btf/vendor/laravel/framework/src/Illuminate/Http/Middleware/HandleCors.php(49): Illuminate\\Pipeline\\Pipeline->Illuminate\\Pipeline\\{closure}(Object(Illuminate\\Http\\Request))
#54 /Users/aleksandr/projects/btf/vendor/laravel/framework/src/Illuminate/Pipeline/Pipeline.php(183): Illuminate\\Http\\Middleware\\HandleCors->handle(Object(Illuminate\\Http\\Request), Object(Closure))
#55 /Users/aleksandr/projects/btf/vendor/laravel/framework/src/Illuminate/Http/Middleware/TrustProxies.php(57): Illuminate\\Pipeline\\Pipeline->Illuminate\\Pipeline\\{closure}(Object(Illuminate\\Http\\Request))
#56 /Users/aleksandr/projects/btf/vendor/laravel/framework/src/Illuminate/Pipeline/Pipeline.php(183): Illuminate\\Http\\Middleware\\TrustProxies->handle(Object(Illuminate\\Http\\Request), Object(Closure))
#57 /Users/aleksandr/projects/btf/vendor/laravel/framework/src/Illuminate/Pipeline/Pipeline.php(119): Illuminate\\Pipeline\\Pipeline->Illuminate\\Pipeline\\{closure}(Object(Illuminate\\Http\\Request))
#58 /Users/aleksandr/projects/btf/vendor/laravel/framework/src/Illuminate/Foundation/Http/Kernel.php(175): Illuminate\\Pipeline\\Pipeline->then(Object(Closure))
#59 /Users/aleksandr/projects/btf/vendor/laravel/framework/src/Illuminate/Foundation/Http/Kernel.php(144): Illuminate\\Foundation\\Http\\Kernel->sendRequestThroughRouter(Object(Illuminate\\Http\\Request))
#60 /Users/aleksandr/projects/btf/public/index.php(50): Illuminate\\Foundation\\Http\\Kernel->handle(Object(Illuminate\\Http\\Request))
#61 /Users/aleksandr/projects/btf/vendor/laravel/framework/src/Illuminate/Foundation/resources/server.php(16): require_once('/Users/aleksand...')
#62 {main}
"} 
[2025-04-19 10:26:54] production.ERROR: Unable to locate file in Vite manifest: resources/css/backend.css. {"view":{"view":"/Users/aleksandr/projects/btf/resources/views/layouts/backend.blade.php","data":{"your_ip":"<pre class=sf-dump id=sf-dump-2035827654 data-indent-pad=\"  \">\"<span class=sf-dump-str title=\"13 characters\">192.168.0.102</span>\"
</pre><script>Sfdump(\"sf-dump-2035827654\", {\"maxDepth\":3,\"maxStringLength\":160})</script>
","your_location":"<pre class=sf-dump id=sf-dump-1401289233 data-indent-pad=\"  \">\"<span class=sf-dump-str title=\"19 characters\">Kaliningrad, Russia</span>\"
</pre><script>Sfdump(\"sf-dump-1401289233\", {\"maxDepth\":3,\"maxStringLength\":160})</script>
","errors":"<pre class=sf-dump id=sf-dump-1390037742 data-indent-pad=\"  \"><span class=sf-dump-note>Illuminate\\Support\\ViewErrorBag</span> {<a class=sf-dump-ref>#1976</a><samp data-depth=1 class=sf-dump-expanded>
  #<span class=sf-dump-protected title=\"Protected property\">bags</span>: []
</samp>}
</pre><script>Sfdump(\"sf-dump-1390037742\", {\"maxDepth\":3,\"maxStringLength\":160})</script>
","settings":"<pre class=sf-dump id=sf-dump-676234522 data-indent-pad=\"  \"><span class=sf-dump-note>array:12</span> [<samp data-depth=1 class=sf-dump-expanded>
  \"<span class=sf-dump-key>phone</span>\" => \"<span class=sf-dump-str title=\"12 characters\">+74012313143</span>\"
  \"<span class=sf-dump-key>address</span>\" => \"<span class=sf-dump-str title=\"46 characters\">&#1075;. &#1050;&#1072;&#1083;&#1080;&#1085;&#1080;&#1085;&#1075;&#1088;&#1072;&#1076;, &#1085;&#1072;&#1073;&#1077;&#1088;&#1077;&#1078;&#1085;&#1072;&#1103; &#1055;&#1088;&#1072;&#1074;&#1072;&#1103;, 10, &#1083;&#1080;&#1090;&#1077;&#1088; &#1042;</span>\"
  \"<span class=sf-dump-key>schedule</span>\" => \"<span class=sf-dump-str title=\"89 characters\">&#1055;&#1085;-&#1055;&#1090;: 09:00 - 18:00, &lt;br class=&quot;d-md-none&quot;&gt; &#1055;&#1077;&#1088;&#1077;&#1088;&#1099;&#1074;: 13:00 - 14:00 &lt;br&gt; &#1057;&#1073;, &#1042;&#1089;: &#1042;&#1099;&#1093;&#1086;&#1076;&#1085;&#1086;&#1081;</span>\"
  \"<span class=sf-dump-key>coords</span>\" => \"<span class=sf-dump-str title=\"19 characters\">54.947113,20.159578</span>\"
  \"<span class=sf-dump-key>sitename</span>\" => \"<span class=sf-dump-str title=\"27 characters\">&#1041;&#1072;&#1083;&#1090;&#1080;&#1081;&#1089;&#1082;&#1072;&#1103; &#1090;&#1072;&#1073;&#1072;&#1095;&#1085;&#1072;&#1103; &#1092;&#1072;&#1073;&#1088;&#1080;&#1082;&#1072;</span>\"
  \"<span class=sf-dump-key>email</span>\" => \"<span class=sf-dump-str title=\"20 characters\">sekretar-kd@btf39.su</span>\"
  \"<span class=sf-dump-key>phone2</span>\" => \"<span class=sf-dump-str title=\"12 characters\">+74012313143</span>\"
  \"<span class=sf-dump-key>mobile</span>\" => \"<span class=sf-dump-str title=\"12 characters\">+79114547331</span>\"
  \"<span class=sf-dump-key>brands_count</span>\" => \"<span class=sf-dump-str title=\"2 characters\">15</span>\"
  \"<span class=sf-dump-key>distributors_count</span>\" => \"<span class=sf-dump-str title=\"2 characters\">20</span>\"
  \"<span class=sf-dump-key>years_count</span>\" => \"<span class=sf-dump-str title=\"2 characters\">27</span>\"
  \"<span class=sf-dump-key>employees_count</span>\" => \"<span class=sf-dump-str title=\"3 characters\">245</span>\"
</samp>]
</pre><script>Sfdump(\"sf-dump-676234522\", {\"maxDepth\":3,\"maxStringLength\":160})</script>
","currencySymbol":"<pre class=sf-dump id=sf-dump-169540654 data-indent-pad=\"  \">\"<span class=sf-dump-str title=\"2 characters\">&#1088;.</span>\"
</pre><script>Sfdump(\"sf-dump-169540654\", {\"maxDepth\":3,\"maxStringLength\":160})</script>
","currencies":"<pre class=sf-dump id=sf-dump-953376561 data-indent-pad=\"  \"><span class=sf-dump-note>array:3</span> [<samp data-depth=1 class=sf-dump-expanded>
  \"<span class=sf-dump-key>RUB</span>\" => <span class=sf-dump-note title=\"App\\Models\\Currency
\"><span class=\"sf-dump-ellipsis sf-dump-ellipsis-note\">App\\Models</span><span class=\"sf-dump-ellipsis sf-dump-ellipsis-note\">\\</span>Currency</span> {<a class=sf-dump-ref>#1998</a><samp data-depth=2 class=sf-dump-compact>
    #<span class=sf-dump-protected title=\"Protected property\">connection</span>: \"<span class=sf-dump-str title=\"5 characters\">mysql</span>\"
    #<span class=sf-dump-protected title=\"Protected property\">table</span>: \"<span class=sf-dump-str title=\"10 characters\">currencies</span>\"
    #<span class=sf-dump-protected title=\"Protected property\">primaryKey</span>: \"<span class=sf-dump-str title=\"2 characters\">id</span>\"
    #<span class=sf-dump-protected title=\"Protected property\">keyType</span>: \"<span class=sf-dump-str title=\"3 characters\">int</span>\"
    +<span class=sf-dump-public title=\"Public property\">incrementing</span>: <span class=sf-dump-const>true</span>
    #<span class=sf-dump-protected title=\"Protected property\">with</span>: []
    #<span class=sf-dump-protected title=\"Protected property\">withCount</span>: []
    +<span class=sf-dump-public title=\"Public property\">preventsLazyLoading</span>: <span class=sf-dump-const>false</span>
    #<span class=sf-dump-protected title=\"Protected property\">perPage</span>: <span class=sf-dump-num>15</span>
    +<span class=sf-dump-public title=\"Public property\">exists</span>: <span class=sf-dump-const>true</span>
    +<span class=sf-dump-public title=\"Public property\">wasRecentlyCreated</span>: <span class=sf-dump-const>false</span>
    #<span class=sf-dump-protected title=\"Protected property\">escapeWhenCastingToString</span>: <span class=sf-dump-const>false</span>
    #<span class=sf-dump-protected title=\"Protected property\">attributes</span>: <span class=sf-dump-note>array:8</span> [<samp data-depth=3 class=sf-dump-compact>
      \"<span class=sf-dump-key>id</span>\" => <span class=sf-dump-num>1</span>
      \"<span class=sf-dump-key>code</span>\" => \"<span class=sf-dump-str title=\"3 characters\">RUB</span>\"
      \"<span class=sf-dump-key>name</span>\" => \"<span class=sf-dump-str title=\"5 characters\">&#1056;&#1091;&#1073;&#1083;&#1080;</span>\"
      \"<span class=sf-dump-key>symbol</span>\" => \"<span class=sf-dump-str>&#8381;</span>\"
      \"<span class=sf-dump-key>is_main</span>\" => <span class=sf-dump-num>1</span>
      \"<span class=sf-dump-key>rate</span>\" => <span class=sf-dump-num>1.0</span>
      \"<span class=sf-dump-key>created_at</span>\" => <span class=sf-dump-const>null</span>
      \"<span class=sf-dump-key>updated_at</span>\" => \"<span class=sf-dump-str title=\"19 characters\">2024-03-31 12:06:01</span>\"
    </samp>]
    #<span class=sf-dump-protected title=\"Protected property\">original</span>: <span class=sf-dump-note>array:8</span> [<samp data-depth=3 class=sf-dump-compact>
      \"<span class=sf-dump-key>id</span>\" => <span class=sf-dump-num>1</span>
      \"<span class=sf-dump-key>code</span>\" => \"<span class=sf-dump-str title=\"3 characters\">RUB</span>\"
      \"<span class=sf-dump-key>name</span>\" => \"<span class=sf-dump-str title=\"5 characters\">&#1056;&#1091;&#1073;&#1083;&#1080;</span>\"
      \"<span class=sf-dump-key>symbol</span>\" => \"<span class=sf-dump-str>&#8381;</span>\"
      \"<span class=sf-dump-key>is_main</span>\" => <span class=sf-dump-num>1</span>
      \"<span class=sf-dump-key>rate</span>\" => <span class=sf-dump-num>1.0</span>
      \"<span class=sf-dump-key>created_at</span>\" => <span class=sf-dump-const>null</span>
      \"<span class=sf-dump-key>updated_at</span>\" => \"<span class=sf-dump-str title=\"19 characters\">2024-03-31 12:06:01</span>\"
    </samp>]
    #<span class=sf-dump-protected title=\"Protected property\">changes</span>: []
    #<span class=sf-dump-protected title=\"Protected property\">casts</span>: []
    #<span class=sf-dump-protected title=\"Protected property\">classCastCache</span>: []
    #<span class=sf-dump-protected title=\"Protected property\">attributeCastCache</span>: []
    #<span class=sf-dump-protected title=\"Protected property\">dateFormat</span>: <span class=sf-dump-const>null</span>
    #<span class=sf-dump-protected title=\"Protected property\">appends</span>: []
    #<span class=sf-dump-protected title=\"Protected property\">dispatchesEvents</span>: []
    #<span class=sf-dump-protected title=\"Protected property\">observables</span>: []
    #<span class=sf-dump-protected title=\"Protected property\">relations</span>: []
    #<span class=sf-dump-protected title=\"Protected property\">touches</span>: []
    +<span class=sf-dump-public title=\"Public property\">timestamps</span>: <span class=sf-dump-const>true</span>
    +<span class=sf-dump-public title=\"Public property\">usesUniqueIds</span>: <span class=sf-dump-const>false</span>
    #<span class=sf-dump-protected title=\"Protected property\">hidden</span>: []
    #<span class=sf-dump-protected title=\"Protected property\">visible</span>: []
    #<span class=sf-dump-protected title=\"Protected property\">fillable</span>: <span class=sf-dump-note>array:1</span> [<samp data-depth=3 class=sf-dump-compact>
      <span class=sf-dump-index>0</span> => \"<span class=sf-dump-str title=\"4 characters\">rate</span>\"
    </samp>]
    #<span class=sf-dump-protected title=\"Protected property\">guarded</span>: <span class=sf-dump-note>array:1</span> [<samp data-depth=3 class=sf-dump-compact>
      <span class=sf-dump-index>0</span> => \"<span class=sf-dump-str>*</span>\"
    </samp>]
  </samp>}
  \"<span class=sf-dump-key>USD</span>\" => <span class=sf-dump-note title=\"App\\Models\\Currency
\"><span class=\"sf-dump-ellipsis sf-dump-ellipsis-note\">App\\Models</span><span class=\"sf-dump-ellipsis sf-dump-ellipsis-note\">\\</span>Currency</span> {<a class=sf-dump-ref>#2039</a><samp data-depth=2 class=sf-dump-compact>
    #<span class=sf-dump-protected title=\"Protected property\">connection</span>: \"<span class=sf-dump-str title=\"5 characters\">mysql</span>\"
    #<span class=sf-dump-protected title=\"Protected property\">table</span>: \"<span class=sf-dump-str title=\"10 characters\">currencies</span>\"
    #<span class=sf-dump-protected title=\"Protected property\">primaryKey</span>: \"<span class=sf-dump-str title=\"2 characters\">id</span>\"
    #<span class=sf-dump-protected title=\"Protected property\">keyType</span>: \"<span class=sf-dump-str title=\"3 characters\">int</span>\"
    +<span class=sf-dump-public title=\"Public property\">incrementing</span>: <span class=sf-dump-const>true</span>
    #<span class=sf-dump-protected title=\"Protected property\">with</span>: []
    #<span class=sf-dump-protected title=\"Protected property\">withCount</span>: []
    +<span class=sf-dump-public title=\"Public property\">preventsLazyLoading</span>: <span class=sf-dump-const>false</span>
    #<span class=sf-dump-protected title=\"Protected property\">perPage</span>: <span class=sf-dump-num>15</span>
    +<span class=sf-dump-public title=\"Public property\">exists</span>: <span class=sf-dump-const>true</span>
    +<span class=sf-dump-public title=\"Public property\">wasRecentlyCreated</span>: <span class=sf-dump-const>false</span>
    #<span class=sf-dump-protected title=\"Protected property\">escapeWhenCastingToString</span>: <span class=sf-dump-const>false</span>
    #<span class=sf-dump-protected title=\"Protected property\">attributes</span>: <span class=sf-dump-note>array:8</span> [<samp data-depth=3 class=sf-dump-compact>
      \"<span class=sf-dump-key>id</span>\" => <span class=sf-dump-num>2</span>
      \"<span class=sf-dump-key>code</span>\" => \"<span class=sf-dump-str title=\"3 characters\">USD</span>\"
      \"<span class=sf-dump-key>name</span>\" => \"<span class=sf-dump-str title=\"7 characters\">&#1044;&#1086;&#1083;&#1083;&#1072;&#1088;&#1099;</span>\"
      \"<span class=sf-dump-key>symbol</span>\" => \"<span class=sf-dump-str>$</span>\"
      \"<span class=sf-dump-key>is_main</span>\" => <span class=sf-dump-num>0</span>
      \"<span class=sf-dump-key>rate</span>\" => <span class=sf-dump-num>0.0108019931</span>
      \"<span class=sf-dump-key>created_at</span>\" => <span class=sf-dump-const>null</span>
      \"<span class=sf-dump-key>updated_at</span>\" => \"<span class=sf-dump-str title=\"19 characters\">2024-03-31 12:56:29</span>\"
    </samp>]
    #<span class=sf-dump-protected title=\"Protected property\">original</span>: <span class=sf-dump-note>array:8</span> [<samp data-depth=3 class=sf-dump-compact>
      \"<span class=sf-dump-key>id</span>\" => <span class=sf-dump-num>2</span>
      \"<span class=sf-dump-key>code</span>\" => \"<span class=sf-dump-str title=\"3 characters\">USD</span>\"
      \"<span class=sf-dump-key>name</span>\" => \"<span class=sf-dump-str title=\"7 characters\">&#1044;&#1086;&#1083;&#1083;&#1072;&#1088;&#1099;</span>\"
      \"<span class=sf-dump-key>symbol</span>\" => \"<span class=sf-dump-str>$</span>\"
      \"<span class=sf-dump-key>is_main</span>\" => <span class=sf-dump-num>0</span>
      \"<span class=sf-dump-key>rate</span>\" => <span class=sf-dump-num>0.0108019931</span>
      \"<span class=sf-dump-key>created_at</span>\" => <span class=sf-dump-const>null</span>
      \"<span class=sf-dump-key>updated_at</span>\" => \"<span class=sf-dump-str title=\"19 characters\">2024-03-31 12:56:29</span>\"
    </samp>]
    #<span class=sf-dump-protected title=\"Protected property\">changes</span>: []
    #<span class=sf-dump-protected title=\"Protected property\">casts</span>: []
    #<span class=sf-dump-protected title=\"Protected property\">classCastCache</span>: []
    #<span class=sf-dump-protected title=\"Protected property\">attributeCastCache</span>: []
    #<span class=sf-dump-protected title=\"Protected property\">dateFormat</span>: <span class=sf-dump-const>null</span>
    #<span class=sf-dump-protected title=\"Protected property\">appends</span>: []
    #<span class=sf-dump-protected title=\"Protected property\">dispatchesEvents</span>: []
    #<span class=sf-dump-protected title=\"Protected property\">observables</span>: []
    #<span class=sf-dump-protected title=\"Protected property\">relations</span>: []
    #<span class=sf-dump-protected title=\"Protected property\">touches</span>: []
    +<span class=sf-dump-public title=\"Public property\">timestamps</span>: <span class=sf-dump-const>true</span>
    +<span class=sf-dump-public title=\"Public property\">usesUniqueIds</span>: <span class=sf-dump-const>false</span>
    #<span class=sf-dump-protected title=\"Protected property\">hidden</span>: []
    #<span class=sf-dump-protected title=\"Protected property\">visible</span>: []
    #<span class=sf-dump-protected title=\"Protected property\">fillable</span>: <span class=sf-dump-note>array:1</span> [<samp data-depth=3 class=sf-dump-compact>
      <span class=sf-dump-index>0</span> => \"<span class=sf-dump-str title=\"4 characters\">rate</span>\"
    </samp>]
    #<span class=sf-dump-protected title=\"Protected property\">guarded</span>: <span class=sf-dump-note>array:1</span> [<samp data-depth=3 class=sf-dump-compact>
      <span class=sf-dump-index>0</span> => \"<span class=sf-dump-str>*</span>\"
    </samp>]
  </samp>}
  \"<span class=sf-dump-key>EUR</span>\" => <span class=sf-dump-note title=\"App\\Models\\Currency
\"><span class=\"sf-dump-ellipsis sf-dump-ellipsis-note\">App\\Models</span><span class=\"sf-dump-ellipsis sf-dump-ellipsis-note\">\\</span>Currency</span> {<a class=sf-dump-ref>#2038</a><samp data-depth=2 class=sf-dump-compact>
    #<span class=sf-dump-protected title=\"Protected property\">connection</span>: \"<span class=sf-dump-str title=\"5 characters\">mysql</span>\"
    #<span class=sf-dump-protected title=\"Protected property\">table</span>: \"<span class=sf-dump-str title=\"10 characters\">currencies</span>\"
    #<span class=sf-dump-protected title=\"Protected property\">primaryKey</span>: \"<span class=sf-dump-str title=\"2 characters\">id</span>\"
    #<span class=sf-dump-protected title=\"Protected property\">keyType</span>: \"<span class=sf-dump-str title=\"3 characters\">int</span>\"
    +<span class=sf-dump-public title=\"Public property\">incrementing</span>: <span class=sf-dump-const>true</span>
    #<span class=sf-dump-protected title=\"Protected property\">with</span>: []
    #<span class=sf-dump-protected title=\"Protected property\">withCount</span>: []
    +<span class=sf-dump-public title=\"Public property\">preventsLazyLoading</span>: <span class=sf-dump-const>false</span>
    #<span class=sf-dump-protected title=\"Protected property\">perPage</span>: <span class=sf-dump-num>15</span>
    +<span class=sf-dump-public title=\"Public property\">exists</span>: <span class=sf-dump-const>true</span>
    +<span class=sf-dump-public title=\"Public property\">wasRecentlyCreated</span>: <span class=sf-dump-const>false</span>
    #<span class=sf-dump-protected title=\"Protected property\">escapeWhenCastingToString</span>: <span class=sf-dump-const>false</span>
    #<span class=sf-dump-protected title=\"Protected property\">attributes</span>: <span class=sf-dump-note>array:8</span> [<samp data-depth=3 class=sf-dump-compact>
      \"<span class=sf-dump-key>id</span>\" => <span class=sf-dump-num>3</span>
      \"<span class=sf-dump-key>code</span>\" => \"<span class=sf-dump-str title=\"3 characters\">EUR</span>\"
      \"<span class=sf-dump-key>name</span>\" => \"<span class=sf-dump-str title=\"4 characters\">&#1045;&#1074;&#1088;&#1086;</span>\"
      \"<span class=sf-dump-key>symbol</span>\" => \"<span class=sf-dump-str>&#8364;</span>\"
      \"<span class=sf-dump-key>is_main</span>\" => <span class=sf-dump-num>0</span>
      \"<span class=sf-dump-key>rate</span>\" => <span class=sf-dump-num>0.0100045918</span>
      \"<span class=sf-dump-key>created_at</span>\" => <span class=sf-dump-const>null</span>
      \"<span class=sf-dump-key>updated_at</span>\" => \"<span class=sf-dump-str title=\"19 characters\">2024-03-31 12:56:29</span>\"
    </samp>]
    #<span class=sf-dump-protected title=\"Protected property\">original</span>: <span class=sf-dump-note>array:8</span> [<samp data-depth=3 class=sf-dump-compact>
      \"<span class=sf-dump-key>id</span>\" => <span class=sf-dump-num>3</span>
      \"<span class=sf-dump-key>code</span>\" => \"<span class=sf-dump-str title=\"3 characters\">EUR</span>\"
      \"<span class=sf-dump-key>name</span>\" => \"<span class=sf-dump-str title=\"4 characters\">&#1045;&#1074;&#1088;&#1086;</span>\"
      \"<span class=sf-dump-key>symbol</span>\" => \"<span class=sf-dump-str>&#8364;</span>\"
      \"<span class=sf-dump-key>is_main</span>\" => <span class=sf-dump-num>0</span>
      \"<span class=sf-dump-key>rate</span>\" => <span class=sf-dump-num>0.0100045918</span>
      \"<span class=sf-dump-key>created_at</span>\" => <span class=sf-dump-const>null</span>
      \"<span class=sf-dump-key>updated_at</span>\" => \"<span class=sf-dump-str title=\"19 characters\">2024-03-31 12:56:29</span>\"
    </samp>]
    #<span class=sf-dump-protected title=\"Protected property\">changes</span>: []
    #<span class=sf-dump-protected title=\"Protected property\">casts</span>: []
    #<span class=sf-dump-protected title=\"Protected property\">classCastCache</span>: []
    #<span class=sf-dump-protected title=\"Protected property\">attributeCastCache</span>: []
    #<span class=sf-dump-protected title=\"Protected property\">dateFormat</span>: <span class=sf-dump-const>null</span>
    #<span class=sf-dump-protected title=\"Protected property\">appends</span>: []
    #<span class=sf-dump-protected title=\"Protected property\">dispatchesEvents</span>: []
    #<span class=sf-dump-protected title=\"Protected property\">observables</span>: []
    #<span class=sf-dump-protected title=\"Protected property\">relations</span>: []
    #<span class=sf-dump-protected title=\"Protected property\">touches</span>: []
    +<span class=sf-dump-public title=\"Public property\">timestamps</span>: <span class=sf-dump-const>true</span>
    +<span class=sf-dump-public title=\"Public property\">usesUniqueIds</span>: <span class=sf-dump-const>false</span>
    #<span class=sf-dump-protected title=\"Protected property\">hidden</span>: []
    #<span class=sf-dump-protected title=\"Protected property\">visible</span>: []
    #<span class=sf-dump-protected title=\"Protected property\">fillable</span>: <span class=sf-dump-note>array:1</span> [<samp data-depth=3 class=sf-dump-compact>
      <span class=sf-dump-index>0</span> => \"<span class=sf-dump-str title=\"4 characters\">rate</span>\"
    </samp>]
    #<span class=sf-dump-protected title=\"Protected property\">guarded</span>: <span class=sf-dump-note>array:1</span> [<samp data-depth=3 class=sf-dump-compact>
      <span class=sf-dump-index>0</span> => \"<span class=sf-dump-str>*</span>\"
    </samp>]
  </samp>}
</samp>]
</pre><script>Sfdump(\"sf-dump-953376561\", {\"maxDepth\":3,\"maxStringLength\":160})</script>
"}},"exception":"[object] (Spatie\\LaravelIgnition\\Exceptions\\ViewException(code: 0): Unable to locate file in Vite manifest: resources/css/backend.css. at /Users/aleksandr/projects/btf/vendor/laravel/framework/src/Illuminate/Foundation/Vite.php:781)
[stacktrace]
#0 /Users/aleksandr/projects/btf/vendor/laravel/framework/src/Illuminate/Foundation/Vite.php(299): Illuminate\\Foundation\\Vite->chunk(Array, 'resources/css/b...')
#1 /Users/aleksandr/projects/btf/resources/views/layouts/backend.blade.php(197): Illuminate\\Foundation\\Vite->__invoke(Object(Illuminate\\Support\\Collection))
#2 /Users/aleksandr/projects/btf/vendor/laravel/framework/src/Illuminate/Filesystem/Filesystem.php(123): require('/Users/aleksand...')
#3 /Users/aleksandr/projects/btf/vendor/laravel/framework/src/Illuminate/Filesystem/Filesystem.php(124): Illuminate\\Filesystem\\Filesystem::Illuminate\\Filesystem\\{closure}()
#4 /Users/aleksandr/projects/btf/vendor/laravel/framework/src/Illuminate/View/Engines/PhpEngine.php(58): Illuminate\\Filesystem\\Filesystem->getRequire('/Users/aleksand...', Array)
#5 /Users/aleksandr/projects/btf/vendor/laravel/framework/src/Illuminate/View/Engines/CompilerEngine.php(73): Illuminate\\View\\Engines\\PhpEngine->evaluatePath('/Users/aleksand...', Array)
#6 /Users/aleksandr/projects/btf/vendor/laravel/framework/src/Illuminate/View/View.php(208): Illuminate\\View\\Engines\\CompilerEngine->get('/Users/aleksand...', Array)
#7 /Users/aleksandr/projects/btf/vendor/laravel/framework/src/Illuminate/View/View.php(191): Illuminate\\View\\View->getContents()
#8 /Users/aleksandr/projects/btf/vendor/laravel/framework/src/Illuminate/View/View.php(160): Illuminate\\View\\View->renderContents()
#9 /Users/aleksandr/projects/btf/vendor/laravel/framework/src/Illuminate/Http/Response.php(70): Illuminate\\View\\View->render()
#10 /Users/aleksandr/projects/btf/vendor/laravel/framework/src/Illuminate/Http/Response.php(35): Illuminate\\Http\\Response->setContent(Object(Illuminate\\View\\View))
#11 /Users/aleksandr/projects/btf/vendor/laravel/framework/src/Illuminate/Routing/Router.php(918): Illuminate\\Http\\Response->__construct(Object(Illuminate\\View\\View), 200, Array)
#12 /Users/aleksandr/projects/btf/vendor/laravel/framework/src/Illuminate/Routing/Router.php(885): Illuminate\\Routing\\Router::toResponse(Object(Illuminate\\Http\\Request), Object(Illuminate\\View\\View))
#13 /Users/aleksandr/projects/btf/vendor/laravel/framework/src/Illuminate/Routing/Router.php(805): Illuminate\\Routing\\Router->prepareResponse(Object(Illuminate\\Http\\Request), Object(Illuminate\\View\\View))
#14 /Users/aleksandr/projects/btf/vendor/laravel/framework/src/Illuminate/Pipeline/Pipeline.php(144): Illuminate\\Routing\\Router->Illuminate\\Routing\\{closure}(Object(Illuminate\\Http\\Request))
#15 /Users/aleksandr/projects/btf/app/Http/Middleware/UserActivity.php(20): Illuminate\\Pipeline\\Pipeline->Illuminate\\Pipeline\\{closure}(Object(Illuminate\\Http\\Request))
#16 /Users/aleksandr/projects/btf/vendor/laravel/framework/src/Illuminate/Pipeline/Pipeline.php(183): App\\Http\\Middleware\\UserActivity->handle(Object(Illuminate\\Http\\Request), Object(Closure))
#17 /Users/aleksandr/projects/btf/app/Http/Middleware/SetLocale.php(51): Illuminate\\Pipeline\\Pipeline->Illuminate\\Pipeline\\{closure}(Object(Illuminate\\Http\\Request))
#18 /Users/aleksandr/projects/btf/vendor/laravel/framework/src/Illuminate/Pipeline/Pipeline.php(183): App\\Http\\Middleware\\SetLocale->handle(Object(Illuminate\\Http\\Request), Object(Closure))
#19 /Users/aleksandr/projects/btf/vendor/erlandmuchasaj/laravel-gzip/src/Middleware/GzipEncodeResponse.php(19): Illuminate\\Pipeline\\Pipeline->Illuminate\\Pipeline\\{closure}(Object(Illuminate\\Http\\Request))
#20 /Users/aleksandr/projects/btf/vendor/laravel/framework/src/Illuminate/Pipeline/Pipeline.php(183): ErlandMuchasaj\\LaravelGzip\\Middleware\\GzipEncodeResponse->handle(Object(Illuminate\\Http\\Request), Object(Closure))
#21 /Users/aleksandr/projects/btf/vendor/laravel/framework/src/Illuminate/Routing/Middleware/SubstituteBindings.php(50): Illuminate\\Pipeline\\Pipeline->Illuminate\\Pipeline\\{closure}(Object(Illuminate\\Http\\Request))
#22 /Users/aleksandr/projects/btf/vendor/laravel/framework/src/Illuminate/Pipeline/Pipeline.php(183): Illuminate\\Routing\\Middleware\\SubstituteBindings->handle(Object(Illuminate\\Http\\Request), Object(Closure))
#23 /Users/aleksandr/projects/btf/vendor/laravel/framework/src/Illuminate/Foundation/Http/Middleware/VerifyCsrfToken.php(88): Illuminate\\Pipeline\\Pipeline->Illuminate\\Pipeline\\{closure}(Object(Illuminate\\Http\\Request))
#24 /Users/aleksandr/projects/btf/vendor/laravel/framework/src/Illuminate/Pipeline/Pipeline.php(183): Illuminate\\Foundation\\Http\\Middleware\\VerifyCsrfToken->handle(Object(Illuminate\\Http\\Request), Object(Closure))
#25 /Users/aleksandr/projects/btf/vendor/laravel/framework/src/Illuminate/View/Middleware/ShareErrorsFromSession.php(49): Illuminate\\Pipeline\\Pipeline->Illuminate\\Pipeline\\{closure}(Object(Illuminate\\Http\\Request))
#26 /Users/aleksandr/projects/btf/vendor/laravel/framework/src/Illuminate/Pipeline/Pipeline.php(183): Illuminate\\View\\Middleware\\ShareErrorsFromSession->handle(Object(Illuminate\\Http\\Request), Object(Closure))
#27 /Users/aleksandr/projects/btf/vendor/laravel/framework/src/Illuminate/Session/Middleware/StartSession.php(121): Illuminate\\Pipeline\\Pipeline->Illuminate\\Pipeline\\{closure}(Object(Illuminate\\Http\\Request))
#28 /Users/aleksandr/projects/btf/vendor/laravel/framework/src/Illuminate/Session/Middleware/StartSession.php(64): Illuminate\\Session\\Middleware\\StartSession->handleStatefulRequest(Object(Illuminate\\Http\\Request), Object(Illuminate\\Session\\Store), Object(Closure))
#29 /Users/aleksandr/projects/btf/vendor/laravel/framework/src/Illuminate/Pipeline/Pipeline.php(183): Illuminate\\Session\\Middleware\\StartSession->handle(Object(Illuminate\\Http\\Request), Object(Closure))
#30 /Users/aleksandr/projects/btf/vendor/laravel/framework/src/Illuminate/Cookie/Middleware/AddQueuedCookiesToResponse.php(37): Illuminate\\Pipeline\\Pipeline->Illuminate\\Pipeline\\{closure}(Object(Illuminate\\Http\\Request))
#31 /Users/aleksandr/projects/btf/vendor/laravel/framework/src/Illuminate/Pipeline/Pipeline.php(183): Illuminate\\Cookie\\Middleware\\AddQueuedCookiesToResponse->handle(Object(Illuminate\\Http\\Request), Object(Closure))
#32 /Users/aleksandr/projects/btf/vendor/laravel/framework/src/Illuminate/Cookie/Middleware/EncryptCookies.php(75): Illuminate\\Pipeline\\Pipeline->Illuminate\\Pipeline\\{closure}(Object(Illuminate\\Http\\Request))
#33 /Users/aleksandr/projects/btf/vendor/laravel/framework/src/Illuminate/Pipeline/Pipeline.php(183): Illuminate\\Cookie\\Middleware\\EncryptCookies->handle(Object(Illuminate\\Http\\Request), Object(Closure))
#34 /Users/aleksandr/projects/btf/vendor/laravel/framework/src/Illuminate/Pipeline/Pipeline.php(119): Illuminate\\Pipeline\\Pipeline->Illuminate\\Pipeline\\{closure}(Object(Illuminate\\Http\\Request))
#35 /Users/aleksandr/projects/btf/vendor/laravel/framework/src/Illuminate/Routing/Router.php(805): Illuminate\\Pipeline\\Pipeline->then(Object(Closure))
#36 /Users/aleksandr/projects/btf/vendor/laravel/framework/src/Illuminate/Routing/Router.php(784): Illuminate\\Routing\\Router->runRouteWithinStack(Object(Illuminate\\Routing\\Route), Object(Illuminate\\Http\\Request))
#37 /Users/aleksandr/projects/btf/vendor/laravel/framework/src/Illuminate/Routing/Router.php(748): Illuminate\\Routing\\Router->runRoute(Object(Illuminate\\Http\\Request), Object(Illuminate\\Routing\\Route))
#38 /Users/aleksandr/projects/btf/vendor/laravel/framework/src/Illuminate/Routing/Router.php(737): Illuminate\\Routing\\Router->dispatchToRoute(Object(Illuminate\\Http\\Request))
#39 /Users/aleksandr/projects/btf/vendor/laravel/framework/src/Illuminate/Foundation/Http/Kernel.php(200): Illuminate\\Routing\\Router->dispatch(Object(Illuminate\\Http\\Request))
#40 /Users/aleksandr/projects/btf/vendor/laravel/framework/src/Illuminate/Pipeline/Pipeline.php(144): Illuminate\\Foundation\\Http\\Kernel->Illuminate\\Foundation\\Http\\{closure}(Object(Illuminate\\Http\\Request))
#41 /Users/aleksandr/projects/btf/vendor/barryvdh/laravel-debugbar/src/Middleware/InjectDebugbar.php(66): Illuminate\\Pipeline\\Pipeline->Illuminate\\Pipeline\\{closure}(Object(Illuminate\\Http\\Request))
#42 /Users/aleksandr/projects/btf/vendor/laravel/framework/src/Illuminate/Pipeline/Pipeline.php(183): Barryvdh\\Debugbar\\Middleware\\InjectDebugbar->handle(Object(Illuminate\\Http\\Request), Object(Closure))
#43 /Users/aleksandr/projects/btf/vendor/laravel/framework/src/Illuminate/Foundation/Http/Middleware/TransformsRequest.php(21): Illuminate\\Pipeline\\Pipeline->Illuminate\\Pipeline\\{closure}(Object(Illuminate\\Http\\Request))
#44 /Users/aleksandr/projects/btf/vendor/laravel/framework/src/Illuminate/Foundation/Http/Middleware/ConvertEmptyStringsToNull.php(31): Illuminate\\Foundation\\Http\\Middleware\\TransformsRequest->handle(Object(Illuminate\\Http\\Request), Object(Closure))
#45 /Users/aleksandr/projects/btf/vendor/laravel/framework/src/Illuminate/Pipeline/Pipeline.php(183): Illuminate\\Foundation\\Http\\Middleware\\ConvertEmptyStringsToNull->handle(Object(Illuminate\\Http\\Request), Object(Closure))
#46 /Users/aleksandr/projects/btf/vendor/laravel/framework/src/Illuminate/Foundation/Http/Middleware/TransformsRequest.php(21): Illuminate\\Pipeline\\Pipeline->Illuminate\\Pipeline\\{closure}(Object(Illuminate\\Http\\Request))
#47 /Users/aleksandr/projects/btf/vendor/laravel/framework/src/Illuminate/Foundation/Http/Middleware/TrimStrings.php(51): Illuminate\\Foundation\\Http\\Middleware\\TransformsRequest->handle(Object(Illuminate\\Http\\Request), Object(Closure))
#48 /Users/aleksandr/projects/btf/vendor/laravel/framework/src/Illuminate/Pipeline/Pipeline.php(183): Illuminate\\Foundation\\Http\\Middleware\\TrimStrings->handle(Object(Illuminate\\Http\\Request), Object(Closure))
#49 /Users/aleksandr/projects/btf/vendor/laravel/framework/src/Illuminate/Http/Middleware/ValidatePostSize.php(27): Illuminate\\Pipeline\\Pipeline->Illuminate\\Pipeline\\{closure}(Object(Illuminate\\Http\\Request))
#50 /Users/aleksandr/projects/btf/vendor/laravel/framework/src/Illuminate/Pipeline/Pipeline.php(183): Illuminate\\Http\\Middleware\\ValidatePostSize->handle(Object(Illuminate\\Http\\Request), Object(Closure))
#51 /Users/aleksandr/projects/btf/vendor/laravel/framework/src/Illuminate/Foundation/Http/Middleware/PreventRequestsDuringMaintenance.php(110): Illuminate\\Pipeline\\Pipeline->Illuminate\\Pipeline\\{closure}(Object(Illuminate\\Http\\Request))
#52 /Users/aleksandr/projects/btf/vendor/laravel/framework/src/Illuminate/Pipeline/Pipeline.php(183): Illuminate\\Foundation\\Http\\Middleware\\PreventRequestsDuringMaintenance->handle(Object(Illuminate\\Http\\Request), Object(Closure))
#53 /Users/aleksandr/projects/btf/vendor/laravel/framework/src/Illuminate/Http/Middleware/HandleCors.php(49): Illuminate\\Pipeline\\Pipeline->Illuminate\\Pipeline\\{closure}(Object(Illuminate\\Http\\Request))
#54 /Users/aleksandr/projects/btf/vendor/laravel/framework/src/Illuminate/Pipeline/Pipeline.php(183): Illuminate\\Http\\Middleware\\HandleCors->handle(Object(Illuminate\\Http\\Request), Object(Closure))
#55 /Users/aleksandr/projects/btf/vendor/laravel/framework/src/Illuminate/Http/Middleware/TrustProxies.php(57): Illuminate\\Pipeline\\Pipeline->Illuminate\\Pipeline\\{closure}(Object(Illuminate\\Http\\Request))
#56 /Users/aleksandr/projects/btf/vendor/laravel/framework/src/Illuminate/Pipeline/Pipeline.php(183): Illuminate\\Http\\Middleware\\TrustProxies->handle(Object(Illuminate\\Http\\Request), Object(Closure))
#57 /Users/aleksandr/projects/btf/vendor/laravel/framework/src/Illuminate/Pipeline/Pipeline.php(119): Illuminate\\Pipeline\\Pipeline->Illuminate\\Pipeline\\{closure}(Object(Illuminate\\Http\\Request))
#58 /Users/aleksandr/projects/btf/vendor/laravel/framework/src/Illuminate/Foundation/Http/Kernel.php(175): Illuminate\\Pipeline\\Pipeline->then(Object(Closure))
#59 /Users/aleksandr/projects/btf/vendor/laravel/framework/src/Illuminate/Foundation/Http/Kernel.php(144): Illuminate\\Foundation\\Http\\Kernel->sendRequestThroughRouter(Object(Illuminate\\Http\\Request))
#60 /Users/aleksandr/projects/btf/public/index.php(50): Illuminate\\Foundation\\Http\\Kernel->handle(Object(Illuminate\\Http\\Request))
#61 /Users/aleksandr/projects/btf/vendor/laravel/framework/src/Illuminate/Foundation/resources/server.php(16): require_once('/Users/aleksand...')
#62 {main}

[previous exception] [object] (Exception(code: 0): Unable to locate file in Vite manifest: resources/css/backend.css. at /Users/aleksandr/projects/btf/vendor/laravel/framework/src/Illuminate/Foundation/Vite.php:781)
[stacktrace]
#0 /Users/aleksandr/projects/btf/vendor/laravel/framework/src/Illuminate/Foundation/Vite.php(299): Illuminate\\Foundation\\Vite->chunk(Array, 'resources/css/b...')
#1 /Users/aleksandr/projects/btf/storage/framework/views/4980babb759d16821e0ecd88a147fe79.php(197): Illuminate\\Foundation\\Vite->__invoke(Object(Illuminate\\Support\\Collection))
#2 /Users/aleksandr/projects/btf/vendor/laravel/framework/src/Illuminate/Filesystem/Filesystem.php(123): require('/Users/aleksand...')
#3 /Users/aleksandr/projects/btf/vendor/laravel/framework/src/Illuminate/Filesystem/Filesystem.php(124): Illuminate\\Filesystem\\Filesystem::Illuminate\\Filesystem\\{closure}()
#4 /Users/aleksandr/projects/btf/vendor/laravel/framework/src/Illuminate/View/Engines/PhpEngine.php(58): Illuminate\\Filesystem\\Filesystem->getRequire('/Users/aleksand...', Array)
#5 /Users/aleksandr/projects/btf/vendor/laravel/framework/src/Illuminate/View/Engines/CompilerEngine.php(73): Illuminate\\View\\Engines\\PhpEngine->evaluatePath('/Users/aleksand...', Array)
#6 /Users/aleksandr/projects/btf/vendor/laravel/framework/src/Illuminate/View/View.php(208): Illuminate\\View\\Engines\\CompilerEngine->get('/Users/aleksand...', Array)
#7 /Users/aleksandr/projects/btf/vendor/laravel/framework/src/Illuminate/View/View.php(191): Illuminate\\View\\View->getContents()
#8 /Users/aleksandr/projects/btf/vendor/laravel/framework/src/Illuminate/View/View.php(160): Illuminate\\View\\View->renderContents()
#9 /Users/aleksandr/projects/btf/vendor/laravel/framework/src/Illuminate/Http/Response.php(70): Illuminate\\View\\View->render()
#10 /Users/aleksandr/projects/btf/vendor/laravel/framework/src/Illuminate/Http/Response.php(35): Illuminate\\Http\\Response->setContent(Object(Illuminate\\View\\View))
#11 /Users/aleksandr/projects/btf/vendor/laravel/framework/src/Illuminate/Routing/Router.php(918): Illuminate\\Http\\Response->__construct(Object(Illuminate\\View\\View), 200, Array)
#12 /Users/aleksandr/projects/btf/vendor/laravel/framework/src/Illuminate/Routing/Router.php(885): Illuminate\\Routing\\Router::toResponse(Object(Illuminate\\Http\\Request), Object(Illuminate\\View\\View))
#13 /Users/aleksandr/projects/btf/vendor/laravel/framework/src/Illuminate/Routing/Router.php(805): Illuminate\\Routing\\Router->prepareResponse(Object(Illuminate\\Http\\Request), Object(Illuminate\\View\\View))
#14 /Users/aleksandr/projects/btf/vendor/laravel/framework/src/Illuminate/Pipeline/Pipeline.php(144): Illuminate\\Routing\\Router->Illuminate\\Routing\\{closure}(Object(Illuminate\\Http\\Request))
#15 /Users/aleksandr/projects/btf/app/Http/Middleware/UserActivity.php(20): Illuminate\\Pipeline\\Pipeline->Illuminate\\Pipeline\\{closure}(Object(Illuminate\\Http\\Request))
#16 /Users/aleksandr/projects/btf/vendor/laravel/framework/src/Illuminate/Pipeline/Pipeline.php(183): App\\Http\\Middleware\\UserActivity->handle(Object(Illuminate\\Http\\Request), Object(Closure))
#17 /Users/aleksandr/projects/btf/app/Http/Middleware/SetLocale.php(51): Illuminate\\Pipeline\\Pipeline->Illuminate\\Pipeline\\{closure}(Object(Illuminate\\Http\\Request))
#18 /Users/aleksandr/projects/btf/vendor/laravel/framework/src/Illuminate/Pipeline/Pipeline.php(183): App\\Http\\Middleware\\SetLocale->handle(Object(Illuminate\\Http\\Request), Object(Closure))
#19 /Users/aleksandr/projects/btf/vendor/erlandmuchasaj/laravel-gzip/src/Middleware/GzipEncodeResponse.php(19): Illuminate\\Pipeline\\Pipeline->Illuminate\\Pipeline\\{closure}(Object(Illuminate\\Http\\Request))
#20 /Users/aleksandr/projects/btf/vendor/laravel/framework/src/Illuminate/Pipeline/Pipeline.php(183): ErlandMuchasaj\\LaravelGzip\\Middleware\\GzipEncodeResponse->handle(Object(Illuminate\\Http\\Request), Object(Closure))
#21 /Users/aleksandr/projects/btf/vendor/laravel/framework/src/Illuminate/Routing/Middleware/SubstituteBindings.php(50): Illuminate\\Pipeline\\Pipeline->Illuminate\\Pipeline\\{closure}(Object(Illuminate\\Http\\Request))
#22 /Users/aleksandr/projects/btf/vendor/laravel/framework/src/Illuminate/Pipeline/Pipeline.php(183): Illuminate\\Routing\\Middleware\\SubstituteBindings->handle(Object(Illuminate\\Http\\Request), Object(Closure))
#23 /Users/aleksandr/projects/btf/vendor/laravel/framework/src/Illuminate/Foundation/Http/Middleware/VerifyCsrfToken.php(88): Illuminate\\Pipeline\\Pipeline->Illuminate\\Pipeline\\{closure}(Object(Illuminate\\Http\\Request))
#24 /Users/aleksandr/projects/btf/vendor/laravel/framework/src/Illuminate/Pipeline/Pipeline.php(183): Illuminate\\Foundation\\Http\\Middleware\\VerifyCsrfToken->handle(Object(Illuminate\\Http\\Request), Object(Closure))
#25 /Users/aleksandr/projects/btf/vendor/laravel/framework/src/Illuminate/View/Middleware/ShareErrorsFromSession.php(49): Illuminate\\Pipeline\\Pipeline->Illuminate\\Pipeline\\{closure}(Object(Illuminate\\Http\\Request))
#26 /Users/aleksandr/projects/btf/vendor/laravel/framework/src/Illuminate/Pipeline/Pipeline.php(183): Illuminate\\View\\Middleware\\ShareErrorsFromSession->handle(Object(Illuminate\\Http\\Request), Object(Closure))
#27 /Users/aleksandr/projects/btf/vendor/laravel/framework/src/Illuminate/Session/Middleware/StartSession.php(121): Illuminate\\Pipeline\\Pipeline->Illuminate\\Pipeline\\{closure}(Object(Illuminate\\Http\\Request))
#28 /Users/aleksandr/projects/btf/vendor/laravel/framework/src/Illuminate/Session/Middleware/StartSession.php(64): Illuminate\\Session\\Middleware\\StartSession->handleStatefulRequest(Object(Illuminate\\Http\\Request), Object(Illuminate\\Session\\Store), Object(Closure))
#29 /Users/aleksandr/projects/btf/vendor/laravel/framework/src/Illuminate/Pipeline/Pipeline.php(183): Illuminate\\Session\\Middleware\\StartSession->handle(Object(Illuminate\\Http\\Request), Object(Closure))
#30 /Users/aleksandr/projects/btf/vendor/laravel/framework/src/Illuminate/Cookie/Middleware/AddQueuedCookiesToResponse.php(37): Illuminate\\Pipeline\\Pipeline->Illuminate\\Pipeline\\{closure}(Object(Illuminate\\Http\\Request))
#31 /Users/aleksandr/projects/btf/vendor/laravel/framework/src/Illuminate/Pipeline/Pipeline.php(183): Illuminate\\Cookie\\Middleware\\AddQueuedCookiesToResponse->handle(Object(Illuminate\\Http\\Request), Object(Closure))
#32 /Users/aleksandr/projects/btf/vendor/laravel/framework/src/Illuminate/Cookie/Middleware/EncryptCookies.php(75): Illuminate\\Pipeline\\Pipeline->Illuminate\\Pipeline\\{closure}(Object(Illuminate\\Http\\Request))
#33 /Users/aleksandr/projects/btf/vendor/laravel/framework/src/Illuminate/Pipeline/Pipeline.php(183): Illuminate\\Cookie\\Middleware\\EncryptCookies->handle(Object(Illuminate\\Http\\Request), Object(Closure))
#34 /Users/aleksandr/projects/btf/vendor/laravel/framework/src/Illuminate/Pipeline/Pipeline.php(119): Illuminate\\Pipeline\\Pipeline->Illuminate\\Pipeline\\{closure}(Object(Illuminate\\Http\\Request))
#35 /Users/aleksandr/projects/btf/vendor/laravel/framework/src/Illuminate/Routing/Router.php(805): Illuminate\\Pipeline\\Pipeline->then(Object(Closure))
#36 /Users/aleksandr/projects/btf/vendor/laravel/framework/src/Illuminate/Routing/Router.php(784): Illuminate\\Routing\\Router->runRouteWithinStack(Object(Illuminate\\Routing\\Route), Object(Illuminate\\Http\\Request))
#37 /Users/aleksandr/projects/btf/vendor/laravel/framework/src/Illuminate/Routing/Router.php(748): Illuminate\\Routing\\Router->runRoute(Object(Illuminate\\Http\\Request), Object(Illuminate\\Routing\\Route))
#38 /Users/aleksandr/projects/btf/vendor/laravel/framework/src/Illuminate/Routing/Router.php(737): Illuminate\\Routing\\Router->dispatchToRoute(Object(Illuminate\\Http\\Request))
#39 /Users/aleksandr/projects/btf/vendor/laravel/framework/src/Illuminate/Foundation/Http/Kernel.php(200): Illuminate\\Routing\\Router->dispatch(Object(Illuminate\\Http\\Request))
#40 /Users/aleksandr/projects/btf/vendor/laravel/framework/src/Illuminate/Pipeline/Pipeline.php(144): Illuminate\\Foundation\\Http\\Kernel->Illuminate\\Foundation\\Http\\{closure}(Object(Illuminate\\Http\\Request))
#41 /Users/aleksandr/projects/btf/vendor/barryvdh/laravel-debugbar/src/Middleware/InjectDebugbar.php(66): Illuminate\\Pipeline\\Pipeline->Illuminate\\Pipeline\\{closure}(Object(Illuminate\\Http\\Request))
#42 /Users/aleksandr/projects/btf/vendor/laravel/framework/src/Illuminate/Pipeline/Pipeline.php(183): Barryvdh\\Debugbar\\Middleware\\InjectDebugbar->handle(Object(Illuminate\\Http\\Request), Object(Closure))
#43 /Users/aleksandr/projects/btf/vendor/laravel/framework/src/Illuminate/Foundation/Http/Middleware/TransformsRequest.php(21): Illuminate\\Pipeline\\Pipeline->Illuminate\\Pipeline\\{closure}(Object(Illuminate\\Http\\Request))
#44 /Users/aleksandr/projects/btf/vendor/laravel/framework/src/Illuminate/Foundation/Http/Middleware/ConvertEmptyStringsToNull.php(31): Illuminate\\Foundation\\Http\\Middleware\\TransformsRequest->handle(Object(Illuminate\\Http\\Request), Object(Closure))
#45 /Users/aleksandr/projects/btf/vendor/laravel/framework/src/Illuminate/Pipeline/Pipeline.php(183): Illuminate\\Foundation\\Http\\Middleware\\ConvertEmptyStringsToNull->handle(Object(Illuminate\\Http\\Request), Object(Closure))
#46 /Users/aleksandr/projects/btf/vendor/laravel/framework/src/Illuminate/Foundation/Http/Middleware/TransformsRequest.php(21): Illuminate\\Pipeline\\Pipeline->Illuminate\\Pipeline\\{closure}(Object(Illuminate\\Http\\Request))
#47 /Users/aleksandr/projects/btf/vendor/laravel/framework/src/Illuminate/Foundation/Http/Middleware/TrimStrings.php(51): Illuminate\\Foundation\\Http\\Middleware\\TransformsRequest->handle(Object(Illuminate\\Http\\Request), Object(Closure))
#48 /Users/aleksandr/projects/btf/vendor/laravel/framework/src/Illuminate/Pipeline/Pipeline.php(183): Illuminate\\Foundation\\Http\\Middleware\\TrimStrings->handle(Object(Illuminate\\Http\\Request), Object(Closure))
#49 /Users/aleksandr/projects/btf/vendor/laravel/framework/src/Illuminate/Http/Middleware/ValidatePostSize.php(27): Illuminate\\Pipeline\\Pipeline->Illuminate\\Pipeline\\{closure}(Object(Illuminate\\Http\\Request))
#50 /Users/aleksandr/projects/btf/vendor/laravel/framework/src/Illuminate/Pipeline/Pipeline.php(183): Illuminate\\Http\\Middleware\\ValidatePostSize->handle(Object(Illuminate\\Http\\Request), Object(Closure))
#51 /Users/aleksandr/projects/btf/vendor/laravel/framework/src/Illuminate/Foundation/Http/Middleware/PreventRequestsDuringMaintenance.php(110): Illuminate\\Pipeline\\Pipeline->Illuminate\\Pipeline\\{closure}(Object(Illuminate\\Http\\Request))
#52 /Users/aleksandr/projects/btf/vendor/laravel/framework/src/Illuminate/Pipeline/Pipeline.php(183): Illuminate\\Foundation\\Http\\Middleware\\PreventRequestsDuringMaintenance->handle(Object(Illuminate\\Http\\Request), Object(Closure))
#53 /Users/aleksandr/projects/btf/vendor/laravel/framework/src/Illuminate/Http/Middleware/HandleCors.php(49): Illuminate\\Pipeline\\Pipeline->Illuminate\\Pipeline\\{closure}(Object(Illuminate\\Http\\Request))
#54 /Users/aleksandr/projects/btf/vendor/laravel/framework/src/Illuminate/Pipeline/Pipeline.php(183): Illuminate\\Http\\Middleware\\HandleCors->handle(Object(Illuminate\\Http\\Request), Object(Closure))
#55 /Users/aleksandr/projects/btf/vendor/laravel/framework/src/Illuminate/Http/Middleware/TrustProxies.php(57): Illuminate\\Pipeline\\Pipeline->Illuminate\\Pipeline\\{closure}(Object(Illuminate\\Http\\Request))
#56 /Users/aleksandr/projects/btf/vendor/laravel/framework/src/Illuminate/Pipeline/Pipeline.php(183): Illuminate\\Http\\Middleware\\TrustProxies->handle(Object(Illuminate\\Http\\Request), Object(Closure))
#57 /Users/aleksandr/projects/btf/vendor/laravel/framework/src/Illuminate/Pipeline/Pipeline.php(119): Illuminate\\Pipeline\\Pipeline->Illuminate\\Pipeline\\{closure}(Object(Illuminate\\Http\\Request))
#58 /Users/aleksandr/projects/btf/vendor/laravel/framework/src/Illuminate/Foundation/Http/Kernel.php(175): Illuminate\\Pipeline\\Pipeline->then(Object(Closure))
#59 /Users/aleksandr/projects/btf/vendor/laravel/framework/src/Illuminate/Foundation/Http/Kernel.php(144): Illuminate\\Foundation\\Http\\Kernel->sendRequestThroughRouter(Object(Illuminate\\Http\\Request))
#60 /Users/aleksandr/projects/btf/public/index.php(50): Illuminate\\Foundation\\Http\\Kernel->handle(Object(Illuminate\\Http\\Request))
#61 /Users/aleksandr/projects/btf/vendor/laravel/framework/src/Illuminate/Foundation/resources/server.php(16): require_once('/Users/aleksand...')
#62 {main}
"} 
[2025-04-19 10:27:40] production.ERROR: Unable to locate file in Vite manifest: resources/css/backend.css. {"view":{"view":"/Users/aleksandr/projects/btf/resources/views/layouts/backend.blade.php","data":{"your_ip":"<pre class=sf-dump id=sf-dump-787700771 data-indent-pad=\"  \">\"<span class=sf-dump-str title=\"13 characters\">192.168.0.102</span>\"
</pre><script>Sfdump(\"sf-dump-787700771\", {\"maxDepth\":3,\"maxStringLength\":160})</script>
","your_location":"<pre class=sf-dump id=sf-dump-1338771319 data-indent-pad=\"  \">\"<span class=sf-dump-str title=\"19 characters\">Kaliningrad, Russia</span>\"
</pre><script>Sfdump(\"sf-dump-1338771319\", {\"maxDepth\":3,\"maxStringLength\":160})</script>
","errors":"<pre class=sf-dump id=sf-dump-350241255 data-indent-pad=\"  \"><span class=sf-dump-note>Illuminate\\Support\\ViewErrorBag</span> {<a class=sf-dump-ref>#1976</a><samp data-depth=1 class=sf-dump-expanded>
  #<span class=sf-dump-protected title=\"Protected property\">bags</span>: []
</samp>}
</pre><script>Sfdump(\"sf-dump-350241255\", {\"maxDepth\":3,\"maxStringLength\":160})</script>
","settings":"<pre class=sf-dump id=sf-dump-2112446401 data-indent-pad=\"  \"><span class=sf-dump-note>array:12</span> [<samp data-depth=1 class=sf-dump-expanded>
  \"<span class=sf-dump-key>phone</span>\" => \"<span class=sf-dump-str title=\"12 characters\">+74012313143</span>\"
  \"<span class=sf-dump-key>address</span>\" => \"<span class=sf-dump-str title=\"46 characters\">&#1075;. &#1050;&#1072;&#1083;&#1080;&#1085;&#1080;&#1085;&#1075;&#1088;&#1072;&#1076;, &#1085;&#1072;&#1073;&#1077;&#1088;&#1077;&#1078;&#1085;&#1072;&#1103; &#1055;&#1088;&#1072;&#1074;&#1072;&#1103;, 10, &#1083;&#1080;&#1090;&#1077;&#1088; &#1042;</span>\"
  \"<span class=sf-dump-key>schedule</span>\" => \"<span class=sf-dump-str title=\"89 characters\">&#1055;&#1085;-&#1055;&#1090;: 09:00 - 18:00, &lt;br class=&quot;d-md-none&quot;&gt; &#1055;&#1077;&#1088;&#1077;&#1088;&#1099;&#1074;: 13:00 - 14:00 &lt;br&gt; &#1057;&#1073;, &#1042;&#1089;: &#1042;&#1099;&#1093;&#1086;&#1076;&#1085;&#1086;&#1081;</span>\"
  \"<span class=sf-dump-key>coords</span>\" => \"<span class=sf-dump-str title=\"19 characters\">54.947113,20.159578</span>\"
  \"<span class=sf-dump-key>sitename</span>\" => \"<span class=sf-dump-str title=\"27 characters\">&#1041;&#1072;&#1083;&#1090;&#1080;&#1081;&#1089;&#1082;&#1072;&#1103; &#1090;&#1072;&#1073;&#1072;&#1095;&#1085;&#1072;&#1103; &#1092;&#1072;&#1073;&#1088;&#1080;&#1082;&#1072;</span>\"
  \"<span class=sf-dump-key>email</span>\" => \"<span class=sf-dump-str title=\"20 characters\">sekretar-kd@btf39.su</span>\"
  \"<span class=sf-dump-key>phone2</span>\" => \"<span class=sf-dump-str title=\"12 characters\">+74012313143</span>\"
  \"<span class=sf-dump-key>mobile</span>\" => \"<span class=sf-dump-str title=\"12 characters\">+79114547331</span>\"
  \"<span class=sf-dump-key>brands_count</span>\" => \"<span class=sf-dump-str title=\"2 characters\">15</span>\"
  \"<span class=sf-dump-key>distributors_count</span>\" => \"<span class=sf-dump-str title=\"2 characters\">20</span>\"
  \"<span class=sf-dump-key>years_count</span>\" => \"<span class=sf-dump-str title=\"2 characters\">27</span>\"
  \"<span class=sf-dump-key>employees_count</span>\" => \"<span class=sf-dump-str title=\"3 characters\">245</span>\"
</samp>]
</pre><script>Sfdump(\"sf-dump-2112446401\", {\"maxDepth\":3,\"maxStringLength\":160})</script>
","currencySymbol":"<pre class=sf-dump id=sf-dump-1648176964 data-indent-pad=\"  \">\"<span class=sf-dump-str title=\"2 characters\">&#1088;.</span>\"
</pre><script>Sfdump(\"sf-dump-1648176964\", {\"maxDepth\":3,\"maxStringLength\":160})</script>
","currencies":"<pre class=sf-dump id=sf-dump-2123744327 data-indent-pad=\"  \"><span class=sf-dump-note>array:3</span> [<samp data-depth=1 class=sf-dump-expanded>
  \"<span class=sf-dump-key>RUB</span>\" => <span class=sf-dump-note title=\"App\\Models\\Currency
\"><span class=\"sf-dump-ellipsis sf-dump-ellipsis-note\">App\\Models</span><span class=\"sf-dump-ellipsis sf-dump-ellipsis-note\">\\</span>Currency</span> {<a class=sf-dump-ref>#1998</a><samp data-depth=2 class=sf-dump-compact>
    #<span class=sf-dump-protected title=\"Protected property\">connection</span>: \"<span class=sf-dump-str title=\"5 characters\">mysql</span>\"
    #<span class=sf-dump-protected title=\"Protected property\">table</span>: \"<span class=sf-dump-str title=\"10 characters\">currencies</span>\"
    #<span class=sf-dump-protected title=\"Protected property\">primaryKey</span>: \"<span class=sf-dump-str title=\"2 characters\">id</span>\"
    #<span class=sf-dump-protected title=\"Protected property\">keyType</span>: \"<span class=sf-dump-str title=\"3 characters\">int</span>\"
    +<span class=sf-dump-public title=\"Public property\">incrementing</span>: <span class=sf-dump-const>true</span>
    #<span class=sf-dump-protected title=\"Protected property\">with</span>: []
    #<span class=sf-dump-protected title=\"Protected property\">withCount</span>: []
    +<span class=sf-dump-public title=\"Public property\">preventsLazyLoading</span>: <span class=sf-dump-const>false</span>
    #<span class=sf-dump-protected title=\"Protected property\">perPage</span>: <span class=sf-dump-num>15</span>
    +<span class=sf-dump-public title=\"Public property\">exists</span>: <span class=sf-dump-const>true</span>
    +<span class=sf-dump-public title=\"Public property\">wasRecentlyCreated</span>: <span class=sf-dump-const>false</span>
    #<span class=sf-dump-protected title=\"Protected property\">escapeWhenCastingToString</span>: <span class=sf-dump-const>false</span>
    #<span class=sf-dump-protected title=\"Protected property\">attributes</span>: <span class=sf-dump-note>array:8</span> [<samp data-depth=3 class=sf-dump-compact>
      \"<span class=sf-dump-key>id</span>\" => <span class=sf-dump-num>1</span>
      \"<span class=sf-dump-key>code</span>\" => \"<span class=sf-dump-str title=\"3 characters\">RUB</span>\"
      \"<span class=sf-dump-key>name</span>\" => \"<span class=sf-dump-str title=\"5 characters\">&#1056;&#1091;&#1073;&#1083;&#1080;</span>\"
      \"<span class=sf-dump-key>symbol</span>\" => \"<span class=sf-dump-str>&#8381;</span>\"
      \"<span class=sf-dump-key>is_main</span>\" => <span class=sf-dump-num>1</span>
      \"<span class=sf-dump-key>rate</span>\" => <span class=sf-dump-num>1.0</span>
      \"<span class=sf-dump-key>created_at</span>\" => <span class=sf-dump-const>null</span>
      \"<span class=sf-dump-key>updated_at</span>\" => \"<span class=sf-dump-str title=\"19 characters\">2024-03-31 12:06:01</span>\"
    </samp>]
    #<span class=sf-dump-protected title=\"Protected property\">original</span>: <span class=sf-dump-note>array:8</span> [<samp data-depth=3 class=sf-dump-compact>
      \"<span class=sf-dump-key>id</span>\" => <span class=sf-dump-num>1</span>
      \"<span class=sf-dump-key>code</span>\" => \"<span class=sf-dump-str title=\"3 characters\">RUB</span>\"
      \"<span class=sf-dump-key>name</span>\" => \"<span class=sf-dump-str title=\"5 characters\">&#1056;&#1091;&#1073;&#1083;&#1080;</span>\"
      \"<span class=sf-dump-key>symbol</span>\" => \"<span class=sf-dump-str>&#8381;</span>\"
      \"<span class=sf-dump-key>is_main</span>\" => <span class=sf-dump-num>1</span>
      \"<span class=sf-dump-key>rate</span>\" => <span class=sf-dump-num>1.0</span>
      \"<span class=sf-dump-key>created_at</span>\" => <span class=sf-dump-const>null</span>
      \"<span class=sf-dump-key>updated_at</span>\" => \"<span class=sf-dump-str title=\"19 characters\">2024-03-31 12:06:01</span>\"
    </samp>]
    #<span class=sf-dump-protected title=\"Protected property\">changes</span>: []
    #<span class=sf-dump-protected title=\"Protected property\">casts</span>: []
    #<span class=sf-dump-protected title=\"Protected property\">classCastCache</span>: []
    #<span class=sf-dump-protected title=\"Protected property\">attributeCastCache</span>: []
    #<span class=sf-dump-protected title=\"Protected property\">dateFormat</span>: <span class=sf-dump-const>null</span>
    #<span class=sf-dump-protected title=\"Protected property\">appends</span>: []
    #<span class=sf-dump-protected title=\"Protected property\">dispatchesEvents</span>: []
    #<span class=sf-dump-protected title=\"Protected property\">observables</span>: []
    #<span class=sf-dump-protected title=\"Protected property\">relations</span>: []
    #<span class=sf-dump-protected title=\"Protected property\">touches</span>: []
    +<span class=sf-dump-public title=\"Public property\">timestamps</span>: <span class=sf-dump-const>true</span>
    +<span class=sf-dump-public title=\"Public property\">usesUniqueIds</span>: <span class=sf-dump-const>false</span>
    #<span class=sf-dump-protected title=\"Protected property\">hidden</span>: []
    #<span class=sf-dump-protected title=\"Protected property\">visible</span>: []
    #<span class=sf-dump-protected title=\"Protected property\">fillable</span>: <span class=sf-dump-note>array:1</span> [<samp data-depth=3 class=sf-dump-compact>
      <span class=sf-dump-index>0</span> => \"<span class=sf-dump-str title=\"4 characters\">rate</span>\"
    </samp>]
    #<span class=sf-dump-protected title=\"Protected property\">guarded</span>: <span class=sf-dump-note>array:1</span> [<samp data-depth=3 class=sf-dump-compact>
      <span class=sf-dump-index>0</span> => \"<span class=sf-dump-str>*</span>\"
    </samp>]
  </samp>}
  \"<span class=sf-dump-key>USD</span>\" => <span class=sf-dump-note title=\"App\\Models\\Currency
\"><span class=\"sf-dump-ellipsis sf-dump-ellipsis-note\">App\\Models</span><span class=\"sf-dump-ellipsis sf-dump-ellipsis-note\">\\</span>Currency</span> {<a class=sf-dump-ref>#2039</a><samp data-depth=2 class=sf-dump-compact>
    #<span class=sf-dump-protected title=\"Protected property\">connection</span>: \"<span class=sf-dump-str title=\"5 characters\">mysql</span>\"
    #<span class=sf-dump-protected title=\"Protected property\">table</span>: \"<span class=sf-dump-str title=\"10 characters\">currencies</span>\"
    #<span class=sf-dump-protected title=\"Protected property\">primaryKey</span>: \"<span class=sf-dump-str title=\"2 characters\">id</span>\"
    #<span class=sf-dump-protected title=\"Protected property\">keyType</span>: \"<span class=sf-dump-str title=\"3 characters\">int</span>\"
    +<span class=sf-dump-public title=\"Public property\">incrementing</span>: <span class=sf-dump-const>true</span>
    #<span class=sf-dump-protected title=\"Protected property\">with</span>: []
    #<span class=sf-dump-protected title=\"Protected property\">withCount</span>: []
    +<span class=sf-dump-public title=\"Public property\">preventsLazyLoading</span>: <span class=sf-dump-const>false</span>
    #<span class=sf-dump-protected title=\"Protected property\">perPage</span>: <span class=sf-dump-num>15</span>
    +<span class=sf-dump-public title=\"Public property\">exists</span>: <span class=sf-dump-const>true</span>
    +<span class=sf-dump-public title=\"Public property\">wasRecentlyCreated</span>: <span class=sf-dump-const>false</span>
    #<span class=sf-dump-protected title=\"Protected property\">escapeWhenCastingToString</span>: <span class=sf-dump-const>false</span>
    #<span class=sf-dump-protected title=\"Protected property\">attributes</span>: <span class=sf-dump-note>array:8</span> [<samp data-depth=3 class=sf-dump-compact>
      \"<span class=sf-dump-key>id</span>\" => <span class=sf-dump-num>2</span>
      \"<span class=sf-dump-key>code</span>\" => \"<span class=sf-dump-str title=\"3 characters\">USD</span>\"
      \"<span class=sf-dump-key>name</span>\" => \"<span class=sf-dump-str title=\"7 characters\">&#1044;&#1086;&#1083;&#1083;&#1072;&#1088;&#1099;</span>\"
      \"<span class=sf-dump-key>symbol</span>\" => \"<span class=sf-dump-str>$</span>\"
      \"<span class=sf-dump-key>is_main</span>\" => <span class=sf-dump-num>0</span>
      \"<span class=sf-dump-key>rate</span>\" => <span class=sf-dump-num>0.0108019931</span>
      \"<span class=sf-dump-key>created_at</span>\" => <span class=sf-dump-const>null</span>
      \"<span class=sf-dump-key>updated_at</span>\" => \"<span class=sf-dump-str title=\"19 characters\">2024-03-31 12:56:29</span>\"
    </samp>]
    #<span class=sf-dump-protected title=\"Protected property\">original</span>: <span class=sf-dump-note>array:8</span> [<samp data-depth=3 class=sf-dump-compact>
      \"<span class=sf-dump-key>id</span>\" => <span class=sf-dump-num>2</span>
      \"<span class=sf-dump-key>code</span>\" => \"<span class=sf-dump-str title=\"3 characters\">USD</span>\"
      \"<span class=sf-dump-key>name</span>\" => \"<span class=sf-dump-str title=\"7 characters\">&#1044;&#1086;&#1083;&#1083;&#1072;&#1088;&#1099;</span>\"
      \"<span class=sf-dump-key>symbol</span>\" => \"<span class=sf-dump-str>$</span>\"
      \"<span class=sf-dump-key>is_main</span>\" => <span class=sf-dump-num>0</span>
      \"<span class=sf-dump-key>rate</span>\" => <span class=sf-dump-num>0.0108019931</span>
      \"<span class=sf-dump-key>created_at</span>\" => <span class=sf-dump-const>null</span>
      \"<span class=sf-dump-key>updated_at</span>\" => \"<span class=sf-dump-str title=\"19 characters\">2024-03-31 12:56:29</span>\"
    </samp>]
    #<span class=sf-dump-protected title=\"Protected property\">changes</span>: []
    #<span class=sf-dump-protected title=\"Protected property\">casts</span>: []
    #<span class=sf-dump-protected title=\"Protected property\">classCastCache</span>: []
    #<span class=sf-dump-protected title=\"Protected property\">attributeCastCache</span>: []
    #<span class=sf-dump-protected title=\"Protected property\">dateFormat</span>: <span class=sf-dump-const>null</span>
    #<span class=sf-dump-protected title=\"Protected property\">appends</span>: []
    #<span class=sf-dump-protected title=\"Protected property\">dispatchesEvents</span>: []
    #<span class=sf-dump-protected title=\"Protected property\">observables</span>: []
    #<span class=sf-dump-protected title=\"Protected property\">relations</span>: []
    #<span class=sf-dump-protected title=\"Protected property\">touches</span>: []
    +<span class=sf-dump-public title=\"Public property\">timestamps</span>: <span class=sf-dump-const>true</span>
    +<span class=sf-dump-public title=\"Public property\">usesUniqueIds</span>: <span class=sf-dump-const>false</span>
    #<span class=sf-dump-protected title=\"Protected property\">hidden</span>: []
    #<span class=sf-dump-protected title=\"Protected property\">visible</span>: []
    #<span class=sf-dump-protected title=\"Protected property\">fillable</span>: <span class=sf-dump-note>array:1</span> [<samp data-depth=3 class=sf-dump-compact>
      <span class=sf-dump-index>0</span> => \"<span class=sf-dump-str title=\"4 characters\">rate</span>\"
    </samp>]
    #<span class=sf-dump-protected title=\"Protected property\">guarded</span>: <span class=sf-dump-note>array:1</span> [<samp data-depth=3 class=sf-dump-compact>
      <span class=sf-dump-index>0</span> => \"<span class=sf-dump-str>*</span>\"
    </samp>]
  </samp>}
  \"<span class=sf-dump-key>EUR</span>\" => <span class=sf-dump-note title=\"App\\Models\\Currency
\"><span class=\"sf-dump-ellipsis sf-dump-ellipsis-note\">App\\Models</span><span class=\"sf-dump-ellipsis sf-dump-ellipsis-note\">\\</span>Currency</span> {<a class=sf-dump-ref>#2038</a><samp data-depth=2 class=sf-dump-compact>
    #<span class=sf-dump-protected title=\"Protected property\">connection</span>: \"<span class=sf-dump-str title=\"5 characters\">mysql</span>\"
    #<span class=sf-dump-protected title=\"Protected property\">table</span>: \"<span class=sf-dump-str title=\"10 characters\">currencies</span>\"
    #<span class=sf-dump-protected title=\"Protected property\">primaryKey</span>: \"<span class=sf-dump-str title=\"2 characters\">id</span>\"
    #<span class=sf-dump-protected title=\"Protected property\">keyType</span>: \"<span class=sf-dump-str title=\"3 characters\">int</span>\"
    +<span class=sf-dump-public title=\"Public property\">incrementing</span>: <span class=sf-dump-const>true</span>
    #<span class=sf-dump-protected title=\"Protected property\">with</span>: []
    #<span class=sf-dump-protected title=\"Protected property\">withCount</span>: []
    +<span class=sf-dump-public title=\"Public property\">preventsLazyLoading</span>: <span class=sf-dump-const>false</span>
    #<span class=sf-dump-protected title=\"Protected property\">perPage</span>: <span class=sf-dump-num>15</span>
    +<span class=sf-dump-public title=\"Public property\">exists</span>: <span class=sf-dump-const>true</span>
    +<span class=sf-dump-public title=\"Public property\">wasRecentlyCreated</span>: <span class=sf-dump-const>false</span>
    #<span class=sf-dump-protected title=\"Protected property\">escapeWhenCastingToString</span>: <span class=sf-dump-const>false</span>
    #<span class=sf-dump-protected title=\"Protected property\">attributes</span>: <span class=sf-dump-note>array:8</span> [<samp data-depth=3 class=sf-dump-compact>
      \"<span class=sf-dump-key>id</span>\" => <span class=sf-dump-num>3</span>
      \"<span class=sf-dump-key>code</span>\" => \"<span class=sf-dump-str title=\"3 characters\">EUR</span>\"
      \"<span class=sf-dump-key>name</span>\" => \"<span class=sf-dump-str title=\"4 characters\">&#1045;&#1074;&#1088;&#1086;</span>\"
      \"<span class=sf-dump-key>symbol</span>\" => \"<span class=sf-dump-str>&#8364;</span>\"
      \"<span class=sf-dump-key>is_main</span>\" => <span class=sf-dump-num>0</span>
      \"<span class=sf-dump-key>rate</span>\" => <span class=sf-dump-num>0.0100045918</span>
      \"<span class=sf-dump-key>created_at</span>\" => <span class=sf-dump-const>null</span>
      \"<span class=sf-dump-key>updated_at</span>\" => \"<span class=sf-dump-str title=\"19 characters\">2024-03-31 12:56:29</span>\"
    </samp>]
    #<span class=sf-dump-protected title=\"Protected property\">original</span>: <span class=sf-dump-note>array:8</span> [<samp data-depth=3 class=sf-dump-compact>
      \"<span class=sf-dump-key>id</span>\" => <span class=sf-dump-num>3</span>
      \"<span class=sf-dump-key>code</span>\" => \"<span class=sf-dump-str title=\"3 characters\">EUR</span>\"
      \"<span class=sf-dump-key>name</span>\" => \"<span class=sf-dump-str title=\"4 characters\">&#1045;&#1074;&#1088;&#1086;</span>\"
      \"<span class=sf-dump-key>symbol</span>\" => \"<span class=sf-dump-str>&#8364;</span>\"
      \"<span class=sf-dump-key>is_main</span>\" => <span class=sf-dump-num>0</span>
      \"<span class=sf-dump-key>rate</span>\" => <span class=sf-dump-num>0.0100045918</span>
      \"<span class=sf-dump-key>created_at</span>\" => <span class=sf-dump-const>null</span>
      \"<span class=sf-dump-key>updated_at</span>\" => \"<span class=sf-dump-str title=\"19 characters\">2024-03-31 12:56:29</span>\"
    </samp>]
    #<span class=sf-dump-protected title=\"Protected property\">changes</span>: []
    #<span class=sf-dump-protected title=\"Protected property\">casts</span>: []
    #<span class=sf-dump-protected title=\"Protected property\">classCastCache</span>: []
    #<span class=sf-dump-protected title=\"Protected property\">attributeCastCache</span>: []
    #<span class=sf-dump-protected title=\"Protected property\">dateFormat</span>: <span class=sf-dump-const>null</span>
    #<span class=sf-dump-protected title=\"Protected property\">appends</span>: []
    #<span class=sf-dump-protected title=\"Protected property\">dispatchesEvents</span>: []
    #<span class=sf-dump-protected title=\"Protected property\">observables</span>: []
    #<span class=sf-dump-protected title=\"Protected property\">relations</span>: []
    #<span class=sf-dump-protected title=\"Protected property\">touches</span>: []
    +<span class=sf-dump-public title=\"Public property\">timestamps</span>: <span class=sf-dump-const>true</span>
    +<span class=sf-dump-public title=\"Public property\">usesUniqueIds</span>: <span class=sf-dump-const>false</span>
    #<span class=sf-dump-protected title=\"Protected property\">hidden</span>: []
    #<span class=sf-dump-protected title=\"Protected property\">visible</span>: []
    #<span class=sf-dump-protected title=\"Protected property\">fillable</span>: <span class=sf-dump-note>array:1</span> [<samp data-depth=3 class=sf-dump-compact>
      <span class=sf-dump-index>0</span> => \"<span class=sf-dump-str title=\"4 characters\">rate</span>\"
    </samp>]
    #<span class=sf-dump-protected title=\"Protected property\">guarded</span>: <span class=sf-dump-note>array:1</span> [<samp data-depth=3 class=sf-dump-compact>
      <span class=sf-dump-index>0</span> => \"<span class=sf-dump-str>*</span>\"
    </samp>]
  </samp>}
</samp>]
</pre><script>Sfdump(\"sf-dump-2123744327\", {\"maxDepth\":3,\"maxStringLength\":160})</script>
"}},"exception":"[object] (Spatie\\LaravelIgnition\\Exceptions\\ViewException(code: 0): Unable to locate file in Vite manifest: resources/css/backend.css. at /Users/aleksandr/projects/btf/vendor/laravel/framework/src/Illuminate/Foundation/Vite.php:781)
[stacktrace]
#0 /Users/aleksandr/projects/btf/vendor/laravel/framework/src/Illuminate/Foundation/Vite.php(299): Illuminate\\Foundation\\Vite->chunk(Array, 'resources/css/b...')
#1 /Users/aleksandr/projects/btf/resources/views/layouts/backend.blade.php(197): Illuminate\\Foundation\\Vite->__invoke(Object(Illuminate\\Support\\Collection))
#2 /Users/aleksandr/projects/btf/vendor/laravel/framework/src/Illuminate/Filesystem/Filesystem.php(123): require('/Users/aleksand...')
#3 /Users/aleksandr/projects/btf/vendor/laravel/framework/src/Illuminate/Filesystem/Filesystem.php(124): Illuminate\\Filesystem\\Filesystem::Illuminate\\Filesystem\\{closure}()
#4 /Users/aleksandr/projects/btf/vendor/laravel/framework/src/Illuminate/View/Engines/PhpEngine.php(58): Illuminate\\Filesystem\\Filesystem->getRequire('/Users/aleksand...', Array)
#5 /Users/aleksandr/projects/btf/vendor/laravel/framework/src/Illuminate/View/Engines/CompilerEngine.php(73): Illuminate\\View\\Engines\\PhpEngine->evaluatePath('/Users/aleksand...', Array)
#6 /Users/aleksandr/projects/btf/vendor/laravel/framework/src/Illuminate/View/View.php(208): Illuminate\\View\\Engines\\CompilerEngine->get('/Users/aleksand...', Array)
#7 /Users/aleksandr/projects/btf/vendor/laravel/framework/src/Illuminate/View/View.php(191): Illuminate\\View\\View->getContents()
#8 /Users/aleksandr/projects/btf/vendor/laravel/framework/src/Illuminate/View/View.php(160): Illuminate\\View\\View->renderContents()
#9 /Users/aleksandr/projects/btf/vendor/laravel/framework/src/Illuminate/Http/Response.php(70): Illuminate\\View\\View->render()
#10 /Users/aleksandr/projects/btf/vendor/laravel/framework/src/Illuminate/Http/Response.php(35): Illuminate\\Http\\Response->setContent(Object(Illuminate\\View\\View))
#11 /Users/aleksandr/projects/btf/vendor/laravel/framework/src/Illuminate/Routing/Router.php(918): Illuminate\\Http\\Response->__construct(Object(Illuminate\\View\\View), 200, Array)
#12 /Users/aleksandr/projects/btf/vendor/laravel/framework/src/Illuminate/Routing/Router.php(885): Illuminate\\Routing\\Router::toResponse(Object(Illuminate\\Http\\Request), Object(Illuminate\\View\\View))
#13 /Users/aleksandr/projects/btf/vendor/laravel/framework/src/Illuminate/Routing/Router.php(805): Illuminate\\Routing\\Router->prepareResponse(Object(Illuminate\\Http\\Request), Object(Illuminate\\View\\View))
#14 /Users/aleksandr/projects/btf/vendor/laravel/framework/src/Illuminate/Pipeline/Pipeline.php(144): Illuminate\\Routing\\Router->Illuminate\\Routing\\{closure}(Object(Illuminate\\Http\\Request))
#15 /Users/aleksandr/projects/btf/app/Http/Middleware/UserActivity.php(20): Illuminate\\Pipeline\\Pipeline->Illuminate\\Pipeline\\{closure}(Object(Illuminate\\Http\\Request))
#16 /Users/aleksandr/projects/btf/vendor/laravel/framework/src/Illuminate/Pipeline/Pipeline.php(183): App\\Http\\Middleware\\UserActivity->handle(Object(Illuminate\\Http\\Request), Object(Closure))
#17 /Users/aleksandr/projects/btf/app/Http/Middleware/SetLocale.php(51): Illuminate\\Pipeline\\Pipeline->Illuminate\\Pipeline\\{closure}(Object(Illuminate\\Http\\Request))
#18 /Users/aleksandr/projects/btf/vendor/laravel/framework/src/Illuminate/Pipeline/Pipeline.php(183): App\\Http\\Middleware\\SetLocale->handle(Object(Illuminate\\Http\\Request), Object(Closure))
#19 /Users/aleksandr/projects/btf/vendor/erlandmuchasaj/laravel-gzip/src/Middleware/GzipEncodeResponse.php(19): Illuminate\\Pipeline\\Pipeline->Illuminate\\Pipeline\\{closure}(Object(Illuminate\\Http\\Request))
#20 /Users/aleksandr/projects/btf/vendor/laravel/framework/src/Illuminate/Pipeline/Pipeline.php(183): ErlandMuchasaj\\LaravelGzip\\Middleware\\GzipEncodeResponse->handle(Object(Illuminate\\Http\\Request), Object(Closure))
#21 /Users/aleksandr/projects/btf/vendor/laravel/framework/src/Illuminate/Routing/Middleware/SubstituteBindings.php(50): Illuminate\\Pipeline\\Pipeline->Illuminate\\Pipeline\\{closure}(Object(Illuminate\\Http\\Request))
#22 /Users/aleksandr/projects/btf/vendor/laravel/framework/src/Illuminate/Pipeline/Pipeline.php(183): Illuminate\\Routing\\Middleware\\SubstituteBindings->handle(Object(Illuminate\\Http\\Request), Object(Closure))
#23 /Users/aleksandr/projects/btf/vendor/laravel/framework/src/Illuminate/Foundation/Http/Middleware/VerifyCsrfToken.php(88): Illuminate\\Pipeline\\Pipeline->Illuminate\\Pipeline\\{closure}(Object(Illuminate\\Http\\Request))
#24 /Users/aleksandr/projects/btf/vendor/laravel/framework/src/Illuminate/Pipeline/Pipeline.php(183): Illuminate\\Foundation\\Http\\Middleware\\VerifyCsrfToken->handle(Object(Illuminate\\Http\\Request), Object(Closure))
#25 /Users/aleksandr/projects/btf/vendor/laravel/framework/src/Illuminate/View/Middleware/ShareErrorsFromSession.php(49): Illuminate\\Pipeline\\Pipeline->Illuminate\\Pipeline\\{closure}(Object(Illuminate\\Http\\Request))
#26 /Users/aleksandr/projects/btf/vendor/laravel/framework/src/Illuminate/Pipeline/Pipeline.php(183): Illuminate\\View\\Middleware\\ShareErrorsFromSession->handle(Object(Illuminate\\Http\\Request), Object(Closure))
#27 /Users/aleksandr/projects/btf/vendor/laravel/framework/src/Illuminate/Session/Middleware/StartSession.php(121): Illuminate\\Pipeline\\Pipeline->Illuminate\\Pipeline\\{closure}(Object(Illuminate\\Http\\Request))
#28 /Users/aleksandr/projects/btf/vendor/laravel/framework/src/Illuminate/Session/Middleware/StartSession.php(64): Illuminate\\Session\\Middleware\\StartSession->handleStatefulRequest(Object(Illuminate\\Http\\Request), Object(Illuminate\\Session\\Store), Object(Closure))
#29 /Users/aleksandr/projects/btf/vendor/laravel/framework/src/Illuminate/Pipeline/Pipeline.php(183): Illuminate\\Session\\Middleware\\StartSession->handle(Object(Illuminate\\Http\\Request), Object(Closure))
#30 /Users/aleksandr/projects/btf/vendor/laravel/framework/src/Illuminate/Cookie/Middleware/AddQueuedCookiesToResponse.php(37): Illuminate\\Pipeline\\Pipeline->Illuminate\\Pipeline\\{closure}(Object(Illuminate\\Http\\Request))
#31 /Users/aleksandr/projects/btf/vendor/laravel/framework/src/Illuminate/Pipeline/Pipeline.php(183): Illuminate\\Cookie\\Middleware\\AddQueuedCookiesToResponse->handle(Object(Illuminate\\Http\\Request), Object(Closure))
#32 /Users/aleksandr/projects/btf/vendor/laravel/framework/src/Illuminate/Cookie/Middleware/EncryptCookies.php(75): Illuminate\\Pipeline\\Pipeline->Illuminate\\Pipeline\\{closure}(Object(Illuminate\\Http\\Request))
#33 /Users/aleksandr/projects/btf/vendor/laravel/framework/src/Illuminate/Pipeline/Pipeline.php(183): Illuminate\\Cookie\\Middleware\\EncryptCookies->handle(Object(Illuminate\\Http\\Request), Object(Closure))
#34 /Users/aleksandr/projects/btf/vendor/laravel/framework/src/Illuminate/Pipeline/Pipeline.php(119): Illuminate\\Pipeline\\Pipeline->Illuminate\\Pipeline\\{closure}(Object(Illuminate\\Http\\Request))
#35 /Users/aleksandr/projects/btf/vendor/laravel/framework/src/Illuminate/Routing/Router.php(805): Illuminate\\Pipeline\\Pipeline->then(Object(Closure))
#36 /Users/aleksandr/projects/btf/vendor/laravel/framework/src/Illuminate/Routing/Router.php(784): Illuminate\\Routing\\Router->runRouteWithinStack(Object(Illuminate\\Routing\\Route), Object(Illuminate\\Http\\Request))
#37 /Users/aleksandr/projects/btf/vendor/laravel/framework/src/Illuminate/Routing/Router.php(748): Illuminate\\Routing\\Router->runRoute(Object(Illuminate\\Http\\Request), Object(Illuminate\\Routing\\Route))
#38 /Users/aleksandr/projects/btf/vendor/laravel/framework/src/Illuminate/Routing/Router.php(737): Illuminate\\Routing\\Router->dispatchToRoute(Object(Illuminate\\Http\\Request))
#39 /Users/aleksandr/projects/btf/vendor/laravel/framework/src/Illuminate/Foundation/Http/Kernel.php(200): Illuminate\\Routing\\Router->dispatch(Object(Illuminate\\Http\\Request))
#40 /Users/aleksandr/projects/btf/vendor/laravel/framework/src/Illuminate/Pipeline/Pipeline.php(144): Illuminate\\Foundation\\Http\\Kernel->Illuminate\\Foundation\\Http\\{closure}(Object(Illuminate\\Http\\Request))
#41 /Users/aleksandr/projects/btf/vendor/barryvdh/laravel-debugbar/src/Middleware/InjectDebugbar.php(66): Illuminate\\Pipeline\\Pipeline->Illuminate\\Pipeline\\{closure}(Object(Illuminate\\Http\\Request))
#42 /Users/aleksandr/projects/btf/vendor/laravel/framework/src/Illuminate/Pipeline/Pipeline.php(183): Barryvdh\\Debugbar\\Middleware\\InjectDebugbar->handle(Object(Illuminate\\Http\\Request), Object(Closure))
#43 /Users/aleksandr/projects/btf/vendor/laravel/framework/src/Illuminate/Foundation/Http/Middleware/TransformsRequest.php(21): Illuminate\\Pipeline\\Pipeline->Illuminate\\Pipeline\\{closure}(Object(Illuminate\\Http\\Request))
#44 /Users/aleksandr/projects/btf/vendor/laravel/framework/src/Illuminate/Foundation/Http/Middleware/ConvertEmptyStringsToNull.php(31): Illuminate\\Foundation\\Http\\Middleware\\TransformsRequest->handle(Object(Illuminate\\Http\\Request), Object(Closure))
#45 /Users/aleksandr/projects/btf/vendor/laravel/framework/src/Illuminate/Pipeline/Pipeline.php(183): Illuminate\\Foundation\\Http\\Middleware\\ConvertEmptyStringsToNull->handle(Object(Illuminate\\Http\\Request), Object(Closure))
#46 /Users/aleksandr/projects/btf/vendor/laravel/framework/src/Illuminate/Foundation/Http/Middleware/TransformsRequest.php(21): Illuminate\\Pipeline\\Pipeline->Illuminate\\Pipeline\\{closure}(Object(Illuminate\\Http\\Request))
#47 /Users/aleksandr/projects/btf/vendor/laravel/framework/src/Illuminate/Foundation/Http/Middleware/TrimStrings.php(51): Illuminate\\Foundation\\Http\\Middleware\\TransformsRequest->handle(Object(Illuminate\\Http\\Request), Object(Closure))
#48 /Users/aleksandr/projects/btf/vendor/laravel/framework/src/Illuminate/Pipeline/Pipeline.php(183): Illuminate\\Foundation\\Http\\Middleware\\TrimStrings->handle(Object(Illuminate\\Http\\Request), Object(Closure))
#49 /Users/aleksandr/projects/btf/vendor/laravel/framework/src/Illuminate/Http/Middleware/ValidatePostSize.php(27): Illuminate\\Pipeline\\Pipeline->Illuminate\\Pipeline\\{closure}(Object(Illuminate\\Http\\Request))
#50 /Users/aleksandr/projects/btf/vendor/laravel/framework/src/Illuminate/Pipeline/Pipeline.php(183): Illuminate\\Http\\Middleware\\ValidatePostSize->handle(Object(Illuminate\\Http\\Request), Object(Closure))
#51 /Users/aleksandr/projects/btf/vendor/laravel/framework/src/Illuminate/Foundation/Http/Middleware/PreventRequestsDuringMaintenance.php(110): Illuminate\\Pipeline\\Pipeline->Illuminate\\Pipeline\\{closure}(Object(Illuminate\\Http\\Request))
#52 /Users/aleksandr/projects/btf/vendor/laravel/framework/src/Illuminate/Pipeline/Pipeline.php(183): Illuminate\\Foundation\\Http\\Middleware\\PreventRequestsDuringMaintenance->handle(Object(Illuminate\\Http\\Request), Object(Closure))
#53 /Users/aleksandr/projects/btf/vendor/laravel/framework/src/Illuminate/Http/Middleware/HandleCors.php(49): Illuminate\\Pipeline\\Pipeline->Illuminate\\Pipeline\\{closure}(Object(Illuminate\\Http\\Request))
#54 /Users/aleksandr/projects/btf/vendor/laravel/framework/src/Illuminate/Pipeline/Pipeline.php(183): Illuminate\\Http\\Middleware\\HandleCors->handle(Object(Illuminate\\Http\\Request), Object(Closure))
#55 /Users/aleksandr/projects/btf/vendor/laravel/framework/src/Illuminate/Http/Middleware/TrustProxies.php(57): Illuminate\\Pipeline\\Pipeline->Illuminate\\Pipeline\\{closure}(Object(Illuminate\\Http\\Request))
#56 /Users/aleksandr/projects/btf/vendor/laravel/framework/src/Illuminate/Pipeline/Pipeline.php(183): Illuminate\\Http\\Middleware\\TrustProxies->handle(Object(Illuminate\\Http\\Request), Object(Closure))
#57 /Users/aleksandr/projects/btf/vendor/laravel/framework/src/Illuminate/Pipeline/Pipeline.php(119): Illuminate\\Pipeline\\Pipeline->Illuminate\\Pipeline\\{closure}(Object(Illuminate\\Http\\Request))
#58 /Users/aleksandr/projects/btf/vendor/laravel/framework/src/Illuminate/Foundation/Http/Kernel.php(175): Illuminate\\Pipeline\\Pipeline->then(Object(Closure))
#59 /Users/aleksandr/projects/btf/vendor/laravel/framework/src/Illuminate/Foundation/Http/Kernel.php(144): Illuminate\\Foundation\\Http\\Kernel->sendRequestThroughRouter(Object(Illuminate\\Http\\Request))
#60 /Users/aleksandr/projects/btf/public/index.php(50): Illuminate\\Foundation\\Http\\Kernel->handle(Object(Illuminate\\Http\\Request))
#61 /Users/aleksandr/projects/btf/vendor/laravel/framework/src/Illuminate/Foundation/resources/server.php(16): require_once('/Users/aleksand...')
#62 {main}

[previous exception] [object] (Exception(code: 0): Unable to locate file in Vite manifest: resources/css/backend.css. at /Users/aleksandr/projects/btf/vendor/laravel/framework/src/Illuminate/Foundation/Vite.php:781)
[stacktrace]
#0 /Users/aleksandr/projects/btf/vendor/laravel/framework/src/Illuminate/Foundation/Vite.php(299): Illuminate\\Foundation\\Vite->chunk(Array, 'resources/css/b...')
#1 /Users/aleksandr/projects/btf/storage/framework/views/4980babb759d16821e0ecd88a147fe79.php(197): Illuminate\\Foundation\\Vite->__invoke(Object(Illuminate\\Support\\Collection))
#2 /Users/aleksandr/projects/btf/vendor/laravel/framework/src/Illuminate/Filesystem/Filesystem.php(123): require('/Users/aleksand...')
#3 /Users/aleksandr/projects/btf/vendor/laravel/framework/src/Illuminate/Filesystem/Filesystem.php(124): Illuminate\\Filesystem\\Filesystem::Illuminate\\Filesystem\\{closure}()
#4 /Users/aleksandr/projects/btf/vendor/laravel/framework/src/Illuminate/View/Engines/PhpEngine.php(58): Illuminate\\Filesystem\\Filesystem->getRequire('/Users/aleksand...', Array)
#5 /Users/aleksandr/projects/btf/vendor/laravel/framework/src/Illuminate/View/Engines/CompilerEngine.php(73): Illuminate\\View\\Engines\\PhpEngine->evaluatePath('/Users/aleksand...', Array)
#6 /Users/aleksandr/projects/btf/vendor/laravel/framework/src/Illuminate/View/View.php(208): Illuminate\\View\\Engines\\CompilerEngine->get('/Users/aleksand...', Array)
#7 /Users/aleksandr/projects/btf/vendor/laravel/framework/src/Illuminate/View/View.php(191): Illuminate\\View\\View->getContents()
#8 /Users/aleksandr/projects/btf/vendor/laravel/framework/src/Illuminate/View/View.php(160): Illuminate\\View\\View->renderContents()
#9 /Users/aleksandr/projects/btf/vendor/laravel/framework/src/Illuminate/Http/Response.php(70): Illuminate\\View\\View->render()
#10 /Users/aleksandr/projects/btf/vendor/laravel/framework/src/Illuminate/Http/Response.php(35): Illuminate\\Http\\Response->setContent(Object(Illuminate\\View\\View))
#11 /Users/aleksandr/projects/btf/vendor/laravel/framework/src/Illuminate/Routing/Router.php(918): Illuminate\\Http\\Response->__construct(Object(Illuminate\\View\\View), 200, Array)
#12 /Users/aleksandr/projects/btf/vendor/laravel/framework/src/Illuminate/Routing/Router.php(885): Illuminate\\Routing\\Router::toResponse(Object(Illuminate\\Http\\Request), Object(Illuminate\\View\\View))
#13 /Users/aleksandr/projects/btf/vendor/laravel/framework/src/Illuminate/Routing/Router.php(805): Illuminate\\Routing\\Router->prepareResponse(Object(Illuminate\\Http\\Request), Object(Illuminate\\View\\View))
#14 /Users/aleksandr/projects/btf/vendor/laravel/framework/src/Illuminate/Pipeline/Pipeline.php(144): Illuminate\\Routing\\Router->Illuminate\\Routing\\{closure}(Object(Illuminate\\Http\\Request))
#15 /Users/aleksandr/projects/btf/app/Http/Middleware/UserActivity.php(20): Illuminate\\Pipeline\\Pipeline->Illuminate\\Pipeline\\{closure}(Object(Illuminate\\Http\\Request))
#16 /Users/aleksandr/projects/btf/vendor/laravel/framework/src/Illuminate/Pipeline/Pipeline.php(183): App\\Http\\Middleware\\UserActivity->handle(Object(Illuminate\\Http\\Request), Object(Closure))
#17 /Users/aleksandr/projects/btf/app/Http/Middleware/SetLocale.php(51): Illuminate\\Pipeline\\Pipeline->Illuminate\\Pipeline\\{closure}(Object(Illuminate\\Http\\Request))
#18 /Users/aleksandr/projects/btf/vendor/laravel/framework/src/Illuminate/Pipeline/Pipeline.php(183): App\\Http\\Middleware\\SetLocale->handle(Object(Illuminate\\Http\\Request), Object(Closure))
#19 /Users/aleksandr/projects/btf/vendor/erlandmuchasaj/laravel-gzip/src/Middleware/GzipEncodeResponse.php(19): Illuminate\\Pipeline\\Pipeline->Illuminate\\Pipeline\\{closure}(Object(Illuminate\\Http\\Request))
#20 /Users/aleksandr/projects/btf/vendor/laravel/framework/src/Illuminate/Pipeline/Pipeline.php(183): ErlandMuchasaj\\LaravelGzip\\Middleware\\GzipEncodeResponse->handle(Object(Illuminate\\Http\\Request), Object(Closure))
#21 /Users/aleksandr/projects/btf/vendor/laravel/framework/src/Illuminate/Routing/Middleware/SubstituteBindings.php(50): Illuminate\\Pipeline\\Pipeline->Illuminate\\Pipeline\\{closure}(Object(Illuminate\\Http\\Request))
#22 /Users/aleksandr/projects/btf/vendor/laravel/framework/src/Illuminate/Pipeline/Pipeline.php(183): Illuminate\\Routing\\Middleware\\SubstituteBindings->handle(Object(Illuminate\\Http\\Request), Object(Closure))
#23 /Users/aleksandr/projects/btf/vendor/laravel/framework/src/Illuminate/Foundation/Http/Middleware/VerifyCsrfToken.php(88): Illuminate\\Pipeline\\Pipeline->Illuminate\\Pipeline\\{closure}(Object(Illuminate\\Http\\Request))
#24 /Users/aleksandr/projects/btf/vendor/laravel/framework/src/Illuminate/Pipeline/Pipeline.php(183): Illuminate\\Foundation\\Http\\Middleware\\VerifyCsrfToken->handle(Object(Illuminate\\Http\\Request), Object(Closure))
#25 /Users/aleksandr/projects/btf/vendor/laravel/framework/src/Illuminate/View/Middleware/ShareErrorsFromSession.php(49): Illuminate\\Pipeline\\Pipeline->Illuminate\\Pipeline\\{closure}(Object(Illuminate\\Http\\Request))
#26 /Users/aleksandr/projects/btf/vendor/laravel/framework/src/Illuminate/Pipeline/Pipeline.php(183): Illuminate\\View\\Middleware\\ShareErrorsFromSession->handle(Object(Illuminate\\Http\\Request), Object(Closure))
#27 /Users/aleksandr/projects/btf/vendor/laravel/framework/src/Illuminate/Session/Middleware/StartSession.php(121): Illuminate\\Pipeline\\Pipeline->Illuminate\\Pipeline\\{closure}(Object(Illuminate\\Http\\Request))
#28 /Users/aleksandr/projects/btf/vendor/laravel/framework/src/Illuminate/Session/Middleware/StartSession.php(64): Illuminate\\Session\\Middleware\\StartSession->handleStatefulRequest(Object(Illuminate\\Http\\Request), Object(Illuminate\\Session\\Store), Object(Closure))
#29 /Users/aleksandr/projects/btf/vendor/laravel/framework/src/Illuminate/Pipeline/Pipeline.php(183): Illuminate\\Session\\Middleware\\StartSession->handle(Object(Illuminate\\Http\\Request), Object(Closure))
#30 /Users/aleksandr/projects/btf/vendor/laravel/framework/src/Illuminate/Cookie/Middleware/AddQueuedCookiesToResponse.php(37): Illuminate\\Pipeline\\Pipeline->Illuminate\\Pipeline\\{closure}(Object(Illuminate\\Http\\Request))
#31 /Users/aleksandr/projects/btf/vendor/laravel/framework/src/Illuminate/Pipeline/Pipeline.php(183): Illuminate\\Cookie\\Middleware\\AddQueuedCookiesToResponse->handle(Object(Illuminate\\Http\\Request), Object(Closure))
#32 /Users/aleksandr/projects/btf/vendor/laravel/framework/src/Illuminate/Cookie/Middleware/EncryptCookies.php(75): Illuminate\\Pipeline\\Pipeline->Illuminate\\Pipeline\\{closure}(Object(Illuminate\\Http\\Request))
#33 /Users/aleksandr/projects/btf/vendor/laravel/framework/src/Illuminate/Pipeline/Pipeline.php(183): Illuminate\\Cookie\\Middleware\\EncryptCookies->handle(Object(Illuminate\\Http\\Request), Object(Closure))
#34 /Users/aleksandr/projects/btf/vendor/laravel/framework/src/Illuminate/Pipeline/Pipeline.php(119): Illuminate\\Pipeline\\Pipeline->Illuminate\\Pipeline\\{closure}(Object(Illuminate\\Http\\Request))
#35 /Users/aleksandr/projects/btf/vendor/laravel/framework/src/Illuminate/Routing/Router.php(805): Illuminate\\Pipeline\\Pipeline->then(Object(Closure))
#36 /Users/aleksandr/projects/btf/vendor/laravel/framework/src/Illuminate/Routing/Router.php(784): Illuminate\\Routing\\Router->runRouteWithinStack(Object(Illuminate\\Routing\\Route), Object(Illuminate\\Http\\Request))
#37 /Users/aleksandr/projects/btf/vendor/laravel/framework/src/Illuminate/Routing/Router.php(748): Illuminate\\Routing\\Router->runRoute(Object(Illuminate\\Http\\Request), Object(Illuminate\\Routing\\Route))
#38 /Users/aleksandr/projects/btf/vendor/laravel/framework/src/Illuminate/Routing/Router.php(737): Illuminate\\Routing\\Router->dispatchToRoute(Object(Illuminate\\Http\\Request))
#39 /Users/aleksandr/projects/btf/vendor/laravel/framework/src/Illuminate/Foundation/Http/Kernel.php(200): Illuminate\\Routing\\Router->dispatch(Object(Illuminate\\Http\\Request))
#40 /Users/aleksandr/projects/btf/vendor/laravel/framework/src/Illuminate/Pipeline/Pipeline.php(144): Illuminate\\Foundation\\Http\\Kernel->Illuminate\\Foundation\\Http\\{closure}(Object(Illuminate\\Http\\Request))
#41 /Users/aleksandr/projects/btf/vendor/barryvdh/laravel-debugbar/src/Middleware/InjectDebugbar.php(66): Illuminate\\Pipeline\\Pipeline->Illuminate\\Pipeline\\{closure}(Object(Illuminate\\Http\\Request))
#42 /Users/aleksandr/projects/btf/vendor/laravel/framework/src/Illuminate/Pipeline/Pipeline.php(183): Barryvdh\\Debugbar\\Middleware\\InjectDebugbar->handle(Object(Illuminate\\Http\\Request), Object(Closure))
#43 /Users/aleksandr/projects/btf/vendor/laravel/framework/src/Illuminate/Foundation/Http/Middleware/TransformsRequest.php(21): Illuminate\\Pipeline\\Pipeline->Illuminate\\Pipeline\\{closure}(Object(Illuminate\\Http\\Request))
#44 /Users/aleksandr/projects/btf/vendor/laravel/framework/src/Illuminate/Foundation/Http/Middleware/ConvertEmptyStringsToNull.php(31): Illuminate\\Foundation\\Http\\Middleware\\TransformsRequest->handle(Object(Illuminate\\Http\\Request), Object(Closure))
#45 /Users/aleksandr/projects/btf/vendor/laravel/framework/src/Illuminate/Pipeline/Pipeline.php(183): Illuminate\\Foundation\\Http\\Middleware\\ConvertEmptyStringsToNull->handle(Object(Illuminate\\Http\\Request), Object(Closure))
#46 /Users/aleksandr/projects/btf/vendor/laravel/framework/src/Illuminate/Foundation/Http/Middleware/TransformsRequest.php(21): Illuminate\\Pipeline\\Pipeline->Illuminate\\Pipeline\\{closure}(Object(Illuminate\\Http\\Request))
#47 /Users/aleksandr/projects/btf/vendor/laravel/framework/src/Illuminate/Foundation/Http/Middleware/TrimStrings.php(51): Illuminate\\Foundation\\Http\\Middleware\\TransformsRequest->handle(Object(Illuminate\\Http\\Request), Object(Closure))
#48 /Users/aleksandr/projects/btf/vendor/laravel/framework/src/Illuminate/Pipeline/Pipeline.php(183): Illuminate\\Foundation\\Http\\Middleware\\TrimStrings->handle(Object(Illuminate\\Http\\Request), Object(Closure))
#49 /Users/aleksandr/projects/btf/vendor/laravel/framework/src/Illuminate/Http/Middleware/ValidatePostSize.php(27): Illuminate\\Pipeline\\Pipeline->Illuminate\\Pipeline\\{closure}(Object(Illuminate\\Http\\Request))
#50 /Users/aleksandr/projects/btf/vendor/laravel/framework/src/Illuminate/Pipeline/Pipeline.php(183): Illuminate\\Http\\Middleware\\ValidatePostSize->handle(Object(Illuminate\\Http\\Request), Object(Closure))
#51 /Users/aleksandr/projects/btf/vendor/laravel/framework/src/Illuminate/Foundation/Http/Middleware/PreventRequestsDuringMaintenance.php(110): Illuminate\\Pipeline\\Pipeline->Illuminate\\Pipeline\\{closure}(Object(Illuminate\\Http\\Request))
#52 /Users/aleksandr/projects/btf/vendor/laravel/framework/src/Illuminate/Pipeline/Pipeline.php(183): Illuminate\\Foundation\\Http\\Middleware\\PreventRequestsDuringMaintenance->handle(Object(Illuminate\\Http\\Request), Object(Closure))
#53 /Users/aleksandr/projects/btf/vendor/laravel/framework/src/Illuminate/Http/Middleware/HandleCors.php(49): Illuminate\\Pipeline\\Pipeline->Illuminate\\Pipeline\\{closure}(Object(Illuminate\\Http\\Request))
#54 /Users/aleksandr/projects/btf/vendor/laravel/framework/src/Illuminate/Pipeline/Pipeline.php(183): Illuminate\\Http\\Middleware\\HandleCors->handle(Object(Illuminate\\Http\\Request), Object(Closure))
#55 /Users/aleksandr/projects/btf/vendor/laravel/framework/src/Illuminate/Http/Middleware/TrustProxies.php(57): Illuminate\\Pipeline\\Pipeline->Illuminate\\Pipeline\\{closure}(Object(Illuminate\\Http\\Request))
#56 /Users/aleksandr/projects/btf/vendor/laravel/framework/src/Illuminate/Pipeline/Pipeline.php(183): Illuminate\\Http\\Middleware\\TrustProxies->handle(Object(Illuminate\\Http\\Request), Object(Closure))
#57 /Users/aleksandr/projects/btf/vendor/laravel/framework/src/Illuminate/Pipeline/Pipeline.php(119): Illuminate\\Pipeline\\Pipeline->Illuminate\\Pipeline\\{closure}(Object(Illuminate\\Http\\Request))
#58 /Users/aleksandr/projects/btf/vendor/laravel/framework/src/Illuminate/Foundation/Http/Kernel.php(175): Illuminate\\Pipeline\\Pipeline->then(Object(Closure))
#59 /Users/aleksandr/projects/btf/vendor/laravel/framework/src/Illuminate/Foundation/Http/Kernel.php(144): Illuminate\\Foundation\\Http\\Kernel->sendRequestThroughRouter(Object(Illuminate\\Http\\Request))
#60 /Users/aleksandr/projects/btf/public/index.php(50): Illuminate\\Foundation\\Http\\Kernel->handle(Object(Illuminate\\Http\\Request))
#61 /Users/aleksandr/projects/btf/vendor/laravel/framework/src/Illuminate/Foundation/resources/server.php(16): require_once('/Users/aleksand...')
#62 {main}
"} 
[2025-04-19 10:28:00] production.ERROR: Unable to locate file in Vite manifest: resources/js/backend.js. {"view":{"view":"/Users/aleksandr/projects/btf/resources/views/layouts/backend.blade.php","data":{"your_ip":"<pre class=sf-dump id=sf-dump-605541121 data-indent-pad=\"  \">\"<span class=sf-dump-str title=\"13 characters\">192.168.0.102</span>\"
</pre><script>Sfdump(\"sf-dump-605541121\", {\"maxDepth\":3,\"maxStringLength\":160})</script>
","your_location":"<pre class=sf-dump id=sf-dump-1400193604 data-indent-pad=\"  \">\"<span class=sf-dump-str title=\"19 characters\">Kaliningrad, Russia</span>\"
</pre><script>Sfdump(\"sf-dump-1400193604\", {\"maxDepth\":3,\"maxStringLength\":160})</script>
","errors":"<pre class=sf-dump id=sf-dump-563153975 data-indent-pad=\"  \"><span class=sf-dump-note>Illuminate\\Support\\ViewErrorBag</span> {<a class=sf-dump-ref>#1976</a><samp data-depth=1 class=sf-dump-expanded>
  #<span class=sf-dump-protected title=\"Protected property\">bags</span>: []
</samp>}
</pre><script>Sfdump(\"sf-dump-563153975\", {\"maxDepth\":3,\"maxStringLength\":160})</script>
","settings":"<pre class=sf-dump id=sf-dump-1987577309 data-indent-pad=\"  \"><span class=sf-dump-note>array:12</span> [<samp data-depth=1 class=sf-dump-expanded>
  \"<span class=sf-dump-key>phone</span>\" => \"<span class=sf-dump-str title=\"12 characters\">+74012313143</span>\"
  \"<span class=sf-dump-key>address</span>\" => \"<span class=sf-dump-str title=\"46 characters\">&#1075;. &#1050;&#1072;&#1083;&#1080;&#1085;&#1080;&#1085;&#1075;&#1088;&#1072;&#1076;, &#1085;&#1072;&#1073;&#1077;&#1088;&#1077;&#1078;&#1085;&#1072;&#1103; &#1055;&#1088;&#1072;&#1074;&#1072;&#1103;, 10, &#1083;&#1080;&#1090;&#1077;&#1088; &#1042;</span>\"
  \"<span class=sf-dump-key>schedule</span>\" => \"<span class=sf-dump-str title=\"89 characters\">&#1055;&#1085;-&#1055;&#1090;: 09:00 - 18:00, &lt;br class=&quot;d-md-none&quot;&gt; &#1055;&#1077;&#1088;&#1077;&#1088;&#1099;&#1074;: 13:00 - 14:00 &lt;br&gt; &#1057;&#1073;, &#1042;&#1089;: &#1042;&#1099;&#1093;&#1086;&#1076;&#1085;&#1086;&#1081;</span>\"
  \"<span class=sf-dump-key>coords</span>\" => \"<span class=sf-dump-str title=\"19 characters\">54.947113,20.159578</span>\"
  \"<span class=sf-dump-key>sitename</span>\" => \"<span class=sf-dump-str title=\"27 characters\">&#1041;&#1072;&#1083;&#1090;&#1080;&#1081;&#1089;&#1082;&#1072;&#1103; &#1090;&#1072;&#1073;&#1072;&#1095;&#1085;&#1072;&#1103; &#1092;&#1072;&#1073;&#1088;&#1080;&#1082;&#1072;</span>\"
  \"<span class=sf-dump-key>email</span>\" => \"<span class=sf-dump-str title=\"20 characters\">sekretar-kd@btf39.su</span>\"
  \"<span class=sf-dump-key>phone2</span>\" => \"<span class=sf-dump-str title=\"12 characters\">+74012313143</span>\"
  \"<span class=sf-dump-key>mobile</span>\" => \"<span class=sf-dump-str title=\"12 characters\">+79114547331</span>\"
  \"<span class=sf-dump-key>brands_count</span>\" => \"<span class=sf-dump-str title=\"2 characters\">15</span>\"
  \"<span class=sf-dump-key>distributors_count</span>\" => \"<span class=sf-dump-str title=\"2 characters\">20</span>\"
  \"<span class=sf-dump-key>years_count</span>\" => \"<span class=sf-dump-str title=\"2 characters\">27</span>\"
  \"<span class=sf-dump-key>employees_count</span>\" => \"<span class=sf-dump-str title=\"3 characters\">245</span>\"
</samp>]
</pre><script>Sfdump(\"sf-dump-1987577309\", {\"maxDepth\":3,\"maxStringLength\":160})</script>
","currencySymbol":"<pre class=sf-dump id=sf-dump-1715341895 data-indent-pad=\"  \">\"<span class=sf-dump-str title=\"2 characters\">&#1088;.</span>\"
</pre><script>Sfdump(\"sf-dump-1715341895\", {\"maxDepth\":3,\"maxStringLength\":160})</script>
","currencies":"<pre class=sf-dump id=sf-dump-758868477 data-indent-pad=\"  \"><span class=sf-dump-note>array:3</span> [<samp data-depth=1 class=sf-dump-expanded>
  \"<span class=sf-dump-key>RUB</span>\" => <span class=sf-dump-note title=\"App\\Models\\Currency
\"><span class=\"sf-dump-ellipsis sf-dump-ellipsis-note\">App\\Models</span><span class=\"sf-dump-ellipsis sf-dump-ellipsis-note\">\\</span>Currency</span> {<a class=sf-dump-ref>#1998</a><samp data-depth=2 class=sf-dump-compact>
    #<span class=sf-dump-protected title=\"Protected property\">connection</span>: \"<span class=sf-dump-str title=\"5 characters\">mysql</span>\"
    #<span class=sf-dump-protected title=\"Protected property\">table</span>: \"<span class=sf-dump-str title=\"10 characters\">currencies</span>\"
    #<span class=sf-dump-protected title=\"Protected property\">primaryKey</span>: \"<span class=sf-dump-str title=\"2 characters\">id</span>\"
    #<span class=sf-dump-protected title=\"Protected property\">keyType</span>: \"<span class=sf-dump-str title=\"3 characters\">int</span>\"
    +<span class=sf-dump-public title=\"Public property\">incrementing</span>: <span class=sf-dump-const>true</span>
    #<span class=sf-dump-protected title=\"Protected property\">with</span>: []
    #<span class=sf-dump-protected title=\"Protected property\">withCount</span>: []
    +<span class=sf-dump-public title=\"Public property\">preventsLazyLoading</span>: <span class=sf-dump-const>false</span>
    #<span class=sf-dump-protected title=\"Protected property\">perPage</span>: <span class=sf-dump-num>15</span>
    +<span class=sf-dump-public title=\"Public property\">exists</span>: <span class=sf-dump-const>true</span>
    +<span class=sf-dump-public title=\"Public property\">wasRecentlyCreated</span>: <span class=sf-dump-const>false</span>
    #<span class=sf-dump-protected title=\"Protected property\">escapeWhenCastingToString</span>: <span class=sf-dump-const>false</span>
    #<span class=sf-dump-protected title=\"Protected property\">attributes</span>: <span class=sf-dump-note>array:8</span> [<samp data-depth=3 class=sf-dump-compact>
      \"<span class=sf-dump-key>id</span>\" => <span class=sf-dump-num>1</span>
      \"<span class=sf-dump-key>code</span>\" => \"<span class=sf-dump-str title=\"3 characters\">RUB</span>\"
      \"<span class=sf-dump-key>name</span>\" => \"<span class=sf-dump-str title=\"5 characters\">&#1056;&#1091;&#1073;&#1083;&#1080;</span>\"
      \"<span class=sf-dump-key>symbol</span>\" => \"<span class=sf-dump-str>&#8381;</span>\"
      \"<span class=sf-dump-key>is_main</span>\" => <span class=sf-dump-num>1</span>
      \"<span class=sf-dump-key>rate</span>\" => <span class=sf-dump-num>1.0</span>
      \"<span class=sf-dump-key>created_at</span>\" => <span class=sf-dump-const>null</span>
      \"<span class=sf-dump-key>updated_at</span>\" => \"<span class=sf-dump-str title=\"19 characters\">2024-03-31 12:06:01</span>\"
    </samp>]
    #<span class=sf-dump-protected title=\"Protected property\">original</span>: <span class=sf-dump-note>array:8</span> [<samp data-depth=3 class=sf-dump-compact>
      \"<span class=sf-dump-key>id</span>\" => <span class=sf-dump-num>1</span>
      \"<span class=sf-dump-key>code</span>\" => \"<span class=sf-dump-str title=\"3 characters\">RUB</span>\"
      \"<span class=sf-dump-key>name</span>\" => \"<span class=sf-dump-str title=\"5 characters\">&#1056;&#1091;&#1073;&#1083;&#1080;</span>\"
      \"<span class=sf-dump-key>symbol</span>\" => \"<span class=sf-dump-str>&#8381;</span>\"
      \"<span class=sf-dump-key>is_main</span>\" => <span class=sf-dump-num>1</span>
      \"<span class=sf-dump-key>rate</span>\" => <span class=sf-dump-num>1.0</span>
      \"<span class=sf-dump-key>created_at</span>\" => <span class=sf-dump-const>null</span>
      \"<span class=sf-dump-key>updated_at</span>\" => \"<span class=sf-dump-str title=\"19 characters\">2024-03-31 12:06:01</span>\"
    </samp>]
    #<span class=sf-dump-protected title=\"Protected property\">changes</span>: []
    #<span class=sf-dump-protected title=\"Protected property\">casts</span>: []
    #<span class=sf-dump-protected title=\"Protected property\">classCastCache</span>: []
    #<span class=sf-dump-protected title=\"Protected property\">attributeCastCache</span>: []
    #<span class=sf-dump-protected title=\"Protected property\">dateFormat</span>: <span class=sf-dump-const>null</span>
    #<span class=sf-dump-protected title=\"Protected property\">appends</span>: []
    #<span class=sf-dump-protected title=\"Protected property\">dispatchesEvents</span>: []
    #<span class=sf-dump-protected title=\"Protected property\">observables</span>: []
    #<span class=sf-dump-protected title=\"Protected property\">relations</span>: []
    #<span class=sf-dump-protected title=\"Protected property\">touches</span>: []
    +<span class=sf-dump-public title=\"Public property\">timestamps</span>: <span class=sf-dump-const>true</span>
    +<span class=sf-dump-public title=\"Public property\">usesUniqueIds</span>: <span class=sf-dump-const>false</span>
    #<span class=sf-dump-protected title=\"Protected property\">hidden</span>: []
    #<span class=sf-dump-protected title=\"Protected property\">visible</span>: []
    #<span class=sf-dump-protected title=\"Protected property\">fillable</span>: <span class=sf-dump-note>array:1</span> [<samp data-depth=3 class=sf-dump-compact>
      <span class=sf-dump-index>0</span> => \"<span class=sf-dump-str title=\"4 characters\">rate</span>\"
    </samp>]
    #<span class=sf-dump-protected title=\"Protected property\">guarded</span>: <span class=sf-dump-note>array:1</span> [<samp data-depth=3 class=sf-dump-compact>
      <span class=sf-dump-index>0</span> => \"<span class=sf-dump-str>*</span>\"
    </samp>]
  </samp>}
  \"<span class=sf-dump-key>USD</span>\" => <span class=sf-dump-note title=\"App\\Models\\Currency
\"><span class=\"sf-dump-ellipsis sf-dump-ellipsis-note\">App\\Models</span><span class=\"sf-dump-ellipsis sf-dump-ellipsis-note\">\\</span>Currency</span> {<a class=sf-dump-ref>#2039</a><samp data-depth=2 class=sf-dump-compact>
    #<span class=sf-dump-protected title=\"Protected property\">connection</span>: \"<span class=sf-dump-str title=\"5 characters\">mysql</span>\"
    #<span class=sf-dump-protected title=\"Protected property\">table</span>: \"<span class=sf-dump-str title=\"10 characters\">currencies</span>\"
    #<span class=sf-dump-protected title=\"Protected property\">primaryKey</span>: \"<span class=sf-dump-str title=\"2 characters\">id</span>\"
    #<span class=sf-dump-protected title=\"Protected property\">keyType</span>: \"<span class=sf-dump-str title=\"3 characters\">int</span>\"
    +<span class=sf-dump-public title=\"Public property\">incrementing</span>: <span class=sf-dump-const>true</span>
    #<span class=sf-dump-protected title=\"Protected property\">with</span>: []
    #<span class=sf-dump-protected title=\"Protected property\">withCount</span>: []
    +<span class=sf-dump-public title=\"Public property\">preventsLazyLoading</span>: <span class=sf-dump-const>false</span>
    #<span class=sf-dump-protected title=\"Protected property\">perPage</span>: <span class=sf-dump-num>15</span>
    +<span class=sf-dump-public title=\"Public property\">exists</span>: <span class=sf-dump-const>true</span>
    +<span class=sf-dump-public title=\"Public property\">wasRecentlyCreated</span>: <span class=sf-dump-const>false</span>
    #<span class=sf-dump-protected title=\"Protected property\">escapeWhenCastingToString</span>: <span class=sf-dump-const>false</span>
    #<span class=sf-dump-protected title=\"Protected property\">attributes</span>: <span class=sf-dump-note>array:8</span> [<samp data-depth=3 class=sf-dump-compact>
      \"<span class=sf-dump-key>id</span>\" => <span class=sf-dump-num>2</span>
      \"<span class=sf-dump-key>code</span>\" => \"<span class=sf-dump-str title=\"3 characters\">USD</span>\"
      \"<span class=sf-dump-key>name</span>\" => \"<span class=sf-dump-str title=\"7 characters\">&#1044;&#1086;&#1083;&#1083;&#1072;&#1088;&#1099;</span>\"
      \"<span class=sf-dump-key>symbol</span>\" => \"<span class=sf-dump-str>$</span>\"
      \"<span class=sf-dump-key>is_main</span>\" => <span class=sf-dump-num>0</span>
      \"<span class=sf-dump-key>rate</span>\" => <span class=sf-dump-num>0.0108019931</span>
      \"<span class=sf-dump-key>created_at</span>\" => <span class=sf-dump-const>null</span>
      \"<span class=sf-dump-key>updated_at</span>\" => \"<span class=sf-dump-str title=\"19 characters\">2024-03-31 12:56:29</span>\"
    </samp>]
    #<span class=sf-dump-protected title=\"Protected property\">original</span>: <span class=sf-dump-note>array:8</span> [<samp data-depth=3 class=sf-dump-compact>
      \"<span class=sf-dump-key>id</span>\" => <span class=sf-dump-num>2</span>
      \"<span class=sf-dump-key>code</span>\" => \"<span class=sf-dump-str title=\"3 characters\">USD</span>\"
      \"<span class=sf-dump-key>name</span>\" => \"<span class=sf-dump-str title=\"7 characters\">&#1044;&#1086;&#1083;&#1083;&#1072;&#1088;&#1099;</span>\"
      \"<span class=sf-dump-key>symbol</span>\" => \"<span class=sf-dump-str>$</span>\"
      \"<span class=sf-dump-key>is_main</span>\" => <span class=sf-dump-num>0</span>
      \"<span class=sf-dump-key>rate</span>\" => <span class=sf-dump-num>0.0108019931</span>
      \"<span class=sf-dump-key>created_at</span>\" => <span class=sf-dump-const>null</span>
      \"<span class=sf-dump-key>updated_at</span>\" => \"<span class=sf-dump-str title=\"19 characters\">2024-03-31 12:56:29</span>\"
    </samp>]
    #<span class=sf-dump-protected title=\"Protected property\">changes</span>: []
    #<span class=sf-dump-protected title=\"Protected property\">casts</span>: []
    #<span class=sf-dump-protected title=\"Protected property\">classCastCache</span>: []
    #<span class=sf-dump-protected title=\"Protected property\">attributeCastCache</span>: []
    #<span class=sf-dump-protected title=\"Protected property\">dateFormat</span>: <span class=sf-dump-const>null</span>
    #<span class=sf-dump-protected title=\"Protected property\">appends</span>: []
    #<span class=sf-dump-protected title=\"Protected property\">dispatchesEvents</span>: []
    #<span class=sf-dump-protected title=\"Protected property\">observables</span>: []
    #<span class=sf-dump-protected title=\"Protected property\">relations</span>: []
    #<span class=sf-dump-protected title=\"Protected property\">touches</span>: []
    +<span class=sf-dump-public title=\"Public property\">timestamps</span>: <span class=sf-dump-const>true</span>
    +<span class=sf-dump-public title=\"Public property\">usesUniqueIds</span>: <span class=sf-dump-const>false</span>
    #<span class=sf-dump-protected title=\"Protected property\">hidden</span>: []
    #<span class=sf-dump-protected title=\"Protected property\">visible</span>: []
    #<span class=sf-dump-protected title=\"Protected property\">fillable</span>: <span class=sf-dump-note>array:1</span> [<samp data-depth=3 class=sf-dump-compact>
      <span class=sf-dump-index>0</span> => \"<span class=sf-dump-str title=\"4 characters\">rate</span>\"
    </samp>]
    #<span class=sf-dump-protected title=\"Protected property\">guarded</span>: <span class=sf-dump-note>array:1</span> [<samp data-depth=3 class=sf-dump-compact>
      <span class=sf-dump-index>0</span> => \"<span class=sf-dump-str>*</span>\"
    </samp>]
  </samp>}
  \"<span class=sf-dump-key>EUR</span>\" => <span class=sf-dump-note title=\"App\\Models\\Currency
\"><span class=\"sf-dump-ellipsis sf-dump-ellipsis-note\">App\\Models</span><span class=\"sf-dump-ellipsis sf-dump-ellipsis-note\">\\</span>Currency</span> {<a class=sf-dump-ref>#2038</a><samp data-depth=2 class=sf-dump-compact>
    #<span class=sf-dump-protected title=\"Protected property\">connection</span>: \"<span class=sf-dump-str title=\"5 characters\">mysql</span>\"
    #<span class=sf-dump-protected title=\"Protected property\">table</span>: \"<span class=sf-dump-str title=\"10 characters\">currencies</span>\"
    #<span class=sf-dump-protected title=\"Protected property\">primaryKey</span>: \"<span class=sf-dump-str title=\"2 characters\">id</span>\"
    #<span class=sf-dump-protected title=\"Protected property\">keyType</span>: \"<span class=sf-dump-str title=\"3 characters\">int</span>\"
    +<span class=sf-dump-public title=\"Public property\">incrementing</span>: <span class=sf-dump-const>true</span>
    #<span class=sf-dump-protected title=\"Protected property\">with</span>: []
    #<span class=sf-dump-protected title=\"Protected property\">withCount</span>: []
    +<span class=sf-dump-public title=\"Public property\">preventsLazyLoading</span>: <span class=sf-dump-const>false</span>
    #<span class=sf-dump-protected title=\"Protected property\">perPage</span>: <span class=sf-dump-num>15</span>
    +<span class=sf-dump-public title=\"Public property\">exists</span>: <span class=sf-dump-const>true</span>
    +<span class=sf-dump-public title=\"Public property\">wasRecentlyCreated</span>: <span class=sf-dump-const>false</span>
    #<span class=sf-dump-protected title=\"Protected property\">escapeWhenCastingToString</span>: <span class=sf-dump-const>false</span>
    #<span class=sf-dump-protected title=\"Protected property\">attributes</span>: <span class=sf-dump-note>array:8</span> [<samp data-depth=3 class=sf-dump-compact>
      \"<span class=sf-dump-key>id</span>\" => <span class=sf-dump-num>3</span>
      \"<span class=sf-dump-key>code</span>\" => \"<span class=sf-dump-str title=\"3 characters\">EUR</span>\"
      \"<span class=sf-dump-key>name</span>\" => \"<span class=sf-dump-str title=\"4 characters\">&#1045;&#1074;&#1088;&#1086;</span>\"
      \"<span class=sf-dump-key>symbol</span>\" => \"<span class=sf-dump-str>&#8364;</span>\"
      \"<span class=sf-dump-key>is_main</span>\" => <span class=sf-dump-num>0</span>
      \"<span class=sf-dump-key>rate</span>\" => <span class=sf-dump-num>0.0100045918</span>
      \"<span class=sf-dump-key>created_at</span>\" => <span class=sf-dump-const>null</span>
      \"<span class=sf-dump-key>updated_at</span>\" => \"<span class=sf-dump-str title=\"19 characters\">2024-03-31 12:56:29</span>\"
    </samp>]
    #<span class=sf-dump-protected title=\"Protected property\">original</span>: <span class=sf-dump-note>array:8</span> [<samp data-depth=3 class=sf-dump-compact>
      \"<span class=sf-dump-key>id</span>\" => <span class=sf-dump-num>3</span>
      \"<span class=sf-dump-key>code</span>\" => \"<span class=sf-dump-str title=\"3 characters\">EUR</span>\"
      \"<span class=sf-dump-key>name</span>\" => \"<span class=sf-dump-str title=\"4 characters\">&#1045;&#1074;&#1088;&#1086;</span>\"
      \"<span class=sf-dump-key>symbol</span>\" => \"<span class=sf-dump-str>&#8364;</span>\"
      \"<span class=sf-dump-key>is_main</span>\" => <span class=sf-dump-num>0</span>
      \"<span class=sf-dump-key>rate</span>\" => <span class=sf-dump-num>0.0100045918</span>
      \"<span class=sf-dump-key>created_at</span>\" => <span class=sf-dump-const>null</span>
      \"<span class=sf-dump-key>updated_at</span>\" => \"<span class=sf-dump-str title=\"19 characters\">2024-03-31 12:56:29</span>\"
    </samp>]
    #<span class=sf-dump-protected title=\"Protected property\">changes</span>: []
    #<span class=sf-dump-protected title=\"Protected property\">casts</span>: []
    #<span class=sf-dump-protected title=\"Protected property\">classCastCache</span>: []
    #<span class=sf-dump-protected title=\"Protected property\">attributeCastCache</span>: []
    #<span class=sf-dump-protected title=\"Protected property\">dateFormat</span>: <span class=sf-dump-const>null</span>
    #<span class=sf-dump-protected title=\"Protected property\">appends</span>: []
    #<span class=sf-dump-protected title=\"Protected property\">dispatchesEvents</span>: []
    #<span class=sf-dump-protected title=\"Protected property\">observables</span>: []
    #<span class=sf-dump-protected title=\"Protected property\">relations</span>: []
    #<span class=sf-dump-protected title=\"Protected property\">touches</span>: []
    +<span class=sf-dump-public title=\"Public property\">timestamps</span>: <span class=sf-dump-const>true</span>
    +<span class=sf-dump-public title=\"Public property\">usesUniqueIds</span>: <span class=sf-dump-const>false</span>
    #<span class=sf-dump-protected title=\"Protected property\">hidden</span>: []
    #<span class=sf-dump-protected title=\"Protected property\">visible</span>: []
    #<span class=sf-dump-protected title=\"Protected property\">fillable</span>: <span class=sf-dump-note>array:1</span> [<samp data-depth=3 class=sf-dump-compact>
      <span class=sf-dump-index>0</span> => \"<span class=sf-dump-str title=\"4 characters\">rate</span>\"
    </samp>]
    #<span class=sf-dump-protected title=\"Protected property\">guarded</span>: <span class=sf-dump-note>array:1</span> [<samp data-depth=3 class=sf-dump-compact>
      <span class=sf-dump-index>0</span> => \"<span class=sf-dump-str>*</span>\"
    </samp>]
  </samp>}
</samp>]
</pre><script>Sfdump(\"sf-dump-758868477\", {\"maxDepth\":3,\"maxStringLength\":160})</script>
"}},"exception":"[object] (Spatie\\LaravelIgnition\\Exceptions\\ViewException(code: 0): Unable to locate file in Vite manifest: resources/js/backend.js. at /Users/aleksandr/projects/btf/vendor/laravel/framework/src/Illuminate/Foundation/Vite.php:781)
[stacktrace]
#0 /Users/aleksandr/projects/btf/vendor/laravel/framework/src/Illuminate/Foundation/Vite.php(299): Illuminate\\Foundation\\Vite->chunk(Array, 'resources/js/ba...')
#1 /Users/aleksandr/projects/btf/resources/views/layouts/backend.blade.php(197): Illuminate\\Foundation\\Vite->__invoke(Object(Illuminate\\Support\\Collection))
#2 /Users/aleksandr/projects/btf/vendor/laravel/framework/src/Illuminate/Filesystem/Filesystem.php(123): require('/Users/aleksand...')
#3 /Users/aleksandr/projects/btf/vendor/laravel/framework/src/Illuminate/Filesystem/Filesystem.php(124): Illuminate\\Filesystem\\Filesystem::Illuminate\\Filesystem\\{closure}()
#4 /Users/aleksandr/projects/btf/vendor/laravel/framework/src/Illuminate/View/Engines/PhpEngine.php(58): Illuminate\\Filesystem\\Filesystem->getRequire('/Users/aleksand...', Array)
#5 /Users/aleksandr/projects/btf/vendor/laravel/framework/src/Illuminate/View/Engines/CompilerEngine.php(73): Illuminate\\View\\Engines\\PhpEngine->evaluatePath('/Users/aleksand...', Array)
#6 /Users/aleksandr/projects/btf/vendor/laravel/framework/src/Illuminate/View/View.php(208): Illuminate\\View\\Engines\\CompilerEngine->get('/Users/aleksand...', Array)
#7 /Users/aleksandr/projects/btf/vendor/laravel/framework/src/Illuminate/View/View.php(191): Illuminate\\View\\View->getContents()
#8 /Users/aleksandr/projects/btf/vendor/laravel/framework/src/Illuminate/View/View.php(160): Illuminate\\View\\View->renderContents()
#9 /Users/aleksandr/projects/btf/vendor/laravel/framework/src/Illuminate/Http/Response.php(70): Illuminate\\View\\View->render()
#10 /Users/aleksandr/projects/btf/vendor/laravel/framework/src/Illuminate/Http/Response.php(35): Illuminate\\Http\\Response->setContent(Object(Illuminate\\View\\View))
#11 /Users/aleksandr/projects/btf/vendor/laravel/framework/src/Illuminate/Routing/Router.php(918): Illuminate\\Http\\Response->__construct(Object(Illuminate\\View\\View), 200, Array)
#12 /Users/aleksandr/projects/btf/vendor/laravel/framework/src/Illuminate/Routing/Router.php(885): Illuminate\\Routing\\Router::toResponse(Object(Illuminate\\Http\\Request), Object(Illuminate\\View\\View))
#13 /Users/aleksandr/projects/btf/vendor/laravel/framework/src/Illuminate/Routing/Router.php(805): Illuminate\\Routing\\Router->prepareResponse(Object(Illuminate\\Http\\Request), Object(Illuminate\\View\\View))
#14 /Users/aleksandr/projects/btf/vendor/laravel/framework/src/Illuminate/Pipeline/Pipeline.php(144): Illuminate\\Routing\\Router->Illuminate\\Routing\\{closure}(Object(Illuminate\\Http\\Request))
#15 /Users/aleksandr/projects/btf/app/Http/Middleware/UserActivity.php(20): Illuminate\\Pipeline\\Pipeline->Illuminate\\Pipeline\\{closure}(Object(Illuminate\\Http\\Request))
#16 /Users/aleksandr/projects/btf/vendor/laravel/framework/src/Illuminate/Pipeline/Pipeline.php(183): App\\Http\\Middleware\\UserActivity->handle(Object(Illuminate\\Http\\Request), Object(Closure))
#17 /Users/aleksandr/projects/btf/app/Http/Middleware/SetLocale.php(51): Illuminate\\Pipeline\\Pipeline->Illuminate\\Pipeline\\{closure}(Object(Illuminate\\Http\\Request))
#18 /Users/aleksandr/projects/btf/vendor/laravel/framework/src/Illuminate/Pipeline/Pipeline.php(183): App\\Http\\Middleware\\SetLocale->handle(Object(Illuminate\\Http\\Request), Object(Closure))
#19 /Users/aleksandr/projects/btf/vendor/erlandmuchasaj/laravel-gzip/src/Middleware/GzipEncodeResponse.php(19): Illuminate\\Pipeline\\Pipeline->Illuminate\\Pipeline\\{closure}(Object(Illuminate\\Http\\Request))
#20 /Users/aleksandr/projects/btf/vendor/laravel/framework/src/Illuminate/Pipeline/Pipeline.php(183): ErlandMuchasaj\\LaravelGzip\\Middleware\\GzipEncodeResponse->handle(Object(Illuminate\\Http\\Request), Object(Closure))
#21 /Users/aleksandr/projects/btf/vendor/laravel/framework/src/Illuminate/Routing/Middleware/SubstituteBindings.php(50): Illuminate\\Pipeline\\Pipeline->Illuminate\\Pipeline\\{closure}(Object(Illuminate\\Http\\Request))
#22 /Users/aleksandr/projects/btf/vendor/laravel/framework/src/Illuminate/Pipeline/Pipeline.php(183): Illuminate\\Routing\\Middleware\\SubstituteBindings->handle(Object(Illuminate\\Http\\Request), Object(Closure))
#23 /Users/aleksandr/projects/btf/vendor/laravel/framework/src/Illuminate/Foundation/Http/Middleware/VerifyCsrfToken.php(88): Illuminate\\Pipeline\\Pipeline->Illuminate\\Pipeline\\{closure}(Object(Illuminate\\Http\\Request))
#24 /Users/aleksandr/projects/btf/vendor/laravel/framework/src/Illuminate/Pipeline/Pipeline.php(183): Illuminate\\Foundation\\Http\\Middleware\\VerifyCsrfToken->handle(Object(Illuminate\\Http\\Request), Object(Closure))
#25 /Users/aleksandr/projects/btf/vendor/laravel/framework/src/Illuminate/View/Middleware/ShareErrorsFromSession.php(49): Illuminate\\Pipeline\\Pipeline->Illuminate\\Pipeline\\{closure}(Object(Illuminate\\Http\\Request))
#26 /Users/aleksandr/projects/btf/vendor/laravel/framework/src/Illuminate/Pipeline/Pipeline.php(183): Illuminate\\View\\Middleware\\ShareErrorsFromSession->handle(Object(Illuminate\\Http\\Request), Object(Closure))
#27 /Users/aleksandr/projects/btf/vendor/laravel/framework/src/Illuminate/Session/Middleware/StartSession.php(121): Illuminate\\Pipeline\\Pipeline->Illuminate\\Pipeline\\{closure}(Object(Illuminate\\Http\\Request))
#28 /Users/aleksandr/projects/btf/vendor/laravel/framework/src/Illuminate/Session/Middleware/StartSession.php(64): Illuminate\\Session\\Middleware\\StartSession->handleStatefulRequest(Object(Illuminate\\Http\\Request), Object(Illuminate\\Session\\Store), Object(Closure))
#29 /Users/aleksandr/projects/btf/vendor/laravel/framework/src/Illuminate/Pipeline/Pipeline.php(183): Illuminate\\Session\\Middleware\\StartSession->handle(Object(Illuminate\\Http\\Request), Object(Closure))
#30 /Users/aleksandr/projects/btf/vendor/laravel/framework/src/Illuminate/Cookie/Middleware/AddQueuedCookiesToResponse.php(37): Illuminate\\Pipeline\\Pipeline->Illuminate\\Pipeline\\{closure}(Object(Illuminate\\Http\\Request))
#31 /Users/aleksandr/projects/btf/vendor/laravel/framework/src/Illuminate/Pipeline/Pipeline.php(183): Illuminate\\Cookie\\Middleware\\AddQueuedCookiesToResponse->handle(Object(Illuminate\\Http\\Request), Object(Closure))
#32 /Users/aleksandr/projects/btf/vendor/laravel/framework/src/Illuminate/Cookie/Middleware/EncryptCookies.php(75): Illuminate\\Pipeline\\Pipeline->Illuminate\\Pipeline\\{closure}(Object(Illuminate\\Http\\Request))
#33 /Users/aleksandr/projects/btf/vendor/laravel/framework/src/Illuminate/Pipeline/Pipeline.php(183): Illuminate\\Cookie\\Middleware\\EncryptCookies->handle(Object(Illuminate\\Http\\Request), Object(Closure))
#34 /Users/aleksandr/projects/btf/vendor/laravel/framework/src/Illuminate/Pipeline/Pipeline.php(119): Illuminate\\Pipeline\\Pipeline->Illuminate\\Pipeline\\{closure}(Object(Illuminate\\Http\\Request))
#35 /Users/aleksandr/projects/btf/vendor/laravel/framework/src/Illuminate/Routing/Router.php(805): Illuminate\\Pipeline\\Pipeline->then(Object(Closure))
#36 /Users/aleksandr/projects/btf/vendor/laravel/framework/src/Illuminate/Routing/Router.php(784): Illuminate\\Routing\\Router->runRouteWithinStack(Object(Illuminate\\Routing\\Route), Object(Illuminate\\Http\\Request))
#37 /Users/aleksandr/projects/btf/vendor/laravel/framework/src/Illuminate/Routing/Router.php(748): Illuminate\\Routing\\Router->runRoute(Object(Illuminate\\Http\\Request), Object(Illuminate\\Routing\\Route))
#38 /Users/aleksandr/projects/btf/vendor/laravel/framework/src/Illuminate/Routing/Router.php(737): Illuminate\\Routing\\Router->dispatchToRoute(Object(Illuminate\\Http\\Request))
#39 /Users/aleksandr/projects/btf/vendor/laravel/framework/src/Illuminate/Foundation/Http/Kernel.php(200): Illuminate\\Routing\\Router->dispatch(Object(Illuminate\\Http\\Request))
#40 /Users/aleksandr/projects/btf/vendor/laravel/framework/src/Illuminate/Pipeline/Pipeline.php(144): Illuminate\\Foundation\\Http\\Kernel->Illuminate\\Foundation\\Http\\{closure}(Object(Illuminate\\Http\\Request))
#41 /Users/aleksandr/projects/btf/vendor/barryvdh/laravel-debugbar/src/Middleware/InjectDebugbar.php(66): Illuminate\\Pipeline\\Pipeline->Illuminate\\Pipeline\\{closure}(Object(Illuminate\\Http\\Request))
#42 /Users/aleksandr/projects/btf/vendor/laravel/framework/src/Illuminate/Pipeline/Pipeline.php(183): Barryvdh\\Debugbar\\Middleware\\InjectDebugbar->handle(Object(Illuminate\\Http\\Request), Object(Closure))
#43 /Users/aleksandr/projects/btf/vendor/laravel/framework/src/Illuminate/Foundation/Http/Middleware/TransformsRequest.php(21): Illuminate\\Pipeline\\Pipeline->Illuminate\\Pipeline\\{closure}(Object(Illuminate\\Http\\Request))
#44 /Users/aleksandr/projects/btf/vendor/laravel/framework/src/Illuminate/Foundation/Http/Middleware/ConvertEmptyStringsToNull.php(31): Illuminate\\Foundation\\Http\\Middleware\\TransformsRequest->handle(Object(Illuminate\\Http\\Request), Object(Closure))
#45 /Users/aleksandr/projects/btf/vendor/laravel/framework/src/Illuminate/Pipeline/Pipeline.php(183): Illuminate\\Foundation\\Http\\Middleware\\ConvertEmptyStringsToNull->handle(Object(Illuminate\\Http\\Request), Object(Closure))
#46 /Users/aleksandr/projects/btf/vendor/laravel/framework/src/Illuminate/Foundation/Http/Middleware/TransformsRequest.php(21): Illuminate\\Pipeline\\Pipeline->Illuminate\\Pipeline\\{closure}(Object(Illuminate\\Http\\Request))
#47 /Users/aleksandr/projects/btf/vendor/laravel/framework/src/Illuminate/Foundation/Http/Middleware/TrimStrings.php(51): Illuminate\\Foundation\\Http\\Middleware\\TransformsRequest->handle(Object(Illuminate\\Http\\Request), Object(Closure))
#48 /Users/aleksandr/projects/btf/vendor/laravel/framework/src/Illuminate/Pipeline/Pipeline.php(183): Illuminate\\Foundation\\Http\\Middleware\\TrimStrings->handle(Object(Illuminate\\Http\\Request), Object(Closure))
#49 /Users/aleksandr/projects/btf/vendor/laravel/framework/src/Illuminate/Http/Middleware/ValidatePostSize.php(27): Illuminate\\Pipeline\\Pipeline->Illuminate\\Pipeline\\{closure}(Object(Illuminate\\Http\\Request))
#50 /Users/aleksandr/projects/btf/vendor/laravel/framework/src/Illuminate/Pipeline/Pipeline.php(183): Illuminate\\Http\\Middleware\\ValidatePostSize->handle(Object(Illuminate\\Http\\Request), Object(Closure))
#51 /Users/aleksandr/projects/btf/vendor/laravel/framework/src/Illuminate/Foundation/Http/Middleware/PreventRequestsDuringMaintenance.php(110): Illuminate\\Pipeline\\Pipeline->Illuminate\\Pipeline\\{closure}(Object(Illuminate\\Http\\Request))
#52 /Users/aleksandr/projects/btf/vendor/laravel/framework/src/Illuminate/Pipeline/Pipeline.php(183): Illuminate\\Foundation\\Http\\Middleware\\PreventRequestsDuringMaintenance->handle(Object(Illuminate\\Http\\Request), Object(Closure))
#53 /Users/aleksandr/projects/btf/vendor/laravel/framework/src/Illuminate/Http/Middleware/HandleCors.php(49): Illuminate\\Pipeline\\Pipeline->Illuminate\\Pipeline\\{closure}(Object(Illuminate\\Http\\Request))
#54 /Users/aleksandr/projects/btf/vendor/laravel/framework/src/Illuminate/Pipeline/Pipeline.php(183): Illuminate\\Http\\Middleware\\HandleCors->handle(Object(Illuminate\\Http\\Request), Object(Closure))
#55 /Users/aleksandr/projects/btf/vendor/laravel/framework/src/Illuminate/Http/Middleware/TrustProxies.php(57): Illuminate\\Pipeline\\Pipeline->Illuminate\\Pipeline\\{closure}(Object(Illuminate\\Http\\Request))
#56 /Users/aleksandr/projects/btf/vendor/laravel/framework/src/Illuminate/Pipeline/Pipeline.php(183): Illuminate\\Http\\Middleware\\TrustProxies->handle(Object(Illuminate\\Http\\Request), Object(Closure))
#57 /Users/aleksandr/projects/btf/vendor/laravel/framework/src/Illuminate/Pipeline/Pipeline.php(119): Illuminate\\Pipeline\\Pipeline->Illuminate\\Pipeline\\{closure}(Object(Illuminate\\Http\\Request))
#58 /Users/aleksandr/projects/btf/vendor/laravel/framework/src/Illuminate/Foundation/Http/Kernel.php(175): Illuminate\\Pipeline\\Pipeline->then(Object(Closure))
#59 /Users/aleksandr/projects/btf/vendor/laravel/framework/src/Illuminate/Foundation/Http/Kernel.php(144): Illuminate\\Foundation\\Http\\Kernel->sendRequestThroughRouter(Object(Illuminate\\Http\\Request))
#60 /Users/aleksandr/projects/btf/public/index.php(50): Illuminate\\Foundation\\Http\\Kernel->handle(Object(Illuminate\\Http\\Request))
#61 /Users/aleksandr/projects/btf/vendor/laravel/framework/src/Illuminate/Foundation/resources/server.php(16): require_once('/Users/aleksand...')
#62 {main}

[previous exception] [object] (Exception(code: 0): Unable to locate file in Vite manifest: resources/js/backend.js. at /Users/aleksandr/projects/btf/vendor/laravel/framework/src/Illuminate/Foundation/Vite.php:781)
[stacktrace]
#0 /Users/aleksandr/projects/btf/vendor/laravel/framework/src/Illuminate/Foundation/Vite.php(299): Illuminate\\Foundation\\Vite->chunk(Array, 'resources/js/ba...')
#1 /Users/aleksandr/projects/btf/storage/framework/views/4980babb759d16821e0ecd88a147fe79.php(197): Illuminate\\Foundation\\Vite->__invoke(Object(Illuminate\\Support\\Collection))
#2 /Users/aleksandr/projects/btf/vendor/laravel/framework/src/Illuminate/Filesystem/Filesystem.php(123): require('/Users/aleksand...')
#3 /Users/aleksandr/projects/btf/vendor/laravel/framework/src/Illuminate/Filesystem/Filesystem.php(124): Illuminate\\Filesystem\\Filesystem::Illuminate\\Filesystem\\{closure}()
#4 /Users/aleksandr/projects/btf/vendor/laravel/framework/src/Illuminate/View/Engines/PhpEngine.php(58): Illuminate\\Filesystem\\Filesystem->getRequire('/Users/aleksand...', Array)
#5 /Users/aleksandr/projects/btf/vendor/laravel/framework/src/Illuminate/View/Engines/CompilerEngine.php(73): Illuminate\\View\\Engines\\PhpEngine->evaluatePath('/Users/aleksand...', Array)
#6 /Users/aleksandr/projects/btf/vendor/laravel/framework/src/Illuminate/View/View.php(208): Illuminate\\View\\Engines\\CompilerEngine->get('/Users/aleksand...', Array)
#7 /Users/aleksandr/projects/btf/vendor/laravel/framework/src/Illuminate/View/View.php(191): Illuminate\\View\\View->getContents()
#8 /Users/aleksandr/projects/btf/vendor/laravel/framework/src/Illuminate/View/View.php(160): Illuminate\\View\\View->renderContents()
#9 /Users/aleksandr/projects/btf/vendor/laravel/framework/src/Illuminate/Http/Response.php(70): Illuminate\\View\\View->render()
#10 /Users/aleksandr/projects/btf/vendor/laravel/framework/src/Illuminate/Http/Response.php(35): Illuminate\\Http\\Response->setContent(Object(Illuminate\\View\\View))
#11 /Users/aleksandr/projects/btf/vendor/laravel/framework/src/Illuminate/Routing/Router.php(918): Illuminate\\Http\\Response->__construct(Object(Illuminate\\View\\View), 200, Array)
#12 /Users/aleksandr/projects/btf/vendor/laravel/framework/src/Illuminate/Routing/Router.php(885): Illuminate\\Routing\\Router::toResponse(Object(Illuminate\\Http\\Request), Object(Illuminate\\View\\View))
#13 /Users/aleksandr/projects/btf/vendor/laravel/framework/src/Illuminate/Routing/Router.php(805): Illuminate\\Routing\\Router->prepareResponse(Object(Illuminate\\Http\\Request), Object(Illuminate\\View\\View))
#14 /Users/aleksandr/projects/btf/vendor/laravel/framework/src/Illuminate/Pipeline/Pipeline.php(144): Illuminate\\Routing\\Router->Illuminate\\Routing\\{closure}(Object(Illuminate\\Http\\Request))
#15 /Users/aleksandr/projects/btf/app/Http/Middleware/UserActivity.php(20): Illuminate\\Pipeline\\Pipeline->Illuminate\\Pipeline\\{closure}(Object(Illuminate\\Http\\Request))
#16 /Users/aleksandr/projects/btf/vendor/laravel/framework/src/Illuminate/Pipeline/Pipeline.php(183): App\\Http\\Middleware\\UserActivity->handle(Object(Illuminate\\Http\\Request), Object(Closure))
#17 /Users/aleksandr/projects/btf/app/Http/Middleware/SetLocale.php(51): Illuminate\\Pipeline\\Pipeline->Illuminate\\Pipeline\\{closure}(Object(Illuminate\\Http\\Request))
#18 /Users/aleksandr/projects/btf/vendor/laravel/framework/src/Illuminate/Pipeline/Pipeline.php(183): App\\Http\\Middleware\\SetLocale->handle(Object(Illuminate\\Http\\Request), Object(Closure))
#19 /Users/aleksandr/projects/btf/vendor/erlandmuchasaj/laravel-gzip/src/Middleware/GzipEncodeResponse.php(19): Illuminate\\Pipeline\\Pipeline->Illuminate\\Pipeline\\{closure}(Object(Illuminate\\Http\\Request))
#20 /Users/aleksandr/projects/btf/vendor/laravel/framework/src/Illuminate/Pipeline/Pipeline.php(183): ErlandMuchasaj\\LaravelGzip\\Middleware\\GzipEncodeResponse->handle(Object(Illuminate\\Http\\Request), Object(Closure))
#21 /Users/aleksandr/projects/btf/vendor/laravel/framework/src/Illuminate/Routing/Middleware/SubstituteBindings.php(50): Illuminate\\Pipeline\\Pipeline->Illuminate\\Pipeline\\{closure}(Object(Illuminate\\Http\\Request))
#22 /Users/aleksandr/projects/btf/vendor/laravel/framework/src/Illuminate/Pipeline/Pipeline.php(183): Illuminate\\Routing\\Middleware\\SubstituteBindings->handle(Object(Illuminate\\Http\\Request), Object(Closure))
#23 /Users/aleksandr/projects/btf/vendor/laravel/framework/src/Illuminate/Foundation/Http/Middleware/VerifyCsrfToken.php(88): Illuminate\\Pipeline\\Pipeline->Illuminate\\Pipeline\\{closure}(Object(Illuminate\\Http\\Request))
#24 /Users/aleksandr/projects/btf/vendor/laravel/framework/src/Illuminate/Pipeline/Pipeline.php(183): Illuminate\\Foundation\\Http\\Middleware\\VerifyCsrfToken->handle(Object(Illuminate\\Http\\Request), Object(Closure))
#25 /Users/aleksandr/projects/btf/vendor/laravel/framework/src/Illuminate/View/Middleware/ShareErrorsFromSession.php(49): Illuminate\\Pipeline\\Pipeline->Illuminate\\Pipeline\\{closure}(Object(Illuminate\\Http\\Request))
#26 /Users/aleksandr/projects/btf/vendor/laravel/framework/src/Illuminate/Pipeline/Pipeline.php(183): Illuminate\\View\\Middleware\\ShareErrorsFromSession->handle(Object(Illuminate\\Http\\Request), Object(Closure))
#27 /Users/aleksandr/projects/btf/vendor/laravel/framework/src/Illuminate/Session/Middleware/StartSession.php(121): Illuminate\\Pipeline\\Pipeline->Illuminate\\Pipeline\\{closure}(Object(Illuminate\\Http\\Request))
#28 /Users/aleksandr/projects/btf/vendor/laravel/framework/src/Illuminate/Session/Middleware/StartSession.php(64): Illuminate\\Session\\Middleware\\StartSession->handleStatefulRequest(Object(Illuminate\\Http\\Request), Object(Illuminate\\Session\\Store), Object(Closure))
#29 /Users/aleksandr/projects/btf/vendor/laravel/framework/src/Illuminate/Pipeline/Pipeline.php(183): Illuminate\\Session\\Middleware\\StartSession->handle(Object(Illuminate\\Http\\Request), Object(Closure))
#30 /Users/aleksandr/projects/btf/vendor/laravel/framework/src/Illuminate/Cookie/Middleware/AddQueuedCookiesToResponse.php(37): Illuminate\\Pipeline\\Pipeline->Illuminate\\Pipeline\\{closure}(Object(Illuminate\\Http\\Request))
#31 /Users/aleksandr/projects/btf/vendor/laravel/framework/src/Illuminate/Pipeline/Pipeline.php(183): Illuminate\\Cookie\\Middleware\\AddQueuedCookiesToResponse->handle(Object(Illuminate\\Http\\Request), Object(Closure))
#32 /Users/aleksandr/projects/btf/vendor/laravel/framework/src/Illuminate/Cookie/Middleware/EncryptCookies.php(75): Illuminate\\Pipeline\\Pipeline->Illuminate\\Pipeline\\{closure}(Object(Illuminate\\Http\\Request))
#33 /Users/aleksandr/projects/btf/vendor/laravel/framework/src/Illuminate/Pipeline/Pipeline.php(183): Illuminate\\Cookie\\Middleware\\EncryptCookies->handle(Object(Illuminate\\Http\\Request), Object(Closure))
#34 /Users/aleksandr/projects/btf/vendor/laravel/framework/src/Illuminate/Pipeline/Pipeline.php(119): Illuminate\\Pipeline\\Pipeline->Illuminate\\Pipeline\\{closure}(Object(Illuminate\\Http\\Request))
#35 /Users/aleksandr/projects/btf/vendor/laravel/framework/src/Illuminate/Routing/Router.php(805): Illuminate\\Pipeline\\Pipeline->then(Object(Closure))
#36 /Users/aleksandr/projects/btf/vendor/laravel/framework/src/Illuminate/Routing/Router.php(784): Illuminate\\Routing\\Router->runRouteWithinStack(Object(Illuminate\\Routing\\Route), Object(Illuminate\\Http\\Request))
#37 /Users/aleksandr/projects/btf/vendor/laravel/framework/src/Illuminate/Routing/Router.php(748): Illuminate\\Routing\\Router->runRoute(Object(Illuminate\\Http\\Request), Object(Illuminate\\Routing\\Route))
#38 /Users/aleksandr/projects/btf/vendor/laravel/framework/src/Illuminate/Routing/Router.php(737): Illuminate\\Routing\\Router->dispatchToRoute(Object(Illuminate\\Http\\Request))
#39 /Users/aleksandr/projects/btf/vendor/laravel/framework/src/Illuminate/Foundation/Http/Kernel.php(200): Illuminate\\Routing\\Router->dispatch(Object(Illuminate\\Http\\Request))
#40 /Users/aleksandr/projects/btf/vendor/laravel/framework/src/Illuminate/Pipeline/Pipeline.php(144): Illuminate\\Foundation\\Http\\Kernel->Illuminate\\Foundation\\Http\\{closure}(Object(Illuminate\\Http\\Request))
#41 /Users/aleksandr/projects/btf/vendor/barryvdh/laravel-debugbar/src/Middleware/InjectDebugbar.php(66): Illuminate\\Pipeline\\Pipeline->Illuminate\\Pipeline\\{closure}(Object(Illuminate\\Http\\Request))
#42 /Users/aleksandr/projects/btf/vendor/laravel/framework/src/Illuminate/Pipeline/Pipeline.php(183): Barryvdh\\Debugbar\\Middleware\\InjectDebugbar->handle(Object(Illuminate\\Http\\Request), Object(Closure))
#43 /Users/aleksandr/projects/btf/vendor/laravel/framework/src/Illuminate/Foundation/Http/Middleware/TransformsRequest.php(21): Illuminate\\Pipeline\\Pipeline->Illuminate\\Pipeline\\{closure}(Object(Illuminate\\Http\\Request))
#44 /Users/aleksandr/projects/btf/vendor/laravel/framework/src/Illuminate/Foundation/Http/Middleware/ConvertEmptyStringsToNull.php(31): Illuminate\\Foundation\\Http\\Middleware\\TransformsRequest->handle(Object(Illuminate\\Http\\Request), Object(Closure))
#45 /Users/aleksandr/projects/btf/vendor/laravel/framework/src/Illuminate/Pipeline/Pipeline.php(183): Illuminate\\Foundation\\Http\\Middleware\\ConvertEmptyStringsToNull->handle(Object(Illuminate\\Http\\Request), Object(Closure))
#46 /Users/aleksandr/projects/btf/vendor/laravel/framework/src/Illuminate/Foundation/Http/Middleware/TransformsRequest.php(21): Illuminate\\Pipeline\\Pipeline->Illuminate\\Pipeline\\{closure}(Object(Illuminate\\Http\\Request))
#47 /Users/aleksandr/projects/btf/vendor/laravel/framework/src/Illuminate/Foundation/Http/Middleware/TrimStrings.php(51): Illuminate\\Foundation\\Http\\Middleware\\TransformsRequest->handle(Object(Illuminate\\Http\\Request), Object(Closure))
#48 /Users/aleksandr/projects/btf/vendor/laravel/framework/src/Illuminate/Pipeline/Pipeline.php(183): Illuminate\\Foundation\\Http\\Middleware\\TrimStrings->handle(Object(Illuminate\\Http\\Request), Object(Closure))
#49 /Users/aleksandr/projects/btf/vendor/laravel/framework/src/Illuminate/Http/Middleware/ValidatePostSize.php(27): Illuminate\\Pipeline\\Pipeline->Illuminate\\Pipeline\\{closure}(Object(Illuminate\\Http\\Request))
#50 /Users/aleksandr/projects/btf/vendor/laravel/framework/src/Illuminate/Pipeline/Pipeline.php(183): Illuminate\\Http\\Middleware\\ValidatePostSize->handle(Object(Illuminate\\Http\\Request), Object(Closure))
#51 /Users/aleksandr/projects/btf/vendor/laravel/framework/src/Illuminate/Foundation/Http/Middleware/PreventRequestsDuringMaintenance.php(110): Illuminate\\Pipeline\\Pipeline->Illuminate\\Pipeline\\{closure}(Object(Illuminate\\Http\\Request))
#52 /Users/aleksandr/projects/btf/vendor/laravel/framework/src/Illuminate/Pipeline/Pipeline.php(183): Illuminate\\Foundation\\Http\\Middleware\\PreventRequestsDuringMaintenance->handle(Object(Illuminate\\Http\\Request), Object(Closure))
#53 /Users/aleksandr/projects/btf/vendor/laravel/framework/src/Illuminate/Http/Middleware/HandleCors.php(49): Illuminate\\Pipeline\\Pipeline->Illuminate\\Pipeline\\{closure}(Object(Illuminate\\Http\\Request))
#54 /Users/aleksandr/projects/btf/vendor/laravel/framework/src/Illuminate/Pipeline/Pipeline.php(183): Illuminate\\Http\\Middleware\\HandleCors->handle(Object(Illuminate\\Http\\Request), Object(Closure))
#55 /Users/aleksandr/projects/btf/vendor/laravel/framework/src/Illuminate/Http/Middleware/TrustProxies.php(57): Illuminate\\Pipeline\\Pipeline->Illuminate\\Pipeline\\{closure}(Object(Illuminate\\Http\\Request))
#56 /Users/aleksandr/projects/btf/vendor/laravel/framework/src/Illuminate/Pipeline/Pipeline.php(183): Illuminate\\Http\\Middleware\\TrustProxies->handle(Object(Illuminate\\Http\\Request), Object(Closure))
#57 /Users/aleksandr/projects/btf/vendor/laravel/framework/src/Illuminate/Pipeline/Pipeline.php(119): Illuminate\\Pipeline\\Pipeline->Illuminate\\Pipeline\\{closure}(Object(Illuminate\\Http\\Request))
#58 /Users/aleksandr/projects/btf/vendor/laravel/framework/src/Illuminate/Foundation/Http/Kernel.php(175): Illuminate\\Pipeline\\Pipeline->then(Object(Closure))
#59 /Users/aleksandr/projects/btf/vendor/laravel/framework/src/Illuminate/Foundation/Http/Kernel.php(144): Illuminate\\Foundation\\Http\\Kernel->sendRequestThroughRouter(Object(Illuminate\\Http\\Request))
#60 /Users/aleksandr/projects/btf/public/index.php(50): Illuminate\\Foundation\\Http\\Kernel->handle(Object(Illuminate\\Http\\Request))
#61 /Users/aleksandr/projects/btf/vendor/laravel/framework/src/Illuminate/Foundation/resources/server.php(16): require_once('/Users/aleksand...')
#62 {main}
"} 
[2025-04-19 10:28:24] production.ERROR: Unable to locate file in Vite manifest: resources/css/backend.css. {"view":{"view":"/Users/aleksandr/projects/btf/resources/views/layouts/backend.blade.php","data":{"your_ip":"<pre class=sf-dump id=sf-dump-440600466 data-indent-pad=\"  \">\"<span class=sf-dump-str title=\"13 characters\">192.168.0.102</span>\"
</pre><script>Sfdump(\"sf-dump-440600466\", {\"maxDepth\":3,\"maxStringLength\":160})</script>
","your_location":"<pre class=sf-dump id=sf-dump-1514384871 data-indent-pad=\"  \">\"<span class=sf-dump-str title=\"19 characters\">Kaliningrad, Russia</span>\"
</pre><script>Sfdump(\"sf-dump-1514384871\", {\"maxDepth\":3,\"maxStringLength\":160})</script>
","errors":"<pre class=sf-dump id=sf-dump-1610962079 data-indent-pad=\"  \"><span class=sf-dump-note>Illuminate\\Support\\ViewErrorBag</span> {<a class=sf-dump-ref>#1976</a><samp data-depth=1 class=sf-dump-expanded>
  #<span class=sf-dump-protected title=\"Protected property\">bags</span>: []
</samp>}
</pre><script>Sfdump(\"sf-dump-1610962079\", {\"maxDepth\":3,\"maxStringLength\":160})</script>
","settings":"<pre class=sf-dump id=sf-dump-1899490873 data-indent-pad=\"  \"><span class=sf-dump-note>array:12</span> [<samp data-depth=1 class=sf-dump-expanded>
  \"<span class=sf-dump-key>phone</span>\" => \"<span class=sf-dump-str title=\"12 characters\">+74012313143</span>\"
  \"<span class=sf-dump-key>address</span>\" => \"<span class=sf-dump-str title=\"46 characters\">&#1075;. &#1050;&#1072;&#1083;&#1080;&#1085;&#1080;&#1085;&#1075;&#1088;&#1072;&#1076;, &#1085;&#1072;&#1073;&#1077;&#1088;&#1077;&#1078;&#1085;&#1072;&#1103; &#1055;&#1088;&#1072;&#1074;&#1072;&#1103;, 10, &#1083;&#1080;&#1090;&#1077;&#1088; &#1042;</span>\"
  \"<span class=sf-dump-key>schedule</span>\" => \"<span class=sf-dump-str title=\"89 characters\">&#1055;&#1085;-&#1055;&#1090;: 09:00 - 18:00, &lt;br class=&quot;d-md-none&quot;&gt; &#1055;&#1077;&#1088;&#1077;&#1088;&#1099;&#1074;: 13:00 - 14:00 &lt;br&gt; &#1057;&#1073;, &#1042;&#1089;: &#1042;&#1099;&#1093;&#1086;&#1076;&#1085;&#1086;&#1081;</span>\"
  \"<span class=sf-dump-key>coords</span>\" => \"<span class=sf-dump-str title=\"19 characters\">54.947113,20.159578</span>\"
  \"<span class=sf-dump-key>sitename</span>\" => \"<span class=sf-dump-str title=\"27 characters\">&#1041;&#1072;&#1083;&#1090;&#1080;&#1081;&#1089;&#1082;&#1072;&#1103; &#1090;&#1072;&#1073;&#1072;&#1095;&#1085;&#1072;&#1103; &#1092;&#1072;&#1073;&#1088;&#1080;&#1082;&#1072;</span>\"
  \"<span class=sf-dump-key>email</span>\" => \"<span class=sf-dump-str title=\"20 characters\">sekretar-kd@btf39.su</span>\"
  \"<span class=sf-dump-key>phone2</span>\" => \"<span class=sf-dump-str title=\"12 characters\">+74012313143</span>\"
  \"<span class=sf-dump-key>mobile</span>\" => \"<span class=sf-dump-str title=\"12 characters\">+79114547331</span>\"
  \"<span class=sf-dump-key>brands_count</span>\" => \"<span class=sf-dump-str title=\"2 characters\">15</span>\"
  \"<span class=sf-dump-key>distributors_count</span>\" => \"<span class=sf-dump-str title=\"2 characters\">20</span>\"
  \"<span class=sf-dump-key>years_count</span>\" => \"<span class=sf-dump-str title=\"2 characters\">27</span>\"
  \"<span class=sf-dump-key>employees_count</span>\" => \"<span class=sf-dump-str title=\"3 characters\">245</span>\"
</samp>]
</pre><script>Sfdump(\"sf-dump-1899490873\", {\"maxDepth\":3,\"maxStringLength\":160})</script>
","currencySymbol":"<pre class=sf-dump id=sf-dump-1854452634 data-indent-pad=\"  \">\"<span class=sf-dump-str title=\"2 characters\">&#1088;.</span>\"
</pre><script>Sfdump(\"sf-dump-1854452634\", {\"maxDepth\":3,\"maxStringLength\":160})</script>
","currencies":"<pre class=sf-dump id=sf-dump-431146293 data-indent-pad=\"  \"><span class=sf-dump-note>array:3</span> [<samp data-depth=1 class=sf-dump-expanded>
  \"<span class=sf-dump-key>RUB</span>\" => <span class=sf-dump-note title=\"App\\Models\\Currency
\"><span class=\"sf-dump-ellipsis sf-dump-ellipsis-note\">App\\Models</span><span class=\"sf-dump-ellipsis sf-dump-ellipsis-note\">\\</span>Currency</span> {<a class=sf-dump-ref>#1998</a><samp data-depth=2 class=sf-dump-compact>
    #<span class=sf-dump-protected title=\"Protected property\">connection</span>: \"<span class=sf-dump-str title=\"5 characters\">mysql</span>\"
    #<span class=sf-dump-protected title=\"Protected property\">table</span>: \"<span class=sf-dump-str title=\"10 characters\">currencies</span>\"
    #<span class=sf-dump-protected title=\"Protected property\">primaryKey</span>: \"<span class=sf-dump-str title=\"2 characters\">id</span>\"
    #<span class=sf-dump-protected title=\"Protected property\">keyType</span>: \"<span class=sf-dump-str title=\"3 characters\">int</span>\"
    +<span class=sf-dump-public title=\"Public property\">incrementing</span>: <span class=sf-dump-const>true</span>
    #<span class=sf-dump-protected title=\"Protected property\">with</span>: []
    #<span class=sf-dump-protected title=\"Protected property\">withCount</span>: []
    +<span class=sf-dump-public title=\"Public property\">preventsLazyLoading</span>: <span class=sf-dump-const>false</span>
    #<span class=sf-dump-protected title=\"Protected property\">perPage</span>: <span class=sf-dump-num>15</span>
    +<span class=sf-dump-public title=\"Public property\">exists</span>: <span class=sf-dump-const>true</span>
    +<span class=sf-dump-public title=\"Public property\">wasRecentlyCreated</span>: <span class=sf-dump-const>false</span>
    #<span class=sf-dump-protected title=\"Protected property\">escapeWhenCastingToString</span>: <span class=sf-dump-const>false</span>
    #<span class=sf-dump-protected title=\"Protected property\">attributes</span>: <span class=sf-dump-note>array:8</span> [<samp data-depth=3 class=sf-dump-compact>
      \"<span class=sf-dump-key>id</span>\" => <span class=sf-dump-num>1</span>
      \"<span class=sf-dump-key>code</span>\" => \"<span class=sf-dump-str title=\"3 characters\">RUB</span>\"
      \"<span class=sf-dump-key>name</span>\" => \"<span class=sf-dump-str title=\"5 characters\">&#1056;&#1091;&#1073;&#1083;&#1080;</span>\"
      \"<span class=sf-dump-key>symbol</span>\" => \"<span class=sf-dump-str>&#8381;</span>\"
      \"<span class=sf-dump-key>is_main</span>\" => <span class=sf-dump-num>1</span>
      \"<span class=sf-dump-key>rate</span>\" => <span class=sf-dump-num>1.0</span>
      \"<span class=sf-dump-key>created_at</span>\" => <span class=sf-dump-const>null</span>
      \"<span class=sf-dump-key>updated_at</span>\" => \"<span class=sf-dump-str title=\"19 characters\">2024-03-31 12:06:01</span>\"
    </samp>]
    #<span class=sf-dump-protected title=\"Protected property\">original</span>: <span class=sf-dump-note>array:8</span> [<samp data-depth=3 class=sf-dump-compact>
      \"<span class=sf-dump-key>id</span>\" => <span class=sf-dump-num>1</span>
      \"<span class=sf-dump-key>code</span>\" => \"<span class=sf-dump-str title=\"3 characters\">RUB</span>\"
      \"<span class=sf-dump-key>name</span>\" => \"<span class=sf-dump-str title=\"5 characters\">&#1056;&#1091;&#1073;&#1083;&#1080;</span>\"
      \"<span class=sf-dump-key>symbol</span>\" => \"<span class=sf-dump-str>&#8381;</span>\"
      \"<span class=sf-dump-key>is_main</span>\" => <span class=sf-dump-num>1</span>
      \"<span class=sf-dump-key>rate</span>\" => <span class=sf-dump-num>1.0</span>
      \"<span class=sf-dump-key>created_at</span>\" => <span class=sf-dump-const>null</span>
      \"<span class=sf-dump-key>updated_at</span>\" => \"<span class=sf-dump-str title=\"19 characters\">2024-03-31 12:06:01</span>\"
    </samp>]
    #<span class=sf-dump-protected title=\"Protected property\">changes</span>: []
    #<span class=sf-dump-protected title=\"Protected property\">casts</span>: []
    #<span class=sf-dump-protected title=\"Protected property\">classCastCache</span>: []
    #<span class=sf-dump-protected title=\"Protected property\">attributeCastCache</span>: []
    #<span class=sf-dump-protected title=\"Protected property\">dateFormat</span>: <span class=sf-dump-const>null</span>
    #<span class=sf-dump-protected title=\"Protected property\">appends</span>: []
    #<span class=sf-dump-protected title=\"Protected property\">dispatchesEvents</span>: []
    #<span class=sf-dump-protected title=\"Protected property\">observables</span>: []
    #<span class=sf-dump-protected title=\"Protected property\">relations</span>: []
    #<span class=sf-dump-protected title=\"Protected property\">touches</span>: []
    +<span class=sf-dump-public title=\"Public property\">timestamps</span>: <span class=sf-dump-const>true</span>
    +<span class=sf-dump-public title=\"Public property\">usesUniqueIds</span>: <span class=sf-dump-const>false</span>
    #<span class=sf-dump-protected title=\"Protected property\">hidden</span>: []
    #<span class=sf-dump-protected title=\"Protected property\">visible</span>: []
    #<span class=sf-dump-protected title=\"Protected property\">fillable</span>: <span class=sf-dump-note>array:1</span> [<samp data-depth=3 class=sf-dump-compact>
      <span class=sf-dump-index>0</span> => \"<span class=sf-dump-str title=\"4 characters\">rate</span>\"
    </samp>]
    #<span class=sf-dump-protected title=\"Protected property\">guarded</span>: <span class=sf-dump-note>array:1</span> [<samp data-depth=3 class=sf-dump-compact>
      <span class=sf-dump-index>0</span> => \"<span class=sf-dump-str>*</span>\"
    </samp>]
  </samp>}
  \"<span class=sf-dump-key>USD</span>\" => <span class=sf-dump-note title=\"App\\Models\\Currency
\"><span class=\"sf-dump-ellipsis sf-dump-ellipsis-note\">App\\Models</span><span class=\"sf-dump-ellipsis sf-dump-ellipsis-note\">\\</span>Currency</span> {<a class=sf-dump-ref>#2039</a><samp data-depth=2 class=sf-dump-compact>
    #<span class=sf-dump-protected title=\"Protected property\">connection</span>: \"<span class=sf-dump-str title=\"5 characters\">mysql</span>\"
    #<span class=sf-dump-protected title=\"Protected property\">table</span>: \"<span class=sf-dump-str title=\"10 characters\">currencies</span>\"
    #<span class=sf-dump-protected title=\"Protected property\">primaryKey</span>: \"<span class=sf-dump-str title=\"2 characters\">id</span>\"
    #<span class=sf-dump-protected title=\"Protected property\">keyType</span>: \"<span class=sf-dump-str title=\"3 characters\">int</span>\"
    +<span class=sf-dump-public title=\"Public property\">incrementing</span>: <span class=sf-dump-const>true</span>
    #<span class=sf-dump-protected title=\"Protected property\">with</span>: []
    #<span class=sf-dump-protected title=\"Protected property\">withCount</span>: []
    +<span class=sf-dump-public title=\"Public property\">preventsLazyLoading</span>: <span class=sf-dump-const>false</span>
    #<span class=sf-dump-protected title=\"Protected property\">perPage</span>: <span class=sf-dump-num>15</span>
    +<span class=sf-dump-public title=\"Public property\">exists</span>: <span class=sf-dump-const>true</span>
    +<span class=sf-dump-public title=\"Public property\">wasRecentlyCreated</span>: <span class=sf-dump-const>false</span>
    #<span class=sf-dump-protected title=\"Protected property\">escapeWhenCastingToString</span>: <span class=sf-dump-const>false</span>
    #<span class=sf-dump-protected title=\"Protected property\">attributes</span>: <span class=sf-dump-note>array:8</span> [<samp data-depth=3 class=sf-dump-compact>
      \"<span class=sf-dump-key>id</span>\" => <span class=sf-dump-num>2</span>
      \"<span class=sf-dump-key>code</span>\" => \"<span class=sf-dump-str title=\"3 characters\">USD</span>\"
      \"<span class=sf-dump-key>name</span>\" => \"<span class=sf-dump-str title=\"7 characters\">&#1044;&#1086;&#1083;&#1083;&#1072;&#1088;&#1099;</span>\"
      \"<span class=sf-dump-key>symbol</span>\" => \"<span class=sf-dump-str>$</span>\"
      \"<span class=sf-dump-key>is_main</span>\" => <span class=sf-dump-num>0</span>
      \"<span class=sf-dump-key>rate</span>\" => <span class=sf-dump-num>0.0108019931</span>
      \"<span class=sf-dump-key>created_at</span>\" => <span class=sf-dump-const>null</span>
      \"<span class=sf-dump-key>updated_at</span>\" => \"<span class=sf-dump-str title=\"19 characters\">2024-03-31 12:56:29</span>\"
    </samp>]
    #<span class=sf-dump-protected title=\"Protected property\">original</span>: <span class=sf-dump-note>array:8</span> [<samp data-depth=3 class=sf-dump-compact>
      \"<span class=sf-dump-key>id</span>\" => <span class=sf-dump-num>2</span>
      \"<span class=sf-dump-key>code</span>\" => \"<span class=sf-dump-str title=\"3 characters\">USD</span>\"
      \"<span class=sf-dump-key>name</span>\" => \"<span class=sf-dump-str title=\"7 characters\">&#1044;&#1086;&#1083;&#1083;&#1072;&#1088;&#1099;</span>\"
      \"<span class=sf-dump-key>symbol</span>\" => \"<span class=sf-dump-str>$</span>\"
      \"<span class=sf-dump-key>is_main</span>\" => <span class=sf-dump-num>0</span>
      \"<span class=sf-dump-key>rate</span>\" => <span class=sf-dump-num>0.0108019931</span>
      \"<span class=sf-dump-key>created_at</span>\" => <span class=sf-dump-const>null</span>
      \"<span class=sf-dump-key>updated_at</span>\" => \"<span class=sf-dump-str title=\"19 characters\">2024-03-31 12:56:29</span>\"
    </samp>]
    #<span class=sf-dump-protected title=\"Protected property\">changes</span>: []
    #<span class=sf-dump-protected title=\"Protected property\">casts</span>: []
    #<span class=sf-dump-protected title=\"Protected property\">classCastCache</span>: []
    #<span class=sf-dump-protected title=\"Protected property\">attributeCastCache</span>: []
    #<span class=sf-dump-protected title=\"Protected property\">dateFormat</span>: <span class=sf-dump-const>null</span>
    #<span class=sf-dump-protected title=\"Protected property\">appends</span>: []
    #<span class=sf-dump-protected title=\"Protected property\">dispatchesEvents</span>: []
    #<span class=sf-dump-protected title=\"Protected property\">observables</span>: []
    #<span class=sf-dump-protected title=\"Protected property\">relations</span>: []
    #<span class=sf-dump-protected title=\"Protected property\">touches</span>: []
    +<span class=sf-dump-public title=\"Public property\">timestamps</span>: <span class=sf-dump-const>true</span>
    +<span class=sf-dump-public title=\"Public property\">usesUniqueIds</span>: <span class=sf-dump-const>false</span>
    #<span class=sf-dump-protected title=\"Protected property\">hidden</span>: []
    #<span class=sf-dump-protected title=\"Protected property\">visible</span>: []
    #<span class=sf-dump-protected title=\"Protected property\">fillable</span>: <span class=sf-dump-note>array:1</span> [<samp data-depth=3 class=sf-dump-compact>
      <span class=sf-dump-index>0</span> => \"<span class=sf-dump-str title=\"4 characters\">rate</span>\"
    </samp>]
    #<span class=sf-dump-protected title=\"Protected property\">guarded</span>: <span class=sf-dump-note>array:1</span> [<samp data-depth=3 class=sf-dump-compact>
      <span class=sf-dump-index>0</span> => \"<span class=sf-dump-str>*</span>\"
    </samp>]
  </samp>}
  \"<span class=sf-dump-key>EUR</span>\" => <span class=sf-dump-note title=\"App\\Models\\Currency
\"><span class=\"sf-dump-ellipsis sf-dump-ellipsis-note\">App\\Models</span><span class=\"sf-dump-ellipsis sf-dump-ellipsis-note\">\\</span>Currency</span> {<a class=sf-dump-ref>#2038</a><samp data-depth=2 class=sf-dump-compact>
    #<span class=sf-dump-protected title=\"Protected property\">connection</span>: \"<span class=sf-dump-str title=\"5 characters\">mysql</span>\"
    #<span class=sf-dump-protected title=\"Protected property\">table</span>: \"<span class=sf-dump-str title=\"10 characters\">currencies</span>\"
    #<span class=sf-dump-protected title=\"Protected property\">primaryKey</span>: \"<span class=sf-dump-str title=\"2 characters\">id</span>\"
    #<span class=sf-dump-protected title=\"Protected property\">keyType</span>: \"<span class=sf-dump-str title=\"3 characters\">int</span>\"
    +<span class=sf-dump-public title=\"Public property\">incrementing</span>: <span class=sf-dump-const>true</span>
    #<span class=sf-dump-protected title=\"Protected property\">with</span>: []
    #<span class=sf-dump-protected title=\"Protected property\">withCount</span>: []
    +<span class=sf-dump-public title=\"Public property\">preventsLazyLoading</span>: <span class=sf-dump-const>false</span>
    #<span class=sf-dump-protected title=\"Protected property\">perPage</span>: <span class=sf-dump-num>15</span>
    +<span class=sf-dump-public title=\"Public property\">exists</span>: <span class=sf-dump-const>true</span>
    +<span class=sf-dump-public title=\"Public property\">wasRecentlyCreated</span>: <span class=sf-dump-const>false</span>
    #<span class=sf-dump-protected title=\"Protected property\">escapeWhenCastingToString</span>: <span class=sf-dump-const>false</span>
    #<span class=sf-dump-protected title=\"Protected property\">attributes</span>: <span class=sf-dump-note>array:8</span> [<samp data-depth=3 class=sf-dump-compact>
      \"<span class=sf-dump-key>id</span>\" => <span class=sf-dump-num>3</span>
      \"<span class=sf-dump-key>code</span>\" => \"<span class=sf-dump-str title=\"3 characters\">EUR</span>\"
      \"<span class=sf-dump-key>name</span>\" => \"<span class=sf-dump-str title=\"4 characters\">&#1045;&#1074;&#1088;&#1086;</span>\"
      \"<span class=sf-dump-key>symbol</span>\" => \"<span class=sf-dump-str>&#8364;</span>\"
      \"<span class=sf-dump-key>is_main</span>\" => <span class=sf-dump-num>0</span>
      \"<span class=sf-dump-key>rate</span>\" => <span class=sf-dump-num>0.0100045918</span>
      \"<span class=sf-dump-key>created_at</span>\" => <span class=sf-dump-const>null</span>
      \"<span class=sf-dump-key>updated_at</span>\" => \"<span class=sf-dump-str title=\"19 characters\">2024-03-31 12:56:29</span>\"
    </samp>]
    #<span class=sf-dump-protected title=\"Protected property\">original</span>: <span class=sf-dump-note>array:8</span> [<samp data-depth=3 class=sf-dump-compact>
      \"<span class=sf-dump-key>id</span>\" => <span class=sf-dump-num>3</span>
      \"<span class=sf-dump-key>code</span>\" => \"<span class=sf-dump-str title=\"3 characters\">EUR</span>\"
      \"<span class=sf-dump-key>name</span>\" => \"<span class=sf-dump-str title=\"4 characters\">&#1045;&#1074;&#1088;&#1086;</span>\"
      \"<span class=sf-dump-key>symbol</span>\" => \"<span class=sf-dump-str>&#8364;</span>\"
      \"<span class=sf-dump-key>is_main</span>\" => <span class=sf-dump-num>0</span>
      \"<span class=sf-dump-key>rate</span>\" => <span class=sf-dump-num>0.0100045918</span>
      \"<span class=sf-dump-key>created_at</span>\" => <span class=sf-dump-const>null</span>
      \"<span class=sf-dump-key>updated_at</span>\" => \"<span class=sf-dump-str title=\"19 characters\">2024-03-31 12:56:29</span>\"
    </samp>]
    #<span class=sf-dump-protected title=\"Protected property\">changes</span>: []
    #<span class=sf-dump-protected title=\"Protected property\">casts</span>: []
    #<span class=sf-dump-protected title=\"Protected property\">classCastCache</span>: []
    #<span class=sf-dump-protected title=\"Protected property\">attributeCastCache</span>: []
    #<span class=sf-dump-protected title=\"Protected property\">dateFormat</span>: <span class=sf-dump-const>null</span>
    #<span class=sf-dump-protected title=\"Protected property\">appends</span>: []
    #<span class=sf-dump-protected title=\"Protected property\">dispatchesEvents</span>: []
    #<span class=sf-dump-protected title=\"Protected property\">observables</span>: []
    #<span class=sf-dump-protected title=\"Protected property\">relations</span>: []
    #<span class=sf-dump-protected title=\"Protected property\">touches</span>: []
    +<span class=sf-dump-public title=\"Public property\">timestamps</span>: <span class=sf-dump-const>true</span>
    +<span class=sf-dump-public title=\"Public property\">usesUniqueIds</span>: <span class=sf-dump-const>false</span>
    #<span class=sf-dump-protected title=\"Protected property\">hidden</span>: []
    #<span class=sf-dump-protected title=\"Protected property\">visible</span>: []
    #<span class=sf-dump-protected title=\"Protected property\">fillable</span>: <span class=sf-dump-note>array:1</span> [<samp data-depth=3 class=sf-dump-compact>
      <span class=sf-dump-index>0</span> => \"<span class=sf-dump-str title=\"4 characters\">rate</span>\"
    </samp>]
    #<span class=sf-dump-protected title=\"Protected property\">guarded</span>: <span class=sf-dump-note>array:1</span> [<samp data-depth=3 class=sf-dump-compact>
      <span class=sf-dump-index>0</span> => \"<span class=sf-dump-str>*</span>\"
    </samp>]
  </samp>}
</samp>]
</pre><script>Sfdump(\"sf-dump-431146293\", {\"maxDepth\":3,\"maxStringLength\":160})</script>
"}},"exception":"[object] (Spatie\\LaravelIgnition\\Exceptions\\ViewException(code: 0): Unable to locate file in Vite manifest: resources/css/backend.css. at /Users/aleksandr/projects/btf/vendor/laravel/framework/src/Illuminate/Foundation/Vite.php:781)
[stacktrace]
#0 /Users/aleksandr/projects/btf/vendor/laravel/framework/src/Illuminate/Foundation/Vite.php(299): Illuminate\\Foundation\\Vite->chunk(Array, 'resources/css/b...')
#1 /Users/aleksandr/projects/btf/resources/views/layouts/backend.blade.php(197): Illuminate\\Foundation\\Vite->__invoke(Object(Illuminate\\Support\\Collection))
#2 /Users/aleksandr/projects/btf/vendor/laravel/framework/src/Illuminate/Filesystem/Filesystem.php(123): require('/Users/aleksand...')
#3 /Users/aleksandr/projects/btf/vendor/laravel/framework/src/Illuminate/Filesystem/Filesystem.php(124): Illuminate\\Filesystem\\Filesystem::Illuminate\\Filesystem\\{closure}()
#4 /Users/aleksandr/projects/btf/vendor/laravel/framework/src/Illuminate/View/Engines/PhpEngine.php(58): Illuminate\\Filesystem\\Filesystem->getRequire('/Users/aleksand...', Array)
#5 /Users/aleksandr/projects/btf/vendor/laravel/framework/src/Illuminate/View/Engines/CompilerEngine.php(73): Illuminate\\View\\Engines\\PhpEngine->evaluatePath('/Users/aleksand...', Array)
#6 /Users/aleksandr/projects/btf/vendor/laravel/framework/src/Illuminate/View/View.php(208): Illuminate\\View\\Engines\\CompilerEngine->get('/Users/aleksand...', Array)
#7 /Users/aleksandr/projects/btf/vendor/laravel/framework/src/Illuminate/View/View.php(191): Illuminate\\View\\View->getContents()
#8 /Users/aleksandr/projects/btf/vendor/laravel/framework/src/Illuminate/View/View.php(160): Illuminate\\View\\View->renderContents()
#9 /Users/aleksandr/projects/btf/vendor/laravel/framework/src/Illuminate/Http/Response.php(70): Illuminate\\View\\View->render()
#10 /Users/aleksandr/projects/btf/vendor/laravel/framework/src/Illuminate/Http/Response.php(35): Illuminate\\Http\\Response->setContent(Object(Illuminate\\View\\View))
#11 /Users/aleksandr/projects/btf/vendor/laravel/framework/src/Illuminate/Routing/Router.php(918): Illuminate\\Http\\Response->__construct(Object(Illuminate\\View\\View), 200, Array)
#12 /Users/aleksandr/projects/btf/vendor/laravel/framework/src/Illuminate/Routing/Router.php(885): Illuminate\\Routing\\Router::toResponse(Object(Illuminate\\Http\\Request), Object(Illuminate\\View\\View))
#13 /Users/aleksandr/projects/btf/vendor/laravel/framework/src/Illuminate/Routing/Router.php(805): Illuminate\\Routing\\Router->prepareResponse(Object(Illuminate\\Http\\Request), Object(Illuminate\\View\\View))
#14 /Users/aleksandr/projects/btf/vendor/laravel/framework/src/Illuminate/Pipeline/Pipeline.php(144): Illuminate\\Routing\\Router->Illuminate\\Routing\\{closure}(Object(Illuminate\\Http\\Request))
#15 /Users/aleksandr/projects/btf/app/Http/Middleware/UserActivity.php(20): Illuminate\\Pipeline\\Pipeline->Illuminate\\Pipeline\\{closure}(Object(Illuminate\\Http\\Request))
#16 /Users/aleksandr/projects/btf/vendor/laravel/framework/src/Illuminate/Pipeline/Pipeline.php(183): App\\Http\\Middleware\\UserActivity->handle(Object(Illuminate\\Http\\Request), Object(Closure))
#17 /Users/aleksandr/projects/btf/app/Http/Middleware/SetLocale.php(51): Illuminate\\Pipeline\\Pipeline->Illuminate\\Pipeline\\{closure}(Object(Illuminate\\Http\\Request))
#18 /Users/aleksandr/projects/btf/vendor/laravel/framework/src/Illuminate/Pipeline/Pipeline.php(183): App\\Http\\Middleware\\SetLocale->handle(Object(Illuminate\\Http\\Request), Object(Closure))
#19 /Users/aleksandr/projects/btf/vendor/erlandmuchasaj/laravel-gzip/src/Middleware/GzipEncodeResponse.php(19): Illuminate\\Pipeline\\Pipeline->Illuminate\\Pipeline\\{closure}(Object(Illuminate\\Http\\Request))
#20 /Users/aleksandr/projects/btf/vendor/laravel/framework/src/Illuminate/Pipeline/Pipeline.php(183): ErlandMuchasaj\\LaravelGzip\\Middleware\\GzipEncodeResponse->handle(Object(Illuminate\\Http\\Request), Object(Closure))
#21 /Users/aleksandr/projects/btf/vendor/laravel/framework/src/Illuminate/Routing/Middleware/SubstituteBindings.php(50): Illuminate\\Pipeline\\Pipeline->Illuminate\\Pipeline\\{closure}(Object(Illuminate\\Http\\Request))
#22 /Users/aleksandr/projects/btf/vendor/laravel/framework/src/Illuminate/Pipeline/Pipeline.php(183): Illuminate\\Routing\\Middleware\\SubstituteBindings->handle(Object(Illuminate\\Http\\Request), Object(Closure))
#23 /Users/aleksandr/projects/btf/vendor/laravel/framework/src/Illuminate/Foundation/Http/Middleware/VerifyCsrfToken.php(88): Illuminate\\Pipeline\\Pipeline->Illuminate\\Pipeline\\{closure}(Object(Illuminate\\Http\\Request))
#24 /Users/aleksandr/projects/btf/vendor/laravel/framework/src/Illuminate/Pipeline/Pipeline.php(183): Illuminate\\Foundation\\Http\\Middleware\\VerifyCsrfToken->handle(Object(Illuminate\\Http\\Request), Object(Closure))
#25 /Users/aleksandr/projects/btf/vendor/laravel/framework/src/Illuminate/View/Middleware/ShareErrorsFromSession.php(49): Illuminate\\Pipeline\\Pipeline->Illuminate\\Pipeline\\{closure}(Object(Illuminate\\Http\\Request))
#26 /Users/aleksandr/projects/btf/vendor/laravel/framework/src/Illuminate/Pipeline/Pipeline.php(183): Illuminate\\View\\Middleware\\ShareErrorsFromSession->handle(Object(Illuminate\\Http\\Request), Object(Closure))
#27 /Users/aleksandr/projects/btf/vendor/laravel/framework/src/Illuminate/Session/Middleware/StartSession.php(121): Illuminate\\Pipeline\\Pipeline->Illuminate\\Pipeline\\{closure}(Object(Illuminate\\Http\\Request))
#28 /Users/aleksandr/projects/btf/vendor/laravel/framework/src/Illuminate/Session/Middleware/StartSession.php(64): Illuminate\\Session\\Middleware\\StartSession->handleStatefulRequest(Object(Illuminate\\Http\\Request), Object(Illuminate\\Session\\Store), Object(Closure))
#29 /Users/aleksandr/projects/btf/vendor/laravel/framework/src/Illuminate/Pipeline/Pipeline.php(183): Illuminate\\Session\\Middleware\\StartSession->handle(Object(Illuminate\\Http\\Request), Object(Closure))
#30 /Users/aleksandr/projects/btf/vendor/laravel/framework/src/Illuminate/Cookie/Middleware/AddQueuedCookiesToResponse.php(37): Illuminate\\Pipeline\\Pipeline->Illuminate\\Pipeline\\{closure}(Object(Illuminate\\Http\\Request))
#31 /Users/aleksandr/projects/btf/vendor/laravel/framework/src/Illuminate/Pipeline/Pipeline.php(183): Illuminate\\Cookie\\Middleware\\AddQueuedCookiesToResponse->handle(Object(Illuminate\\Http\\Request), Object(Closure))
#32 /Users/aleksandr/projects/btf/vendor/laravel/framework/src/Illuminate/Cookie/Middleware/EncryptCookies.php(75): Illuminate\\Pipeline\\Pipeline->Illuminate\\Pipeline\\{closure}(Object(Illuminate\\Http\\Request))
#33 /Users/aleksandr/projects/btf/vendor/laravel/framework/src/Illuminate/Pipeline/Pipeline.php(183): Illuminate\\Cookie\\Middleware\\EncryptCookies->handle(Object(Illuminate\\Http\\Request), Object(Closure))
#34 /Users/aleksandr/projects/btf/vendor/laravel/framework/src/Illuminate/Pipeline/Pipeline.php(119): Illuminate\\Pipeline\\Pipeline->Illuminate\\Pipeline\\{closure}(Object(Illuminate\\Http\\Request))
#35 /Users/aleksandr/projects/btf/vendor/laravel/framework/src/Illuminate/Routing/Router.php(805): Illuminate\\Pipeline\\Pipeline->then(Object(Closure))
#36 /Users/aleksandr/projects/btf/vendor/laravel/framework/src/Illuminate/Routing/Router.php(784): Illuminate\\Routing\\Router->runRouteWithinStack(Object(Illuminate\\Routing\\Route), Object(Illuminate\\Http\\Request))
#37 /Users/aleksandr/projects/btf/vendor/laravel/framework/src/Illuminate/Routing/Router.php(748): Illuminate\\Routing\\Router->runRoute(Object(Illuminate\\Http\\Request), Object(Illuminate\\Routing\\Route))
#38 /Users/aleksandr/projects/btf/vendor/laravel/framework/src/Illuminate/Routing/Router.php(737): Illuminate\\Routing\\Router->dispatchToRoute(Object(Illuminate\\Http\\Request))
#39 /Users/aleksandr/projects/btf/vendor/laravel/framework/src/Illuminate/Foundation/Http/Kernel.php(200): Illuminate\\Routing\\Router->dispatch(Object(Illuminate\\Http\\Request))
#40 /Users/aleksandr/projects/btf/vendor/laravel/framework/src/Illuminate/Pipeline/Pipeline.php(144): Illuminate\\Foundation\\Http\\Kernel->Illuminate\\Foundation\\Http\\{closure}(Object(Illuminate\\Http\\Request))
#41 /Users/aleksandr/projects/btf/vendor/barryvdh/laravel-debugbar/src/Middleware/InjectDebugbar.php(66): Illuminate\\Pipeline\\Pipeline->Illuminate\\Pipeline\\{closure}(Object(Illuminate\\Http\\Request))
#42 /Users/aleksandr/projects/btf/vendor/laravel/framework/src/Illuminate/Pipeline/Pipeline.php(183): Barryvdh\\Debugbar\\Middleware\\InjectDebugbar->handle(Object(Illuminate\\Http\\Request), Object(Closure))
#43 /Users/aleksandr/projects/btf/vendor/laravel/framework/src/Illuminate/Foundation/Http/Middleware/TransformsRequest.php(21): Illuminate\\Pipeline\\Pipeline->Illuminate\\Pipeline\\{closure}(Object(Illuminate\\Http\\Request))
#44 /Users/aleksandr/projects/btf/vendor/laravel/framework/src/Illuminate/Foundation/Http/Middleware/ConvertEmptyStringsToNull.php(31): Illuminate\\Foundation\\Http\\Middleware\\TransformsRequest->handle(Object(Illuminate\\Http\\Request), Object(Closure))
#45 /Users/aleksandr/projects/btf/vendor/laravel/framework/src/Illuminate/Pipeline/Pipeline.php(183): Illuminate\\Foundation\\Http\\Middleware\\ConvertEmptyStringsToNull->handle(Object(Illuminate\\Http\\Request), Object(Closure))
#46 /Users/aleksandr/projects/btf/vendor/laravel/framework/src/Illuminate/Foundation/Http/Middleware/TransformsRequest.php(21): Illuminate\\Pipeline\\Pipeline->Illuminate\\Pipeline\\{closure}(Object(Illuminate\\Http\\Request))
#47 /Users/aleksandr/projects/btf/vendor/laravel/framework/src/Illuminate/Foundation/Http/Middleware/TrimStrings.php(51): Illuminate\\Foundation\\Http\\Middleware\\TransformsRequest->handle(Object(Illuminate\\Http\\Request), Object(Closure))
#48 /Users/aleksandr/projects/btf/vendor/laravel/framework/src/Illuminate/Pipeline/Pipeline.php(183): Illuminate\\Foundation\\Http\\Middleware\\TrimStrings->handle(Object(Illuminate\\Http\\Request), Object(Closure))
#49 /Users/aleksandr/projects/btf/vendor/laravel/framework/src/Illuminate/Http/Middleware/ValidatePostSize.php(27): Illuminate\\Pipeline\\Pipeline->Illuminate\\Pipeline\\{closure}(Object(Illuminate\\Http\\Request))
#50 /Users/aleksandr/projects/btf/vendor/laravel/framework/src/Illuminate/Pipeline/Pipeline.php(183): Illuminate\\Http\\Middleware\\ValidatePostSize->handle(Object(Illuminate\\Http\\Request), Object(Closure))
#51 /Users/aleksandr/projects/btf/vendor/laravel/framework/src/Illuminate/Foundation/Http/Middleware/PreventRequestsDuringMaintenance.php(110): Illuminate\\Pipeline\\Pipeline->Illuminate\\Pipeline\\{closure}(Object(Illuminate\\Http\\Request))
#52 /Users/aleksandr/projects/btf/vendor/laravel/framework/src/Illuminate/Pipeline/Pipeline.php(183): Illuminate\\Foundation\\Http\\Middleware\\PreventRequestsDuringMaintenance->handle(Object(Illuminate\\Http\\Request), Object(Closure))
#53 /Users/aleksandr/projects/btf/vendor/laravel/framework/src/Illuminate/Http/Middleware/HandleCors.php(49): Illuminate\\Pipeline\\Pipeline->Illuminate\\Pipeline\\{closure}(Object(Illuminate\\Http\\Request))
#54 /Users/aleksandr/projects/btf/vendor/laravel/framework/src/Illuminate/Pipeline/Pipeline.php(183): Illuminate\\Http\\Middleware\\HandleCors->handle(Object(Illuminate\\Http\\Request), Object(Closure))
#55 /Users/aleksandr/projects/btf/vendor/laravel/framework/src/Illuminate/Http/Middleware/TrustProxies.php(57): Illuminate\\Pipeline\\Pipeline->Illuminate\\Pipeline\\{closure}(Object(Illuminate\\Http\\Request))
#56 /Users/aleksandr/projects/btf/vendor/laravel/framework/src/Illuminate/Pipeline/Pipeline.php(183): Illuminate\\Http\\Middleware\\TrustProxies->handle(Object(Illuminate\\Http\\Request), Object(Closure))
#57 /Users/aleksandr/projects/btf/vendor/laravel/framework/src/Illuminate/Pipeline/Pipeline.php(119): Illuminate\\Pipeline\\Pipeline->Illuminate\\Pipeline\\{closure}(Object(Illuminate\\Http\\Request))
#58 /Users/aleksandr/projects/btf/vendor/laravel/framework/src/Illuminate/Foundation/Http/Kernel.php(175): Illuminate\\Pipeline\\Pipeline->then(Object(Closure))
#59 /Users/aleksandr/projects/btf/vendor/laravel/framework/src/Illuminate/Foundation/Http/Kernel.php(144): Illuminate\\Foundation\\Http\\Kernel->sendRequestThroughRouter(Object(Illuminate\\Http\\Request))
#60 /Users/aleksandr/projects/btf/public/index.php(50): Illuminate\\Foundation\\Http\\Kernel->handle(Object(Illuminate\\Http\\Request))
#61 /Users/aleksandr/projects/btf/vendor/laravel/framework/src/Illuminate/Foundation/resources/server.php(16): require_once('/Users/aleksand...')
#62 {main}

[previous exception] [object] (Exception(code: 0): Unable to locate file in Vite manifest: resources/css/backend.css. at /Users/aleksandr/projects/btf/vendor/laravel/framework/src/Illuminate/Foundation/Vite.php:781)
[stacktrace]
#0 /Users/aleksandr/projects/btf/vendor/laravel/framework/src/Illuminate/Foundation/Vite.php(299): Illuminate\\Foundation\\Vite->chunk(Array, 'resources/css/b...')
#1 /Users/aleksandr/projects/btf/storage/framework/views/4980babb759d16821e0ecd88a147fe79.php(197): Illuminate\\Foundation\\Vite->__invoke(Object(Illuminate\\Support\\Collection))
#2 /Users/aleksandr/projects/btf/vendor/laravel/framework/src/Illuminate/Filesystem/Filesystem.php(123): require('/Users/aleksand...')
#3 /Users/aleksandr/projects/btf/vendor/laravel/framework/src/Illuminate/Filesystem/Filesystem.php(124): Illuminate\\Filesystem\\Filesystem::Illuminate\\Filesystem\\{closure}()
#4 /Users/aleksandr/projects/btf/vendor/laravel/framework/src/Illuminate/View/Engines/PhpEngine.php(58): Illuminate\\Filesystem\\Filesystem->getRequire('/Users/aleksand...', Array)
#5 /Users/aleksandr/projects/btf/vendor/laravel/framework/src/Illuminate/View/Engines/CompilerEngine.php(73): Illuminate\\View\\Engines\\PhpEngine->evaluatePath('/Users/aleksand...', Array)
#6 /Users/aleksandr/projects/btf/vendor/laravel/framework/src/Illuminate/View/View.php(208): Illuminate\\View\\Engines\\CompilerEngine->get('/Users/aleksand...', Array)
#7 /Users/aleksandr/projects/btf/vendor/laravel/framework/src/Illuminate/View/View.php(191): Illuminate\\View\\View->getContents()
#8 /Users/aleksandr/projects/btf/vendor/laravel/framework/src/Illuminate/View/View.php(160): Illuminate\\View\\View->renderContents()
#9 /Users/aleksandr/projects/btf/vendor/laravel/framework/src/Illuminate/Http/Response.php(70): Illuminate\\View\\View->render()
#10 /Users/aleksandr/projects/btf/vendor/laravel/framework/src/Illuminate/Http/Response.php(35): Illuminate\\Http\\Response->setContent(Object(Illuminate\\View\\View))
#11 /Users/aleksandr/projects/btf/vendor/laravel/framework/src/Illuminate/Routing/Router.php(918): Illuminate\\Http\\Response->__construct(Object(Illuminate\\View\\View), 200, Array)
#12 /Users/aleksandr/projects/btf/vendor/laravel/framework/src/Illuminate/Routing/Router.php(885): Illuminate\\Routing\\Router::toResponse(Object(Illuminate\\Http\\Request), Object(Illuminate\\View\\View))
#13 /Users/aleksandr/projects/btf/vendor/laravel/framework/src/Illuminate/Routing/Router.php(805): Illuminate\\Routing\\Router->prepareResponse(Object(Illuminate\\Http\\Request), Object(Illuminate\\View\\View))
#14 /Users/aleksandr/projects/btf/vendor/laravel/framework/src/Illuminate/Pipeline/Pipeline.php(144): Illuminate\\Routing\\Router->Illuminate\\Routing\\{closure}(Object(Illuminate\\Http\\Request))
#15 /Users/aleksandr/projects/btf/app/Http/Middleware/UserActivity.php(20): Illuminate\\Pipeline\\Pipeline->Illuminate\\Pipeline\\{closure}(Object(Illuminate\\Http\\Request))
#16 /Users/aleksandr/projects/btf/vendor/laravel/framework/src/Illuminate/Pipeline/Pipeline.php(183): App\\Http\\Middleware\\UserActivity->handle(Object(Illuminate\\Http\\Request), Object(Closure))
#17 /Users/aleksandr/projects/btf/app/Http/Middleware/SetLocale.php(51): Illuminate\\Pipeline\\Pipeline->Illuminate\\Pipeline\\{closure}(Object(Illuminate\\Http\\Request))
#18 /Users/aleksandr/projects/btf/vendor/laravel/framework/src/Illuminate/Pipeline/Pipeline.php(183): App\\Http\\Middleware\\SetLocale->handle(Object(Illuminate\\Http\\Request), Object(Closure))
#19 /Users/aleksandr/projects/btf/vendor/erlandmuchasaj/laravel-gzip/src/Middleware/GzipEncodeResponse.php(19): Illuminate\\Pipeline\\Pipeline->Illuminate\\Pipeline\\{closure}(Object(Illuminate\\Http\\Request))
#20 /Users/aleksandr/projects/btf/vendor/laravel/framework/src/Illuminate/Pipeline/Pipeline.php(183): ErlandMuchasaj\\LaravelGzip\\Middleware\\GzipEncodeResponse->handle(Object(Illuminate\\Http\\Request), Object(Closure))
#21 /Users/aleksandr/projects/btf/vendor/laravel/framework/src/Illuminate/Routing/Middleware/SubstituteBindings.php(50): Illuminate\\Pipeline\\Pipeline->Illuminate\\Pipeline\\{closure}(Object(Illuminate\\Http\\Request))
#22 /Users/aleksandr/projects/btf/vendor/laravel/framework/src/Illuminate/Pipeline/Pipeline.php(183): Illuminate\\Routing\\Middleware\\SubstituteBindings->handle(Object(Illuminate\\Http\\Request), Object(Closure))
#23 /Users/aleksandr/projects/btf/vendor/laravel/framework/src/Illuminate/Foundation/Http/Middleware/VerifyCsrfToken.php(88): Illuminate\\Pipeline\\Pipeline->Illuminate\\Pipeline\\{closure}(Object(Illuminate\\Http\\Request))
#24 /Users/aleksandr/projects/btf/vendor/laravel/framework/src/Illuminate/Pipeline/Pipeline.php(183): Illuminate\\Foundation\\Http\\Middleware\\VerifyCsrfToken->handle(Object(Illuminate\\Http\\Request), Object(Closure))
#25 /Users/aleksandr/projects/btf/vendor/laravel/framework/src/Illuminate/View/Middleware/ShareErrorsFromSession.php(49): Illuminate\\Pipeline\\Pipeline->Illuminate\\Pipeline\\{closure}(Object(Illuminate\\Http\\Request))
#26 /Users/aleksandr/projects/btf/vendor/laravel/framework/src/Illuminate/Pipeline/Pipeline.php(183): Illuminate\\View\\Middleware\\ShareErrorsFromSession->handle(Object(Illuminate\\Http\\Request), Object(Closure))
#27 /Users/aleksandr/projects/btf/vendor/laravel/framework/src/Illuminate/Session/Middleware/StartSession.php(121): Illuminate\\Pipeline\\Pipeline->Illuminate\\Pipeline\\{closure}(Object(Illuminate\\Http\\Request))
#28 /Users/aleksandr/projects/btf/vendor/laravel/framework/src/Illuminate/Session/Middleware/StartSession.php(64): Illuminate\\Session\\Middleware\\StartSession->handleStatefulRequest(Object(Illuminate\\Http\\Request), Object(Illuminate\\Session\\Store), Object(Closure))
#29 /Users/aleksandr/projects/btf/vendor/laravel/framework/src/Illuminate/Pipeline/Pipeline.php(183): Illuminate\\Session\\Middleware\\StartSession->handle(Object(Illuminate\\Http\\Request), Object(Closure))
#30 /Users/aleksandr/projects/btf/vendor/laravel/framework/src/Illuminate/Cookie/Middleware/AddQueuedCookiesToResponse.php(37): Illuminate\\Pipeline\\Pipeline->Illuminate\\Pipeline\\{closure}(Object(Illuminate\\Http\\Request))
#31 /Users/aleksandr/projects/btf/vendor/laravel/framework/src/Illuminate/Pipeline/Pipeline.php(183): Illuminate\\Cookie\\Middleware\\AddQueuedCookiesToResponse->handle(Object(Illuminate\\Http\\Request), Object(Closure))
#32 /Users/aleksandr/projects/btf/vendor/laravel/framework/src/Illuminate/Cookie/Middleware/EncryptCookies.php(75): Illuminate\\Pipeline\\Pipeline->Illuminate\\Pipeline\\{closure}(Object(Illuminate\\Http\\Request))
#33 /Users/aleksandr/projects/btf/vendor/laravel/framework/src/Illuminate/Pipeline/Pipeline.php(183): Illuminate\\Cookie\\Middleware\\EncryptCookies->handle(Object(Illuminate\\Http\\Request), Object(Closure))
#34 /Users/aleksandr/projects/btf/vendor/laravel/framework/src/Illuminate/Pipeline/Pipeline.php(119): Illuminate\\Pipeline\\Pipeline->Illuminate\\Pipeline\\{closure}(Object(Illuminate\\Http\\Request))
#35 /Users/aleksandr/projects/btf/vendor/laravel/framework/src/Illuminate/Routing/Router.php(805): Illuminate\\Pipeline\\Pipeline->then(Object(Closure))
#36 /Users/aleksandr/projects/btf/vendor/laravel/framework/src/Illuminate/Routing/Router.php(784): Illuminate\\Routing\\Router->runRouteWithinStack(Object(Illuminate\\Routing\\Route), Object(Illuminate\\Http\\Request))
#37 /Users/aleksandr/projects/btf/vendor/laravel/framework/src/Illuminate/Routing/Router.php(748): Illuminate\\Routing\\Router->runRoute(Object(Illuminate\\Http\\Request), Object(Illuminate\\Routing\\Route))
#38 /Users/aleksandr/projects/btf/vendor/laravel/framework/src/Illuminate/Routing/Router.php(737): Illuminate\\Routing\\Router->dispatchToRoute(Object(Illuminate\\Http\\Request))
#39 /Users/aleksandr/projects/btf/vendor/laravel/framework/src/Illuminate/Foundation/Http/Kernel.php(200): Illuminate\\Routing\\Router->dispatch(Object(Illuminate\\Http\\Request))
#40 /Users/aleksandr/projects/btf/vendor/laravel/framework/src/Illuminate/Pipeline/Pipeline.php(144): Illuminate\\Foundation\\Http\\Kernel->Illuminate\\Foundation\\Http\\{closure}(Object(Illuminate\\Http\\Request))
#41 /Users/aleksandr/projects/btf/vendor/barryvdh/laravel-debugbar/src/Middleware/InjectDebugbar.php(66): Illuminate\\Pipeline\\Pipeline->Illuminate\\Pipeline\\{closure}(Object(Illuminate\\Http\\Request))
#42 /Users/aleksandr/projects/btf/vendor/laravel/framework/src/Illuminate/Pipeline/Pipeline.php(183): Barryvdh\\Debugbar\\Middleware\\InjectDebugbar->handle(Object(Illuminate\\Http\\Request), Object(Closure))
#43 /Users/aleksandr/projects/btf/vendor/laravel/framework/src/Illuminate/Foundation/Http/Middleware/TransformsRequest.php(21): Illuminate\\Pipeline\\Pipeline->Illuminate\\Pipeline\\{closure}(Object(Illuminate\\Http\\Request))
#44 /Users/aleksandr/projects/btf/vendor/laravel/framework/src/Illuminate/Foundation/Http/Middleware/ConvertEmptyStringsToNull.php(31): Illuminate\\Foundation\\Http\\Middleware\\TransformsRequest->handle(Object(Illuminate\\Http\\Request), Object(Closure))
#45 /Users/aleksandr/projects/btf/vendor/laravel/framework/src/Illuminate/Pipeline/Pipeline.php(183): Illuminate\\Foundation\\Http\\Middleware\\ConvertEmptyStringsToNull->handle(Object(Illuminate\\Http\\Request), Object(Closure))
#46 /Users/aleksandr/projects/btf/vendor/laravel/framework/src/Illuminate/Foundation/Http/Middleware/TransformsRequest.php(21): Illuminate\\Pipeline\\Pipeline->Illuminate\\Pipeline\\{closure}(Object(Illuminate\\Http\\Request))
#47 /Users/aleksandr/projects/btf/vendor/laravel/framework/src/Illuminate/Foundation/Http/Middleware/TrimStrings.php(51): Illuminate\\Foundation\\Http\\Middleware\\TransformsRequest->handle(Object(Illuminate\\Http\\Request), Object(Closure))
#48 /Users/aleksandr/projects/btf/vendor/laravel/framework/src/Illuminate/Pipeline/Pipeline.php(183): Illuminate\\Foundation\\Http\\Middleware\\TrimStrings->handle(Object(Illuminate\\Http\\Request), Object(Closure))
#49 /Users/aleksandr/projects/btf/vendor/laravel/framework/src/Illuminate/Http/Middleware/ValidatePostSize.php(27): Illuminate\\Pipeline\\Pipeline->Illuminate\\Pipeline\\{closure}(Object(Illuminate\\Http\\Request))
#50 /Users/aleksandr/projects/btf/vendor/laravel/framework/src/Illuminate/Pipeline/Pipeline.php(183): Illuminate\\Http\\Middleware\\ValidatePostSize->handle(Object(Illuminate\\Http\\Request), Object(Closure))
#51 /Users/aleksandr/projects/btf/vendor/laravel/framework/src/Illuminate/Foundation/Http/Middleware/PreventRequestsDuringMaintenance.php(110): Illuminate\\Pipeline\\Pipeline->Illuminate\\Pipeline\\{closure}(Object(Illuminate\\Http\\Request))
#52 /Users/aleksandr/projects/btf/vendor/laravel/framework/src/Illuminate/Pipeline/Pipeline.php(183): Illuminate\\Foundation\\Http\\Middleware\\PreventRequestsDuringMaintenance->handle(Object(Illuminate\\Http\\Request), Object(Closure))
#53 /Users/aleksandr/projects/btf/vendor/laravel/framework/src/Illuminate/Http/Middleware/HandleCors.php(49): Illuminate\\Pipeline\\Pipeline->Illuminate\\Pipeline\\{closure}(Object(Illuminate\\Http\\Request))
#54 /Users/aleksandr/projects/btf/vendor/laravel/framework/src/Illuminate/Pipeline/Pipeline.php(183): Illuminate\\Http\\Middleware\\HandleCors->handle(Object(Illuminate\\Http\\Request), Object(Closure))
#55 /Users/aleksandr/projects/btf/vendor/laravel/framework/src/Illuminate/Http/Middleware/TrustProxies.php(57): Illuminate\\Pipeline\\Pipeline->Illuminate\\Pipeline\\{closure}(Object(Illuminate\\Http\\Request))
#56 /Users/aleksandr/projects/btf/vendor/laravel/framework/src/Illuminate/Pipeline/Pipeline.php(183): Illuminate\\Http\\Middleware\\TrustProxies->handle(Object(Illuminate\\Http\\Request), Object(Closure))
#57 /Users/aleksandr/projects/btf/vendor/laravel/framework/src/Illuminate/Pipeline/Pipeline.php(119): Illuminate\\Pipeline\\Pipeline->Illuminate\\Pipeline\\{closure}(Object(Illuminate\\Http\\Request))
#58 /Users/aleksandr/projects/btf/vendor/laravel/framework/src/Illuminate/Foundation/Http/Kernel.php(175): Illuminate\\Pipeline\\Pipeline->then(Object(Closure))
#59 /Users/aleksandr/projects/btf/vendor/laravel/framework/src/Illuminate/Foundation/Http/Kernel.php(144): Illuminate\\Foundation\\Http\\Kernel->sendRequestThroughRouter(Object(Illuminate\\Http\\Request))
#60 /Users/aleksandr/projects/btf/public/index.php(50): Illuminate\\Foundation\\Http\\Kernel->handle(Object(Illuminate\\Http\\Request))
#61 /Users/aleksandr/projects/btf/vendor/laravel/framework/src/Illuminate/Foundation/resources/server.php(16): require_once('/Users/aleksand...')
#62 {main}
"} 
[2025-04-19 10:28:41] production.ERROR: Unable to locate file in Vite manifest: resources/css/backend.css. {"view":{"view":"/Users/aleksandr/projects/btf/resources/views/layouts/backend.blade.php","data":{"your_ip":"<pre class=sf-dump id=sf-dump-451200777 data-indent-pad=\"  \">\"<span class=sf-dump-str title=\"13 characters\">192.168.0.102</span>\"
</pre><script>Sfdump(\"sf-dump-451200777\", {\"maxDepth\":3,\"maxStringLength\":160})</script>
","your_location":"<pre class=sf-dump id=sf-dump-959504772 data-indent-pad=\"  \">\"<span class=sf-dump-str title=\"19 characters\">Kaliningrad, Russia</span>\"
</pre><script>Sfdump(\"sf-dump-959504772\", {\"maxDepth\":3,\"maxStringLength\":160})</script>
","errors":"<pre class=sf-dump id=sf-dump-1142122305 data-indent-pad=\"  \"><span class=sf-dump-note>Illuminate\\Support\\ViewErrorBag</span> {<a class=sf-dump-ref>#1976</a><samp data-depth=1 class=sf-dump-expanded>
  #<span class=sf-dump-protected title=\"Protected property\">bags</span>: []
</samp>}
</pre><script>Sfdump(\"sf-dump-1142122305\", {\"maxDepth\":3,\"maxStringLength\":160})</script>
","settings":"<pre class=sf-dump id=sf-dump-1913061756 data-indent-pad=\"  \"><span class=sf-dump-note>array:12</span> [<samp data-depth=1 class=sf-dump-expanded>
  \"<span class=sf-dump-key>phone</span>\" => \"<span class=sf-dump-str title=\"12 characters\">+74012313143</span>\"
  \"<span class=sf-dump-key>address</span>\" => \"<span class=sf-dump-str title=\"46 characters\">&#1075;. &#1050;&#1072;&#1083;&#1080;&#1085;&#1080;&#1085;&#1075;&#1088;&#1072;&#1076;, &#1085;&#1072;&#1073;&#1077;&#1088;&#1077;&#1078;&#1085;&#1072;&#1103; &#1055;&#1088;&#1072;&#1074;&#1072;&#1103;, 10, &#1083;&#1080;&#1090;&#1077;&#1088; &#1042;</span>\"
  \"<span class=sf-dump-key>schedule</span>\" => \"<span class=sf-dump-str title=\"89 characters\">&#1055;&#1085;-&#1055;&#1090;: 09:00 - 18:00, &lt;br class=&quot;d-md-none&quot;&gt; &#1055;&#1077;&#1088;&#1077;&#1088;&#1099;&#1074;: 13:00 - 14:00 &lt;br&gt; &#1057;&#1073;, &#1042;&#1089;: &#1042;&#1099;&#1093;&#1086;&#1076;&#1085;&#1086;&#1081;</span>\"
  \"<span class=sf-dump-key>coords</span>\" => \"<span class=sf-dump-str title=\"19 characters\">54.947113,20.159578</span>\"
  \"<span class=sf-dump-key>sitename</span>\" => \"<span class=sf-dump-str title=\"27 characters\">&#1041;&#1072;&#1083;&#1090;&#1080;&#1081;&#1089;&#1082;&#1072;&#1103; &#1090;&#1072;&#1073;&#1072;&#1095;&#1085;&#1072;&#1103; &#1092;&#1072;&#1073;&#1088;&#1080;&#1082;&#1072;</span>\"
  \"<span class=sf-dump-key>email</span>\" => \"<span class=sf-dump-str title=\"20 characters\">sekretar-kd@btf39.su</span>\"
  \"<span class=sf-dump-key>phone2</span>\" => \"<span class=sf-dump-str title=\"12 characters\">+74012313143</span>\"
  \"<span class=sf-dump-key>mobile</span>\" => \"<span class=sf-dump-str title=\"12 characters\">+79114547331</span>\"
  \"<span class=sf-dump-key>brands_count</span>\" => \"<span class=sf-dump-str title=\"2 characters\">15</span>\"
  \"<span class=sf-dump-key>distributors_count</span>\" => \"<span class=sf-dump-str title=\"2 characters\">20</span>\"
  \"<span class=sf-dump-key>years_count</span>\" => \"<span class=sf-dump-str title=\"2 characters\">27</span>\"
  \"<span class=sf-dump-key>employees_count</span>\" => \"<span class=sf-dump-str title=\"3 characters\">245</span>\"
</samp>]
</pre><script>Sfdump(\"sf-dump-1913061756\", {\"maxDepth\":3,\"maxStringLength\":160})</script>
","currencySymbol":"<pre class=sf-dump id=sf-dump-980974476 data-indent-pad=\"  \">\"<span class=sf-dump-str title=\"2 characters\">&#1088;.</span>\"
</pre><script>Sfdump(\"sf-dump-980974476\", {\"maxDepth\":3,\"maxStringLength\":160})</script>
","currencies":"<pre class=sf-dump id=sf-dump-826643666 data-indent-pad=\"  \"><span class=sf-dump-note>array:3</span> [<samp data-depth=1 class=sf-dump-expanded>
  \"<span class=sf-dump-key>RUB</span>\" => <span class=sf-dump-note title=\"App\\Models\\Currency
\"><span class=\"sf-dump-ellipsis sf-dump-ellipsis-note\">App\\Models</span><span class=\"sf-dump-ellipsis sf-dump-ellipsis-note\">\\</span>Currency</span> {<a class=sf-dump-ref>#1998</a><samp data-depth=2 class=sf-dump-compact>
    #<span class=sf-dump-protected title=\"Protected property\">connection</span>: \"<span class=sf-dump-str title=\"5 characters\">mysql</span>\"
    #<span class=sf-dump-protected title=\"Protected property\">table</span>: \"<span class=sf-dump-str title=\"10 characters\">currencies</span>\"
    #<span class=sf-dump-protected title=\"Protected property\">primaryKey</span>: \"<span class=sf-dump-str title=\"2 characters\">id</span>\"
    #<span class=sf-dump-protected title=\"Protected property\">keyType</span>: \"<span class=sf-dump-str title=\"3 characters\">int</span>\"
    +<span class=sf-dump-public title=\"Public property\">incrementing</span>: <span class=sf-dump-const>true</span>
    #<span class=sf-dump-protected title=\"Protected property\">with</span>: []
    #<span class=sf-dump-protected title=\"Protected property\">withCount</span>: []
    +<span class=sf-dump-public title=\"Public property\">preventsLazyLoading</span>: <span class=sf-dump-const>false</span>
    #<span class=sf-dump-protected title=\"Protected property\">perPage</span>: <span class=sf-dump-num>15</span>
    +<span class=sf-dump-public title=\"Public property\">exists</span>: <span class=sf-dump-const>true</span>
    +<span class=sf-dump-public title=\"Public property\">wasRecentlyCreated</span>: <span class=sf-dump-const>false</span>
    #<span class=sf-dump-protected title=\"Protected property\">escapeWhenCastingToString</span>: <span class=sf-dump-const>false</span>
    #<span class=sf-dump-protected title=\"Protected property\">attributes</span>: <span class=sf-dump-note>array:8</span> [<samp data-depth=3 class=sf-dump-compact>
      \"<span class=sf-dump-key>id</span>\" => <span class=sf-dump-num>1</span>
      \"<span class=sf-dump-key>code</span>\" => \"<span class=sf-dump-str title=\"3 characters\">RUB</span>\"
      \"<span class=sf-dump-key>name</span>\" => \"<span class=sf-dump-str title=\"5 characters\">&#1056;&#1091;&#1073;&#1083;&#1080;</span>\"
      \"<span class=sf-dump-key>symbol</span>\" => \"<span class=sf-dump-str>&#8381;</span>\"
      \"<span class=sf-dump-key>is_main</span>\" => <span class=sf-dump-num>1</span>
      \"<span class=sf-dump-key>rate</span>\" => <span class=sf-dump-num>1.0</span>
      \"<span class=sf-dump-key>created_at</span>\" => <span class=sf-dump-const>null</span>
      \"<span class=sf-dump-key>updated_at</span>\" => \"<span class=sf-dump-str title=\"19 characters\">2024-03-31 12:06:01</span>\"
    </samp>]
    #<span class=sf-dump-protected title=\"Protected property\">original</span>: <span class=sf-dump-note>array:8</span> [<samp data-depth=3 class=sf-dump-compact>
      \"<span class=sf-dump-key>id</span>\" => <span class=sf-dump-num>1</span>
      \"<span class=sf-dump-key>code</span>\" => \"<span class=sf-dump-str title=\"3 characters\">RUB</span>\"
      \"<span class=sf-dump-key>name</span>\" => \"<span class=sf-dump-str title=\"5 characters\">&#1056;&#1091;&#1073;&#1083;&#1080;</span>\"
      \"<span class=sf-dump-key>symbol</span>\" => \"<span class=sf-dump-str>&#8381;</span>\"
      \"<span class=sf-dump-key>is_main</span>\" => <span class=sf-dump-num>1</span>
      \"<span class=sf-dump-key>rate</span>\" => <span class=sf-dump-num>1.0</span>
      \"<span class=sf-dump-key>created_at</span>\" => <span class=sf-dump-const>null</span>
      \"<span class=sf-dump-key>updated_at</span>\" => \"<span class=sf-dump-str title=\"19 characters\">2024-03-31 12:06:01</span>\"
    </samp>]
    #<span class=sf-dump-protected title=\"Protected property\">changes</span>: []
    #<span class=sf-dump-protected title=\"Protected property\">casts</span>: []
    #<span class=sf-dump-protected title=\"Protected property\">classCastCache</span>: []
    #<span class=sf-dump-protected title=\"Protected property\">attributeCastCache</span>: []
    #<span class=sf-dump-protected title=\"Protected property\">dateFormat</span>: <span class=sf-dump-const>null</span>
    #<span class=sf-dump-protected title=\"Protected property\">appends</span>: []
    #<span class=sf-dump-protected title=\"Protected property\">dispatchesEvents</span>: []
    #<span class=sf-dump-protected title=\"Protected property\">observables</span>: []
    #<span class=sf-dump-protected title=\"Protected property\">relations</span>: []
    #<span class=sf-dump-protected title=\"Protected property\">touches</span>: []
    +<span class=sf-dump-public title=\"Public property\">timestamps</span>: <span class=sf-dump-const>true</span>
    +<span class=sf-dump-public title=\"Public property\">usesUniqueIds</span>: <span class=sf-dump-const>false</span>
    #<span class=sf-dump-protected title=\"Protected property\">hidden</span>: []
    #<span class=sf-dump-protected title=\"Protected property\">visible</span>: []
    #<span class=sf-dump-protected title=\"Protected property\">fillable</span>: <span class=sf-dump-note>array:1</span> [<samp data-depth=3 class=sf-dump-compact>
      <span class=sf-dump-index>0</span> => \"<span class=sf-dump-str title=\"4 characters\">rate</span>\"
    </samp>]
    #<span class=sf-dump-protected title=\"Protected property\">guarded</span>: <span class=sf-dump-note>array:1</span> [<samp data-depth=3 class=sf-dump-compact>
      <span class=sf-dump-index>0</span> => \"<span class=sf-dump-str>*</span>\"
    </samp>]
  </samp>}
  \"<span class=sf-dump-key>USD</span>\" => <span class=sf-dump-note title=\"App\\Models\\Currency
\"><span class=\"sf-dump-ellipsis sf-dump-ellipsis-note\">App\\Models</span><span class=\"sf-dump-ellipsis sf-dump-ellipsis-note\">\\</span>Currency</span> {<a class=sf-dump-ref>#2039</a><samp data-depth=2 class=sf-dump-compact>
    #<span class=sf-dump-protected title=\"Protected property\">connection</span>: \"<span class=sf-dump-str title=\"5 characters\">mysql</span>\"
    #<span class=sf-dump-protected title=\"Protected property\">table</span>: \"<span class=sf-dump-str title=\"10 characters\">currencies</span>\"
    #<span class=sf-dump-protected title=\"Protected property\">primaryKey</span>: \"<span class=sf-dump-str title=\"2 characters\">id</span>\"
    #<span class=sf-dump-protected title=\"Protected property\">keyType</span>: \"<span class=sf-dump-str title=\"3 characters\">int</span>\"
    +<span class=sf-dump-public title=\"Public property\">incrementing</span>: <span class=sf-dump-const>true</span>
    #<span class=sf-dump-protected title=\"Protected property\">with</span>: []
    #<span class=sf-dump-protected title=\"Protected property\">withCount</span>: []
    +<span class=sf-dump-public title=\"Public property\">preventsLazyLoading</span>: <span class=sf-dump-const>false</span>
    #<span class=sf-dump-protected title=\"Protected property\">perPage</span>: <span class=sf-dump-num>15</span>
    +<span class=sf-dump-public title=\"Public property\">exists</span>: <span class=sf-dump-const>true</span>
    +<span class=sf-dump-public title=\"Public property\">wasRecentlyCreated</span>: <span class=sf-dump-const>false</span>
    #<span class=sf-dump-protected title=\"Protected property\">escapeWhenCastingToString</span>: <span class=sf-dump-const>false</span>
    #<span class=sf-dump-protected title=\"Protected property\">attributes</span>: <span class=sf-dump-note>array:8</span> [<samp data-depth=3 class=sf-dump-compact>
      \"<span class=sf-dump-key>id</span>\" => <span class=sf-dump-num>2</span>
      \"<span class=sf-dump-key>code</span>\" => \"<span class=sf-dump-str title=\"3 characters\">USD</span>\"
      \"<span class=sf-dump-key>name</span>\" => \"<span class=sf-dump-str title=\"7 characters\">&#1044;&#1086;&#1083;&#1083;&#1072;&#1088;&#1099;</span>\"
      \"<span class=sf-dump-key>symbol</span>\" => \"<span class=sf-dump-str>$</span>\"
      \"<span class=sf-dump-key>is_main</span>\" => <span class=sf-dump-num>0</span>
      \"<span class=sf-dump-key>rate</span>\" => <span class=sf-dump-num>0.0108019931</span>
      \"<span class=sf-dump-key>created_at</span>\" => <span class=sf-dump-const>null</span>
      \"<span class=sf-dump-key>updated_at</span>\" => \"<span class=sf-dump-str title=\"19 characters\">2024-03-31 12:56:29</span>\"
    </samp>]
    #<span class=sf-dump-protected title=\"Protected property\">original</span>: <span class=sf-dump-note>array:8</span> [<samp data-depth=3 class=sf-dump-compact>
      \"<span class=sf-dump-key>id</span>\" => <span class=sf-dump-num>2</span>
      \"<span class=sf-dump-key>code</span>\" => \"<span class=sf-dump-str title=\"3 characters\">USD</span>\"
      \"<span class=sf-dump-key>name</span>\" => \"<span class=sf-dump-str title=\"7 characters\">&#1044;&#1086;&#1083;&#1083;&#1072;&#1088;&#1099;</span>\"
      \"<span class=sf-dump-key>symbol</span>\" => \"<span class=sf-dump-str>$</span>\"
      \"<span class=sf-dump-key>is_main</span>\" => <span class=sf-dump-num>0</span>
      \"<span class=sf-dump-key>rate</span>\" => <span class=sf-dump-num>0.0108019931</span>
      \"<span class=sf-dump-key>created_at</span>\" => <span class=sf-dump-const>null</span>
      \"<span class=sf-dump-key>updated_at</span>\" => \"<span class=sf-dump-str title=\"19 characters\">2024-03-31 12:56:29</span>\"
    </samp>]
    #<span class=sf-dump-protected title=\"Protected property\">changes</span>: []
    #<span class=sf-dump-protected title=\"Protected property\">casts</span>: []
    #<span class=sf-dump-protected title=\"Protected property\">classCastCache</span>: []
    #<span class=sf-dump-protected title=\"Protected property\">attributeCastCache</span>: []
    #<span class=sf-dump-protected title=\"Protected property\">dateFormat</span>: <span class=sf-dump-const>null</span>
    #<span class=sf-dump-protected title=\"Protected property\">appends</span>: []
    #<span class=sf-dump-protected title=\"Protected property\">dispatchesEvents</span>: []
    #<span class=sf-dump-protected title=\"Protected property\">observables</span>: []
    #<span class=sf-dump-protected title=\"Protected property\">relations</span>: []
    #<span class=sf-dump-protected title=\"Protected property\">touches</span>: []
    +<span class=sf-dump-public title=\"Public property\">timestamps</span>: <span class=sf-dump-const>true</span>
    +<span class=sf-dump-public title=\"Public property\">usesUniqueIds</span>: <span class=sf-dump-const>false</span>
    #<span class=sf-dump-protected title=\"Protected property\">hidden</span>: []
    #<span class=sf-dump-protected title=\"Protected property\">visible</span>: []
    #<span class=sf-dump-protected title=\"Protected property\">fillable</span>: <span class=sf-dump-note>array:1</span> [<samp data-depth=3 class=sf-dump-compact>
      <span class=sf-dump-index>0</span> => \"<span class=sf-dump-str title=\"4 characters\">rate</span>\"
    </samp>]
    #<span class=sf-dump-protected title=\"Protected property\">guarded</span>: <span class=sf-dump-note>array:1</span> [<samp data-depth=3 class=sf-dump-compact>
      <span class=sf-dump-index>0</span> => \"<span class=sf-dump-str>*</span>\"
    </samp>]
  </samp>}
  \"<span class=sf-dump-key>EUR</span>\" => <span class=sf-dump-note title=\"App\\Models\\Currency
\"><span class=\"sf-dump-ellipsis sf-dump-ellipsis-note\">App\\Models</span><span class=\"sf-dump-ellipsis sf-dump-ellipsis-note\">\\</span>Currency</span> {<a class=sf-dump-ref>#2038</a><samp data-depth=2 class=sf-dump-compact>
    #<span class=sf-dump-protected title=\"Protected property\">connection</span>: \"<span class=sf-dump-str title=\"5 characters\">mysql</span>\"
    #<span class=sf-dump-protected title=\"Protected property\">table</span>: \"<span class=sf-dump-str title=\"10 characters\">currencies</span>\"
    #<span class=sf-dump-protected title=\"Protected property\">primaryKey</span>: \"<span class=sf-dump-str title=\"2 characters\">id</span>\"
    #<span class=sf-dump-protected title=\"Protected property\">keyType</span>: \"<span class=sf-dump-str title=\"3 characters\">int</span>\"
    +<span class=sf-dump-public title=\"Public property\">incrementing</span>: <span class=sf-dump-const>true</span>
    #<span class=sf-dump-protected title=\"Protected property\">with</span>: []
    #<span class=sf-dump-protected title=\"Protected property\">withCount</span>: []
    +<span class=sf-dump-public title=\"Public property\">preventsLazyLoading</span>: <span class=sf-dump-const>false</span>
    #<span class=sf-dump-protected title=\"Protected property\">perPage</span>: <span class=sf-dump-num>15</span>
    +<span class=sf-dump-public title=\"Public property\">exists</span>: <span class=sf-dump-const>true</span>
    +<span class=sf-dump-public title=\"Public property\">wasRecentlyCreated</span>: <span class=sf-dump-const>false</span>
    #<span class=sf-dump-protected title=\"Protected property\">escapeWhenCastingToString</span>: <span class=sf-dump-const>false</span>
    #<span class=sf-dump-protected title=\"Protected property\">attributes</span>: <span class=sf-dump-note>array:8</span> [<samp data-depth=3 class=sf-dump-compact>
      \"<span class=sf-dump-key>id</span>\" => <span class=sf-dump-num>3</span>
      \"<span class=sf-dump-key>code</span>\" => \"<span class=sf-dump-str title=\"3 characters\">EUR</span>\"
      \"<span class=sf-dump-key>name</span>\" => \"<span class=sf-dump-str title=\"4 characters\">&#1045;&#1074;&#1088;&#1086;</span>\"
      \"<span class=sf-dump-key>symbol</span>\" => \"<span class=sf-dump-str>&#8364;</span>\"
      \"<span class=sf-dump-key>is_main</span>\" => <span class=sf-dump-num>0</span>
      \"<span class=sf-dump-key>rate</span>\" => <span class=sf-dump-num>0.0100045918</span>
      \"<span class=sf-dump-key>created_at</span>\" => <span class=sf-dump-const>null</span>
      \"<span class=sf-dump-key>updated_at</span>\" => \"<span class=sf-dump-str title=\"19 characters\">2024-03-31 12:56:29</span>\"
    </samp>]
    #<span class=sf-dump-protected title=\"Protected property\">original</span>: <span class=sf-dump-note>array:8</span> [<samp data-depth=3 class=sf-dump-compact>
      \"<span class=sf-dump-key>id</span>\" => <span class=sf-dump-num>3</span>
      \"<span class=sf-dump-key>code</span>\" => \"<span class=sf-dump-str title=\"3 characters\">EUR</span>\"
      \"<span class=sf-dump-key>name</span>\" => \"<span class=sf-dump-str title=\"4 characters\">&#1045;&#1074;&#1088;&#1086;</span>\"
      \"<span class=sf-dump-key>symbol</span>\" => \"<span class=sf-dump-str>&#8364;</span>\"
      \"<span class=sf-dump-key>is_main</span>\" => <span class=sf-dump-num>0</span>
      \"<span class=sf-dump-key>rate</span>\" => <span class=sf-dump-num>0.0100045918</span>
      \"<span class=sf-dump-key>created_at</span>\" => <span class=sf-dump-const>null</span>
      \"<span class=sf-dump-key>updated_at</span>\" => \"<span class=sf-dump-str title=\"19 characters\">2024-03-31 12:56:29</span>\"
    </samp>]
    #<span class=sf-dump-protected title=\"Protected property\">changes</span>: []
    #<span class=sf-dump-protected title=\"Protected property\">casts</span>: []
    #<span class=sf-dump-protected title=\"Protected property\">classCastCache</span>: []
    #<span class=sf-dump-protected title=\"Protected property\">attributeCastCache</span>: []
    #<span class=sf-dump-protected title=\"Protected property\">dateFormat</span>: <span class=sf-dump-const>null</span>
    #<span class=sf-dump-protected title=\"Protected property\">appends</span>: []
    #<span class=sf-dump-protected title=\"Protected property\">dispatchesEvents</span>: []
    #<span class=sf-dump-protected title=\"Protected property\">observables</span>: []
    #<span class=sf-dump-protected title=\"Protected property\">relations</span>: []
    #<span class=sf-dump-protected title=\"Protected property\">touches</span>: []
    +<span class=sf-dump-public title=\"Public property\">timestamps</span>: <span class=sf-dump-const>true</span>
    +<span class=sf-dump-public title=\"Public property\">usesUniqueIds</span>: <span class=sf-dump-const>false</span>
    #<span class=sf-dump-protected title=\"Protected property\">hidden</span>: []
    #<span class=sf-dump-protected title=\"Protected property\">visible</span>: []
    #<span class=sf-dump-protected title=\"Protected property\">fillable</span>: <span class=sf-dump-note>array:1</span> [<samp data-depth=3 class=sf-dump-compact>
      <span class=sf-dump-index>0</span> => \"<span class=sf-dump-str title=\"4 characters\">rate</span>\"
    </samp>]
    #<span class=sf-dump-protected title=\"Protected property\">guarded</span>: <span class=sf-dump-note>array:1</span> [<samp data-depth=3 class=sf-dump-compact>
      <span class=sf-dump-index>0</span> => \"<span class=sf-dump-str>*</span>\"
    </samp>]
  </samp>}
</samp>]
</pre><script>Sfdump(\"sf-dump-826643666\", {\"maxDepth\":3,\"maxStringLength\":160})</script>
"}},"exception":"[object] (Spatie\\LaravelIgnition\\Exceptions\\ViewException(code: 0): Unable to locate file in Vite manifest: resources/css/backend.css. at /Users/aleksandr/projects/btf/vendor/laravel/framework/src/Illuminate/Foundation/Vite.php:781)
[stacktrace]
#0 /Users/aleksandr/projects/btf/vendor/laravel/framework/src/Illuminate/Foundation/Vite.php(299): Illuminate\\Foundation\\Vite->chunk(Array, 'resources/css/b...')
#1 /Users/aleksandr/projects/btf/resources/views/layouts/backend.blade.php(197): Illuminate\\Foundation\\Vite->__invoke(Object(Illuminate\\Support\\Collection))
#2 /Users/aleksandr/projects/btf/vendor/laravel/framework/src/Illuminate/Filesystem/Filesystem.php(123): require('/Users/aleksand...')
#3 /Users/aleksandr/projects/btf/vendor/laravel/framework/src/Illuminate/Filesystem/Filesystem.php(124): Illuminate\\Filesystem\\Filesystem::Illuminate\\Filesystem\\{closure}()
#4 /Users/aleksandr/projects/btf/vendor/laravel/framework/src/Illuminate/View/Engines/PhpEngine.php(58): Illuminate\\Filesystem\\Filesystem->getRequire('/Users/aleksand...', Array)
#5 /Users/aleksandr/projects/btf/vendor/laravel/framework/src/Illuminate/View/Engines/CompilerEngine.php(73): Illuminate\\View\\Engines\\PhpEngine->evaluatePath('/Users/aleksand...', Array)
#6 /Users/aleksandr/projects/btf/vendor/laravel/framework/src/Illuminate/View/View.php(208): Illuminate\\View\\Engines\\CompilerEngine->get('/Users/aleksand...', Array)
#7 /Users/aleksandr/projects/btf/vendor/laravel/framework/src/Illuminate/View/View.php(191): Illuminate\\View\\View->getContents()
#8 /Users/aleksandr/projects/btf/vendor/laravel/framework/src/Illuminate/View/View.php(160): Illuminate\\View\\View->renderContents()
#9 /Users/aleksandr/projects/btf/vendor/laravel/framework/src/Illuminate/Http/Response.php(70): Illuminate\\View\\View->render()
#10 /Users/aleksandr/projects/btf/vendor/laravel/framework/src/Illuminate/Http/Response.php(35): Illuminate\\Http\\Response->setContent(Object(Illuminate\\View\\View))
#11 /Users/aleksandr/projects/btf/vendor/laravel/framework/src/Illuminate/Routing/Router.php(918): Illuminate\\Http\\Response->__construct(Object(Illuminate\\View\\View), 200, Array)
#12 /Users/aleksandr/projects/btf/vendor/laravel/framework/src/Illuminate/Routing/Router.php(885): Illuminate\\Routing\\Router::toResponse(Object(Illuminate\\Http\\Request), Object(Illuminate\\View\\View))
#13 /Users/aleksandr/projects/btf/vendor/laravel/framework/src/Illuminate/Routing/Router.php(805): Illuminate\\Routing\\Router->prepareResponse(Object(Illuminate\\Http\\Request), Object(Illuminate\\View\\View))
#14 /Users/aleksandr/projects/btf/vendor/laravel/framework/src/Illuminate/Pipeline/Pipeline.php(144): Illuminate\\Routing\\Router->Illuminate\\Routing\\{closure}(Object(Illuminate\\Http\\Request))
#15 /Users/aleksandr/projects/btf/app/Http/Middleware/UserActivity.php(20): Illuminate\\Pipeline\\Pipeline->Illuminate\\Pipeline\\{closure}(Object(Illuminate\\Http\\Request))
#16 /Users/aleksandr/projects/btf/vendor/laravel/framework/src/Illuminate/Pipeline/Pipeline.php(183): App\\Http\\Middleware\\UserActivity->handle(Object(Illuminate\\Http\\Request), Object(Closure))
#17 /Users/aleksandr/projects/btf/app/Http/Middleware/SetLocale.php(51): Illuminate\\Pipeline\\Pipeline->Illuminate\\Pipeline\\{closure}(Object(Illuminate\\Http\\Request))
#18 /Users/aleksandr/projects/btf/vendor/laravel/framework/src/Illuminate/Pipeline/Pipeline.php(183): App\\Http\\Middleware\\SetLocale->handle(Object(Illuminate\\Http\\Request), Object(Closure))
#19 /Users/aleksandr/projects/btf/vendor/erlandmuchasaj/laravel-gzip/src/Middleware/GzipEncodeResponse.php(19): Illuminate\\Pipeline\\Pipeline->Illuminate\\Pipeline\\{closure}(Object(Illuminate\\Http\\Request))
#20 /Users/aleksandr/projects/btf/vendor/laravel/framework/src/Illuminate/Pipeline/Pipeline.php(183): ErlandMuchasaj\\LaravelGzip\\Middleware\\GzipEncodeResponse->handle(Object(Illuminate\\Http\\Request), Object(Closure))
#21 /Users/aleksandr/projects/btf/vendor/laravel/framework/src/Illuminate/Routing/Middleware/SubstituteBindings.php(50): Illuminate\\Pipeline\\Pipeline->Illuminate\\Pipeline\\{closure}(Object(Illuminate\\Http\\Request))
#22 /Users/aleksandr/projects/btf/vendor/laravel/framework/src/Illuminate/Pipeline/Pipeline.php(183): Illuminate\\Routing\\Middleware\\SubstituteBindings->handle(Object(Illuminate\\Http\\Request), Object(Closure))
#23 /Users/aleksandr/projects/btf/vendor/laravel/framework/src/Illuminate/Foundation/Http/Middleware/VerifyCsrfToken.php(88): Illuminate\\Pipeline\\Pipeline->Illuminate\\Pipeline\\{closure}(Object(Illuminate\\Http\\Request))
#24 /Users/aleksandr/projects/btf/vendor/laravel/framework/src/Illuminate/Pipeline/Pipeline.php(183): Illuminate\\Foundation\\Http\\Middleware\\VerifyCsrfToken->handle(Object(Illuminate\\Http\\Request), Object(Closure))
#25 /Users/aleksandr/projects/btf/vendor/laravel/framework/src/Illuminate/View/Middleware/ShareErrorsFromSession.php(49): Illuminate\\Pipeline\\Pipeline->Illuminate\\Pipeline\\{closure}(Object(Illuminate\\Http\\Request))
#26 /Users/aleksandr/projects/btf/vendor/laravel/framework/src/Illuminate/Pipeline/Pipeline.php(183): Illuminate\\View\\Middleware\\ShareErrorsFromSession->handle(Object(Illuminate\\Http\\Request), Object(Closure))
#27 /Users/aleksandr/projects/btf/vendor/laravel/framework/src/Illuminate/Session/Middleware/StartSession.php(121): Illuminate\\Pipeline\\Pipeline->Illuminate\\Pipeline\\{closure}(Object(Illuminate\\Http\\Request))
#28 /Users/aleksandr/projects/btf/vendor/laravel/framework/src/Illuminate/Session/Middleware/StartSession.php(64): Illuminate\\Session\\Middleware\\StartSession->handleStatefulRequest(Object(Illuminate\\Http\\Request), Object(Illuminate\\Session\\Store), Object(Closure))
#29 /Users/aleksandr/projects/btf/vendor/laravel/framework/src/Illuminate/Pipeline/Pipeline.php(183): Illuminate\\Session\\Middleware\\StartSession->handle(Object(Illuminate\\Http\\Request), Object(Closure))
#30 /Users/aleksandr/projects/btf/vendor/laravel/framework/src/Illuminate/Cookie/Middleware/AddQueuedCookiesToResponse.php(37): Illuminate\\Pipeline\\Pipeline->Illuminate\\Pipeline\\{closure}(Object(Illuminate\\Http\\Request))
#31 /Users/aleksandr/projects/btf/vendor/laravel/framework/src/Illuminate/Pipeline/Pipeline.php(183): Illuminate\\Cookie\\Middleware\\AddQueuedCookiesToResponse->handle(Object(Illuminate\\Http\\Request), Object(Closure))
#32 /Users/aleksandr/projects/btf/vendor/laravel/framework/src/Illuminate/Cookie/Middleware/EncryptCookies.php(75): Illuminate\\Pipeline\\Pipeline->Illuminate\\Pipeline\\{closure}(Object(Illuminate\\Http\\Request))
#33 /Users/aleksandr/projects/btf/vendor/laravel/framework/src/Illuminate/Pipeline/Pipeline.php(183): Illuminate\\Cookie\\Middleware\\EncryptCookies->handle(Object(Illuminate\\Http\\Request), Object(Closure))
#34 /Users/aleksandr/projects/btf/vendor/laravel/framework/src/Illuminate/Pipeline/Pipeline.php(119): Illuminate\\Pipeline\\Pipeline->Illuminate\\Pipeline\\{closure}(Object(Illuminate\\Http\\Request))
#35 /Users/aleksandr/projects/btf/vendor/laravel/framework/src/Illuminate/Routing/Router.php(805): Illuminate\\Pipeline\\Pipeline->then(Object(Closure))
#36 /Users/aleksandr/projects/btf/vendor/laravel/framework/src/Illuminate/Routing/Router.php(784): Illuminate\\Routing\\Router->runRouteWithinStack(Object(Illuminate\\Routing\\Route), Object(Illuminate\\Http\\Request))
#37 /Users/aleksandr/projects/btf/vendor/laravel/framework/src/Illuminate/Routing/Router.php(748): Illuminate\\Routing\\Router->runRoute(Object(Illuminate\\Http\\Request), Object(Illuminate\\Routing\\Route))
#38 /Users/aleksandr/projects/btf/vendor/laravel/framework/src/Illuminate/Routing/Router.php(737): Illuminate\\Routing\\Router->dispatchToRoute(Object(Illuminate\\Http\\Request))
#39 /Users/aleksandr/projects/btf/vendor/laravel/framework/src/Illuminate/Foundation/Http/Kernel.php(200): Illuminate\\Routing\\Router->dispatch(Object(Illuminate\\Http\\Request))
#40 /Users/aleksandr/projects/btf/vendor/laravel/framework/src/Illuminate/Pipeline/Pipeline.php(144): Illuminate\\Foundation\\Http\\Kernel->Illuminate\\Foundation\\Http\\{closure}(Object(Illuminate\\Http\\Request))
#41 /Users/aleksandr/projects/btf/vendor/barryvdh/laravel-debugbar/src/Middleware/InjectDebugbar.php(66): Illuminate\\Pipeline\\Pipeline->Illuminate\\Pipeline\\{closure}(Object(Illuminate\\Http\\Request))
#42 /Users/aleksandr/projects/btf/vendor/laravel/framework/src/Illuminate/Pipeline/Pipeline.php(183): Barryvdh\\Debugbar\\Middleware\\InjectDebugbar->handle(Object(Illuminate\\Http\\Request), Object(Closure))
#43 /Users/aleksandr/projects/btf/vendor/laravel/framework/src/Illuminate/Foundation/Http/Middleware/TransformsRequest.php(21): Illuminate\\Pipeline\\Pipeline->Illuminate\\Pipeline\\{closure}(Object(Illuminate\\Http\\Request))
#44 /Users/aleksandr/projects/btf/vendor/laravel/framework/src/Illuminate/Foundation/Http/Middleware/ConvertEmptyStringsToNull.php(31): Illuminate\\Foundation\\Http\\Middleware\\TransformsRequest->handle(Object(Illuminate\\Http\\Request), Object(Closure))
#45 /Users/aleksandr/projects/btf/vendor/laravel/framework/src/Illuminate/Pipeline/Pipeline.php(183): Illuminate\\Foundation\\Http\\Middleware\\ConvertEmptyStringsToNull->handle(Object(Illuminate\\Http\\Request), Object(Closure))
#46 /Users/aleksandr/projects/btf/vendor/laravel/framework/src/Illuminate/Foundation/Http/Middleware/TransformsRequest.php(21): Illuminate\\Pipeline\\Pipeline->Illuminate\\Pipeline\\{closure}(Object(Illuminate\\Http\\Request))
#47 /Users/aleksandr/projects/btf/vendor/laravel/framework/src/Illuminate/Foundation/Http/Middleware/TrimStrings.php(51): Illuminate\\Foundation\\Http\\Middleware\\TransformsRequest->handle(Object(Illuminate\\Http\\Request), Object(Closure))
#48 /Users/aleksandr/projects/btf/vendor/laravel/framework/src/Illuminate/Pipeline/Pipeline.php(183): Illuminate\\Foundation\\Http\\Middleware\\TrimStrings->handle(Object(Illuminate\\Http\\Request), Object(Closure))
#49 /Users/aleksandr/projects/btf/vendor/laravel/framework/src/Illuminate/Http/Middleware/ValidatePostSize.php(27): Illuminate\\Pipeline\\Pipeline->Illuminate\\Pipeline\\{closure}(Object(Illuminate\\Http\\Request))
#50 /Users/aleksandr/projects/btf/vendor/laravel/framework/src/Illuminate/Pipeline/Pipeline.php(183): Illuminate\\Http\\Middleware\\ValidatePostSize->handle(Object(Illuminate\\Http\\Request), Object(Closure))
#51 /Users/aleksandr/projects/btf/vendor/laravel/framework/src/Illuminate/Foundation/Http/Middleware/PreventRequestsDuringMaintenance.php(110): Illuminate\\Pipeline\\Pipeline->Illuminate\\Pipeline\\{closure}(Object(Illuminate\\Http\\Request))
#52 /Users/aleksandr/projects/btf/vendor/laravel/framework/src/Illuminate/Pipeline/Pipeline.php(183): Illuminate\\Foundation\\Http\\Middleware\\PreventRequestsDuringMaintenance->handle(Object(Illuminate\\Http\\Request), Object(Closure))
#53 /Users/aleksandr/projects/btf/vendor/laravel/framework/src/Illuminate/Http/Middleware/HandleCors.php(49): Illuminate\\Pipeline\\Pipeline->Illuminate\\Pipeline\\{closure}(Object(Illuminate\\Http\\Request))
#54 /Users/aleksandr/projects/btf/vendor/laravel/framework/src/Illuminate/Pipeline/Pipeline.php(183): Illuminate\\Http\\Middleware\\HandleCors->handle(Object(Illuminate\\Http\\Request), Object(Closure))
#55 /Users/aleksandr/projects/btf/vendor/laravel/framework/src/Illuminate/Http/Middleware/TrustProxies.php(57): Illuminate\\Pipeline\\Pipeline->Illuminate\\Pipeline\\{closure}(Object(Illuminate\\Http\\Request))
#56 /Users/aleksandr/projects/btf/vendor/laravel/framework/src/Illuminate/Pipeline/Pipeline.php(183): Illuminate\\Http\\Middleware\\TrustProxies->handle(Object(Illuminate\\Http\\Request), Object(Closure))
#57 /Users/aleksandr/projects/btf/vendor/laravel/framework/src/Illuminate/Pipeline/Pipeline.php(119): Illuminate\\Pipeline\\Pipeline->Illuminate\\Pipeline\\{closure}(Object(Illuminate\\Http\\Request))
#58 /Users/aleksandr/projects/btf/vendor/laravel/framework/src/Illuminate/Foundation/Http/Kernel.php(175): Illuminate\\Pipeline\\Pipeline->then(Object(Closure))
#59 /Users/aleksandr/projects/btf/vendor/laravel/framework/src/Illuminate/Foundation/Http/Kernel.php(144): Illuminate\\Foundation\\Http\\Kernel->sendRequestThroughRouter(Object(Illuminate\\Http\\Request))
#60 /Users/aleksandr/projects/btf/public/index.php(50): Illuminate\\Foundation\\Http\\Kernel->handle(Object(Illuminate\\Http\\Request))
#61 /Users/aleksandr/projects/btf/vendor/laravel/framework/src/Illuminate/Foundation/resources/server.php(16): require_once('/Users/aleksand...')
#62 {main}

[previous exception] [object] (Exception(code: 0): Unable to locate file in Vite manifest: resources/css/backend.css. at /Users/aleksandr/projects/btf/vendor/laravel/framework/src/Illuminate/Foundation/Vite.php:781)
[stacktrace]
#0 /Users/aleksandr/projects/btf/vendor/laravel/framework/src/Illuminate/Foundation/Vite.php(299): Illuminate\\Foundation\\Vite->chunk(Array, 'resources/css/b...')
#1 /Users/aleksandr/projects/btf/storage/framework/views/4980babb759d16821e0ecd88a147fe79.php(197): Illuminate\\Foundation\\Vite->__invoke(Object(Illuminate\\Support\\Collection))
#2 /Users/aleksandr/projects/btf/vendor/laravel/framework/src/Illuminate/Filesystem/Filesystem.php(123): require('/Users/aleksand...')
#3 /Users/aleksandr/projects/btf/vendor/laravel/framework/src/Illuminate/Filesystem/Filesystem.php(124): Illuminate\\Filesystem\\Filesystem::Illuminate\\Filesystem\\{closure}()
#4 /Users/aleksandr/projects/btf/vendor/laravel/framework/src/Illuminate/View/Engines/PhpEngine.php(58): Illuminate\\Filesystem\\Filesystem->getRequire('/Users/aleksand...', Array)
#5 /Users/aleksandr/projects/btf/vendor/laravel/framework/src/Illuminate/View/Engines/CompilerEngine.php(73): Illuminate\\View\\Engines\\PhpEngine->evaluatePath('/Users/aleksand...', Array)
#6 /Users/aleksandr/projects/btf/vendor/laravel/framework/src/Illuminate/View/View.php(208): Illuminate\\View\\Engines\\CompilerEngine->get('/Users/aleksand...', Array)
#7 /Users/aleksandr/projects/btf/vendor/laravel/framework/src/Illuminate/View/View.php(191): Illuminate\\View\\View->getContents()
#8 /Users/aleksandr/projects/btf/vendor/laravel/framework/src/Illuminate/View/View.php(160): Illuminate\\View\\View->renderContents()
#9 /Users/aleksandr/projects/btf/vendor/laravel/framework/src/Illuminate/Http/Response.php(70): Illuminate\\View\\View->render()
#10 /Users/aleksandr/projects/btf/vendor/laravel/framework/src/Illuminate/Http/Response.php(35): Illuminate\\Http\\Response->setContent(Object(Illuminate\\View\\View))
#11 /Users/aleksandr/projects/btf/vendor/laravel/framework/src/Illuminate/Routing/Router.php(918): Illuminate\\Http\\Response->__construct(Object(Illuminate\\View\\View), 200, Array)
#12 /Users/aleksandr/projects/btf/vendor/laravel/framework/src/Illuminate/Routing/Router.php(885): Illuminate\\Routing\\Router::toResponse(Object(Illuminate\\Http\\Request), Object(Illuminate\\View\\View))
#13 /Users/aleksandr/projects/btf/vendor/laravel/framework/src/Illuminate/Routing/Router.php(805): Illuminate\\Routing\\Router->prepareResponse(Object(Illuminate\\Http\\Request), Object(Illuminate\\View\\View))
#14 /Users/aleksandr/projects/btf/vendor/laravel/framework/src/Illuminate/Pipeline/Pipeline.php(144): Illuminate\\Routing\\Router->Illuminate\\Routing\\{closure}(Object(Illuminate\\Http\\Request))
#15 /Users/aleksandr/projects/btf/app/Http/Middleware/UserActivity.php(20): Illuminate\\Pipeline\\Pipeline->Illuminate\\Pipeline\\{closure}(Object(Illuminate\\Http\\Request))
#16 /Users/aleksandr/projects/btf/vendor/laravel/framework/src/Illuminate/Pipeline/Pipeline.php(183): App\\Http\\Middleware\\UserActivity->handle(Object(Illuminate\\Http\\Request), Object(Closure))
#17 /Users/aleksandr/projects/btf/app/Http/Middleware/SetLocale.php(51): Illuminate\\Pipeline\\Pipeline->Illuminate\\Pipeline\\{closure}(Object(Illuminate\\Http\\Request))
#18 /Users/aleksandr/projects/btf/vendor/laravel/framework/src/Illuminate/Pipeline/Pipeline.php(183): App\\Http\\Middleware\\SetLocale->handle(Object(Illuminate\\Http\\Request), Object(Closure))
#19 /Users/aleksandr/projects/btf/vendor/erlandmuchasaj/laravel-gzip/src/Middleware/GzipEncodeResponse.php(19): Illuminate\\Pipeline\\Pipeline->Illuminate\\Pipeline\\{closure}(Object(Illuminate\\Http\\Request))
#20 /Users/aleksandr/projects/btf/vendor/laravel/framework/src/Illuminate/Pipeline/Pipeline.php(183): ErlandMuchasaj\\LaravelGzip\\Middleware\\GzipEncodeResponse->handle(Object(Illuminate\\Http\\Request), Object(Closure))
#21 /Users/aleksandr/projects/btf/vendor/laravel/framework/src/Illuminate/Routing/Middleware/SubstituteBindings.php(50): Illuminate\\Pipeline\\Pipeline->Illuminate\\Pipeline\\{closure}(Object(Illuminate\\Http\\Request))
#22 /Users/aleksandr/projects/btf/vendor/laravel/framework/src/Illuminate/Pipeline/Pipeline.php(183): Illuminate\\Routing\\Middleware\\SubstituteBindings->handle(Object(Illuminate\\Http\\Request), Object(Closure))
#23 /Users/aleksandr/projects/btf/vendor/laravel/framework/src/Illuminate/Foundation/Http/Middleware/VerifyCsrfToken.php(88): Illuminate\\Pipeline\\Pipeline->Illuminate\\Pipeline\\{closure}(Object(Illuminate\\Http\\Request))
#24 /Users/aleksandr/projects/btf/vendor/laravel/framework/src/Illuminate/Pipeline/Pipeline.php(183): Illuminate\\Foundation\\Http\\Middleware\\VerifyCsrfToken->handle(Object(Illuminate\\Http\\Request), Object(Closure))
#25 /Users/aleksandr/projects/btf/vendor/laravel/framework/src/Illuminate/View/Middleware/ShareErrorsFromSession.php(49): Illuminate\\Pipeline\\Pipeline->Illuminate\\Pipeline\\{closure}(Object(Illuminate\\Http\\Request))
#26 /Users/aleksandr/projects/btf/vendor/laravel/framework/src/Illuminate/Pipeline/Pipeline.php(183): Illuminate\\View\\Middleware\\ShareErrorsFromSession->handle(Object(Illuminate\\Http\\Request), Object(Closure))
#27 /Users/aleksandr/projects/btf/vendor/laravel/framework/src/Illuminate/Session/Middleware/StartSession.php(121): Illuminate\\Pipeline\\Pipeline->Illuminate\\Pipeline\\{closure}(Object(Illuminate\\Http\\Request))
#28 /Users/aleksandr/projects/btf/vendor/laravel/framework/src/Illuminate/Session/Middleware/StartSession.php(64): Illuminate\\Session\\Middleware\\StartSession->handleStatefulRequest(Object(Illuminate\\Http\\Request), Object(Illuminate\\Session\\Store), Object(Closure))
#29 /Users/aleksandr/projects/btf/vendor/laravel/framework/src/Illuminate/Pipeline/Pipeline.php(183): Illuminate\\Session\\Middleware\\StartSession->handle(Object(Illuminate\\Http\\Request), Object(Closure))
#30 /Users/aleksandr/projects/btf/vendor/laravel/framework/src/Illuminate/Cookie/Middleware/AddQueuedCookiesToResponse.php(37): Illuminate\\Pipeline\\Pipeline->Illuminate\\Pipeline\\{closure}(Object(Illuminate\\Http\\Request))
#31 /Users/aleksandr/projects/btf/vendor/laravel/framework/src/Illuminate/Pipeline/Pipeline.php(183): Illuminate\\Cookie\\Middleware\\AddQueuedCookiesToResponse->handle(Object(Illuminate\\Http\\Request), Object(Closure))
#32 /Users/aleksandr/projects/btf/vendor/laravel/framework/src/Illuminate/Cookie/Middleware/EncryptCookies.php(75): Illuminate\\Pipeline\\Pipeline->Illuminate\\Pipeline\\{closure}(Object(Illuminate\\Http\\Request))
#33 /Users/aleksandr/projects/btf/vendor/laravel/framework/src/Illuminate/Pipeline/Pipeline.php(183): Illuminate\\Cookie\\Middleware\\EncryptCookies->handle(Object(Illuminate\\Http\\Request), Object(Closure))
#34 /Users/aleksandr/projects/btf/vendor/laravel/framework/src/Illuminate/Pipeline/Pipeline.php(119): Illuminate\\Pipeline\\Pipeline->Illuminate\\Pipeline\\{closure}(Object(Illuminate\\Http\\Request))
#35 /Users/aleksandr/projects/btf/vendor/laravel/framework/src/Illuminate/Routing/Router.php(805): Illuminate\\Pipeline\\Pipeline->then(Object(Closure))
#36 /Users/aleksandr/projects/btf/vendor/laravel/framework/src/Illuminate/Routing/Router.php(784): Illuminate\\Routing\\Router->runRouteWithinStack(Object(Illuminate\\Routing\\Route), Object(Illuminate\\Http\\Request))
#37 /Users/aleksandr/projects/btf/vendor/laravel/framework/src/Illuminate/Routing/Router.php(748): Illuminate\\Routing\\Router->runRoute(Object(Illuminate\\Http\\Request), Object(Illuminate\\Routing\\Route))
#38 /Users/aleksandr/projects/btf/vendor/laravel/framework/src/Illuminate/Routing/Router.php(737): Illuminate\\Routing\\Router->dispatchToRoute(Object(Illuminate\\Http\\Request))
#39 /Users/aleksandr/projects/btf/vendor/laravel/framework/src/Illuminate/Foundation/Http/Kernel.php(200): Illuminate\\Routing\\Router->dispatch(Object(Illuminate\\Http\\Request))
#40 /Users/aleksandr/projects/btf/vendor/laravel/framework/src/Illuminate/Pipeline/Pipeline.php(144): Illuminate\\Foundation\\Http\\Kernel->Illuminate\\Foundation\\Http\\{closure}(Object(Illuminate\\Http\\Request))
#41 /Users/aleksandr/projects/btf/vendor/barryvdh/laravel-debugbar/src/Middleware/InjectDebugbar.php(66): Illuminate\\Pipeline\\Pipeline->Illuminate\\Pipeline\\{closure}(Object(Illuminate\\Http\\Request))
#42 /Users/aleksandr/projects/btf/vendor/laravel/framework/src/Illuminate/Pipeline/Pipeline.php(183): Barryvdh\\Debugbar\\Middleware\\InjectDebugbar->handle(Object(Illuminate\\Http\\Request), Object(Closure))
#43 /Users/aleksandr/projects/btf/vendor/laravel/framework/src/Illuminate/Foundation/Http/Middleware/TransformsRequest.php(21): Illuminate\\Pipeline\\Pipeline->Illuminate\\Pipeline\\{closure}(Object(Illuminate\\Http\\Request))
#44 /Users/aleksandr/projects/btf/vendor/laravel/framework/src/Illuminate/Foundation/Http/Middleware/ConvertEmptyStringsToNull.php(31): Illuminate\\Foundation\\Http\\Middleware\\TransformsRequest->handle(Object(Illuminate\\Http\\Request), Object(Closure))
#45 /Users/aleksandr/projects/btf/vendor/laravel/framework/src/Illuminate/Pipeline/Pipeline.php(183): Illuminate\\Foundation\\Http\\Middleware\\ConvertEmptyStringsToNull->handle(Object(Illuminate\\Http\\Request), Object(Closure))
#46 /Users/aleksandr/projects/btf/vendor/laravel/framework/src/Illuminate/Foundation/Http/Middleware/TransformsRequest.php(21): Illuminate\\Pipeline\\Pipeline->Illuminate\\Pipeline\\{closure}(Object(Illuminate\\Http\\Request))
#47 /Users/aleksandr/projects/btf/vendor/laravel/framework/src/Illuminate/Foundation/Http/Middleware/TrimStrings.php(51): Illuminate\\Foundation\\Http\\Middleware\\TransformsRequest->handle(Object(Illuminate\\Http\\Request), Object(Closure))
#48 /Users/aleksandr/projects/btf/vendor/laravel/framework/src/Illuminate/Pipeline/Pipeline.php(183): Illuminate\\Foundation\\Http\\Middleware\\TrimStrings->handle(Object(Illuminate\\Http\\Request), Object(Closure))
#49 /Users/aleksandr/projects/btf/vendor/laravel/framework/src/Illuminate/Http/Middleware/ValidatePostSize.php(27): Illuminate\\Pipeline\\Pipeline->Illuminate\\Pipeline\\{closure}(Object(Illuminate\\Http\\Request))
#50 /Users/aleksandr/projects/btf/vendor/laravel/framework/src/Illuminate/Pipeline/Pipeline.php(183): Illuminate\\Http\\Middleware\\ValidatePostSize->handle(Object(Illuminate\\Http\\Request), Object(Closure))
#51 /Users/aleksandr/projects/btf/vendor/laravel/framework/src/Illuminate/Foundation/Http/Middleware/PreventRequestsDuringMaintenance.php(110): Illuminate\\Pipeline\\Pipeline->Illuminate\\Pipeline\\{closure}(Object(Illuminate\\Http\\Request))
#52 /Users/aleksandr/projects/btf/vendor/laravel/framework/src/Illuminate/Pipeline/Pipeline.php(183): Illuminate\\Foundation\\Http\\Middleware\\PreventRequestsDuringMaintenance->handle(Object(Illuminate\\Http\\Request), Object(Closure))
#53 /Users/aleksandr/projects/btf/vendor/laravel/framework/src/Illuminate/Http/Middleware/HandleCors.php(49): Illuminate\\Pipeline\\Pipeline->Illuminate\\Pipeline\\{closure}(Object(Illuminate\\Http\\Request))
#54 /Users/aleksandr/projects/btf/vendor/laravel/framework/src/Illuminate/Pipeline/Pipeline.php(183): Illuminate\\Http\\Middleware\\HandleCors->handle(Object(Illuminate\\Http\\Request), Object(Closure))
#55 /Users/aleksandr/projects/btf/vendor/laravel/framework/src/Illuminate/Http/Middleware/TrustProxies.php(57): Illuminate\\Pipeline\\Pipeline->Illuminate\\Pipeline\\{closure}(Object(Illuminate\\Http\\Request))
#56 /Users/aleksandr/projects/btf/vendor/laravel/framework/src/Illuminate/Pipeline/Pipeline.php(183): Illuminate\\Http\\Middleware\\TrustProxies->handle(Object(Illuminate\\Http\\Request), Object(Closure))
#57 /Users/aleksandr/projects/btf/vendor/laravel/framework/src/Illuminate/Pipeline/Pipeline.php(119): Illuminate\\Pipeline\\Pipeline->Illuminate\\Pipeline\\{closure}(Object(Illuminate\\Http\\Request))
#58 /Users/aleksandr/projects/btf/vendor/laravel/framework/src/Illuminate/Foundation/Http/Kernel.php(175): Illuminate\\Pipeline\\Pipeline->then(Object(Closure))
#59 /Users/aleksandr/projects/btf/vendor/laravel/framework/src/Illuminate/Foundation/Http/Kernel.php(144): Illuminate\\Foundation\\Http\\Kernel->sendRequestThroughRouter(Object(Illuminate\\Http\\Request))
#60 /Users/aleksandr/projects/btf/public/index.php(50): Illuminate\\Foundation\\Http\\Kernel->handle(Object(Illuminate\\Http\\Request))
#61 /Users/aleksandr/projects/btf/vendor/laravel/framework/src/Illuminate/Foundation/resources/server.php(16): require_once('/Users/aleksand...')
#62 {main}
"} 
[2025-04-19 10:29:26] production.ERROR: Unable to locate file in Vite manifest: resources/css/backend.css. {"view":{"view":"/Users/aleksandr/projects/btf/resources/views/layouts/backend.blade.php","data":{"your_ip":"<pre class=sf-dump id=sf-dump-526731232 data-indent-pad=\"  \">\"<span class=sf-dump-str title=\"13 characters\">192.168.0.102</span>\"
</pre><script>Sfdump(\"sf-dump-526731232\", {\"maxDepth\":3,\"maxStringLength\":160})</script>
","your_location":"<pre class=sf-dump id=sf-dump-1623724400 data-indent-pad=\"  \">\"<span class=sf-dump-str title=\"19 characters\">Kaliningrad, Russia</span>\"
</pre><script>Sfdump(\"sf-dump-1623724400\", {\"maxDepth\":3,\"maxStringLength\":160})</script>
","errors":"<pre class=sf-dump id=sf-dump-927814727 data-indent-pad=\"  \"><span class=sf-dump-note>Illuminate\\Support\\ViewErrorBag</span> {<a class=sf-dump-ref>#1976</a><samp data-depth=1 class=sf-dump-expanded>
  #<span class=sf-dump-protected title=\"Protected property\">bags</span>: []
</samp>}
</pre><script>Sfdump(\"sf-dump-927814727\", {\"maxDepth\":3,\"maxStringLength\":160})</script>
","settings":"<pre class=sf-dump id=sf-dump-2050852450 data-indent-pad=\"  \"><span class=sf-dump-note>array:12</span> [<samp data-depth=1 class=sf-dump-expanded>
  \"<span class=sf-dump-key>phone</span>\" => \"<span class=sf-dump-str title=\"12 characters\">+74012313143</span>\"
  \"<span class=sf-dump-key>address</span>\" => \"<span class=sf-dump-str title=\"46 characters\">&#1075;. &#1050;&#1072;&#1083;&#1080;&#1085;&#1080;&#1085;&#1075;&#1088;&#1072;&#1076;, &#1085;&#1072;&#1073;&#1077;&#1088;&#1077;&#1078;&#1085;&#1072;&#1103; &#1055;&#1088;&#1072;&#1074;&#1072;&#1103;, 10, &#1083;&#1080;&#1090;&#1077;&#1088; &#1042;</span>\"
  \"<span class=sf-dump-key>schedule</span>\" => \"<span class=sf-dump-str title=\"89 characters\">&#1055;&#1085;-&#1055;&#1090;: 09:00 - 18:00, &lt;br class=&quot;d-md-none&quot;&gt; &#1055;&#1077;&#1088;&#1077;&#1088;&#1099;&#1074;: 13:00 - 14:00 &lt;br&gt; &#1057;&#1073;, &#1042;&#1089;: &#1042;&#1099;&#1093;&#1086;&#1076;&#1085;&#1086;&#1081;</span>\"
  \"<span class=sf-dump-key>coords</span>\" => \"<span class=sf-dump-str title=\"19 characters\">54.947113,20.159578</span>\"
  \"<span class=sf-dump-key>sitename</span>\" => \"<span class=sf-dump-str title=\"27 characters\">&#1041;&#1072;&#1083;&#1090;&#1080;&#1081;&#1089;&#1082;&#1072;&#1103; &#1090;&#1072;&#1073;&#1072;&#1095;&#1085;&#1072;&#1103; &#1092;&#1072;&#1073;&#1088;&#1080;&#1082;&#1072;</span>\"
  \"<span class=sf-dump-key>email</span>\" => \"<span class=sf-dump-str title=\"20 characters\">sekretar-kd@btf39.su</span>\"
  \"<span class=sf-dump-key>phone2</span>\" => \"<span class=sf-dump-str title=\"12 characters\">+74012313143</span>\"
  \"<span class=sf-dump-key>mobile</span>\" => \"<span class=sf-dump-str title=\"12 characters\">+79114547331</span>\"
  \"<span class=sf-dump-key>brands_count</span>\" => \"<span class=sf-dump-str title=\"2 characters\">15</span>\"
  \"<span class=sf-dump-key>distributors_count</span>\" => \"<span class=sf-dump-str title=\"2 characters\">20</span>\"
  \"<span class=sf-dump-key>years_count</span>\" => \"<span class=sf-dump-str title=\"2 characters\">27</span>\"
  \"<span class=sf-dump-key>employees_count</span>\" => \"<span class=sf-dump-str title=\"3 characters\">245</span>\"
</samp>]
</pre><script>Sfdump(\"sf-dump-2050852450\", {\"maxDepth\":3,\"maxStringLength\":160})</script>
","currencySymbol":"<pre class=sf-dump id=sf-dump-967874909 data-indent-pad=\"  \">\"<span class=sf-dump-str title=\"2 characters\">&#1088;.</span>\"
</pre><script>Sfdump(\"sf-dump-967874909\", {\"maxDepth\":3,\"maxStringLength\":160})</script>
","currencies":"<pre class=sf-dump id=sf-dump-429282986 data-indent-pad=\"  \"><span class=sf-dump-note>array:3</span> [<samp data-depth=1 class=sf-dump-expanded>
  \"<span class=sf-dump-key>RUB</span>\" => <span class=sf-dump-note title=\"App\\Models\\Currency
\"><span class=\"sf-dump-ellipsis sf-dump-ellipsis-note\">App\\Models</span><span class=\"sf-dump-ellipsis sf-dump-ellipsis-note\">\\</span>Currency</span> {<a class=sf-dump-ref>#1998</a><samp data-depth=2 class=sf-dump-compact>
    #<span class=sf-dump-protected title=\"Protected property\">connection</span>: \"<span class=sf-dump-str title=\"5 characters\">mysql</span>\"
    #<span class=sf-dump-protected title=\"Protected property\">table</span>: \"<span class=sf-dump-str title=\"10 characters\">currencies</span>\"
    #<span class=sf-dump-protected title=\"Protected property\">primaryKey</span>: \"<span class=sf-dump-str title=\"2 characters\">id</span>\"
    #<span class=sf-dump-protected title=\"Protected property\">keyType</span>: \"<span class=sf-dump-str title=\"3 characters\">int</span>\"
    +<span class=sf-dump-public title=\"Public property\">incrementing</span>: <span class=sf-dump-const>true</span>
    #<span class=sf-dump-protected title=\"Protected property\">with</span>: []
    #<span class=sf-dump-protected title=\"Protected property\">withCount</span>: []
    +<span class=sf-dump-public title=\"Public property\">preventsLazyLoading</span>: <span class=sf-dump-const>false</span>
    #<span class=sf-dump-protected title=\"Protected property\">perPage</span>: <span class=sf-dump-num>15</span>
    +<span class=sf-dump-public title=\"Public property\">exists</span>: <span class=sf-dump-const>true</span>
    +<span class=sf-dump-public title=\"Public property\">wasRecentlyCreated</span>: <span class=sf-dump-const>false</span>
    #<span class=sf-dump-protected title=\"Protected property\">escapeWhenCastingToString</span>: <span class=sf-dump-const>false</span>
    #<span class=sf-dump-protected title=\"Protected property\">attributes</span>: <span class=sf-dump-note>array:8</span> [<samp data-depth=3 class=sf-dump-compact>
      \"<span class=sf-dump-key>id</span>\" => <span class=sf-dump-num>1</span>
      \"<span class=sf-dump-key>code</span>\" => \"<span class=sf-dump-str title=\"3 characters\">RUB</span>\"
      \"<span class=sf-dump-key>name</span>\" => \"<span class=sf-dump-str title=\"5 characters\">&#1056;&#1091;&#1073;&#1083;&#1080;</span>\"
      \"<span class=sf-dump-key>symbol</span>\" => \"<span class=sf-dump-str>&#8381;</span>\"
      \"<span class=sf-dump-key>is_main</span>\" => <span class=sf-dump-num>1</span>
      \"<span class=sf-dump-key>rate</span>\" => <span class=sf-dump-num>1.0</span>
      \"<span class=sf-dump-key>created_at</span>\" => <span class=sf-dump-const>null</span>
      \"<span class=sf-dump-key>updated_at</span>\" => \"<span class=sf-dump-str title=\"19 characters\">2024-03-31 12:06:01</span>\"
    </samp>]
    #<span class=sf-dump-protected title=\"Protected property\">original</span>: <span class=sf-dump-note>array:8</span> [<samp data-depth=3 class=sf-dump-compact>
      \"<span class=sf-dump-key>id</span>\" => <span class=sf-dump-num>1</span>
      \"<span class=sf-dump-key>code</span>\" => \"<span class=sf-dump-str title=\"3 characters\">RUB</span>\"
      \"<span class=sf-dump-key>name</span>\" => \"<span class=sf-dump-str title=\"5 characters\">&#1056;&#1091;&#1073;&#1083;&#1080;</span>\"
      \"<span class=sf-dump-key>symbol</span>\" => \"<span class=sf-dump-str>&#8381;</span>\"
      \"<span class=sf-dump-key>is_main</span>\" => <span class=sf-dump-num>1</span>
      \"<span class=sf-dump-key>rate</span>\" => <span class=sf-dump-num>1.0</span>
      \"<span class=sf-dump-key>created_at</span>\" => <span class=sf-dump-const>null</span>
      \"<span class=sf-dump-key>updated_at</span>\" => \"<span class=sf-dump-str title=\"19 characters\">2024-03-31 12:06:01</span>\"
    </samp>]
    #<span class=sf-dump-protected title=\"Protected property\">changes</span>: []
    #<span class=sf-dump-protected title=\"Protected property\">casts</span>: []
    #<span class=sf-dump-protected title=\"Protected property\">classCastCache</span>: []
    #<span class=sf-dump-protected title=\"Protected property\">attributeCastCache</span>: []
    #<span class=sf-dump-protected title=\"Protected property\">dateFormat</span>: <span class=sf-dump-const>null</span>
    #<span class=sf-dump-protected title=\"Protected property\">appends</span>: []
    #<span class=sf-dump-protected title=\"Protected property\">dispatchesEvents</span>: []
    #<span class=sf-dump-protected title=\"Protected property\">observables</span>: []
    #<span class=sf-dump-protected title=\"Protected property\">relations</span>: []
    #<span class=sf-dump-protected title=\"Protected property\">touches</span>: []
    +<span class=sf-dump-public title=\"Public property\">timestamps</span>: <span class=sf-dump-const>true</span>
    +<span class=sf-dump-public title=\"Public property\">usesUniqueIds</span>: <span class=sf-dump-const>false</span>
    #<span class=sf-dump-protected title=\"Protected property\">hidden</span>: []
    #<span class=sf-dump-protected title=\"Protected property\">visible</span>: []
    #<span class=sf-dump-protected title=\"Protected property\">fillable</span>: <span class=sf-dump-note>array:1</span> [<samp data-depth=3 class=sf-dump-compact>
      <span class=sf-dump-index>0</span> => \"<span class=sf-dump-str title=\"4 characters\">rate</span>\"
    </samp>]
    #<span class=sf-dump-protected title=\"Protected property\">guarded</span>: <span class=sf-dump-note>array:1</span> [<samp data-depth=3 class=sf-dump-compact>
      <span class=sf-dump-index>0</span> => \"<span class=sf-dump-str>*</span>\"
    </samp>]
  </samp>}
  \"<span class=sf-dump-key>USD</span>\" => <span class=sf-dump-note title=\"App\\Models\\Currency
\"><span class=\"sf-dump-ellipsis sf-dump-ellipsis-note\">App\\Models</span><span class=\"sf-dump-ellipsis sf-dump-ellipsis-note\">\\</span>Currency</span> {<a class=sf-dump-ref>#2039</a><samp data-depth=2 class=sf-dump-compact>
    #<span class=sf-dump-protected title=\"Protected property\">connection</span>: \"<span class=sf-dump-str title=\"5 characters\">mysql</span>\"
    #<span class=sf-dump-protected title=\"Protected property\">table</span>: \"<span class=sf-dump-str title=\"10 characters\">currencies</span>\"
    #<span class=sf-dump-protected title=\"Protected property\">primaryKey</span>: \"<span class=sf-dump-str title=\"2 characters\">id</span>\"
    #<span class=sf-dump-protected title=\"Protected property\">keyType</span>: \"<span class=sf-dump-str title=\"3 characters\">int</span>\"
    +<span class=sf-dump-public title=\"Public property\">incrementing</span>: <span class=sf-dump-const>true</span>
    #<span class=sf-dump-protected title=\"Protected property\">with</span>: []
    #<span class=sf-dump-protected title=\"Protected property\">withCount</span>: []
    +<span class=sf-dump-public title=\"Public property\">preventsLazyLoading</span>: <span class=sf-dump-const>false</span>
    #<span class=sf-dump-protected title=\"Protected property\">perPage</span>: <span class=sf-dump-num>15</span>
    +<span class=sf-dump-public title=\"Public property\">exists</span>: <span class=sf-dump-const>true</span>
    +<span class=sf-dump-public title=\"Public property\">wasRecentlyCreated</span>: <span class=sf-dump-const>false</span>
    #<span class=sf-dump-protected title=\"Protected property\">escapeWhenCastingToString</span>: <span class=sf-dump-const>false</span>
    #<span class=sf-dump-protected title=\"Protected property\">attributes</span>: <span class=sf-dump-note>array:8</span> [<samp data-depth=3 class=sf-dump-compact>
      \"<span class=sf-dump-key>id</span>\" => <span class=sf-dump-num>2</span>
      \"<span class=sf-dump-key>code</span>\" => \"<span class=sf-dump-str title=\"3 characters\">USD</span>\"
      \"<span class=sf-dump-key>name</span>\" => \"<span class=sf-dump-str title=\"7 characters\">&#1044;&#1086;&#1083;&#1083;&#1072;&#1088;&#1099;</span>\"
      \"<span class=sf-dump-key>symbol</span>\" => \"<span class=sf-dump-str>$</span>\"
      \"<span class=sf-dump-key>is_main</span>\" => <span class=sf-dump-num>0</span>
      \"<span class=sf-dump-key>rate</span>\" => <span class=sf-dump-num>0.0108019931</span>
      \"<span class=sf-dump-key>created_at</span>\" => <span class=sf-dump-const>null</span>
      \"<span class=sf-dump-key>updated_at</span>\" => \"<span class=sf-dump-str title=\"19 characters\">2024-03-31 12:56:29</span>\"
    </samp>]
    #<span class=sf-dump-protected title=\"Protected property\">original</span>: <span class=sf-dump-note>array:8</span> [<samp data-depth=3 class=sf-dump-compact>
      \"<span class=sf-dump-key>id</span>\" => <span class=sf-dump-num>2</span>
      \"<span class=sf-dump-key>code</span>\" => \"<span class=sf-dump-str title=\"3 characters\">USD</span>\"
      \"<span class=sf-dump-key>name</span>\" => \"<span class=sf-dump-str title=\"7 characters\">&#1044;&#1086;&#1083;&#1083;&#1072;&#1088;&#1099;</span>\"
      \"<span class=sf-dump-key>symbol</span>\" => \"<span class=sf-dump-str>$</span>\"
      \"<span class=sf-dump-key>is_main</span>\" => <span class=sf-dump-num>0</span>
      \"<span class=sf-dump-key>rate</span>\" => <span class=sf-dump-num>0.0108019931</span>
      \"<span class=sf-dump-key>created_at</span>\" => <span class=sf-dump-const>null</span>
      \"<span class=sf-dump-key>updated_at</span>\" => \"<span class=sf-dump-str title=\"19 characters\">2024-03-31 12:56:29</span>\"
    </samp>]
    #<span class=sf-dump-protected title=\"Protected property\">changes</span>: []
    #<span class=sf-dump-protected title=\"Protected property\">casts</span>: []
    #<span class=sf-dump-protected title=\"Protected property\">classCastCache</span>: []
    #<span class=sf-dump-protected title=\"Protected property\">attributeCastCache</span>: []
    #<span class=sf-dump-protected title=\"Protected property\">dateFormat</span>: <span class=sf-dump-const>null</span>
    #<span class=sf-dump-protected title=\"Protected property\">appends</span>: []
    #<span class=sf-dump-protected title=\"Protected property\">dispatchesEvents</span>: []
    #<span class=sf-dump-protected title=\"Protected property\">observables</span>: []
    #<span class=sf-dump-protected title=\"Protected property\">relations</span>: []
    #<span class=sf-dump-protected title=\"Protected property\">touches</span>: []
    +<span class=sf-dump-public title=\"Public property\">timestamps</span>: <span class=sf-dump-const>true</span>
    +<span class=sf-dump-public title=\"Public property\">usesUniqueIds</span>: <span class=sf-dump-const>false</span>
    #<span class=sf-dump-protected title=\"Protected property\">hidden</span>: []
    #<span class=sf-dump-protected title=\"Protected property\">visible</span>: []
    #<span class=sf-dump-protected title=\"Protected property\">fillable</span>: <span class=sf-dump-note>array:1</span> [<samp data-depth=3 class=sf-dump-compact>
      <span class=sf-dump-index>0</span> => \"<span class=sf-dump-str title=\"4 characters\">rate</span>\"
    </samp>]
    #<span class=sf-dump-protected title=\"Protected property\">guarded</span>: <span class=sf-dump-note>array:1</span> [<samp data-depth=3 class=sf-dump-compact>
      <span class=sf-dump-index>0</span> => \"<span class=sf-dump-str>*</span>\"
    </samp>]
  </samp>}
  \"<span class=sf-dump-key>EUR</span>\" => <span class=sf-dump-note title=\"App\\Models\\Currency
\"><span class=\"sf-dump-ellipsis sf-dump-ellipsis-note\">App\\Models</span><span class=\"sf-dump-ellipsis sf-dump-ellipsis-note\">\\</span>Currency</span> {<a class=sf-dump-ref>#2038</a><samp data-depth=2 class=sf-dump-compact>
    #<span class=sf-dump-protected title=\"Protected property\">connection</span>: \"<span class=sf-dump-str title=\"5 characters\">mysql</span>\"
    #<span class=sf-dump-protected title=\"Protected property\">table</span>: \"<span class=sf-dump-str title=\"10 characters\">currencies</span>\"
    #<span class=sf-dump-protected title=\"Protected property\">primaryKey</span>: \"<span class=sf-dump-str title=\"2 characters\">id</span>\"
    #<span class=sf-dump-protected title=\"Protected property\">keyType</span>: \"<span class=sf-dump-str title=\"3 characters\">int</span>\"
    +<span class=sf-dump-public title=\"Public property\">incrementing</span>: <span class=sf-dump-const>true</span>
    #<span class=sf-dump-protected title=\"Protected property\">with</span>: []
    #<span class=sf-dump-protected title=\"Protected property\">withCount</span>: []
    +<span class=sf-dump-public title=\"Public property\">preventsLazyLoading</span>: <span class=sf-dump-const>false</span>
    #<span class=sf-dump-protected title=\"Protected property\">perPage</span>: <span class=sf-dump-num>15</span>
    +<span class=sf-dump-public title=\"Public property\">exists</span>: <span class=sf-dump-const>true</span>
    +<span class=sf-dump-public title=\"Public property\">wasRecentlyCreated</span>: <span class=sf-dump-const>false</span>
    #<span class=sf-dump-protected title=\"Protected property\">escapeWhenCastingToString</span>: <span class=sf-dump-const>false</span>
    #<span class=sf-dump-protected title=\"Protected property\">attributes</span>: <span class=sf-dump-note>array:8</span> [<samp data-depth=3 class=sf-dump-compact>
      \"<span class=sf-dump-key>id</span>\" => <span class=sf-dump-num>3</span>
      \"<span class=sf-dump-key>code</span>\" => \"<span class=sf-dump-str title=\"3 characters\">EUR</span>\"
      \"<span class=sf-dump-key>name</span>\" => \"<span class=sf-dump-str title=\"4 characters\">&#1045;&#1074;&#1088;&#1086;</span>\"
      \"<span class=sf-dump-key>symbol</span>\" => \"<span class=sf-dump-str>&#8364;</span>\"
      \"<span class=sf-dump-key>is_main</span>\" => <span class=sf-dump-num>0</span>
      \"<span class=sf-dump-key>rate</span>\" => <span class=sf-dump-num>0.0100045918</span>
      \"<span class=sf-dump-key>created_at</span>\" => <span class=sf-dump-const>null</span>
      \"<span class=sf-dump-key>updated_at</span>\" => \"<span class=sf-dump-str title=\"19 characters\">2024-03-31 12:56:29</span>\"
    </samp>]
    #<span class=sf-dump-protected title=\"Protected property\">original</span>: <span class=sf-dump-note>array:8</span> [<samp data-depth=3 class=sf-dump-compact>
      \"<span class=sf-dump-key>id</span>\" => <span class=sf-dump-num>3</span>
      \"<span class=sf-dump-key>code</span>\" => \"<span class=sf-dump-str title=\"3 characters\">EUR</span>\"
      \"<span class=sf-dump-key>name</span>\" => \"<span class=sf-dump-str title=\"4 characters\">&#1045;&#1074;&#1088;&#1086;</span>\"
      \"<span class=sf-dump-key>symbol</span>\" => \"<span class=sf-dump-str>&#8364;</span>\"
      \"<span class=sf-dump-key>is_main</span>\" => <span class=sf-dump-num>0</span>
      \"<span class=sf-dump-key>rate</span>\" => <span class=sf-dump-num>0.0100045918</span>
      \"<span class=sf-dump-key>created_at</span>\" => <span class=sf-dump-const>null</span>
      \"<span class=sf-dump-key>updated_at</span>\" => \"<span class=sf-dump-str title=\"19 characters\">2024-03-31 12:56:29</span>\"
    </samp>]
    #<span class=sf-dump-protected title=\"Protected property\">changes</span>: []
    #<span class=sf-dump-protected title=\"Protected property\">casts</span>: []
    #<span class=sf-dump-protected title=\"Protected property\">classCastCache</span>: []
    #<span class=sf-dump-protected title=\"Protected property\">attributeCastCache</span>: []
    #<span class=sf-dump-protected title=\"Protected property\">dateFormat</span>: <span class=sf-dump-const>null</span>
    #<span class=sf-dump-protected title=\"Protected property\">appends</span>: []
    #<span class=sf-dump-protected title=\"Protected property\">dispatchesEvents</span>: []
    #<span class=sf-dump-protected title=\"Protected property\">observables</span>: []
    #<span class=sf-dump-protected title=\"Protected property\">relations</span>: []
    #<span class=sf-dump-protected title=\"Protected property\">touches</span>: []
    +<span class=sf-dump-public title=\"Public property\">timestamps</span>: <span class=sf-dump-const>true</span>
    +<span class=sf-dump-public title=\"Public property\">usesUniqueIds</span>: <span class=sf-dump-const>false</span>
    #<span class=sf-dump-protected title=\"Protected property\">hidden</span>: []
    #<span class=sf-dump-protected title=\"Protected property\">visible</span>: []
    #<span class=sf-dump-protected title=\"Protected property\">fillable</span>: <span class=sf-dump-note>array:1</span> [<samp data-depth=3 class=sf-dump-compact>
      <span class=sf-dump-index>0</span> => \"<span class=sf-dump-str title=\"4 characters\">rate</span>\"
    </samp>]
    #<span class=sf-dump-protected title=\"Protected property\">guarded</span>: <span class=sf-dump-note>array:1</span> [<samp data-depth=3 class=sf-dump-compact>
      <span class=sf-dump-index>0</span> => \"<span class=sf-dump-str>*</span>\"
    </samp>]
  </samp>}
</samp>]
</pre><script>Sfdump(\"sf-dump-429282986\", {\"maxDepth\":3,\"maxStringLength\":160})</script>
"}},"exception":"[object] (Spatie\\LaravelIgnition\\Exceptions\\ViewException(code: 0): Unable to locate file in Vite manifest: resources/css/backend.css. at /Users/aleksandr/projects/btf/vendor/laravel/framework/src/Illuminate/Foundation/Vite.php:781)
[stacktrace]
#0 /Users/aleksandr/projects/btf/vendor/laravel/framework/src/Illuminate/Foundation/Vite.php(299): Illuminate\\Foundation\\Vite->chunk(Array, 'resources/css/b...')
#1 /Users/aleksandr/projects/btf/resources/views/layouts/backend.blade.php(197): Illuminate\\Foundation\\Vite->__invoke(Object(Illuminate\\Support\\Collection))
#2 /Users/aleksandr/projects/btf/vendor/laravel/framework/src/Illuminate/Filesystem/Filesystem.php(123): require('/Users/aleksand...')
#3 /Users/aleksandr/projects/btf/vendor/laravel/framework/src/Illuminate/Filesystem/Filesystem.php(124): Illuminate\\Filesystem\\Filesystem::Illuminate\\Filesystem\\{closure}()
#4 /Users/aleksandr/projects/btf/vendor/laravel/framework/src/Illuminate/View/Engines/PhpEngine.php(58): Illuminate\\Filesystem\\Filesystem->getRequire('/Users/aleksand...', Array)
#5 /Users/aleksandr/projects/btf/vendor/laravel/framework/src/Illuminate/View/Engines/CompilerEngine.php(73): Illuminate\\View\\Engines\\PhpEngine->evaluatePath('/Users/aleksand...', Array)
#6 /Users/aleksandr/projects/btf/vendor/laravel/framework/src/Illuminate/View/View.php(208): Illuminate\\View\\Engines\\CompilerEngine->get('/Users/aleksand...', Array)
#7 /Users/aleksandr/projects/btf/vendor/laravel/framework/src/Illuminate/View/View.php(191): Illuminate\\View\\View->getContents()
#8 /Users/aleksandr/projects/btf/vendor/laravel/framework/src/Illuminate/View/View.php(160): Illuminate\\View\\View->renderContents()
#9 /Users/aleksandr/projects/btf/vendor/laravel/framework/src/Illuminate/Http/Response.php(70): Illuminate\\View\\View->render()
#10 /Users/aleksandr/projects/btf/vendor/laravel/framework/src/Illuminate/Http/Response.php(35): Illuminate\\Http\\Response->setContent(Object(Illuminate\\View\\View))
#11 /Users/aleksandr/projects/btf/vendor/laravel/framework/src/Illuminate/Routing/Router.php(918): Illuminate\\Http\\Response->__construct(Object(Illuminate\\View\\View), 200, Array)
#12 /Users/aleksandr/projects/btf/vendor/laravel/framework/src/Illuminate/Routing/Router.php(885): Illuminate\\Routing\\Router::toResponse(Object(Illuminate\\Http\\Request), Object(Illuminate\\View\\View))
#13 /Users/aleksandr/projects/btf/vendor/laravel/framework/src/Illuminate/Routing/Router.php(805): Illuminate\\Routing\\Router->prepareResponse(Object(Illuminate\\Http\\Request), Object(Illuminate\\View\\View))
#14 /Users/aleksandr/projects/btf/vendor/laravel/framework/src/Illuminate/Pipeline/Pipeline.php(144): Illuminate\\Routing\\Router->Illuminate\\Routing\\{closure}(Object(Illuminate\\Http\\Request))
#15 /Users/aleksandr/projects/btf/app/Http/Middleware/UserActivity.php(20): Illuminate\\Pipeline\\Pipeline->Illuminate\\Pipeline\\{closure}(Object(Illuminate\\Http\\Request))
#16 /Users/aleksandr/projects/btf/vendor/laravel/framework/src/Illuminate/Pipeline/Pipeline.php(183): App\\Http\\Middleware\\UserActivity->handle(Object(Illuminate\\Http\\Request), Object(Closure))
#17 /Users/aleksandr/projects/btf/app/Http/Middleware/SetLocale.php(51): Illuminate\\Pipeline\\Pipeline->Illuminate\\Pipeline\\{closure}(Object(Illuminate\\Http\\Request))
#18 /Users/aleksandr/projects/btf/vendor/laravel/framework/src/Illuminate/Pipeline/Pipeline.php(183): App\\Http\\Middleware\\SetLocale->handle(Object(Illuminate\\Http\\Request), Object(Closure))
#19 /Users/aleksandr/projects/btf/vendor/erlandmuchasaj/laravel-gzip/src/Middleware/GzipEncodeResponse.php(19): Illuminate\\Pipeline\\Pipeline->Illuminate\\Pipeline\\{closure}(Object(Illuminate\\Http\\Request))
#20 /Users/aleksandr/projects/btf/vendor/laravel/framework/src/Illuminate/Pipeline/Pipeline.php(183): ErlandMuchasaj\\LaravelGzip\\Middleware\\GzipEncodeResponse->handle(Object(Illuminate\\Http\\Request), Object(Closure))
#21 /Users/aleksandr/projects/btf/vendor/laravel/framework/src/Illuminate/Routing/Middleware/SubstituteBindings.php(50): Illuminate\\Pipeline\\Pipeline->Illuminate\\Pipeline\\{closure}(Object(Illuminate\\Http\\Request))
#22 /Users/aleksandr/projects/btf/vendor/laravel/framework/src/Illuminate/Pipeline/Pipeline.php(183): Illuminate\\Routing\\Middleware\\SubstituteBindings->handle(Object(Illuminate\\Http\\Request), Object(Closure))
#23 /Users/aleksandr/projects/btf/vendor/laravel/framework/src/Illuminate/Foundation/Http/Middleware/VerifyCsrfToken.php(88): Illuminate\\Pipeline\\Pipeline->Illuminate\\Pipeline\\{closure}(Object(Illuminate\\Http\\Request))
#24 /Users/aleksandr/projects/btf/vendor/laravel/framework/src/Illuminate/Pipeline/Pipeline.php(183): Illuminate\\Foundation\\Http\\Middleware\\VerifyCsrfToken->handle(Object(Illuminate\\Http\\Request), Object(Closure))
#25 /Users/aleksandr/projects/btf/vendor/laravel/framework/src/Illuminate/View/Middleware/ShareErrorsFromSession.php(49): Illuminate\\Pipeline\\Pipeline->Illuminate\\Pipeline\\{closure}(Object(Illuminate\\Http\\Request))
#26 /Users/aleksandr/projects/btf/vendor/laravel/framework/src/Illuminate/Pipeline/Pipeline.php(183): Illuminate\\View\\Middleware\\ShareErrorsFromSession->handle(Object(Illuminate\\Http\\Request), Object(Closure))
#27 /Users/aleksandr/projects/btf/vendor/laravel/framework/src/Illuminate/Session/Middleware/StartSession.php(121): Illuminate\\Pipeline\\Pipeline->Illuminate\\Pipeline\\{closure}(Object(Illuminate\\Http\\Request))
#28 /Users/aleksandr/projects/btf/vendor/laravel/framework/src/Illuminate/Session/Middleware/StartSession.php(64): Illuminate\\Session\\Middleware\\StartSession->handleStatefulRequest(Object(Illuminate\\Http\\Request), Object(Illuminate\\Session\\Store), Object(Closure))
#29 /Users/aleksandr/projects/btf/vendor/laravel/framework/src/Illuminate/Pipeline/Pipeline.php(183): Illuminate\\Session\\Middleware\\StartSession->handle(Object(Illuminate\\Http\\Request), Object(Closure))
#30 /Users/aleksandr/projects/btf/vendor/laravel/framework/src/Illuminate/Cookie/Middleware/AddQueuedCookiesToResponse.php(37): Illuminate\\Pipeline\\Pipeline->Illuminate\\Pipeline\\{closure}(Object(Illuminate\\Http\\Request))
#31 /Users/aleksandr/projects/btf/vendor/laravel/framework/src/Illuminate/Pipeline/Pipeline.php(183): Illuminate\\Cookie\\Middleware\\AddQueuedCookiesToResponse->handle(Object(Illuminate\\Http\\Request), Object(Closure))
#32 /Users/aleksandr/projects/btf/vendor/laravel/framework/src/Illuminate/Cookie/Middleware/EncryptCookies.php(75): Illuminate\\Pipeline\\Pipeline->Illuminate\\Pipeline\\{closure}(Object(Illuminate\\Http\\Request))
#33 /Users/aleksandr/projects/btf/vendor/laravel/framework/src/Illuminate/Pipeline/Pipeline.php(183): Illuminate\\Cookie\\Middleware\\EncryptCookies->handle(Object(Illuminate\\Http\\Request), Object(Closure))
#34 /Users/aleksandr/projects/btf/vendor/laravel/framework/src/Illuminate/Pipeline/Pipeline.php(119): Illuminate\\Pipeline\\Pipeline->Illuminate\\Pipeline\\{closure}(Object(Illuminate\\Http\\Request))
#35 /Users/aleksandr/projects/btf/vendor/laravel/framework/src/Illuminate/Routing/Router.php(805): Illuminate\\Pipeline\\Pipeline->then(Object(Closure))
#36 /Users/aleksandr/projects/btf/vendor/laravel/framework/src/Illuminate/Routing/Router.php(784): Illuminate\\Routing\\Router->runRouteWithinStack(Object(Illuminate\\Routing\\Route), Object(Illuminate\\Http\\Request))
#37 /Users/aleksandr/projects/btf/vendor/laravel/framework/src/Illuminate/Routing/Router.php(748): Illuminate\\Routing\\Router->runRoute(Object(Illuminate\\Http\\Request), Object(Illuminate\\Routing\\Route))
#38 /Users/aleksandr/projects/btf/vendor/laravel/framework/src/Illuminate/Routing/Router.php(737): Illuminate\\Routing\\Router->dispatchToRoute(Object(Illuminate\\Http\\Request))
#39 /Users/aleksandr/projects/btf/vendor/laravel/framework/src/Illuminate/Foundation/Http/Kernel.php(200): Illuminate\\Routing\\Router->dispatch(Object(Illuminate\\Http\\Request))
#40 /Users/aleksandr/projects/btf/vendor/laravel/framework/src/Illuminate/Pipeline/Pipeline.php(144): Illuminate\\Foundation\\Http\\Kernel->Illuminate\\Foundation\\Http\\{closure}(Object(Illuminate\\Http\\Request))
#41 /Users/aleksandr/projects/btf/vendor/barryvdh/laravel-debugbar/src/Middleware/InjectDebugbar.php(66): Illuminate\\Pipeline\\Pipeline->Illuminate\\Pipeline\\{closure}(Object(Illuminate\\Http\\Request))
#42 /Users/aleksandr/projects/btf/vendor/laravel/framework/src/Illuminate/Pipeline/Pipeline.php(183): Barryvdh\\Debugbar\\Middleware\\InjectDebugbar->handle(Object(Illuminate\\Http\\Request), Object(Closure))
#43 /Users/aleksandr/projects/btf/vendor/laravel/framework/src/Illuminate/Foundation/Http/Middleware/TransformsRequest.php(21): Illuminate\\Pipeline\\Pipeline->Illuminate\\Pipeline\\{closure}(Object(Illuminate\\Http\\Request))
#44 /Users/aleksandr/projects/btf/vendor/laravel/framework/src/Illuminate/Foundation/Http/Middleware/ConvertEmptyStringsToNull.php(31): Illuminate\\Foundation\\Http\\Middleware\\TransformsRequest->handle(Object(Illuminate\\Http\\Request), Object(Closure))
#45 /Users/aleksandr/projects/btf/vendor/laravel/framework/src/Illuminate/Pipeline/Pipeline.php(183): Illuminate\\Foundation\\Http\\Middleware\\ConvertEmptyStringsToNull->handle(Object(Illuminate\\Http\\Request), Object(Closure))
#46 /Users/aleksandr/projects/btf/vendor/laravel/framework/src/Illuminate/Foundation/Http/Middleware/TransformsRequest.php(21): Illuminate\\Pipeline\\Pipeline->Illuminate\\Pipeline\\{closure}(Object(Illuminate\\Http\\Request))
#47 /Users/aleksandr/projects/btf/vendor/laravel/framework/src/Illuminate/Foundation/Http/Middleware/TrimStrings.php(51): Illuminate\\Foundation\\Http\\Middleware\\TransformsRequest->handle(Object(Illuminate\\Http\\Request), Object(Closure))
#48 /Users/aleksandr/projects/btf/vendor/laravel/framework/src/Illuminate/Pipeline/Pipeline.php(183): Illuminate\\Foundation\\Http\\Middleware\\TrimStrings->handle(Object(Illuminate\\Http\\Request), Object(Closure))
#49 /Users/aleksandr/projects/btf/vendor/laravel/framework/src/Illuminate/Http/Middleware/ValidatePostSize.php(27): Illuminate\\Pipeline\\Pipeline->Illuminate\\Pipeline\\{closure}(Object(Illuminate\\Http\\Request))
#50 /Users/aleksandr/projects/btf/vendor/laravel/framework/src/Illuminate/Pipeline/Pipeline.php(183): Illuminate\\Http\\Middleware\\ValidatePostSize->handle(Object(Illuminate\\Http\\Request), Object(Closure))
#51 /Users/aleksandr/projects/btf/vendor/laravel/framework/src/Illuminate/Foundation/Http/Middleware/PreventRequestsDuringMaintenance.php(110): Illuminate\\Pipeline\\Pipeline->Illuminate\\Pipeline\\{closure}(Object(Illuminate\\Http\\Request))
#52 /Users/aleksandr/projects/btf/vendor/laravel/framework/src/Illuminate/Pipeline/Pipeline.php(183): Illuminate\\Foundation\\Http\\Middleware\\PreventRequestsDuringMaintenance->handle(Object(Illuminate\\Http\\Request), Object(Closure))
#53 /Users/aleksandr/projects/btf/vendor/laravel/framework/src/Illuminate/Http/Middleware/HandleCors.php(49): Illuminate\\Pipeline\\Pipeline->Illuminate\\Pipeline\\{closure}(Object(Illuminate\\Http\\Request))
#54 /Users/aleksandr/projects/btf/vendor/laravel/framework/src/Illuminate/Pipeline/Pipeline.php(183): Illuminate\\Http\\Middleware\\HandleCors->handle(Object(Illuminate\\Http\\Request), Object(Closure))
#55 /Users/aleksandr/projects/btf/vendor/laravel/framework/src/Illuminate/Http/Middleware/TrustProxies.php(57): Illuminate\\Pipeline\\Pipeline->Illuminate\\Pipeline\\{closure}(Object(Illuminate\\Http\\Request))
#56 /Users/aleksandr/projects/btf/vendor/laravel/framework/src/Illuminate/Pipeline/Pipeline.php(183): Illuminate\\Http\\Middleware\\TrustProxies->handle(Object(Illuminate\\Http\\Request), Object(Closure))
#57 /Users/aleksandr/projects/btf/vendor/laravel/framework/src/Illuminate/Pipeline/Pipeline.php(119): Illuminate\\Pipeline\\Pipeline->Illuminate\\Pipeline\\{closure}(Object(Illuminate\\Http\\Request))
#58 /Users/aleksandr/projects/btf/vendor/laravel/framework/src/Illuminate/Foundation/Http/Kernel.php(175): Illuminate\\Pipeline\\Pipeline->then(Object(Closure))
#59 /Users/aleksandr/projects/btf/vendor/laravel/framework/src/Illuminate/Foundation/Http/Kernel.php(144): Illuminate\\Foundation\\Http\\Kernel->sendRequestThroughRouter(Object(Illuminate\\Http\\Request))
#60 /Users/aleksandr/projects/btf/public/index.php(50): Illuminate\\Foundation\\Http\\Kernel->handle(Object(Illuminate\\Http\\Request))
#61 /Users/aleksandr/projects/btf/vendor/laravel/framework/src/Illuminate/Foundation/resources/server.php(16): require_once('/Users/aleksand...')
#62 {main}

[previous exception] [object] (Exception(code: 0): Unable to locate file in Vite manifest: resources/css/backend.css. at /Users/aleksandr/projects/btf/vendor/laravel/framework/src/Illuminate/Foundation/Vite.php:781)
[stacktrace]
#0 /Users/aleksandr/projects/btf/vendor/laravel/framework/src/Illuminate/Foundation/Vite.php(299): Illuminate\\Foundation\\Vite->chunk(Array, 'resources/css/b...')
#1 /Users/aleksandr/projects/btf/storage/framework/views/4980babb759d16821e0ecd88a147fe79.php(197): Illuminate\\Foundation\\Vite->__invoke(Object(Illuminate\\Support\\Collection))
#2 /Users/aleksandr/projects/btf/vendor/laravel/framework/src/Illuminate/Filesystem/Filesystem.php(123): require('/Users/aleksand...')
#3 /Users/aleksandr/projects/btf/vendor/laravel/framework/src/Illuminate/Filesystem/Filesystem.php(124): Illuminate\\Filesystem\\Filesystem::Illuminate\\Filesystem\\{closure}()
#4 /Users/aleksandr/projects/btf/vendor/laravel/framework/src/Illuminate/View/Engines/PhpEngine.php(58): Illuminate\\Filesystem\\Filesystem->getRequire('/Users/aleksand...', Array)
#5 /Users/aleksandr/projects/btf/vendor/laravel/framework/src/Illuminate/View/Engines/CompilerEngine.php(73): Illuminate\\View\\Engines\\PhpEngine->evaluatePath('/Users/aleksand...', Array)
#6 /Users/aleksandr/projects/btf/vendor/laravel/framework/src/Illuminate/View/View.php(208): Illuminate\\View\\Engines\\CompilerEngine->get('/Users/aleksand...', Array)
#7 /Users/aleksandr/projects/btf/vendor/laravel/framework/src/Illuminate/View/View.php(191): Illuminate\\View\\View->getContents()
#8 /Users/aleksandr/projects/btf/vendor/laravel/framework/src/Illuminate/View/View.php(160): Illuminate\\View\\View->renderContents()
#9 /Users/aleksandr/projects/btf/vendor/laravel/framework/src/Illuminate/Http/Response.php(70): Illuminate\\View\\View->render()
#10 /Users/aleksandr/projects/btf/vendor/laravel/framework/src/Illuminate/Http/Response.php(35): Illuminate\\Http\\Response->setContent(Object(Illuminate\\View\\View))
#11 /Users/aleksandr/projects/btf/vendor/laravel/framework/src/Illuminate/Routing/Router.php(918): Illuminate\\Http\\Response->__construct(Object(Illuminate\\View\\View), 200, Array)
#12 /Users/aleksandr/projects/btf/vendor/laravel/framework/src/Illuminate/Routing/Router.php(885): Illuminate\\Routing\\Router::toResponse(Object(Illuminate\\Http\\Request), Object(Illuminate\\View\\View))
#13 /Users/aleksandr/projects/btf/vendor/laravel/framework/src/Illuminate/Routing/Router.php(805): Illuminate\\Routing\\Router->prepareResponse(Object(Illuminate\\Http\\Request), Object(Illuminate\\View\\View))
#14 /Users/aleksandr/projects/btf/vendor/laravel/framework/src/Illuminate/Pipeline/Pipeline.php(144): Illuminate\\Routing\\Router->Illuminate\\Routing\\{closure}(Object(Illuminate\\Http\\Request))
#15 /Users/aleksandr/projects/btf/app/Http/Middleware/UserActivity.php(20): Illuminate\\Pipeline\\Pipeline->Illuminate\\Pipeline\\{closure}(Object(Illuminate\\Http\\Request))
#16 /Users/aleksandr/projects/btf/vendor/laravel/framework/src/Illuminate/Pipeline/Pipeline.php(183): App\\Http\\Middleware\\UserActivity->handle(Object(Illuminate\\Http\\Request), Object(Closure))
#17 /Users/aleksandr/projects/btf/app/Http/Middleware/SetLocale.php(51): Illuminate\\Pipeline\\Pipeline->Illuminate\\Pipeline\\{closure}(Object(Illuminate\\Http\\Request))
#18 /Users/aleksandr/projects/btf/vendor/laravel/framework/src/Illuminate/Pipeline/Pipeline.php(183): App\\Http\\Middleware\\SetLocale->handle(Object(Illuminate\\Http\\Request), Object(Closure))
#19 /Users/aleksandr/projects/btf/vendor/erlandmuchasaj/laravel-gzip/src/Middleware/GzipEncodeResponse.php(19): Illuminate\\Pipeline\\Pipeline->Illuminate\\Pipeline\\{closure}(Object(Illuminate\\Http\\Request))
#20 /Users/aleksandr/projects/btf/vendor/laravel/framework/src/Illuminate/Pipeline/Pipeline.php(183): ErlandMuchasaj\\LaravelGzip\\Middleware\\GzipEncodeResponse->handle(Object(Illuminate\\Http\\Request), Object(Closure))
#21 /Users/aleksandr/projects/btf/vendor/laravel/framework/src/Illuminate/Routing/Middleware/SubstituteBindings.php(50): Illuminate\\Pipeline\\Pipeline->Illuminate\\Pipeline\\{closure}(Object(Illuminate\\Http\\Request))
#22 /Users/aleksandr/projects/btf/vendor/laravel/framework/src/Illuminate/Pipeline/Pipeline.php(183): Illuminate\\Routing\\Middleware\\SubstituteBindings->handle(Object(Illuminate\\Http\\Request), Object(Closure))
#23 /Users/aleksandr/projects/btf/vendor/laravel/framework/src/Illuminate/Foundation/Http/Middleware/VerifyCsrfToken.php(88): Illuminate\\Pipeline\\Pipeline->Illuminate\\Pipeline\\{closure}(Object(Illuminate\\Http\\Request))
#24 /Users/aleksandr/projects/btf/vendor/laravel/framework/src/Illuminate/Pipeline/Pipeline.php(183): Illuminate\\Foundation\\Http\\Middleware\\VerifyCsrfToken->handle(Object(Illuminate\\Http\\Request), Object(Closure))
#25 /Users/aleksandr/projects/btf/vendor/laravel/framework/src/Illuminate/View/Middleware/ShareErrorsFromSession.php(49): Illuminate\\Pipeline\\Pipeline->Illuminate\\Pipeline\\{closure}(Object(Illuminate\\Http\\Request))
#26 /Users/aleksandr/projects/btf/vendor/laravel/framework/src/Illuminate/Pipeline/Pipeline.php(183): Illuminate\\View\\Middleware\\ShareErrorsFromSession->handle(Object(Illuminate\\Http\\Request), Object(Closure))
#27 /Users/aleksandr/projects/btf/vendor/laravel/framework/src/Illuminate/Session/Middleware/StartSession.php(121): Illuminate\\Pipeline\\Pipeline->Illuminate\\Pipeline\\{closure}(Object(Illuminate\\Http\\Request))
#28 /Users/aleksandr/projects/btf/vendor/laravel/framework/src/Illuminate/Session/Middleware/StartSession.php(64): Illuminate\\Session\\Middleware\\StartSession->handleStatefulRequest(Object(Illuminate\\Http\\Request), Object(Illuminate\\Session\\Store), Object(Closure))
#29 /Users/aleksandr/projects/btf/vendor/laravel/framework/src/Illuminate/Pipeline/Pipeline.php(183): Illuminate\\Session\\Middleware\\StartSession->handle(Object(Illuminate\\Http\\Request), Object(Closure))
#30 /Users/aleksandr/projects/btf/vendor/laravel/framework/src/Illuminate/Cookie/Middleware/AddQueuedCookiesToResponse.php(37): Illuminate\\Pipeline\\Pipeline->Illuminate\\Pipeline\\{closure}(Object(Illuminate\\Http\\Request))
#31 /Users/aleksandr/projects/btf/vendor/laravel/framework/src/Illuminate/Pipeline/Pipeline.php(183): Illuminate\\Cookie\\Middleware\\AddQueuedCookiesToResponse->handle(Object(Illuminate\\Http\\Request), Object(Closure))
#32 /Users/aleksandr/projects/btf/vendor/laravel/framework/src/Illuminate/Cookie/Middleware/EncryptCookies.php(75): Illuminate\\Pipeline\\Pipeline->Illuminate\\Pipeline\\{closure}(Object(Illuminate\\Http\\Request))
#33 /Users/aleksandr/projects/btf/vendor/laravel/framework/src/Illuminate/Pipeline/Pipeline.php(183): Illuminate\\Cookie\\Middleware\\EncryptCookies->handle(Object(Illuminate\\Http\\Request), Object(Closure))
#34 /Users/aleksandr/projects/btf/vendor/laravel/framework/src/Illuminate/Pipeline/Pipeline.php(119): Illuminate\\Pipeline\\Pipeline->Illuminate\\Pipeline\\{closure}(Object(Illuminate\\Http\\Request))
#35 /Users/aleksandr/projects/btf/vendor/laravel/framework/src/Illuminate/Routing/Router.php(805): Illuminate\\Pipeline\\Pipeline->then(Object(Closure))
#36 /Users/aleksandr/projects/btf/vendor/laravel/framework/src/Illuminate/Routing/Router.php(784): Illuminate\\Routing\\Router->runRouteWithinStack(Object(Illuminate\\Routing\\Route), Object(Illuminate\\Http\\Request))
#37 /Users/aleksandr/projects/btf/vendor/laravel/framework/src/Illuminate/Routing/Router.php(748): Illuminate\\Routing\\Router->runRoute(Object(Illuminate\\Http\\Request), Object(Illuminate\\Routing\\Route))
#38 /Users/aleksandr/projects/btf/vendor/laravel/framework/src/Illuminate/Routing/Router.php(737): Illuminate\\Routing\\Router->dispatchToRoute(Object(Illuminate\\Http\\Request))
#39 /Users/aleksandr/projects/btf/vendor/laravel/framework/src/Illuminate/Foundation/Http/Kernel.php(200): Illuminate\\Routing\\Router->dispatch(Object(Illuminate\\Http\\Request))
#40 /Users/aleksandr/projects/btf/vendor/laravel/framework/src/Illuminate/Pipeline/Pipeline.php(144): Illuminate\\Foundation\\Http\\Kernel->Illuminate\\Foundation\\Http\\{closure}(Object(Illuminate\\Http\\Request))
#41 /Users/aleksandr/projects/btf/vendor/barryvdh/laravel-debugbar/src/Middleware/InjectDebugbar.php(66): Illuminate\\Pipeline\\Pipeline->Illuminate\\Pipeline\\{closure}(Object(Illuminate\\Http\\Request))
#42 /Users/aleksandr/projects/btf/vendor/laravel/framework/src/Illuminate/Pipeline/Pipeline.php(183): Barryvdh\\Debugbar\\Middleware\\InjectDebugbar->handle(Object(Illuminate\\Http\\Request), Object(Closure))
#43 /Users/aleksandr/projects/btf/vendor/laravel/framework/src/Illuminate/Foundation/Http/Middleware/TransformsRequest.php(21): Illuminate\\Pipeline\\Pipeline->Illuminate\\Pipeline\\{closure}(Object(Illuminate\\Http\\Request))
#44 /Users/aleksandr/projects/btf/vendor/laravel/framework/src/Illuminate/Foundation/Http/Middleware/ConvertEmptyStringsToNull.php(31): Illuminate\\Foundation\\Http\\Middleware\\TransformsRequest->handle(Object(Illuminate\\Http\\Request), Object(Closure))
#45 /Users/aleksandr/projects/btf/vendor/laravel/framework/src/Illuminate/Pipeline/Pipeline.php(183): Illuminate\\Foundation\\Http\\Middleware\\ConvertEmptyStringsToNull->handle(Object(Illuminate\\Http\\Request), Object(Closure))
#46 /Users/aleksandr/projects/btf/vendor/laravel/framework/src/Illuminate/Foundation/Http/Middleware/TransformsRequest.php(21): Illuminate\\Pipeline\\Pipeline->Illuminate\\Pipeline\\{closure}(Object(Illuminate\\Http\\Request))
#47 /Users/aleksandr/projects/btf/vendor/laravel/framework/src/Illuminate/Foundation/Http/Middleware/TrimStrings.php(51): Illuminate\\Foundation\\Http\\Middleware\\TransformsRequest->handle(Object(Illuminate\\Http\\Request), Object(Closure))
#48 /Users/aleksandr/projects/btf/vendor/laravel/framework/src/Illuminate/Pipeline/Pipeline.php(183): Illuminate\\Foundation\\Http\\Middleware\\TrimStrings->handle(Object(Illuminate\\Http\\Request), Object(Closure))
#49 /Users/aleksandr/projects/btf/vendor/laravel/framework/src/Illuminate/Http/Middleware/ValidatePostSize.php(27): Illuminate\\Pipeline\\Pipeline->Illuminate\\Pipeline\\{closure}(Object(Illuminate\\Http\\Request))
#50 /Users/aleksandr/projects/btf/vendor/laravel/framework/src/Illuminate/Pipeline/Pipeline.php(183): Illuminate\\Http\\Middleware\\ValidatePostSize->handle(Object(Illuminate\\Http\\Request), Object(Closure))
#51 /Users/aleksandr/projects/btf/vendor/laravel/framework/src/Illuminate/Foundation/Http/Middleware/PreventRequestsDuringMaintenance.php(110): Illuminate\\Pipeline\\Pipeline->Illuminate\\Pipeline\\{closure}(Object(Illuminate\\Http\\Request))
#52 /Users/aleksandr/projects/btf/vendor/laravel/framework/src/Illuminate/Pipeline/Pipeline.php(183): Illuminate\\Foundation\\Http\\Middleware\\PreventRequestsDuringMaintenance->handle(Object(Illuminate\\Http\\Request), Object(Closure))
#53 /Users/aleksandr/projects/btf/vendor/laravel/framework/src/Illuminate/Http/Middleware/HandleCors.php(49): Illuminate\\Pipeline\\Pipeline->Illuminate\\Pipeline\\{closure}(Object(Illuminate\\Http\\Request))
#54 /Users/aleksandr/projects/btf/vendor/laravel/framework/src/Illuminate/Pipeline/Pipeline.php(183): Illuminate\\Http\\Middleware\\HandleCors->handle(Object(Illuminate\\Http\\Request), Object(Closure))
#55 /Users/aleksandr/projects/btf/vendor/laravel/framework/src/Illuminate/Http/Middleware/TrustProxies.php(57): Illuminate\\Pipeline\\Pipeline->Illuminate\\Pipeline\\{closure}(Object(Illuminate\\Http\\Request))
#56 /Users/aleksandr/projects/btf/vendor/laravel/framework/src/Illuminate/Pipeline/Pipeline.php(183): Illuminate\\Http\\Middleware\\TrustProxies->handle(Object(Illuminate\\Http\\Request), Object(Closure))
#57 /Users/aleksandr/projects/btf/vendor/laravel/framework/src/Illuminate/Pipeline/Pipeline.php(119): Illuminate\\Pipeline\\Pipeline->Illuminate\\Pipeline\\{closure}(Object(Illuminate\\Http\\Request))
#58 /Users/aleksandr/projects/btf/vendor/laravel/framework/src/Illuminate/Foundation/Http/Kernel.php(175): Illuminate\\Pipeline\\Pipeline->then(Object(Closure))
#59 /Users/aleksandr/projects/btf/vendor/laravel/framework/src/Illuminate/Foundation/Http/Kernel.php(144): Illuminate\\Foundation\\Http\\Kernel->sendRequestThroughRouter(Object(Illuminate\\Http\\Request))
#60 /Users/aleksandr/projects/btf/public/index.php(50): Illuminate\\Foundation\\Http\\Kernel->handle(Object(Illuminate\\Http\\Request))
#61 /Users/aleksandr/projects/btf/vendor/laravel/framework/src/Illuminate/Foundation/resources/server.php(16): require_once('/Users/aleksand...')
#62 {main}
"} 
[2025-04-19 10:48:25] production.ERROR: Class "App\Enums\RoleType" not found {"exception":"[object] (Error(code: 0): Class \"App\\Enums\\RoleType\" not found at /Users/aleksandr/projects/btf/app/Http/Controllers/Api/Backend/UsersController.php:20)
[stacktrace]
#0 [internal function]: App\\Http\\Controllers\\Api\\Backend\\UsersController->App\\Http\\Controllers\\Api\\Backend\\{closure}(Object(App\\Models\\User), 0)
#1 /Users/aleksandr/projects/btf/vendor/laravel/framework/src/Illuminate/Collections/Arr.php(605): array_map(Object(Closure), Array, Array)
#2 /Users/aleksandr/projects/btf/vendor/laravel/framework/src/Illuminate/Collections/Collection.php(758): Illuminate\\Support\\Arr::map(Array, Object(Closure))
#3 /Users/aleksandr/projects/btf/vendor/laravel/framework/src/Illuminate/Database/Eloquent/Collection.php(344): Illuminate\\Support\\Collection->map(Object(Closure))
#4 /Users/aleksandr/projects/btf/app/Http/Controllers/Api/Backend/UsersController.php(13): Illuminate\\Database\\Eloquent\\Collection->map(Object(Closure))
#5 /Users/aleksandr/projects/btf/vendor/laravel/framework/src/Illuminate/Routing/Controller.php(54): App\\Http\\Controllers\\Api\\Backend\\UsersController->index()
#6 /Users/aleksandr/projects/btf/vendor/laravel/framework/src/Illuminate/Routing/ControllerDispatcher.php(43): Illuminate\\Routing\\Controller->callAction('index', Array)
#7 /Users/aleksandr/projects/btf/vendor/laravel/framework/src/Illuminate/Routing/Route.php(260): Illuminate\\Routing\\ControllerDispatcher->dispatch(Object(Illuminate\\Routing\\Route), Object(App\\Http\\Controllers\\Api\\Backend\\UsersController), 'index')
#8 /Users/aleksandr/projects/btf/vendor/laravel/framework/src/Illuminate/Routing/Route.php(206): Illuminate\\Routing\\Route->runController()
#9 /Users/aleksandr/projects/btf/vendor/laravel/framework/src/Illuminate/Routing/Router.php(806): Illuminate\\Routing\\Route->run()
#10 /Users/aleksandr/projects/btf/vendor/laravel/framework/src/Illuminate/Pipeline/Pipeline.php(144): Illuminate\\Routing\\Router->Illuminate\\Routing\\{closure}(Object(Illuminate\\Http\\Request))
#11 /Users/aleksandr/projects/btf/vendor/laravel/framework/src/Illuminate/Routing/Middleware/SubstituteBindings.php(50): Illuminate\\Pipeline\\Pipeline->Illuminate\\Pipeline\\{closure}(Object(Illuminate\\Http\\Request))
#12 /Users/aleksandr/projects/btf/vendor/laravel/framework/src/Illuminate/Pipeline/Pipeline.php(183): Illuminate\\Routing\\Middleware\\SubstituteBindings->handle(Object(Illuminate\\Http\\Request), Object(Closure))
#13 /Users/aleksandr/projects/btf/vendor/laravel/framework/src/Illuminate/Routing/Middleware/ThrottleRequests.php(161): Illuminate\\Pipeline\\Pipeline->Illuminate\\Pipeline\\{closure}(Object(Illuminate\\Http\\Request))
#14 /Users/aleksandr/projects/btf/vendor/laravel/framework/src/Illuminate/Routing/Middleware/ThrottleRequests.php(127): Illuminate\\Routing\\Middleware\\ThrottleRequests->handleRequest(Object(Illuminate\\Http\\Request), Object(Closure), Array)
#15 /Users/aleksandr/projects/btf/vendor/laravel/framework/src/Illuminate/Routing/Middleware/ThrottleRequests.php(89): Illuminate\\Routing\\Middleware\\ThrottleRequests->handleRequestUsingNamedLimiter(Object(Illuminate\\Http\\Request), Object(Closure), 'api', Object(Closure))
#16 /Users/aleksandr/projects/btf/vendor/laravel/framework/src/Illuminate/Pipeline/Pipeline.php(183): Illuminate\\Routing\\Middleware\\ThrottleRequests->handle(Object(Illuminate\\Http\\Request), Object(Closure), 'api')
#17 /Users/aleksandr/projects/btf/vendor/laravel/framework/src/Illuminate/Pipeline/Pipeline.php(119): Illuminate\\Pipeline\\Pipeline->Illuminate\\Pipeline\\{closure}(Object(Illuminate\\Http\\Request))
#18 /Users/aleksandr/projects/btf/vendor/laravel/framework/src/Illuminate/Routing/Router.php(805): Illuminate\\Pipeline\\Pipeline->then(Object(Closure))
#19 /Users/aleksandr/projects/btf/vendor/laravel/framework/src/Illuminate/Routing/Router.php(784): Illuminate\\Routing\\Router->runRouteWithinStack(Object(Illuminate\\Routing\\Route), Object(Illuminate\\Http\\Request))
#20 /Users/aleksandr/projects/btf/vendor/laravel/framework/src/Illuminate/Routing/Router.php(748): Illuminate\\Routing\\Router->runRoute(Object(Illuminate\\Http\\Request), Object(Illuminate\\Routing\\Route))
#21 /Users/aleksandr/projects/btf/vendor/laravel/framework/src/Illuminate/Routing/Router.php(737): Illuminate\\Routing\\Router->dispatchToRoute(Object(Illuminate\\Http\\Request))
#22 /Users/aleksandr/projects/btf/vendor/laravel/framework/src/Illuminate/Foundation/Http/Kernel.php(200): Illuminate\\Routing\\Router->dispatch(Object(Illuminate\\Http\\Request))
#23 /Users/aleksandr/projects/btf/vendor/laravel/framework/src/Illuminate/Pipeline/Pipeline.php(144): Illuminate\\Foundation\\Http\\Kernel->Illuminate\\Foundation\\Http\\{closure}(Object(Illuminate\\Http\\Request))
#24 /Users/aleksandr/projects/btf/vendor/barryvdh/laravel-debugbar/src/Middleware/InjectDebugbar.php(66): Illuminate\\Pipeline\\Pipeline->Illuminate\\Pipeline\\{closure}(Object(Illuminate\\Http\\Request))
#25 /Users/aleksandr/projects/btf/vendor/laravel/framework/src/Illuminate/Pipeline/Pipeline.php(183): Barryvdh\\Debugbar\\Middleware\\InjectDebugbar->handle(Object(Illuminate\\Http\\Request), Object(Closure))
#26 /Users/aleksandr/projects/btf/vendor/laravel/framework/src/Illuminate/Foundation/Http/Middleware/TransformsRequest.php(21): Illuminate\\Pipeline\\Pipeline->Illuminate\\Pipeline\\{closure}(Object(Illuminate\\Http\\Request))
#27 /Users/aleksandr/projects/btf/vendor/laravel/framework/src/Illuminate/Foundation/Http/Middleware/ConvertEmptyStringsToNull.php(31): Illuminate\\Foundation\\Http\\Middleware\\TransformsRequest->handle(Object(Illuminate\\Http\\Request), Object(Closure))
#28 /Users/aleksandr/projects/btf/vendor/laravel/framework/src/Illuminate/Pipeline/Pipeline.php(183): Illuminate\\Foundation\\Http\\Middleware\\ConvertEmptyStringsToNull->handle(Object(Illuminate\\Http\\Request), Object(Closure))
#29 /Users/aleksandr/projects/btf/vendor/laravel/framework/src/Illuminate/Foundation/Http/Middleware/TransformsRequest.php(21): Illuminate\\Pipeline\\Pipeline->Illuminate\\Pipeline\\{closure}(Object(Illuminate\\Http\\Request))
#30 /Users/aleksandr/projects/btf/vendor/laravel/framework/src/Illuminate/Foundation/Http/Middleware/TrimStrings.php(51): Illuminate\\Foundation\\Http\\Middleware\\TransformsRequest->handle(Object(Illuminate\\Http\\Request), Object(Closure))
#31 /Users/aleksandr/projects/btf/vendor/laravel/framework/src/Illuminate/Pipeline/Pipeline.php(183): Illuminate\\Foundation\\Http\\Middleware\\TrimStrings->handle(Object(Illuminate\\Http\\Request), Object(Closure))
#32 /Users/aleksandr/projects/btf/vendor/laravel/framework/src/Illuminate/Http/Middleware/ValidatePostSize.php(27): Illuminate\\Pipeline\\Pipeline->Illuminate\\Pipeline\\{closure}(Object(Illuminate\\Http\\Request))
#33 /Users/aleksandr/projects/btf/vendor/laravel/framework/src/Illuminate/Pipeline/Pipeline.php(183): Illuminate\\Http\\Middleware\\ValidatePostSize->handle(Object(Illuminate\\Http\\Request), Object(Closure))
#34 /Users/aleksandr/projects/btf/vendor/laravel/framework/src/Illuminate/Foundation/Http/Middleware/PreventRequestsDuringMaintenance.php(110): Illuminate\\Pipeline\\Pipeline->Illuminate\\Pipeline\\{closure}(Object(Illuminate\\Http\\Request))
#35 /Users/aleksandr/projects/btf/vendor/laravel/framework/src/Illuminate/Pipeline/Pipeline.php(183): Illuminate\\Foundation\\Http\\Middleware\\PreventRequestsDuringMaintenance->handle(Object(Illuminate\\Http\\Request), Object(Closure))
#36 /Users/aleksandr/projects/btf/vendor/laravel/framework/src/Illuminate/Http/Middleware/HandleCors.php(62): Illuminate\\Pipeline\\Pipeline->Illuminate\\Pipeline\\{closure}(Object(Illuminate\\Http\\Request))
#37 /Users/aleksandr/projects/btf/vendor/laravel/framework/src/Illuminate/Pipeline/Pipeline.php(183): Illuminate\\Http\\Middleware\\HandleCors->handle(Object(Illuminate\\Http\\Request), Object(Closure))
#38 /Users/aleksandr/projects/btf/vendor/laravel/framework/src/Illuminate/Http/Middleware/TrustProxies.php(57): Illuminate\\Pipeline\\Pipeline->Illuminate\\Pipeline\\{closure}(Object(Illuminate\\Http\\Request))
#39 /Users/aleksandr/projects/btf/vendor/laravel/framework/src/Illuminate/Pipeline/Pipeline.php(183): Illuminate\\Http\\Middleware\\TrustProxies->handle(Object(Illuminate\\Http\\Request), Object(Closure))
#40 /Users/aleksandr/projects/btf/vendor/laravel/framework/src/Illuminate/Pipeline/Pipeline.php(119): Illuminate\\Pipeline\\Pipeline->Illuminate\\Pipeline\\{closure}(Object(Illuminate\\Http\\Request))
#41 /Users/aleksandr/projects/btf/vendor/laravel/framework/src/Illuminate/Foundation/Http/Kernel.php(175): Illuminate\\Pipeline\\Pipeline->then(Object(Closure))
#42 /Users/aleksandr/projects/btf/vendor/laravel/framework/src/Illuminate/Foundation/Http/Kernel.php(144): Illuminate\\Foundation\\Http\\Kernel->sendRequestThroughRouter(Object(Illuminate\\Http\\Request))
#43 /Users/aleksandr/projects/btf/public/index.php(50): Illuminate\\Foundation\\Http\\Kernel->handle(Object(Illuminate\\Http\\Request))
#44 /Users/aleksandr/projects/btf/vendor/laravel/framework/src/Illuminate/Foundation/resources/server.php(16): require_once('/Users/aleksand...')
#45 {main}
"} 
[2025-04-19 10:48:53] production.ERROR: Class "App\Enums\RoleType" not found {"exception":"[object] (Error(code: 0): Class \"App\\Enums\\RoleType\" not found at /Users/aleksandr/projects/btf/app/Http/Controllers/Api/Backend/UsersController.php:20)
[stacktrace]
#0 [internal function]: App\\Http\\Controllers\\Api\\Backend\\UsersController->App\\Http\\Controllers\\Api\\Backend\\{closure}(Object(App\\Models\\User), 0)
#1 /Users/aleksandr/projects/btf/vendor/laravel/framework/src/Illuminate/Collections/Arr.php(605): array_map(Object(Closure), Array, Array)
#2 /Users/aleksandr/projects/btf/vendor/laravel/framework/src/Illuminate/Collections/Collection.php(758): Illuminate\\Support\\Arr::map(Array, Object(Closure))
#3 /Users/aleksandr/projects/btf/vendor/laravel/framework/src/Illuminate/Database/Eloquent/Collection.php(344): Illuminate\\Support\\Collection->map(Object(Closure))
#4 /Users/aleksandr/projects/btf/app/Http/Controllers/Api/Backend/UsersController.php(13): Illuminate\\Database\\Eloquent\\Collection->map(Object(Closure))
#5 /Users/aleksandr/projects/btf/vendor/laravel/framework/src/Illuminate/Routing/Controller.php(54): App\\Http\\Controllers\\Api\\Backend\\UsersController->index()
#6 /Users/aleksandr/projects/btf/vendor/laravel/framework/src/Illuminate/Routing/ControllerDispatcher.php(43): Illuminate\\Routing\\Controller->callAction('index', Array)
#7 /Users/aleksandr/projects/btf/vendor/laravel/framework/src/Illuminate/Routing/Route.php(260): Illuminate\\Routing\\ControllerDispatcher->dispatch(Object(Illuminate\\Routing\\Route), Object(App\\Http\\Controllers\\Api\\Backend\\UsersController), 'index')
#8 /Users/aleksandr/projects/btf/vendor/laravel/framework/src/Illuminate/Routing/Route.php(206): Illuminate\\Routing\\Route->runController()
#9 /Users/aleksandr/projects/btf/vendor/laravel/framework/src/Illuminate/Routing/Router.php(806): Illuminate\\Routing\\Route->run()
#10 /Users/aleksandr/projects/btf/vendor/laravel/framework/src/Illuminate/Pipeline/Pipeline.php(144): Illuminate\\Routing\\Router->Illuminate\\Routing\\{closure}(Object(Illuminate\\Http\\Request))
#11 /Users/aleksandr/projects/btf/vendor/laravel/framework/src/Illuminate/Routing/Middleware/SubstituteBindings.php(50): Illuminate\\Pipeline\\Pipeline->Illuminate\\Pipeline\\{closure}(Object(Illuminate\\Http\\Request))
#12 /Users/aleksandr/projects/btf/vendor/laravel/framework/src/Illuminate/Pipeline/Pipeline.php(183): Illuminate\\Routing\\Middleware\\SubstituteBindings->handle(Object(Illuminate\\Http\\Request), Object(Closure))
#13 /Users/aleksandr/projects/btf/vendor/laravel/framework/src/Illuminate/Routing/Middleware/ThrottleRequests.php(161): Illuminate\\Pipeline\\Pipeline->Illuminate\\Pipeline\\{closure}(Object(Illuminate\\Http\\Request))
#14 /Users/aleksandr/projects/btf/vendor/laravel/framework/src/Illuminate/Routing/Middleware/ThrottleRequests.php(127): Illuminate\\Routing\\Middleware\\ThrottleRequests->handleRequest(Object(Illuminate\\Http\\Request), Object(Closure), Array)
#15 /Users/aleksandr/projects/btf/vendor/laravel/framework/src/Illuminate/Routing/Middleware/ThrottleRequests.php(89): Illuminate\\Routing\\Middleware\\ThrottleRequests->handleRequestUsingNamedLimiter(Object(Illuminate\\Http\\Request), Object(Closure), 'api', Object(Closure))
#16 /Users/aleksandr/projects/btf/vendor/laravel/framework/src/Illuminate/Pipeline/Pipeline.php(183): Illuminate\\Routing\\Middleware\\ThrottleRequests->handle(Object(Illuminate\\Http\\Request), Object(Closure), 'api')
#17 /Users/aleksandr/projects/btf/vendor/laravel/framework/src/Illuminate/Pipeline/Pipeline.php(119): Illuminate\\Pipeline\\Pipeline->Illuminate\\Pipeline\\{closure}(Object(Illuminate\\Http\\Request))
#18 /Users/aleksandr/projects/btf/vendor/laravel/framework/src/Illuminate/Routing/Router.php(805): Illuminate\\Pipeline\\Pipeline->then(Object(Closure))
#19 /Users/aleksandr/projects/btf/vendor/laravel/framework/src/Illuminate/Routing/Router.php(784): Illuminate\\Routing\\Router->runRouteWithinStack(Object(Illuminate\\Routing\\Route), Object(Illuminate\\Http\\Request))
#20 /Users/aleksandr/projects/btf/vendor/laravel/framework/src/Illuminate/Routing/Router.php(748): Illuminate\\Routing\\Router->runRoute(Object(Illuminate\\Http\\Request), Object(Illuminate\\Routing\\Route))
#21 /Users/aleksandr/projects/btf/vendor/laravel/framework/src/Illuminate/Routing/Router.php(737): Illuminate\\Routing\\Router->dispatchToRoute(Object(Illuminate\\Http\\Request))
#22 /Users/aleksandr/projects/btf/vendor/laravel/framework/src/Illuminate/Foundation/Http/Kernel.php(200): Illuminate\\Routing\\Router->dispatch(Object(Illuminate\\Http\\Request))
#23 /Users/aleksandr/projects/btf/vendor/laravel/framework/src/Illuminate/Pipeline/Pipeline.php(144): Illuminate\\Foundation\\Http\\Kernel->Illuminate\\Foundation\\Http\\{closure}(Object(Illuminate\\Http\\Request))
#24 /Users/aleksandr/projects/btf/vendor/barryvdh/laravel-debugbar/src/Middleware/InjectDebugbar.php(66): Illuminate\\Pipeline\\Pipeline->Illuminate\\Pipeline\\{closure}(Object(Illuminate\\Http\\Request))
#25 /Users/aleksandr/projects/btf/vendor/laravel/framework/src/Illuminate/Pipeline/Pipeline.php(183): Barryvdh\\Debugbar\\Middleware\\InjectDebugbar->handle(Object(Illuminate\\Http\\Request), Object(Closure))
#26 /Users/aleksandr/projects/btf/vendor/laravel/framework/src/Illuminate/Foundation/Http/Middleware/TransformsRequest.php(21): Illuminate\\Pipeline\\Pipeline->Illuminate\\Pipeline\\{closure}(Object(Illuminate\\Http\\Request))
#27 /Users/aleksandr/projects/btf/vendor/laravel/framework/src/Illuminate/Foundation/Http/Middleware/ConvertEmptyStringsToNull.php(31): Illuminate\\Foundation\\Http\\Middleware\\TransformsRequest->handle(Object(Illuminate\\Http\\Request), Object(Closure))
#28 /Users/aleksandr/projects/btf/vendor/laravel/framework/src/Illuminate/Pipeline/Pipeline.php(183): Illuminate\\Foundation\\Http\\Middleware\\ConvertEmptyStringsToNull->handle(Object(Illuminate\\Http\\Request), Object(Closure))
#29 /Users/aleksandr/projects/btf/vendor/laravel/framework/src/Illuminate/Foundation/Http/Middleware/TransformsRequest.php(21): Illuminate\\Pipeline\\Pipeline->Illuminate\\Pipeline\\{closure}(Object(Illuminate\\Http\\Request))
#30 /Users/aleksandr/projects/btf/vendor/laravel/framework/src/Illuminate/Foundation/Http/Middleware/TrimStrings.php(51): Illuminate\\Foundation\\Http\\Middleware\\TransformsRequest->handle(Object(Illuminate\\Http\\Request), Object(Closure))
#31 /Users/aleksandr/projects/btf/vendor/laravel/framework/src/Illuminate/Pipeline/Pipeline.php(183): Illuminate\\Foundation\\Http\\Middleware\\TrimStrings->handle(Object(Illuminate\\Http\\Request), Object(Closure))
#32 /Users/aleksandr/projects/btf/vendor/laravel/framework/src/Illuminate/Http/Middleware/ValidatePostSize.php(27): Illuminate\\Pipeline\\Pipeline->Illuminate\\Pipeline\\{closure}(Object(Illuminate\\Http\\Request))
#33 /Users/aleksandr/projects/btf/vendor/laravel/framework/src/Illuminate/Pipeline/Pipeline.php(183): Illuminate\\Http\\Middleware\\ValidatePostSize->handle(Object(Illuminate\\Http\\Request), Object(Closure))
#34 /Users/aleksandr/projects/btf/vendor/laravel/framework/src/Illuminate/Foundation/Http/Middleware/PreventRequestsDuringMaintenance.php(110): Illuminate\\Pipeline\\Pipeline->Illuminate\\Pipeline\\{closure}(Object(Illuminate\\Http\\Request))
#35 /Users/aleksandr/projects/btf/vendor/laravel/framework/src/Illuminate/Pipeline/Pipeline.php(183): Illuminate\\Foundation\\Http\\Middleware\\PreventRequestsDuringMaintenance->handle(Object(Illuminate\\Http\\Request), Object(Closure))
#36 /Users/aleksandr/projects/btf/vendor/laravel/framework/src/Illuminate/Http/Middleware/HandleCors.php(62): Illuminate\\Pipeline\\Pipeline->Illuminate\\Pipeline\\{closure}(Object(Illuminate\\Http\\Request))
#37 /Users/aleksandr/projects/btf/vendor/laravel/framework/src/Illuminate/Pipeline/Pipeline.php(183): Illuminate\\Http\\Middleware\\HandleCors->handle(Object(Illuminate\\Http\\Request), Object(Closure))
#38 /Users/aleksandr/projects/btf/vendor/laravel/framework/src/Illuminate/Http/Middleware/TrustProxies.php(57): Illuminate\\Pipeline\\Pipeline->Illuminate\\Pipeline\\{closure}(Object(Illuminate\\Http\\Request))
#39 /Users/aleksandr/projects/btf/vendor/laravel/framework/src/Illuminate/Pipeline/Pipeline.php(183): Illuminate\\Http\\Middleware\\TrustProxies->handle(Object(Illuminate\\Http\\Request), Object(Closure))
#40 /Users/aleksandr/projects/btf/vendor/laravel/framework/src/Illuminate/Pipeline/Pipeline.php(119): Illuminate\\Pipeline\\Pipeline->Illuminate\\Pipeline\\{closure}(Object(Illuminate\\Http\\Request))
#41 /Users/aleksandr/projects/btf/vendor/laravel/framework/src/Illuminate/Foundation/Http/Kernel.php(175): Illuminate\\Pipeline\\Pipeline->then(Object(Closure))
#42 /Users/aleksandr/projects/btf/vendor/laravel/framework/src/Illuminate/Foundation/Http/Kernel.php(144): Illuminate\\Foundation\\Http\\Kernel->sendRequestThroughRouter(Object(Illuminate\\Http\\Request))
#43 /Users/aleksandr/projects/btf/public/index.php(50): Illuminate\\Foundation\\Http\\Kernel->handle(Object(Illuminate\\Http\\Request))
#44 /Users/aleksandr/projects/btf/vendor/laravel/framework/src/Illuminate/Foundation/resources/server.php(16): require_once('/Users/aleksand...')
#45 {main}
"} 
[2025-04-19 10:49:25] production.ERROR: Class "App\Enums\RoleType" not found {"exception":"[object] (Error(code: 0): Class \"App\\Enums\\RoleType\" not found at /Users/aleksandr/projects/btf/app/Http/Controllers/Api/Backend/UsersController.php:20)
[stacktrace]
#0 [internal function]: App\\Http\\Controllers\\Api\\Backend\\UsersController->App\\Http\\Controllers\\Api\\Backend\\{closure}(Object(App\\Models\\User), 0)
#1 /Users/aleksandr/projects/btf/vendor/laravel/framework/src/Illuminate/Collections/Arr.php(605): array_map(Object(Closure), Array, Array)
#2 /Users/aleksandr/projects/btf/vendor/laravel/framework/src/Illuminate/Collections/Collection.php(758): Illuminate\\Support\\Arr::map(Array, Object(Closure))
#3 /Users/aleksandr/projects/btf/vendor/laravel/framework/src/Illuminate/Database/Eloquent/Collection.php(344): Illuminate\\Support\\Collection->map(Object(Closure))
#4 /Users/aleksandr/projects/btf/app/Http/Controllers/Api/Backend/UsersController.php(13): Illuminate\\Database\\Eloquent\\Collection->map(Object(Closure))
#5 /Users/aleksandr/projects/btf/vendor/laravel/framework/src/Illuminate/Routing/Controller.php(54): App\\Http\\Controllers\\Api\\Backend\\UsersController->index()
#6 /Users/aleksandr/projects/btf/vendor/laravel/framework/src/Illuminate/Routing/ControllerDispatcher.php(43): Illuminate\\Routing\\Controller->callAction('index', Array)
#7 /Users/aleksandr/projects/btf/vendor/laravel/framework/src/Illuminate/Routing/Route.php(260): Illuminate\\Routing\\ControllerDispatcher->dispatch(Object(Illuminate\\Routing\\Route), Object(App\\Http\\Controllers\\Api\\Backend\\UsersController), 'index')
#8 /Users/aleksandr/projects/btf/vendor/laravel/framework/src/Illuminate/Routing/Route.php(206): Illuminate\\Routing\\Route->runController()
#9 /Users/aleksandr/projects/btf/vendor/laravel/framework/src/Illuminate/Routing/Router.php(806): Illuminate\\Routing\\Route->run()
#10 /Users/aleksandr/projects/btf/vendor/laravel/framework/src/Illuminate/Pipeline/Pipeline.php(144): Illuminate\\Routing\\Router->Illuminate\\Routing\\{closure}(Object(Illuminate\\Http\\Request))
#11 /Users/aleksandr/projects/btf/vendor/laravel/framework/src/Illuminate/Routing/Middleware/SubstituteBindings.php(50): Illuminate\\Pipeline\\Pipeline->Illuminate\\Pipeline\\{closure}(Object(Illuminate\\Http\\Request))
#12 /Users/aleksandr/projects/btf/vendor/laravel/framework/src/Illuminate/Pipeline/Pipeline.php(183): Illuminate\\Routing\\Middleware\\SubstituteBindings->handle(Object(Illuminate\\Http\\Request), Object(Closure))
#13 /Users/aleksandr/projects/btf/vendor/laravel/framework/src/Illuminate/Routing/Middleware/ThrottleRequests.php(161): Illuminate\\Pipeline\\Pipeline->Illuminate\\Pipeline\\{closure}(Object(Illuminate\\Http\\Request))
#14 /Users/aleksandr/projects/btf/vendor/laravel/framework/src/Illuminate/Routing/Middleware/ThrottleRequests.php(127): Illuminate\\Routing\\Middleware\\ThrottleRequests->handleRequest(Object(Illuminate\\Http\\Request), Object(Closure), Array)
#15 /Users/aleksandr/projects/btf/vendor/laravel/framework/src/Illuminate/Routing/Middleware/ThrottleRequests.php(89): Illuminate\\Routing\\Middleware\\ThrottleRequests->handleRequestUsingNamedLimiter(Object(Illuminate\\Http\\Request), Object(Closure), 'api', Object(Closure))
#16 /Users/aleksandr/projects/btf/vendor/laravel/framework/src/Illuminate/Pipeline/Pipeline.php(183): Illuminate\\Routing\\Middleware\\ThrottleRequests->handle(Object(Illuminate\\Http\\Request), Object(Closure), 'api')
#17 /Users/aleksandr/projects/btf/vendor/laravel/framework/src/Illuminate/Pipeline/Pipeline.php(119): Illuminate\\Pipeline\\Pipeline->Illuminate\\Pipeline\\{closure}(Object(Illuminate\\Http\\Request))
#18 /Users/aleksandr/projects/btf/vendor/laravel/framework/src/Illuminate/Routing/Router.php(805): Illuminate\\Pipeline\\Pipeline->then(Object(Closure))
#19 /Users/aleksandr/projects/btf/vendor/laravel/framework/src/Illuminate/Routing/Router.php(784): Illuminate\\Routing\\Router->runRouteWithinStack(Object(Illuminate\\Routing\\Route), Object(Illuminate\\Http\\Request))
#20 /Users/aleksandr/projects/btf/vendor/laravel/framework/src/Illuminate/Routing/Router.php(748): Illuminate\\Routing\\Router->runRoute(Object(Illuminate\\Http\\Request), Object(Illuminate\\Routing\\Route))
#21 /Users/aleksandr/projects/btf/vendor/laravel/framework/src/Illuminate/Routing/Router.php(737): Illuminate\\Routing\\Router->dispatchToRoute(Object(Illuminate\\Http\\Request))
#22 /Users/aleksandr/projects/btf/vendor/laravel/framework/src/Illuminate/Foundation/Http/Kernel.php(200): Illuminate\\Routing\\Router->dispatch(Object(Illuminate\\Http\\Request))
#23 /Users/aleksandr/projects/btf/vendor/laravel/framework/src/Illuminate/Pipeline/Pipeline.php(144): Illuminate\\Foundation\\Http\\Kernel->Illuminate\\Foundation\\Http\\{closure}(Object(Illuminate\\Http\\Request))
#24 /Users/aleksandr/projects/btf/vendor/barryvdh/laravel-debugbar/src/Middleware/InjectDebugbar.php(66): Illuminate\\Pipeline\\Pipeline->Illuminate\\Pipeline\\{closure}(Object(Illuminate\\Http\\Request))
#25 /Users/aleksandr/projects/btf/vendor/laravel/framework/src/Illuminate/Pipeline/Pipeline.php(183): Barryvdh\\Debugbar\\Middleware\\InjectDebugbar->handle(Object(Illuminate\\Http\\Request), Object(Closure))
#26 /Users/aleksandr/projects/btf/vendor/laravel/framework/src/Illuminate/Foundation/Http/Middleware/TransformsRequest.php(21): Illuminate\\Pipeline\\Pipeline->Illuminate\\Pipeline\\{closure}(Object(Illuminate\\Http\\Request))
#27 /Users/aleksandr/projects/btf/vendor/laravel/framework/src/Illuminate/Foundation/Http/Middleware/ConvertEmptyStringsToNull.php(31): Illuminate\\Foundation\\Http\\Middleware\\TransformsRequest->handle(Object(Illuminate\\Http\\Request), Object(Closure))
#28 /Users/aleksandr/projects/btf/vendor/laravel/framework/src/Illuminate/Pipeline/Pipeline.php(183): Illuminate\\Foundation\\Http\\Middleware\\ConvertEmptyStringsToNull->handle(Object(Illuminate\\Http\\Request), Object(Closure))
#29 /Users/aleksandr/projects/btf/vendor/laravel/framework/src/Illuminate/Foundation/Http/Middleware/TransformsRequest.php(21): Illuminate\\Pipeline\\Pipeline->Illuminate\\Pipeline\\{closure}(Object(Illuminate\\Http\\Request))
#30 /Users/aleksandr/projects/btf/vendor/laravel/framework/src/Illuminate/Foundation/Http/Middleware/TrimStrings.php(51): Illuminate\\Foundation\\Http\\Middleware\\TransformsRequest->handle(Object(Illuminate\\Http\\Request), Object(Closure))
#31 /Users/aleksandr/projects/btf/vendor/laravel/framework/src/Illuminate/Pipeline/Pipeline.php(183): Illuminate\\Foundation\\Http\\Middleware\\TrimStrings->handle(Object(Illuminate\\Http\\Request), Object(Closure))
#32 /Users/aleksandr/projects/btf/vendor/laravel/framework/src/Illuminate/Http/Middleware/ValidatePostSize.php(27): Illuminate\\Pipeline\\Pipeline->Illuminate\\Pipeline\\{closure}(Object(Illuminate\\Http\\Request))
#33 /Users/aleksandr/projects/btf/vendor/laravel/framework/src/Illuminate/Pipeline/Pipeline.php(183): Illuminate\\Http\\Middleware\\ValidatePostSize->handle(Object(Illuminate\\Http\\Request), Object(Closure))
#34 /Users/aleksandr/projects/btf/vendor/laravel/framework/src/Illuminate/Foundation/Http/Middleware/PreventRequestsDuringMaintenance.php(110): Illuminate\\Pipeline\\Pipeline->Illuminate\\Pipeline\\{closure}(Object(Illuminate\\Http\\Request))
#35 /Users/aleksandr/projects/btf/vendor/laravel/framework/src/Illuminate/Pipeline/Pipeline.php(183): Illuminate\\Foundation\\Http\\Middleware\\PreventRequestsDuringMaintenance->handle(Object(Illuminate\\Http\\Request), Object(Closure))
#36 /Users/aleksandr/projects/btf/vendor/laravel/framework/src/Illuminate/Http/Middleware/HandleCors.php(62): Illuminate\\Pipeline\\Pipeline->Illuminate\\Pipeline\\{closure}(Object(Illuminate\\Http\\Request))
#37 /Users/aleksandr/projects/btf/vendor/laravel/framework/src/Illuminate/Pipeline/Pipeline.php(183): Illuminate\\Http\\Middleware\\HandleCors->handle(Object(Illuminate\\Http\\Request), Object(Closure))
#38 /Users/aleksandr/projects/btf/vendor/laravel/framework/src/Illuminate/Http/Middleware/TrustProxies.php(57): Illuminate\\Pipeline\\Pipeline->Illuminate\\Pipeline\\{closure}(Object(Illuminate\\Http\\Request))
#39 /Users/aleksandr/projects/btf/vendor/laravel/framework/src/Illuminate/Pipeline/Pipeline.php(183): Illuminate\\Http\\Middleware\\TrustProxies->handle(Object(Illuminate\\Http\\Request), Object(Closure))
#40 /Users/aleksandr/projects/btf/vendor/laravel/framework/src/Illuminate/Pipeline/Pipeline.php(119): Illuminate\\Pipeline\\Pipeline->Illuminate\\Pipeline\\{closure}(Object(Illuminate\\Http\\Request))
#41 /Users/aleksandr/projects/btf/vendor/laravel/framework/src/Illuminate/Foundation/Http/Kernel.php(175): Illuminate\\Pipeline\\Pipeline->then(Object(Closure))
#42 /Users/aleksandr/projects/btf/vendor/laravel/framework/src/Illuminate/Foundation/Http/Kernel.php(144): Illuminate\\Foundation\\Http\\Kernel->sendRequestThroughRouter(Object(Illuminate\\Http\\Request))
#43 /Users/aleksandr/projects/btf/public/index.php(50): Illuminate\\Foundation\\Http\\Kernel->handle(Object(Illuminate\\Http\\Request))
#44 /Users/aleksandr/projects/btf/vendor/laravel/framework/src/Illuminate/Foundation/resources/server.php(16): require_once('/Users/aleksand...')
#45 {main}
"} 
