[2025-05-04 07:36:05] production.ERROR: Target class [App\Http\Controllers\Backend\PostsController] does not exist. {"userId":1,"exception":"[object] (Illuminate\\Contracts\\Container\\BindingResolutionException(code: 0): Target class [App\\Http\\Controllers\\Backend\\PostsController] does not exist. at /Users/aleksandr/projects/btf/vendor/laravel/framework/src/Illuminate/Container/Container.php:961)
[stacktrace]
#0 /Users/aleksandr/projects/btf/vendor/laravel/framework/src/Illuminate/Container/Container.php(832): Illuminate\\Container\\Container->build('App\\\\Http\\\\Contro...')
#1 /Users/aleksandr/projects/btf/vendor/laravel/framework/src/Illuminate/Foundation/Application.php(1078): Illuminate\\Container\\Container->resolve('App\\\\Http\\\\Contro...', Array, true)
#2 /Users/aleksandr/projects/btf/vendor/laravel/framework/src/Illuminate/Container/Container.php(763): Illuminate\\Foundation\\Application->resolve('App\\\\Http\\\\Contro...', Array)
#3 /Users/aleksandr/projects/btf/vendor/laravel/framework/src/Illuminate/Foundation/Application.php(1058): Illuminate\\Container\\Container->make('App\\\\Http\\\\Contro...', Array)
#4 /Users/aleksandr/projects/btf/vendor/laravel/framework/src/Illuminate/Routing/Route.php(285): Illuminate\\Foundation\\Application->make('App\\\\Http\\\\Contro...')
#5 /Users/aleksandr/projects/btf/vendor/laravel/framework/src/Illuminate/Routing/Route.php(267): Illuminate\\Routing\\Route->getController()
#6 /Users/aleksandr/projects/btf/vendor/laravel/framework/src/Illuminate/Routing/Route.php(212): Illuminate\\Routing\\Route->runController()
#7 /Users/aleksandr/projects/btf/vendor/laravel/framework/src/Illuminate/Routing/Router.php(808): Illuminate\\Routing\\Route->run()
#8 /Users/aleksandr/projects/btf/vendor/laravel/framework/src/Illuminate/Pipeline/Pipeline.php(170): Illuminate\\Routing\\Router->Illuminate\\Routing\\{closure}(Object(Illuminate\\Http\\Request))
#9 /Users/aleksandr/projects/btf/app/Http/Middleware/AdminCheck.php(15): Illuminate\\Pipeline\\Pipeline->Illuminate\\Pipeline\\{closure}(Object(Illuminate\\Http\\Request))
#10 /Users/aleksandr/projects/btf/vendor/laravel/framework/src/Illuminate/Pipeline/Pipeline.php(209): App\\Http\\Middleware\\AdminCheck->handle(Object(Illuminate\\Http\\Request), Object(Closure))
#11 /Users/aleksandr/projects/btf/vendor/barryvdh/laravel-debugbar/src/Middleware/InjectDebugbar.php(66): Illuminate\\Pipeline\\Pipeline->Illuminate\\Pipeline\\{closure}(Object(Illuminate\\Http\\Request))
#12 /Users/aleksandr/projects/btf/vendor/laravel/framework/src/Illuminate/Pipeline/Pipeline.php(209): Barryvdh\\Debugbar\\Middleware\\InjectDebugbar->handle(Object(Illuminate\\Http\\Request), Object(Closure))
#13 /Users/aleksandr/projects/btf/app/Http/Middleware/UserActivity.php(20): Illuminate\\Pipeline\\Pipeline->Illuminate\\Pipeline\\{closure}(Object(Illuminate\\Http\\Request))
#14 /Users/aleksandr/projects/btf/vendor/laravel/framework/src/Illuminate/Pipeline/Pipeline.php(209): App\\Http\\Middleware\\UserActivity->handle(Object(Illuminate\\Http\\Request), Object(Closure))
#15 /Users/aleksandr/projects/btf/app/Http/Middleware/SetLocale.php(51): Illuminate\\Pipeline\\Pipeline->Illuminate\\Pipeline\\{closure}(Object(Illuminate\\Http\\Request))
#16 /Users/aleksandr/projects/btf/vendor/laravel/framework/src/Illuminate/Pipeline/Pipeline.php(209): App\\Http\\Middleware\\SetLocale->handle(Object(Illuminate\\Http\\Request), Object(Closure))
#17 /Users/aleksandr/projects/btf/vendor/erlandmuchasaj/laravel-gzip/src/Middleware/GzipEncodeResponse.php(19): Illuminate\\Pipeline\\Pipeline->Illuminate\\Pipeline\\{closure}(Object(Illuminate\\Http\\Request))
#18 /Users/aleksandr/projects/btf/vendor/laravel/framework/src/Illuminate/Pipeline/Pipeline.php(209): ErlandMuchasaj\\LaravelGzip\\Middleware\\GzipEncodeResponse->handle(Object(Illuminate\\Http\\Request), Object(Closure))
#19 /Users/aleksandr/projects/btf/vendor/laravel/framework/src/Illuminate/Routing/Middleware/SubstituteBindings.php(51): Illuminate\\Pipeline\\Pipeline->Illuminate\\Pipeline\\{closure}(Object(Illuminate\\Http\\Request))
#20 /Users/aleksandr/projects/btf/vendor/laravel/framework/src/Illuminate/Pipeline/Pipeline.php(209): Illuminate\\Routing\\Middleware\\SubstituteBindings->handle(Object(Illuminate\\Http\\Request), Object(Closure))
#21 /Users/aleksandr/projects/btf/vendor/laravel/framework/src/Illuminate/Auth/Middleware/Authenticate.php(64): Illuminate\\Pipeline\\Pipeline->Illuminate\\Pipeline\\{closure}(Object(Illuminate\\Http\\Request))
#22 /Users/aleksandr/projects/btf/vendor/laravel/framework/src/Illuminate/Pipeline/Pipeline.php(209): Illuminate\\Auth\\Middleware\\Authenticate->handle(Object(Illuminate\\Http\\Request), Object(Closure))
#23 /Users/aleksandr/projects/btf/vendor/laravel/framework/src/Illuminate/Foundation/Http/Middleware/VerifyCsrfToken.php(88): Illuminate\\Pipeline\\Pipeline->Illuminate\\Pipeline\\{closure}(Object(Illuminate\\Http\\Request))
#24 /Users/aleksandr/projects/btf/vendor/laravel/framework/src/Illuminate/Pipeline/Pipeline.php(209): Illuminate\\Foundation\\Http\\Middleware\\VerifyCsrfToken->handle(Object(Illuminate\\Http\\Request), Object(Closure))
#25 /Users/aleksandr/projects/btf/vendor/laravel/framework/src/Illuminate/View/Middleware/ShareErrorsFromSession.php(49): Illuminate\\Pipeline\\Pipeline->Illuminate\\Pipeline\\{closure}(Object(Illuminate\\Http\\Request))
#26 /Users/aleksandr/projects/btf/vendor/laravel/framework/src/Illuminate/Pipeline/Pipeline.php(209): Illuminate\\View\\Middleware\\ShareErrorsFromSession->handle(Object(Illuminate\\Http\\Request), Object(Closure))
#27 /Users/aleksandr/projects/btf/vendor/laravel/framework/src/Illuminate/Session/Middleware/StartSession.php(121): Illuminate\\Pipeline\\Pipeline->Illuminate\\Pipeline\\{closure}(Object(Illuminate\\Http\\Request))
#28 /Users/aleksandr/projects/btf/vendor/laravel/framework/src/Illuminate/Session/Middleware/StartSession.php(64): Illuminate\\Session\\Middleware\\StartSession->handleStatefulRequest(Object(Illuminate\\Http\\Request), Object(Illuminate\\Session\\Store), Object(Closure))
#29 /Users/aleksandr/projects/btf/vendor/laravel/framework/src/Illuminate/Pipeline/Pipeline.php(209): Illuminate\\Session\\Middleware\\StartSession->handle(Object(Illuminate\\Http\\Request), Object(Closure))
#30 /Users/aleksandr/projects/btf/vendor/laravel/framework/src/Illuminate/Cookie/Middleware/AddQueuedCookiesToResponse.php(37): Illuminate\\Pipeline\\Pipeline->Illuminate\\Pipeline\\{closure}(Object(Illuminate\\Http\\Request))
#31 /Users/aleksandr/projects/btf/vendor/laravel/framework/src/Illuminate/Pipeline/Pipeline.php(209): Illuminate\\Cookie\\Middleware\\AddQueuedCookiesToResponse->handle(Object(Illuminate\\Http\\Request), Object(Closure))
#32 /Users/aleksandr/projects/btf/vendor/laravel/framework/src/Illuminate/Cookie/Middleware/EncryptCookies.php(75): Illuminate\\Pipeline\\Pipeline->Illuminate\\Pipeline\\{closure}(Object(Illuminate\\Http\\Request))
#33 /Users/aleksandr/projects/btf/vendor/laravel/framework/src/Illuminate/Pipeline/Pipeline.php(209): Illuminate\\Cookie\\Middleware\\EncryptCookies->handle(Object(Illuminate\\Http\\Request), Object(Closure))
#34 /Users/aleksandr/projects/btf/vendor/laravel/framework/src/Illuminate/Pipeline/Pipeline.php(127): Illuminate\\Pipeline\\Pipeline->Illuminate\\Pipeline\\{closure}(Object(Illuminate\\Http\\Request))
#35 /Users/aleksandr/projects/btf/vendor/laravel/framework/src/Illuminate/Routing/Router.php(807): Illuminate\\Pipeline\\Pipeline->then(Object(Closure))
#36 /Users/aleksandr/projects/btf/vendor/laravel/framework/src/Illuminate/Routing/Router.php(786): Illuminate\\Routing\\Router->runRouteWithinStack(Object(Illuminate\\Routing\\Route), Object(Illuminate\\Http\\Request))
#37 /Users/aleksandr/projects/btf/vendor/laravel/framework/src/Illuminate/Routing/Router.php(750): Illuminate\\Routing\\Router->runRoute(Object(Illuminate\\Http\\Request), Object(Illuminate\\Routing\\Route))
#38 /Users/aleksandr/projects/btf/vendor/laravel/framework/src/Illuminate/Routing/Router.php(739): Illuminate\\Routing\\Router->dispatchToRoute(Object(Illuminate\\Http\\Request))
#39 /Users/aleksandr/projects/btf/vendor/laravel/framework/src/Illuminate/Foundation/Http/Kernel.php(201): Illuminate\\Routing\\Router->dispatch(Object(Illuminate\\Http\\Request))
#40 /Users/aleksandr/projects/btf/vendor/laravel/framework/src/Illuminate/Pipeline/Pipeline.php(170): Illuminate\\Foundation\\Http\\Kernel->Illuminate\\Foundation\\Http\\{closure}(Object(Illuminate\\Http\\Request))
#41 /Users/aleksandr/projects/btf/vendor/barryvdh/laravel-debugbar/src/Middleware/InjectDebugbar.php(66): Illuminate\\Pipeline\\Pipeline->Illuminate\\Pipeline\\{closure}(Object(Illuminate\\Http\\Request))
#42 /Users/aleksandr/projects/btf/vendor/laravel/framework/src/Illuminate/Pipeline/Pipeline.php(209): Barryvdh\\Debugbar\\Middleware\\InjectDebugbar->handle(Object(Illuminate\\Http\\Request), Object(Closure))
#43 /Users/aleksandr/projects/btf/vendor/laravel/framework/src/Illuminate/Foundation/Http/Middleware/TransformsRequest.php(21): Illuminate\\Pipeline\\Pipeline->Illuminate\\Pipeline\\{closure}(Object(Illuminate\\Http\\Request))
#44 /Users/aleksandr/projects/btf/vendor/laravel/framework/src/Illuminate/Foundation/Http/Middleware/ConvertEmptyStringsToNull.php(31): Illuminate\\Foundation\\Http\\Middleware\\TransformsRequest->handle(Object(Illuminate\\Http\\Request), Object(Closure))
#45 /Users/aleksandr/projects/btf/vendor/laravel/framework/src/Illuminate/Pipeline/Pipeline.php(209): Illuminate\\Foundation\\Http\\Middleware\\ConvertEmptyStringsToNull->handle(Object(Illuminate\\Http\\Request), Object(Closure))
#46 /Users/aleksandr/projects/btf/vendor/laravel/framework/src/Illuminate/Foundation/Http/Middleware/TransformsRequest.php(21): Illuminate\\Pipeline\\Pipeline->Illuminate\\Pipeline\\{closure}(Object(Illuminate\\Http\\Request))
#47 /Users/aleksandr/projects/btf/vendor/laravel/framework/src/Illuminate/Foundation/Http/Middleware/TrimStrings.php(51): Illuminate\\Foundation\\Http\\Middleware\\TransformsRequest->handle(Object(Illuminate\\Http\\Request), Object(Closure))
#48 /Users/aleksandr/projects/btf/vendor/laravel/framework/src/Illuminate/Pipeline/Pipeline.php(209): Illuminate\\Foundation\\Http\\Middleware\\TrimStrings->handle(Object(Illuminate\\Http\\Request), Object(Closure))
#49 /Users/aleksandr/projects/btf/vendor/laravel/framework/src/Illuminate/Http/Middleware/ValidatePostSize.php(27): Illuminate\\Pipeline\\Pipeline->Illuminate\\Pipeline\\{closure}(Object(Illuminate\\Http\\Request))
#50 /Users/aleksandr/projects/btf/vendor/laravel/framework/src/Illuminate/Pipeline/Pipeline.php(209): Illuminate\\Http\\Middleware\\ValidatePostSize->handle(Object(Illuminate\\Http\\Request), Object(Closure))
#51 /Users/aleksandr/projects/btf/vendor/laravel/framework/src/Illuminate/Foundation/Http/Middleware/PreventRequestsDuringMaintenance.php(110): Illuminate\\Pipeline\\Pipeline->Illuminate\\Pipeline\\{closure}(Object(Illuminate\\Http\\Request))
#52 /Users/aleksandr/projects/btf/vendor/laravel/framework/src/Illuminate/Pipeline/Pipeline.php(209): Illuminate\\Foundation\\Http\\Middleware\\PreventRequestsDuringMaintenance->handle(Object(Illuminate\\Http\\Request), Object(Closure))
#53 /Users/aleksandr/projects/btf/vendor/laravel/framework/src/Illuminate/Http/Middleware/HandleCors.php(62): Illuminate\\Pipeline\\Pipeline->Illuminate\\Pipeline\\{closure}(Object(Illuminate\\Http\\Request))
#54 /Users/aleksandr/projects/btf/vendor/laravel/framework/src/Illuminate/Pipeline/Pipeline.php(209): Illuminate\\Http\\Middleware\\HandleCors->handle(Object(Illuminate\\Http\\Request), Object(Closure))
#55 /Users/aleksandr/projects/btf/vendor/laravel/framework/src/Illuminate/Http/Middleware/TrustProxies.php(58): Illuminate\\Pipeline\\Pipeline->Illuminate\\Pipeline\\{closure}(Object(Illuminate\\Http\\Request))
#56 /Users/aleksandr/projects/btf/vendor/laravel/framework/src/Illuminate/Pipeline/Pipeline.php(209): Illuminate\\Http\\Middleware\\TrustProxies->handle(Object(Illuminate\\Http\\Request), Object(Closure))
#57 /Users/aleksandr/projects/btf/vendor/laravel/framework/src/Illuminate/Pipeline/Pipeline.php(127): Illuminate\\Pipeline\\Pipeline->Illuminate\\Pipeline\\{closure}(Object(Illuminate\\Http\\Request))
#58 /Users/aleksandr/projects/btf/vendor/laravel/framework/src/Illuminate/Foundation/Http/Kernel.php(176): Illuminate\\Pipeline\\Pipeline->then(Object(Closure))
#59 /Users/aleksandr/projects/btf/vendor/laravel/framework/src/Illuminate/Foundation/Http/Kernel.php(145): Illuminate\\Foundation\\Http\\Kernel->sendRequestThroughRouter(Object(Illuminate\\Http\\Request))
#60 /Users/aleksandr/projects/btf/public/index.php(50): Illuminate\\Foundation\\Http\\Kernel->handle(Object(Illuminate\\Http\\Request))
#61 /Users/aleksandr/projects/btf/vendor/laravel/framework/src/Illuminate/Foundation/resources/server.php(23): require_once('/Users/aleksand...')
#62 {main}

[previous exception] [object] (ReflectionException(code: -1): Class \"App\\Http\\Controllers\\Backend\\PostsController\" does not exist at /Users/aleksandr/projects/btf/vendor/laravel/framework/src/Illuminate/Container/Container.php:959)
[stacktrace]
#0 /Users/aleksandr/projects/btf/vendor/laravel/framework/src/Illuminate/Container/Container.php(959): ReflectionClass->__construct('App\\\\Http\\\\Contro...')
#1 /Users/aleksandr/projects/btf/vendor/laravel/framework/src/Illuminate/Container/Container.php(832): Illuminate\\Container\\Container->build('App\\\\Http\\\\Contro...')
#2 /Users/aleksandr/projects/btf/vendor/laravel/framework/src/Illuminate/Foundation/Application.php(1078): Illuminate\\Container\\Container->resolve('App\\\\Http\\\\Contro...', Array, true)
#3 /Users/aleksandr/projects/btf/vendor/laravel/framework/src/Illuminate/Container/Container.php(763): Illuminate\\Foundation\\Application->resolve('App\\\\Http\\\\Contro...', Array)
#4 /Users/aleksandr/projects/btf/vendor/laravel/framework/src/Illuminate/Foundation/Application.php(1058): Illuminate\\Container\\Container->make('App\\\\Http\\\\Contro...', Array)
#5 /Users/aleksandr/projects/btf/vendor/laravel/framework/src/Illuminate/Routing/Route.php(285): Illuminate\\Foundation\\Application->make('App\\\\Http\\\\Contro...')
#6 /Users/aleksandr/projects/btf/vendor/laravel/framework/src/Illuminate/Routing/Route.php(267): Illuminate\\Routing\\Route->getController()
#7 /Users/aleksandr/projects/btf/vendor/laravel/framework/src/Illuminate/Routing/Route.php(212): Illuminate\\Routing\\Route->runController()
#8 /Users/aleksandr/projects/btf/vendor/laravel/framework/src/Illuminate/Routing/Router.php(808): Illuminate\\Routing\\Route->run()
#9 /Users/aleksandr/projects/btf/vendor/laravel/framework/src/Illuminate/Pipeline/Pipeline.php(170): Illuminate\\Routing\\Router->Illuminate\\Routing\\{closure}(Object(Illuminate\\Http\\Request))
#10 /Users/aleksandr/projects/btf/app/Http/Middleware/AdminCheck.php(15): Illuminate\\Pipeline\\Pipeline->Illuminate\\Pipeline\\{closure}(Object(Illuminate\\Http\\Request))
#11 /Users/aleksandr/projects/btf/vendor/laravel/framework/src/Illuminate/Pipeline/Pipeline.php(209): App\\Http\\Middleware\\AdminCheck->handle(Object(Illuminate\\Http\\Request), Object(Closure))
#12 /Users/aleksandr/projects/btf/vendor/barryvdh/laravel-debugbar/src/Middleware/InjectDebugbar.php(66): Illuminate\\Pipeline\\Pipeline->Illuminate\\Pipeline\\{closure}(Object(Illuminate\\Http\\Request))
#13 /Users/aleksandr/projects/btf/vendor/laravel/framework/src/Illuminate/Pipeline/Pipeline.php(209): Barryvdh\\Debugbar\\Middleware\\InjectDebugbar->handle(Object(Illuminate\\Http\\Request), Object(Closure))
#14 /Users/aleksandr/projects/btf/app/Http/Middleware/UserActivity.php(20): Illuminate\\Pipeline\\Pipeline->Illuminate\\Pipeline\\{closure}(Object(Illuminate\\Http\\Request))
#15 /Users/aleksandr/projects/btf/vendor/laravel/framework/src/Illuminate/Pipeline/Pipeline.php(209): App\\Http\\Middleware\\UserActivity->handle(Object(Illuminate\\Http\\Request), Object(Closure))
#16 /Users/aleksandr/projects/btf/app/Http/Middleware/SetLocale.php(51): Illuminate\\Pipeline\\Pipeline->Illuminate\\Pipeline\\{closure}(Object(Illuminate\\Http\\Request))
#17 /Users/aleksandr/projects/btf/vendor/laravel/framework/src/Illuminate/Pipeline/Pipeline.php(209): App\\Http\\Middleware\\SetLocale->handle(Object(Illuminate\\Http\\Request), Object(Closure))
#18 /Users/aleksandr/projects/btf/vendor/erlandmuchasaj/laravel-gzip/src/Middleware/GzipEncodeResponse.php(19): Illuminate\\Pipeline\\Pipeline->Illuminate\\Pipeline\\{closure}(Object(Illuminate\\Http\\Request))
#19 /Users/aleksandr/projects/btf/vendor/laravel/framework/src/Illuminate/Pipeline/Pipeline.php(209): ErlandMuchasaj\\LaravelGzip\\Middleware\\GzipEncodeResponse->handle(Object(Illuminate\\Http\\Request), Object(Closure))
#20 /Users/aleksandr/projects/btf/vendor/laravel/framework/src/Illuminate/Routing/Middleware/SubstituteBindings.php(51): Illuminate\\Pipeline\\Pipeline->Illuminate\\Pipeline\\{closure}(Object(Illuminate\\Http\\Request))
#21 /Users/aleksandr/projects/btf/vendor/laravel/framework/src/Illuminate/Pipeline/Pipeline.php(209): Illuminate\\Routing\\Middleware\\SubstituteBindings->handle(Object(Illuminate\\Http\\Request), Object(Closure))
#22 /Users/aleksandr/projects/btf/vendor/laravel/framework/src/Illuminate/Auth/Middleware/Authenticate.php(64): Illuminate\\Pipeline\\Pipeline->Illuminate\\Pipeline\\{closure}(Object(Illuminate\\Http\\Request))
#23 /Users/aleksandr/projects/btf/vendor/laravel/framework/src/Illuminate/Pipeline/Pipeline.php(209): Illuminate\\Auth\\Middleware\\Authenticate->handle(Object(Illuminate\\Http\\Request), Object(Closure))
#24 /Users/aleksandr/projects/btf/vendor/laravel/framework/src/Illuminate/Foundation/Http/Middleware/VerifyCsrfToken.php(88): Illuminate\\Pipeline\\Pipeline->Illuminate\\Pipeline\\{closure}(Object(Illuminate\\Http\\Request))
#25 /Users/aleksandr/projects/btf/vendor/laravel/framework/src/Illuminate/Pipeline/Pipeline.php(209): Illuminate\\Foundation\\Http\\Middleware\\VerifyCsrfToken->handle(Object(Illuminate\\Http\\Request), Object(Closure))
#26 /Users/aleksandr/projects/btf/vendor/laravel/framework/src/Illuminate/View/Middleware/ShareErrorsFromSession.php(49): Illuminate\\Pipeline\\Pipeline->Illuminate\\Pipeline\\{closure}(Object(Illuminate\\Http\\Request))
#27 /Users/aleksandr/projects/btf/vendor/laravel/framework/src/Illuminate/Pipeline/Pipeline.php(209): Illuminate\\View\\Middleware\\ShareErrorsFromSession->handle(Object(Illuminate\\Http\\Request), Object(Closure))
#28 /Users/aleksandr/projects/btf/vendor/laravel/framework/src/Illuminate/Session/Middleware/StartSession.php(121): Illuminate\\Pipeline\\Pipeline->Illuminate\\Pipeline\\{closure}(Object(Illuminate\\Http\\Request))
#29 /Users/aleksandr/projects/btf/vendor/laravel/framework/src/Illuminate/Session/Middleware/StartSession.php(64): Illuminate\\Session\\Middleware\\StartSession->handleStatefulRequest(Object(Illuminate\\Http\\Request), Object(Illuminate\\Session\\Store), Object(Closure))
#30 /Users/aleksandr/projects/btf/vendor/laravel/framework/src/Illuminate/Pipeline/Pipeline.php(209): Illuminate\\Session\\Middleware\\StartSession->handle(Object(Illuminate\\Http\\Request), Object(Closure))
#31 /Users/aleksandr/projects/btf/vendor/laravel/framework/src/Illuminate/Cookie/Middleware/AddQueuedCookiesToResponse.php(37): Illuminate\\Pipeline\\Pipeline->Illuminate\\Pipeline\\{closure}(Object(Illuminate\\Http\\Request))
#32 /Users/aleksandr/projects/btf/vendor/laravel/framework/src/Illuminate/Pipeline/Pipeline.php(209): Illuminate\\Cookie\\Middleware\\AddQueuedCookiesToResponse->handle(Object(Illuminate\\Http\\Request), Object(Closure))
#33 /Users/aleksandr/projects/btf/vendor/laravel/framework/src/Illuminate/Cookie/Middleware/EncryptCookies.php(75): Illuminate\\Pipeline\\Pipeline->Illuminate\\Pipeline\\{closure}(Object(Illuminate\\Http\\Request))
#34 /Users/aleksandr/projects/btf/vendor/laravel/framework/src/Illuminate/Pipeline/Pipeline.php(209): Illuminate\\Cookie\\Middleware\\EncryptCookies->handle(Object(Illuminate\\Http\\Request), Object(Closure))
#35 /Users/aleksandr/projects/btf/vendor/laravel/framework/src/Illuminate/Pipeline/Pipeline.php(127): Illuminate\\Pipeline\\Pipeline->Illuminate\\Pipeline\\{closure}(Object(Illuminate\\Http\\Request))
#36 /Users/aleksandr/projects/btf/vendor/laravel/framework/src/Illuminate/Routing/Router.php(807): Illuminate\\Pipeline\\Pipeline->then(Object(Closure))
#37 /Users/aleksandr/projects/btf/vendor/laravel/framework/src/Illuminate/Routing/Router.php(786): Illuminate\\Routing\\Router->runRouteWithinStack(Object(Illuminate\\Routing\\Route), Object(Illuminate\\Http\\Request))
#38 /Users/aleksandr/projects/btf/vendor/laravel/framework/src/Illuminate/Routing/Router.php(750): Illuminate\\Routing\\Router->runRoute(Object(Illuminate\\Http\\Request), Object(Illuminate\\Routing\\Route))
#39 /Users/aleksandr/projects/btf/vendor/laravel/framework/src/Illuminate/Routing/Router.php(739): Illuminate\\Routing\\Router->dispatchToRoute(Object(Illuminate\\Http\\Request))
#40 /Users/aleksandr/projects/btf/vendor/laravel/framework/src/Illuminate/Foundation/Http/Kernel.php(201): Illuminate\\Routing\\Router->dispatch(Object(Illuminate\\Http\\Request))
#41 /Users/aleksandr/projects/btf/vendor/laravel/framework/src/Illuminate/Pipeline/Pipeline.php(170): Illuminate\\Foundation\\Http\\Kernel->Illuminate\\Foundation\\Http\\{closure}(Object(Illuminate\\Http\\Request))
#42 /Users/aleksandr/projects/btf/vendor/barryvdh/laravel-debugbar/src/Middleware/InjectDebugbar.php(66): Illuminate\\Pipeline\\Pipeline->Illuminate\\Pipeline\\{closure}(Object(Illuminate\\Http\\Request))
#43 /Users/aleksandr/projects/btf/vendor/laravel/framework/src/Illuminate/Pipeline/Pipeline.php(209): Barryvdh\\Debugbar\\Middleware\\InjectDebugbar->handle(Object(Illuminate\\Http\\Request), Object(Closure))
#44 /Users/aleksandr/projects/btf/vendor/laravel/framework/src/Illuminate/Foundation/Http/Middleware/TransformsRequest.php(21): Illuminate\\Pipeline\\Pipeline->Illuminate\\Pipeline\\{closure}(Object(Illuminate\\Http\\Request))
#45 /Users/aleksandr/projects/btf/vendor/laravel/framework/src/Illuminate/Foundation/Http/Middleware/ConvertEmptyStringsToNull.php(31): Illuminate\\Foundation\\Http\\Middleware\\TransformsRequest->handle(Object(Illuminate\\Http\\Request), Object(Closure))
#46 /Users/aleksandr/projects/btf/vendor/laravel/framework/src/Illuminate/Pipeline/Pipeline.php(209): Illuminate\\Foundation\\Http\\Middleware\\ConvertEmptyStringsToNull->handle(Object(Illuminate\\Http\\Request), Object(Closure))
#47 /Users/aleksandr/projects/btf/vendor/laravel/framework/src/Illuminate/Foundation/Http/Middleware/TransformsRequest.php(21): Illuminate\\Pipeline\\Pipeline->Illuminate\\Pipeline\\{closure}(Object(Illuminate\\Http\\Request))
#48 /Users/aleksandr/projects/btf/vendor/laravel/framework/src/Illuminate/Foundation/Http/Middleware/TrimStrings.php(51): Illuminate\\Foundation\\Http\\Middleware\\TransformsRequest->handle(Object(Illuminate\\Http\\Request), Object(Closure))
#49 /Users/aleksandr/projects/btf/vendor/laravel/framework/src/Illuminate/Pipeline/Pipeline.php(209): Illuminate\\Foundation\\Http\\Middleware\\TrimStrings->handle(Object(Illuminate\\Http\\Request), Object(Closure))
#50 /Users/aleksandr/projects/btf/vendor/laravel/framework/src/Illuminate/Http/Middleware/ValidatePostSize.php(27): Illuminate\\Pipeline\\Pipeline->Illuminate\\Pipeline\\{closure}(Object(Illuminate\\Http\\Request))
#51 /Users/aleksandr/projects/btf/vendor/laravel/framework/src/Illuminate/Pipeline/Pipeline.php(209): Illuminate\\Http\\Middleware\\ValidatePostSize->handle(Object(Illuminate\\Http\\Request), Object(Closure))
#52 /Users/aleksandr/projects/btf/vendor/laravel/framework/src/Illuminate/Foundation/Http/Middleware/PreventRequestsDuringMaintenance.php(110): Illuminate\\Pipeline\\Pipeline->Illuminate\\Pipeline\\{closure}(Object(Illuminate\\Http\\Request))
#53 /Users/aleksandr/projects/btf/vendor/laravel/framework/src/Illuminate/Pipeline/Pipeline.php(209): Illuminate\\Foundation\\Http\\Middleware\\PreventRequestsDuringMaintenance->handle(Object(Illuminate\\Http\\Request), Object(Closure))
#54 /Users/aleksandr/projects/btf/vendor/laravel/framework/src/Illuminate/Http/Middleware/HandleCors.php(62): Illuminate\\Pipeline\\Pipeline->Illuminate\\Pipeline\\{closure}(Object(Illuminate\\Http\\Request))
#55 /Users/aleksandr/projects/btf/vendor/laravel/framework/src/Illuminate/Pipeline/Pipeline.php(209): Illuminate\\Http\\Middleware\\HandleCors->handle(Object(Illuminate\\Http\\Request), Object(Closure))
#56 /Users/aleksandr/projects/btf/vendor/laravel/framework/src/Illuminate/Http/Middleware/TrustProxies.php(58): Illuminate\\Pipeline\\Pipeline->Illuminate\\Pipeline\\{closure}(Object(Illuminate\\Http\\Request))
#57 /Users/aleksandr/projects/btf/vendor/laravel/framework/src/Illuminate/Pipeline/Pipeline.php(209): Illuminate\\Http\\Middleware\\TrustProxies->handle(Object(Illuminate\\Http\\Request), Object(Closure))
#58 /Users/aleksandr/projects/btf/vendor/laravel/framework/src/Illuminate/Pipeline/Pipeline.php(127): Illuminate\\Pipeline\\Pipeline->Illuminate\\Pipeline\\{closure}(Object(Illuminate\\Http\\Request))
#59 /Users/aleksandr/projects/btf/vendor/laravel/framework/src/Illuminate/Foundation/Http/Kernel.php(176): Illuminate\\Pipeline\\Pipeline->then(Object(Closure))
#60 /Users/aleksandr/projects/btf/vendor/laravel/framework/src/Illuminate/Foundation/Http/Kernel.php(145): Illuminate\\Foundation\\Http\\Kernel->sendRequestThroughRouter(Object(Illuminate\\Http\\Request))
#61 /Users/aleksandr/projects/btf/public/index.php(50): Illuminate\\Foundation\\Http\\Kernel->handle(Object(Illuminate\\Http\\Request))
#62 /Users/aleksandr/projects/btf/vendor/laravel/framework/src/Illuminate/Foundation/resources/server.php(23): require_once('/Users/aleksand...')
#63 {main}
"} 
[2025-05-04 07:36:38] production.ERROR: Cannot declare class App\Http\Controllers\Admin\PostsController, because the name is already in use {"exception":"[object] (Symfony\\Component\\ErrorHandler\\Error\\FatalError(code: 0): Cannot declare class App\\Http\\Controllers\\Admin\\PostsController, because the name is already in use at /Users/aleksandr/projects/btf/app/Http/Controllers/Backend/PostsController.php:18)
[stacktrace]
#0 {main}
"} 
[2025-05-04 07:36:58] production.ERROR: Target class [isAdmin] does not exist. {"userId":1,"exception":"[object] (Illuminate\\Contracts\\Container\\BindingResolutionException(code: 0): Target class [isAdmin] does not exist. at /Users/aleksandr/projects/btf/vendor/laravel/framework/src/Illuminate/Container/Container.php:961)
[stacktrace]
#0 /Users/aleksandr/projects/btf/vendor/laravel/framework/src/Illuminate/Container/Container.php(832): Illuminate\\Container\\Container->build('isAdmin')
#1 /Users/aleksandr/projects/btf/vendor/laravel/framework/src/Illuminate/Foundation/Application.php(1078): Illuminate\\Container\\Container->resolve('isAdmin', Array, true)
#2 /Users/aleksandr/projects/btf/vendor/laravel/framework/src/Illuminate/Container/Container.php(763): Illuminate\\Foundation\\Application->resolve('isAdmin', Array)
#3 /Users/aleksandr/projects/btf/vendor/laravel/framework/src/Illuminate/Foundation/Application.php(1058): Illuminate\\Container\\Container->make('isAdmin', Array)
#4 /Users/aleksandr/projects/btf/vendor/laravel/framework/src/Illuminate/Pipeline/Pipeline.php(198): Illuminate\\Foundation\\Application->make('isAdmin')
#5 /Users/aleksandr/projects/btf/app/Http/Middleware/AdminCheck.php(15): Illuminate\\Pipeline\\Pipeline->Illuminate\\Pipeline\\{closure}(Object(Illuminate\\Http\\Request))
#6 /Users/aleksandr/projects/btf/vendor/laravel/framework/src/Illuminate/Pipeline/Pipeline.php(209): App\\Http\\Middleware\\AdminCheck->handle(Object(Illuminate\\Http\\Request), Object(Closure))
#7 /Users/aleksandr/projects/btf/vendor/barryvdh/laravel-debugbar/src/Middleware/InjectDebugbar.php(66): Illuminate\\Pipeline\\Pipeline->Illuminate\\Pipeline\\{closure}(Object(Illuminate\\Http\\Request))
#8 /Users/aleksandr/projects/btf/vendor/laravel/framework/src/Illuminate/Pipeline/Pipeline.php(209): Barryvdh\\Debugbar\\Middleware\\InjectDebugbar->handle(Object(Illuminate\\Http\\Request), Object(Closure))
#9 /Users/aleksandr/projects/btf/app/Http/Middleware/UserActivity.php(20): Illuminate\\Pipeline\\Pipeline->Illuminate\\Pipeline\\{closure}(Object(Illuminate\\Http\\Request))
#10 /Users/aleksandr/projects/btf/vendor/laravel/framework/src/Illuminate/Pipeline/Pipeline.php(209): App\\Http\\Middleware\\UserActivity->handle(Object(Illuminate\\Http\\Request), Object(Closure))
#11 /Users/aleksandr/projects/btf/app/Http/Middleware/SetLocale.php(51): Illuminate\\Pipeline\\Pipeline->Illuminate\\Pipeline\\{closure}(Object(Illuminate\\Http\\Request))
#12 /Users/aleksandr/projects/btf/vendor/laravel/framework/src/Illuminate/Pipeline/Pipeline.php(209): App\\Http\\Middleware\\SetLocale->handle(Object(Illuminate\\Http\\Request), Object(Closure))
#13 /Users/aleksandr/projects/btf/vendor/erlandmuchasaj/laravel-gzip/src/Middleware/GzipEncodeResponse.php(19): Illuminate\\Pipeline\\Pipeline->Illuminate\\Pipeline\\{closure}(Object(Illuminate\\Http\\Request))
#14 /Users/aleksandr/projects/btf/vendor/laravel/framework/src/Illuminate/Pipeline/Pipeline.php(209): ErlandMuchasaj\\LaravelGzip\\Middleware\\GzipEncodeResponse->handle(Object(Illuminate\\Http\\Request), Object(Closure))
#15 /Users/aleksandr/projects/btf/vendor/laravel/framework/src/Illuminate/Routing/Middleware/SubstituteBindings.php(51): Illuminate\\Pipeline\\Pipeline->Illuminate\\Pipeline\\{closure}(Object(Illuminate\\Http\\Request))
#16 /Users/aleksandr/projects/btf/vendor/laravel/framework/src/Illuminate/Pipeline/Pipeline.php(209): Illuminate\\Routing\\Middleware\\SubstituteBindings->handle(Object(Illuminate\\Http\\Request), Object(Closure))
#17 /Users/aleksandr/projects/btf/vendor/laravel/framework/src/Illuminate/Auth/Middleware/Authenticate.php(64): Illuminate\\Pipeline\\Pipeline->Illuminate\\Pipeline\\{closure}(Object(Illuminate\\Http\\Request))
#18 /Users/aleksandr/projects/btf/vendor/laravel/framework/src/Illuminate/Pipeline/Pipeline.php(209): Illuminate\\Auth\\Middleware\\Authenticate->handle(Object(Illuminate\\Http\\Request), Object(Closure))
#19 /Users/aleksandr/projects/btf/vendor/laravel/framework/src/Illuminate/Foundation/Http/Middleware/VerifyCsrfToken.php(88): Illuminate\\Pipeline\\Pipeline->Illuminate\\Pipeline\\{closure}(Object(Illuminate\\Http\\Request))
#20 /Users/aleksandr/projects/btf/vendor/laravel/framework/src/Illuminate/Pipeline/Pipeline.php(209): Illuminate\\Foundation\\Http\\Middleware\\VerifyCsrfToken->handle(Object(Illuminate\\Http\\Request), Object(Closure))
#21 /Users/aleksandr/projects/btf/vendor/laravel/framework/src/Illuminate/View/Middleware/ShareErrorsFromSession.php(49): Illuminate\\Pipeline\\Pipeline->Illuminate\\Pipeline\\{closure}(Object(Illuminate\\Http\\Request))
#22 /Users/aleksandr/projects/btf/vendor/laravel/framework/src/Illuminate/Pipeline/Pipeline.php(209): Illuminate\\View\\Middleware\\ShareErrorsFromSession->handle(Object(Illuminate\\Http\\Request), Object(Closure))
#23 /Users/aleksandr/projects/btf/vendor/laravel/framework/src/Illuminate/Session/Middleware/StartSession.php(121): Illuminate\\Pipeline\\Pipeline->Illuminate\\Pipeline\\{closure}(Object(Illuminate\\Http\\Request))
#24 /Users/aleksandr/projects/btf/vendor/laravel/framework/src/Illuminate/Session/Middleware/StartSession.php(64): Illuminate\\Session\\Middleware\\StartSession->handleStatefulRequest(Object(Illuminate\\Http\\Request), Object(Illuminate\\Session\\Store), Object(Closure))
#25 /Users/aleksandr/projects/btf/vendor/laravel/framework/src/Illuminate/Pipeline/Pipeline.php(209): Illuminate\\Session\\Middleware\\StartSession->handle(Object(Illuminate\\Http\\Request), Object(Closure))
#26 /Users/aleksandr/projects/btf/vendor/laravel/framework/src/Illuminate/Cookie/Middleware/AddQueuedCookiesToResponse.php(37): Illuminate\\Pipeline\\Pipeline->Illuminate\\Pipeline\\{closure}(Object(Illuminate\\Http\\Request))
#27 /Users/aleksandr/projects/btf/vendor/laravel/framework/src/Illuminate/Pipeline/Pipeline.php(209): Illuminate\\Cookie\\Middleware\\AddQueuedCookiesToResponse->handle(Object(Illuminate\\Http\\Request), Object(Closure))
#28 /Users/aleksandr/projects/btf/vendor/laravel/framework/src/Illuminate/Cookie/Middleware/EncryptCookies.php(75): Illuminate\\Pipeline\\Pipeline->Illuminate\\Pipeline\\{closure}(Object(Illuminate\\Http\\Request))
#29 /Users/aleksandr/projects/btf/vendor/laravel/framework/src/Illuminate/Pipeline/Pipeline.php(209): Illuminate\\Cookie\\Middleware\\EncryptCookies->handle(Object(Illuminate\\Http\\Request), Object(Closure))
#30 /Users/aleksandr/projects/btf/vendor/laravel/framework/src/Illuminate/Pipeline/Pipeline.php(127): Illuminate\\Pipeline\\Pipeline->Illuminate\\Pipeline\\{closure}(Object(Illuminate\\Http\\Request))
#31 /Users/aleksandr/projects/btf/vendor/laravel/framework/src/Illuminate/Routing/Router.php(807): Illuminate\\Pipeline\\Pipeline->then(Object(Closure))
#32 /Users/aleksandr/projects/btf/vendor/laravel/framework/src/Illuminate/Routing/Router.php(786): Illuminate\\Routing\\Router->runRouteWithinStack(Object(Illuminate\\Routing\\Route), Object(Illuminate\\Http\\Request))
#33 /Users/aleksandr/projects/btf/vendor/laravel/framework/src/Illuminate/Routing/Router.php(750): Illuminate\\Routing\\Router->runRoute(Object(Illuminate\\Http\\Request), Object(Illuminate\\Routing\\Route))
#34 /Users/aleksandr/projects/btf/vendor/laravel/framework/src/Illuminate/Routing/Router.php(739): Illuminate\\Routing\\Router->dispatchToRoute(Object(Illuminate\\Http\\Request))
#35 /Users/aleksandr/projects/btf/vendor/laravel/framework/src/Illuminate/Foundation/Http/Kernel.php(201): Illuminate\\Routing\\Router->dispatch(Object(Illuminate\\Http\\Request))
#36 /Users/aleksandr/projects/btf/vendor/laravel/framework/src/Illuminate/Pipeline/Pipeline.php(170): Illuminate\\Foundation\\Http\\Kernel->Illuminate\\Foundation\\Http\\{closure}(Object(Illuminate\\Http\\Request))
#37 /Users/aleksandr/projects/btf/vendor/barryvdh/laravel-debugbar/src/Middleware/InjectDebugbar.php(66): Illuminate\\Pipeline\\Pipeline->Illuminate\\Pipeline\\{closure}(Object(Illuminate\\Http\\Request))
#38 /Users/aleksandr/projects/btf/vendor/laravel/framework/src/Illuminate/Pipeline/Pipeline.php(209): Barryvdh\\Debugbar\\Middleware\\InjectDebugbar->handle(Object(Illuminate\\Http\\Request), Object(Closure))
#39 /Users/aleksandr/projects/btf/vendor/laravel/framework/src/Illuminate/Foundation/Http/Middleware/TransformsRequest.php(21): Illuminate\\Pipeline\\Pipeline->Illuminate\\Pipeline\\{closure}(Object(Illuminate\\Http\\Request))
#40 /Users/aleksandr/projects/btf/vendor/laravel/framework/src/Illuminate/Foundation/Http/Middleware/ConvertEmptyStringsToNull.php(31): Illuminate\\Foundation\\Http\\Middleware\\TransformsRequest->handle(Object(Illuminate\\Http\\Request), Object(Closure))
#41 /Users/aleksandr/projects/btf/vendor/laravel/framework/src/Illuminate/Pipeline/Pipeline.php(209): Illuminate\\Foundation\\Http\\Middleware\\ConvertEmptyStringsToNull->handle(Object(Illuminate\\Http\\Request), Object(Closure))
#42 /Users/aleksandr/projects/btf/vendor/laravel/framework/src/Illuminate/Foundation/Http/Middleware/TransformsRequest.php(21): Illuminate\\Pipeline\\Pipeline->Illuminate\\Pipeline\\{closure}(Object(Illuminate\\Http\\Request))
#43 /Users/aleksandr/projects/btf/vendor/laravel/framework/src/Illuminate/Foundation/Http/Middleware/TrimStrings.php(51): Illuminate\\Foundation\\Http\\Middleware\\TransformsRequest->handle(Object(Illuminate\\Http\\Request), Object(Closure))
#44 /Users/aleksandr/projects/btf/vendor/laravel/framework/src/Illuminate/Pipeline/Pipeline.php(209): Illuminate\\Foundation\\Http\\Middleware\\TrimStrings->handle(Object(Illuminate\\Http\\Request), Object(Closure))
#45 /Users/aleksandr/projects/btf/vendor/laravel/framework/src/Illuminate/Http/Middleware/ValidatePostSize.php(27): Illuminate\\Pipeline\\Pipeline->Illuminate\\Pipeline\\{closure}(Object(Illuminate\\Http\\Request))
#46 /Users/aleksandr/projects/btf/vendor/laravel/framework/src/Illuminate/Pipeline/Pipeline.php(209): Illuminate\\Http\\Middleware\\ValidatePostSize->handle(Object(Illuminate\\Http\\Request), Object(Closure))
#47 /Users/aleksandr/projects/btf/vendor/laravel/framework/src/Illuminate/Foundation/Http/Middleware/PreventRequestsDuringMaintenance.php(110): Illuminate\\Pipeline\\Pipeline->Illuminate\\Pipeline\\{closure}(Object(Illuminate\\Http\\Request))
#48 /Users/aleksandr/projects/btf/vendor/laravel/framework/src/Illuminate/Pipeline/Pipeline.php(209): Illuminate\\Foundation\\Http\\Middleware\\PreventRequestsDuringMaintenance->handle(Object(Illuminate\\Http\\Request), Object(Closure))
#49 /Users/aleksandr/projects/btf/vendor/laravel/framework/src/Illuminate/Http/Middleware/HandleCors.php(62): Illuminate\\Pipeline\\Pipeline->Illuminate\\Pipeline\\{closure}(Object(Illuminate\\Http\\Request))
#50 /Users/aleksandr/projects/btf/vendor/laravel/framework/src/Illuminate/Pipeline/Pipeline.php(209): Illuminate\\Http\\Middleware\\HandleCors->handle(Object(Illuminate\\Http\\Request), Object(Closure))
#51 /Users/aleksandr/projects/btf/vendor/laravel/framework/src/Illuminate/Http/Middleware/TrustProxies.php(58): Illuminate\\Pipeline\\Pipeline->Illuminate\\Pipeline\\{closure}(Object(Illuminate\\Http\\Request))
#52 /Users/aleksandr/projects/btf/vendor/laravel/framework/src/Illuminate/Pipeline/Pipeline.php(209): Illuminate\\Http\\Middleware\\TrustProxies->handle(Object(Illuminate\\Http\\Request), Object(Closure))
#53 /Users/aleksandr/projects/btf/vendor/laravel/framework/src/Illuminate/Pipeline/Pipeline.php(127): Illuminate\\Pipeline\\Pipeline->Illuminate\\Pipeline\\{closure}(Object(Illuminate\\Http\\Request))
#54 /Users/aleksandr/projects/btf/vendor/laravel/framework/src/Illuminate/Foundation/Http/Kernel.php(176): Illuminate\\Pipeline\\Pipeline->then(Object(Closure))
#55 /Users/aleksandr/projects/btf/vendor/laravel/framework/src/Illuminate/Foundation/Http/Kernel.php(145): Illuminate\\Foundation\\Http\\Kernel->sendRequestThroughRouter(Object(Illuminate\\Http\\Request))
#56 /Users/aleksandr/projects/btf/public/index.php(50): Illuminate\\Foundation\\Http\\Kernel->handle(Object(Illuminate\\Http\\Request))
#57 /Users/aleksandr/projects/btf/vendor/laravel/framework/src/Illuminate/Foundation/resources/server.php(23): require_once('/Users/aleksand...')
#58 {main}

[previous exception] [object] (ReflectionException(code: -1): Class \"isAdmin\" does not exist at /Users/aleksandr/projects/btf/vendor/laravel/framework/src/Illuminate/Container/Container.php:959)
[stacktrace]
#0 /Users/aleksandr/projects/btf/vendor/laravel/framework/src/Illuminate/Container/Container.php(959): ReflectionClass->__construct('isAdmin')
#1 /Users/aleksandr/projects/btf/vendor/laravel/framework/src/Illuminate/Container/Container.php(832): Illuminate\\Container\\Container->build('isAdmin')
#2 /Users/aleksandr/projects/btf/vendor/laravel/framework/src/Illuminate/Foundation/Application.php(1078): Illuminate\\Container\\Container->resolve('isAdmin', Array, true)
#3 /Users/aleksandr/projects/btf/vendor/laravel/framework/src/Illuminate/Container/Container.php(763): Illuminate\\Foundation\\Application->resolve('isAdmin', Array)
#4 /Users/aleksandr/projects/btf/vendor/laravel/framework/src/Illuminate/Foundation/Application.php(1058): Illuminate\\Container\\Container->make('isAdmin', Array)
#5 /Users/aleksandr/projects/btf/vendor/laravel/framework/src/Illuminate/Pipeline/Pipeline.php(198): Illuminate\\Foundation\\Application->make('isAdmin')
#6 /Users/aleksandr/projects/btf/app/Http/Middleware/AdminCheck.php(15): Illuminate\\Pipeline\\Pipeline->Illuminate\\Pipeline\\{closure}(Object(Illuminate\\Http\\Request))
#7 /Users/aleksandr/projects/btf/vendor/laravel/framework/src/Illuminate/Pipeline/Pipeline.php(209): App\\Http\\Middleware\\AdminCheck->handle(Object(Illuminate\\Http\\Request), Object(Closure))
#8 /Users/aleksandr/projects/btf/vendor/barryvdh/laravel-debugbar/src/Middleware/InjectDebugbar.php(66): Illuminate\\Pipeline\\Pipeline->Illuminate\\Pipeline\\{closure}(Object(Illuminate\\Http\\Request))
#9 /Users/aleksandr/projects/btf/vendor/laravel/framework/src/Illuminate/Pipeline/Pipeline.php(209): Barryvdh\\Debugbar\\Middleware\\InjectDebugbar->handle(Object(Illuminate\\Http\\Request), Object(Closure))
#10 /Users/aleksandr/projects/btf/app/Http/Middleware/UserActivity.php(20): Illuminate\\Pipeline\\Pipeline->Illuminate\\Pipeline\\{closure}(Object(Illuminate\\Http\\Request))
#11 /Users/aleksandr/projects/btf/vendor/laravel/framework/src/Illuminate/Pipeline/Pipeline.php(209): App\\Http\\Middleware\\UserActivity->handle(Object(Illuminate\\Http\\Request), Object(Closure))
#12 /Users/aleksandr/projects/btf/app/Http/Middleware/SetLocale.php(51): Illuminate\\Pipeline\\Pipeline->Illuminate\\Pipeline\\{closure}(Object(Illuminate\\Http\\Request))
#13 /Users/aleksandr/projects/btf/vendor/laravel/framework/src/Illuminate/Pipeline/Pipeline.php(209): App\\Http\\Middleware\\SetLocale->handle(Object(Illuminate\\Http\\Request), Object(Closure))
#14 /Users/aleksandr/projects/btf/vendor/erlandmuchasaj/laravel-gzip/src/Middleware/GzipEncodeResponse.php(19): Illuminate\\Pipeline\\Pipeline->Illuminate\\Pipeline\\{closure}(Object(Illuminate\\Http\\Request))
#15 /Users/aleksandr/projects/btf/vendor/laravel/framework/src/Illuminate/Pipeline/Pipeline.php(209): ErlandMuchasaj\\LaravelGzip\\Middleware\\GzipEncodeResponse->handle(Object(Illuminate\\Http\\Request), Object(Closure))
#16 /Users/aleksandr/projects/btf/vendor/laravel/framework/src/Illuminate/Routing/Middleware/SubstituteBindings.php(51): Illuminate\\Pipeline\\Pipeline->Illuminate\\Pipeline\\{closure}(Object(Illuminate\\Http\\Request))
#17 /Users/aleksandr/projects/btf/vendor/laravel/framework/src/Illuminate/Pipeline/Pipeline.php(209): Illuminate\\Routing\\Middleware\\SubstituteBindings->handle(Object(Illuminate\\Http\\Request), Object(Closure))
#18 /Users/aleksandr/projects/btf/vendor/laravel/framework/src/Illuminate/Auth/Middleware/Authenticate.php(64): Illuminate\\Pipeline\\Pipeline->Illuminate\\Pipeline\\{closure}(Object(Illuminate\\Http\\Request))
#19 /Users/aleksandr/projects/btf/vendor/laravel/framework/src/Illuminate/Pipeline/Pipeline.php(209): Illuminate\\Auth\\Middleware\\Authenticate->handle(Object(Illuminate\\Http\\Request), Object(Closure))
#20 /Users/aleksandr/projects/btf/vendor/laravel/framework/src/Illuminate/Foundation/Http/Middleware/VerifyCsrfToken.php(88): Illuminate\\Pipeline\\Pipeline->Illuminate\\Pipeline\\{closure}(Object(Illuminate\\Http\\Request))
#21 /Users/aleksandr/projects/btf/vendor/laravel/framework/src/Illuminate/Pipeline/Pipeline.php(209): Illuminate\\Foundation\\Http\\Middleware\\VerifyCsrfToken->handle(Object(Illuminate\\Http\\Request), Object(Closure))
#22 /Users/aleksandr/projects/btf/vendor/laravel/framework/src/Illuminate/View/Middleware/ShareErrorsFromSession.php(49): Illuminate\\Pipeline\\Pipeline->Illuminate\\Pipeline\\{closure}(Object(Illuminate\\Http\\Request))
#23 /Users/aleksandr/projects/btf/vendor/laravel/framework/src/Illuminate/Pipeline/Pipeline.php(209): Illuminate\\View\\Middleware\\ShareErrorsFromSession->handle(Object(Illuminate\\Http\\Request), Object(Closure))
#24 /Users/aleksandr/projects/btf/vendor/laravel/framework/src/Illuminate/Session/Middleware/StartSession.php(121): Illuminate\\Pipeline\\Pipeline->Illuminate\\Pipeline\\{closure}(Object(Illuminate\\Http\\Request))
#25 /Users/aleksandr/projects/btf/vendor/laravel/framework/src/Illuminate/Session/Middleware/StartSession.php(64): Illuminate\\Session\\Middleware\\StartSession->handleStatefulRequest(Object(Illuminate\\Http\\Request), Object(Illuminate\\Session\\Store), Object(Closure))
#26 /Users/aleksandr/projects/btf/vendor/laravel/framework/src/Illuminate/Pipeline/Pipeline.php(209): Illuminate\\Session\\Middleware\\StartSession->handle(Object(Illuminate\\Http\\Request), Object(Closure))
#27 /Users/aleksandr/projects/btf/vendor/laravel/framework/src/Illuminate/Cookie/Middleware/AddQueuedCookiesToResponse.php(37): Illuminate\\Pipeline\\Pipeline->Illuminate\\Pipeline\\{closure}(Object(Illuminate\\Http\\Request))
#28 /Users/aleksandr/projects/btf/vendor/laravel/framework/src/Illuminate/Pipeline/Pipeline.php(209): Illuminate\\Cookie\\Middleware\\AddQueuedCookiesToResponse->handle(Object(Illuminate\\Http\\Request), Object(Closure))
#29 /Users/aleksandr/projects/btf/vendor/laravel/framework/src/Illuminate/Cookie/Middleware/EncryptCookies.php(75): Illuminate\\Pipeline\\Pipeline->Illuminate\\Pipeline\\{closure}(Object(Illuminate\\Http\\Request))
#30 /Users/aleksandr/projects/btf/vendor/laravel/framework/src/Illuminate/Pipeline/Pipeline.php(209): Illuminate\\Cookie\\Middleware\\EncryptCookies->handle(Object(Illuminate\\Http\\Request), Object(Closure))
#31 /Users/aleksandr/projects/btf/vendor/laravel/framework/src/Illuminate/Pipeline/Pipeline.php(127): Illuminate\\Pipeline\\Pipeline->Illuminate\\Pipeline\\{closure}(Object(Illuminate\\Http\\Request))
#32 /Users/aleksandr/projects/btf/vendor/laravel/framework/src/Illuminate/Routing/Router.php(807): Illuminate\\Pipeline\\Pipeline->then(Object(Closure))
#33 /Users/aleksandr/projects/btf/vendor/laravel/framework/src/Illuminate/Routing/Router.php(786): Illuminate\\Routing\\Router->runRouteWithinStack(Object(Illuminate\\Routing\\Route), Object(Illuminate\\Http\\Request))
#34 /Users/aleksandr/projects/btf/vendor/laravel/framework/src/Illuminate/Routing/Router.php(750): Illuminate\\Routing\\Router->runRoute(Object(Illuminate\\Http\\Request), Object(Illuminate\\Routing\\Route))
#35 /Users/aleksandr/projects/btf/vendor/laravel/framework/src/Illuminate/Routing/Router.php(739): Illuminate\\Routing\\Router->dispatchToRoute(Object(Illuminate\\Http\\Request))
#36 /Users/aleksandr/projects/btf/vendor/laravel/framework/src/Illuminate/Foundation/Http/Kernel.php(201): Illuminate\\Routing\\Router->dispatch(Object(Illuminate\\Http\\Request))
#37 /Users/aleksandr/projects/btf/vendor/laravel/framework/src/Illuminate/Pipeline/Pipeline.php(170): Illuminate\\Foundation\\Http\\Kernel->Illuminate\\Foundation\\Http\\{closure}(Object(Illuminate\\Http\\Request))
#38 /Users/aleksandr/projects/btf/vendor/barryvdh/laravel-debugbar/src/Middleware/InjectDebugbar.php(66): Illuminate\\Pipeline\\Pipeline->Illuminate\\Pipeline\\{closure}(Object(Illuminate\\Http\\Request))
#39 /Users/aleksandr/projects/btf/vendor/laravel/framework/src/Illuminate/Pipeline/Pipeline.php(209): Barryvdh\\Debugbar\\Middleware\\InjectDebugbar->handle(Object(Illuminate\\Http\\Request), Object(Closure))
#40 /Users/aleksandr/projects/btf/vendor/laravel/framework/src/Illuminate/Foundation/Http/Middleware/TransformsRequest.php(21): Illuminate\\Pipeline\\Pipeline->Illuminate\\Pipeline\\{closure}(Object(Illuminate\\Http\\Request))
#41 /Users/aleksandr/projects/btf/vendor/laravel/framework/src/Illuminate/Foundation/Http/Middleware/ConvertEmptyStringsToNull.php(31): Illuminate\\Foundation\\Http\\Middleware\\TransformsRequest->handle(Object(Illuminate\\Http\\Request), Object(Closure))
#42 /Users/aleksandr/projects/btf/vendor/laravel/framework/src/Illuminate/Pipeline/Pipeline.php(209): Illuminate\\Foundation\\Http\\Middleware\\ConvertEmptyStringsToNull->handle(Object(Illuminate\\Http\\Request), Object(Closure))
#43 /Users/aleksandr/projects/btf/vendor/laravel/framework/src/Illuminate/Foundation/Http/Middleware/TransformsRequest.php(21): Illuminate\\Pipeline\\Pipeline->Illuminate\\Pipeline\\{closure}(Object(Illuminate\\Http\\Request))
#44 /Users/aleksandr/projects/btf/vendor/laravel/framework/src/Illuminate/Foundation/Http/Middleware/TrimStrings.php(51): Illuminate\\Foundation\\Http\\Middleware\\TransformsRequest->handle(Object(Illuminate\\Http\\Request), Object(Closure))
#45 /Users/aleksandr/projects/btf/vendor/laravel/framework/src/Illuminate/Pipeline/Pipeline.php(209): Illuminate\\Foundation\\Http\\Middleware\\TrimStrings->handle(Object(Illuminate\\Http\\Request), Object(Closure))
#46 /Users/aleksandr/projects/btf/vendor/laravel/framework/src/Illuminate/Http/Middleware/ValidatePostSize.php(27): Illuminate\\Pipeline\\Pipeline->Illuminate\\Pipeline\\{closure}(Object(Illuminate\\Http\\Request))
#47 /Users/aleksandr/projects/btf/vendor/laravel/framework/src/Illuminate/Pipeline/Pipeline.php(209): Illuminate\\Http\\Middleware\\ValidatePostSize->handle(Object(Illuminate\\Http\\Request), Object(Closure))
#48 /Users/aleksandr/projects/btf/vendor/laravel/framework/src/Illuminate/Foundation/Http/Middleware/PreventRequestsDuringMaintenance.php(110): Illuminate\\Pipeline\\Pipeline->Illuminate\\Pipeline\\{closure}(Object(Illuminate\\Http\\Request))
#49 /Users/aleksandr/projects/btf/vendor/laravel/framework/src/Illuminate/Pipeline/Pipeline.php(209): Illuminate\\Foundation\\Http\\Middleware\\PreventRequestsDuringMaintenance->handle(Object(Illuminate\\Http\\Request), Object(Closure))
#50 /Users/aleksandr/projects/btf/vendor/laravel/framework/src/Illuminate/Http/Middleware/HandleCors.php(62): Illuminate\\Pipeline\\Pipeline->Illuminate\\Pipeline\\{closure}(Object(Illuminate\\Http\\Request))
#51 /Users/aleksandr/projects/btf/vendor/laravel/framework/src/Illuminate/Pipeline/Pipeline.php(209): Illuminate\\Http\\Middleware\\HandleCors->handle(Object(Illuminate\\Http\\Request), Object(Closure))
#52 /Users/aleksandr/projects/btf/vendor/laravel/framework/src/Illuminate/Http/Middleware/TrustProxies.php(58): Illuminate\\Pipeline\\Pipeline->Illuminate\\Pipeline\\{closure}(Object(Illuminate\\Http\\Request))
#53 /Users/aleksandr/projects/btf/vendor/laravel/framework/src/Illuminate/Pipeline/Pipeline.php(209): Illuminate\\Http\\Middleware\\TrustProxies->handle(Object(Illuminate\\Http\\Request), Object(Closure))
#54 /Users/aleksandr/projects/btf/vendor/laravel/framework/src/Illuminate/Pipeline/Pipeline.php(127): Illuminate\\Pipeline\\Pipeline->Illuminate\\Pipeline\\{closure}(Object(Illuminate\\Http\\Request))
#55 /Users/aleksandr/projects/btf/vendor/laravel/framework/src/Illuminate/Foundation/Http/Kernel.php(176): Illuminate\\Pipeline\\Pipeline->then(Object(Closure))
#56 /Users/aleksandr/projects/btf/vendor/laravel/framework/src/Illuminate/Foundation/Http/Kernel.php(145): Illuminate\\Foundation\\Http\\Kernel->sendRequestThroughRouter(Object(Illuminate\\Http\\Request))
#57 /Users/aleksandr/projects/btf/public/index.php(50): Illuminate\\Foundation\\Http\\Kernel->handle(Object(Illuminate\\Http\\Request))
#58 /Users/aleksandr/projects/btf/vendor/laravel/framework/src/Illuminate/Foundation/resources/server.php(23): require_once('/Users/aleksand...')
#59 {main}
"} 
[2025-05-04 07:36:58] production.ERROR: Target class [isAdmin] does not exist. {"userId":1,"exception":"[object] (Illuminate\\Contracts\\Container\\BindingResolutionException(code: 0): Target class [isAdmin] does not exist. at /Users/aleksandr/projects/btf/vendor/laravel/framework/src/Illuminate/Container/Container.php:961)
[stacktrace]
#0 /Users/aleksandr/projects/btf/vendor/laravel/framework/src/Illuminate/Container/Container.php(832): Illuminate\\Container\\Container->build('isAdmin')
#1 /Users/aleksandr/projects/btf/vendor/laravel/framework/src/Illuminate/Foundation/Application.php(1078): Illuminate\\Container\\Container->resolve('isAdmin', Array, true)
#2 /Users/aleksandr/projects/btf/vendor/laravel/framework/src/Illuminate/Container/Container.php(763): Illuminate\\Foundation\\Application->resolve('isAdmin', Array)
#3 /Users/aleksandr/projects/btf/vendor/laravel/framework/src/Illuminate/Foundation/Application.php(1058): Illuminate\\Container\\Container->make('isAdmin', Array)
#4 /Users/aleksandr/projects/btf/vendor/laravel/framework/src/Illuminate/Foundation/Http/Kernel.php(258): Illuminate\\Foundation\\Application->make('isAdmin')
#5 /Users/aleksandr/projects/btf/vendor/laravel/framework/src/Illuminate/Foundation/Http/Kernel.php(216): Illuminate\\Foundation\\Http\\Kernel->terminateMiddleware(Object(Illuminate\\Http\\Request), Object(Illuminate\\Http\\Response))
#6 /Users/aleksandr/projects/btf/public/index.php(52): Illuminate\\Foundation\\Http\\Kernel->terminate(Object(Illuminate\\Http\\Request), Object(Illuminate\\Http\\Response))
#7 /Users/aleksandr/projects/btf/vendor/laravel/framework/src/Illuminate/Foundation/resources/server.php(23): require_once('/Users/aleksand...')
#8 {main}

[previous exception] [object] (ReflectionException(code: -1): Class \"isAdmin\" does not exist at /Users/aleksandr/projects/btf/vendor/laravel/framework/src/Illuminate/Container/Container.php:959)
[stacktrace]
#0 /Users/aleksandr/projects/btf/vendor/laravel/framework/src/Illuminate/Container/Container.php(959): ReflectionClass->__construct('isAdmin')
#1 /Users/aleksandr/projects/btf/vendor/laravel/framework/src/Illuminate/Container/Container.php(832): Illuminate\\Container\\Container->build('isAdmin')
#2 /Users/aleksandr/projects/btf/vendor/laravel/framework/src/Illuminate/Foundation/Application.php(1078): Illuminate\\Container\\Container->resolve('isAdmin', Array, true)
#3 /Users/aleksandr/projects/btf/vendor/laravel/framework/src/Illuminate/Container/Container.php(763): Illuminate\\Foundation\\Application->resolve('isAdmin', Array)
#4 /Users/aleksandr/projects/btf/vendor/laravel/framework/src/Illuminate/Foundation/Application.php(1058): Illuminate\\Container\\Container->make('isAdmin', Array)
#5 /Users/aleksandr/projects/btf/vendor/laravel/framework/src/Illuminate/Foundation/Http/Kernel.php(258): Illuminate\\Foundation\\Application->make('isAdmin')
#6 /Users/aleksandr/projects/btf/vendor/laravel/framework/src/Illuminate/Foundation/Http/Kernel.php(216): Illuminate\\Foundation\\Http\\Kernel->terminateMiddleware(Object(Illuminate\\Http\\Request), Object(Illuminate\\Http\\Response))
#7 /Users/aleksandr/projects/btf/public/index.php(52): Illuminate\\Foundation\\Http\\Kernel->terminate(Object(Illuminate\\Http\\Request), Object(Illuminate\\Http\\Response))
#8 /Users/aleksandr/projects/btf/vendor/laravel/framework/src/Illuminate/Foundation/resources/server.php(23): require_once('/Users/aleksand...')
#9 {main}
"} 
[2025-05-04 07:39:47] production.ERROR: Class "Illiuminate\Support\Facades\DB" not found {"exception":"[object] (Error(code: 0): Class \"Illiuminate\\Support\\Facades\\DB\" not found at /Users/aleksandr/projects/btf/app/Http/Controllers/Backend/PostsController.php:26)
[stacktrace]
#0 [internal function]: App\\Http\\Controllers\\Backend\\PostsController->__construct()
#1 /Users/aleksandr/projects/btf/vendor/laravel/framework/src/Illuminate/Container/Container.php(1004): ReflectionClass->newInstanceArgs(Array)
#2 /Users/aleksandr/projects/btf/vendor/laravel/framework/src/Illuminate/Container/Container.php(832): Illuminate\\Container\\Container->build('App\\\\Http\\\\Contro...')
#3 /Users/aleksandr/projects/btf/vendor/laravel/framework/src/Illuminate/Foundation/Application.php(1078): Illuminate\\Container\\Container->resolve('App\\\\Http\\\\Contro...', Array, true)
#4 /Users/aleksandr/projects/btf/vendor/laravel/framework/src/Illuminate/Container/Container.php(763): Illuminate\\Foundation\\Application->resolve('App\\\\Http\\\\Contro...', Array)
#5 /Users/aleksandr/projects/btf/vendor/laravel/framework/src/Illuminate/Foundation/Application.php(1058): Illuminate\\Container\\Container->make('App\\\\Http\\\\Contro...', Array)
#6 /Users/aleksandr/projects/btf/vendor/laravel/framework/src/Illuminate/Routing/Route.php(285): Illuminate\\Foundation\\Application->make('App\\\\Http\\\\Contro...')
#7 /Users/aleksandr/projects/btf/vendor/laravel/framework/src/Illuminate/Routing/Route.php(1125): Illuminate\\Routing\\Route->getController()
#8 /Users/aleksandr/projects/btf/vendor/laravel/framework/src/Illuminate/Routing/Route.php(1054): Illuminate\\Routing\\Route->controllerMiddleware()
#9 /Users/aleksandr/projects/btf/vendor/laravel/framework/src/Illuminate/Routing/Router.php(820): Illuminate\\Routing\\Route->gatherMiddleware()
#10 /Users/aleksandr/projects/btf/vendor/laravel/framework/src/Illuminate/Routing/Router.php(802): Illuminate\\Routing\\Router->gatherRouteMiddleware(Object(Illuminate\\Routing\\Route))
#11 /Users/aleksandr/projects/btf/vendor/laravel/framework/src/Illuminate/Routing/Router.php(786): Illuminate\\Routing\\Router->runRouteWithinStack(Object(Illuminate\\Routing\\Route), Object(Illuminate\\Http\\Request))
#12 /Users/aleksandr/projects/btf/vendor/laravel/framework/src/Illuminate/Routing/Router.php(750): Illuminate\\Routing\\Router->runRoute(Object(Illuminate\\Http\\Request), Object(Illuminate\\Routing\\Route))
#13 /Users/aleksandr/projects/btf/vendor/laravel/framework/src/Illuminate/Routing/Router.php(739): Illuminate\\Routing\\Router->dispatchToRoute(Object(Illuminate\\Http\\Request))
#14 /Users/aleksandr/projects/btf/vendor/laravel/framework/src/Illuminate/Foundation/Http/Kernel.php(201): Illuminate\\Routing\\Router->dispatch(Object(Illuminate\\Http\\Request))
#15 /Users/aleksandr/projects/btf/vendor/laravel/framework/src/Illuminate/Pipeline/Pipeline.php(170): Illuminate\\Foundation\\Http\\Kernel->Illuminate\\Foundation\\Http\\{closure}(Object(Illuminate\\Http\\Request))
#16 /Users/aleksandr/projects/btf/vendor/barryvdh/laravel-debugbar/src/Middleware/InjectDebugbar.php(66): Illuminate\\Pipeline\\Pipeline->Illuminate\\Pipeline\\{closure}(Object(Illuminate\\Http\\Request))
#17 /Users/aleksandr/projects/btf/vendor/laravel/framework/src/Illuminate/Pipeline/Pipeline.php(209): Barryvdh\\Debugbar\\Middleware\\InjectDebugbar->handle(Object(Illuminate\\Http\\Request), Object(Closure))
#18 /Users/aleksandr/projects/btf/vendor/laravel/framework/src/Illuminate/Foundation/Http/Middleware/TransformsRequest.php(21): Illuminate\\Pipeline\\Pipeline->Illuminate\\Pipeline\\{closure}(Object(Illuminate\\Http\\Request))
#19 /Users/aleksandr/projects/btf/vendor/laravel/framework/src/Illuminate/Foundation/Http/Middleware/ConvertEmptyStringsToNull.php(31): Illuminate\\Foundation\\Http\\Middleware\\TransformsRequest->handle(Object(Illuminate\\Http\\Request), Object(Closure))
#20 /Users/aleksandr/projects/btf/vendor/laravel/framework/src/Illuminate/Pipeline/Pipeline.php(209): Illuminate\\Foundation\\Http\\Middleware\\ConvertEmptyStringsToNull->handle(Object(Illuminate\\Http\\Request), Object(Closure))
#21 /Users/aleksandr/projects/btf/vendor/laravel/framework/src/Illuminate/Foundation/Http/Middleware/TransformsRequest.php(21): Illuminate\\Pipeline\\Pipeline->Illuminate\\Pipeline\\{closure}(Object(Illuminate\\Http\\Request))
#22 /Users/aleksandr/projects/btf/vendor/laravel/framework/src/Illuminate/Foundation/Http/Middleware/TrimStrings.php(51): Illuminate\\Foundation\\Http\\Middleware\\TransformsRequest->handle(Object(Illuminate\\Http\\Request), Object(Closure))
#23 /Users/aleksandr/projects/btf/vendor/laravel/framework/src/Illuminate/Pipeline/Pipeline.php(209): Illuminate\\Foundation\\Http\\Middleware\\TrimStrings->handle(Object(Illuminate\\Http\\Request), Object(Closure))
#24 /Users/aleksandr/projects/btf/vendor/laravel/framework/src/Illuminate/Http/Middleware/ValidatePostSize.php(27): Illuminate\\Pipeline\\Pipeline->Illuminate\\Pipeline\\{closure}(Object(Illuminate\\Http\\Request))
#25 /Users/aleksandr/projects/btf/vendor/laravel/framework/src/Illuminate/Pipeline/Pipeline.php(209): Illuminate\\Http\\Middleware\\ValidatePostSize->handle(Object(Illuminate\\Http\\Request), Object(Closure))
#26 /Users/aleksandr/projects/btf/vendor/laravel/framework/src/Illuminate/Foundation/Http/Middleware/PreventRequestsDuringMaintenance.php(110): Illuminate\\Pipeline\\Pipeline->Illuminate\\Pipeline\\{closure}(Object(Illuminate\\Http\\Request))
#27 /Users/aleksandr/projects/btf/vendor/laravel/framework/src/Illuminate/Pipeline/Pipeline.php(209): Illuminate\\Foundation\\Http\\Middleware\\PreventRequestsDuringMaintenance->handle(Object(Illuminate\\Http\\Request), Object(Closure))
#28 /Users/aleksandr/projects/btf/vendor/laravel/framework/src/Illuminate/Http/Middleware/HandleCors.php(62): Illuminate\\Pipeline\\Pipeline->Illuminate\\Pipeline\\{closure}(Object(Illuminate\\Http\\Request))
#29 /Users/aleksandr/projects/btf/vendor/laravel/framework/src/Illuminate/Pipeline/Pipeline.php(209): Illuminate\\Http\\Middleware\\HandleCors->handle(Object(Illuminate\\Http\\Request), Object(Closure))
#30 /Users/aleksandr/projects/btf/vendor/laravel/framework/src/Illuminate/Http/Middleware/TrustProxies.php(58): Illuminate\\Pipeline\\Pipeline->Illuminate\\Pipeline\\{closure}(Object(Illuminate\\Http\\Request))
#31 /Users/aleksandr/projects/btf/vendor/laravel/framework/src/Illuminate/Pipeline/Pipeline.php(209): Illuminate\\Http\\Middleware\\TrustProxies->handle(Object(Illuminate\\Http\\Request), Object(Closure))
#32 /Users/aleksandr/projects/btf/vendor/laravel/framework/src/Illuminate/Pipeline/Pipeline.php(127): Illuminate\\Pipeline\\Pipeline->Illuminate\\Pipeline\\{closure}(Object(Illuminate\\Http\\Request))
#33 /Users/aleksandr/projects/btf/vendor/laravel/framework/src/Illuminate/Foundation/Http/Kernel.php(176): Illuminate\\Pipeline\\Pipeline->then(Object(Closure))
#34 /Users/aleksandr/projects/btf/vendor/laravel/framework/src/Illuminate/Foundation/Http/Kernel.php(145): Illuminate\\Foundation\\Http\\Kernel->sendRequestThroughRouter(Object(Illuminate\\Http\\Request))
#35 /Users/aleksandr/projects/btf/public/index.php(50): Illuminate\\Foundation\\Http\\Kernel->handle(Object(Illuminate\\Http\\Request))
#36 /Users/aleksandr/projects/btf/vendor/laravel/framework/src/Illuminate/Foundation/resources/server.php(23): require_once('/Users/aleksand...')
#37 {main}
"} 
[2025-05-04 07:39:57] production.ERROR: Target class [isAdmin] does not exist. {"userId":1,"exception":"[object] (Illuminate\\Contracts\\Container\\BindingResolutionException(code: 0): Target class [isAdmin] does not exist. at /Users/aleksandr/projects/btf/vendor/laravel/framework/src/Illuminate/Container/Container.php:961)
[stacktrace]
#0 /Users/aleksandr/projects/btf/vendor/laravel/framework/src/Illuminate/Container/Container.php(832): Illuminate\\Container\\Container->build('isAdmin')
#1 /Users/aleksandr/projects/btf/vendor/laravel/framework/src/Illuminate/Foundation/Application.php(1078): Illuminate\\Container\\Container->resolve('isAdmin', Array, true)
#2 /Users/aleksandr/projects/btf/vendor/laravel/framework/src/Illuminate/Container/Container.php(763): Illuminate\\Foundation\\Application->resolve('isAdmin', Array)
#3 /Users/aleksandr/projects/btf/vendor/laravel/framework/src/Illuminate/Foundation/Application.php(1058): Illuminate\\Container\\Container->make('isAdmin', Array)
#4 /Users/aleksandr/projects/btf/vendor/laravel/framework/src/Illuminate/Pipeline/Pipeline.php(198): Illuminate\\Foundation\\Application->make('isAdmin')
#5 /Users/aleksandr/projects/btf/app/Http/Middleware/AdminCheck.php(15): Illuminate\\Pipeline\\Pipeline->Illuminate\\Pipeline\\{closure}(Object(Illuminate\\Http\\Request))
#6 /Users/aleksandr/projects/btf/vendor/laravel/framework/src/Illuminate/Pipeline/Pipeline.php(209): App\\Http\\Middleware\\AdminCheck->handle(Object(Illuminate\\Http\\Request), Object(Closure))
#7 /Users/aleksandr/projects/btf/vendor/barryvdh/laravel-debugbar/src/Middleware/InjectDebugbar.php(66): Illuminate\\Pipeline\\Pipeline->Illuminate\\Pipeline\\{closure}(Object(Illuminate\\Http\\Request))
#8 /Users/aleksandr/projects/btf/vendor/laravel/framework/src/Illuminate/Pipeline/Pipeline.php(209): Barryvdh\\Debugbar\\Middleware\\InjectDebugbar->handle(Object(Illuminate\\Http\\Request), Object(Closure))
#9 /Users/aleksandr/projects/btf/app/Http/Middleware/UserActivity.php(20): Illuminate\\Pipeline\\Pipeline->Illuminate\\Pipeline\\{closure}(Object(Illuminate\\Http\\Request))
#10 /Users/aleksandr/projects/btf/vendor/laravel/framework/src/Illuminate/Pipeline/Pipeline.php(209): App\\Http\\Middleware\\UserActivity->handle(Object(Illuminate\\Http\\Request), Object(Closure))
#11 /Users/aleksandr/projects/btf/app/Http/Middleware/SetLocale.php(51): Illuminate\\Pipeline\\Pipeline->Illuminate\\Pipeline\\{closure}(Object(Illuminate\\Http\\Request))
#12 /Users/aleksandr/projects/btf/vendor/laravel/framework/src/Illuminate/Pipeline/Pipeline.php(209): App\\Http\\Middleware\\SetLocale->handle(Object(Illuminate\\Http\\Request), Object(Closure))
#13 /Users/aleksandr/projects/btf/vendor/erlandmuchasaj/laravel-gzip/src/Middleware/GzipEncodeResponse.php(19): Illuminate\\Pipeline\\Pipeline->Illuminate\\Pipeline\\{closure}(Object(Illuminate\\Http\\Request))
#14 /Users/aleksandr/projects/btf/vendor/laravel/framework/src/Illuminate/Pipeline/Pipeline.php(209): ErlandMuchasaj\\LaravelGzip\\Middleware\\GzipEncodeResponse->handle(Object(Illuminate\\Http\\Request), Object(Closure))
#15 /Users/aleksandr/projects/btf/vendor/laravel/framework/src/Illuminate/Routing/Middleware/SubstituteBindings.php(51): Illuminate\\Pipeline\\Pipeline->Illuminate\\Pipeline\\{closure}(Object(Illuminate\\Http\\Request))
#16 /Users/aleksandr/projects/btf/vendor/laravel/framework/src/Illuminate/Pipeline/Pipeline.php(209): Illuminate\\Routing\\Middleware\\SubstituteBindings->handle(Object(Illuminate\\Http\\Request), Object(Closure))
#17 /Users/aleksandr/projects/btf/vendor/laravel/framework/src/Illuminate/Auth/Middleware/Authenticate.php(64): Illuminate\\Pipeline\\Pipeline->Illuminate\\Pipeline\\{closure}(Object(Illuminate\\Http\\Request))
#18 /Users/aleksandr/projects/btf/vendor/laravel/framework/src/Illuminate/Pipeline/Pipeline.php(209): Illuminate\\Auth\\Middleware\\Authenticate->handle(Object(Illuminate\\Http\\Request), Object(Closure))
#19 /Users/aleksandr/projects/btf/vendor/laravel/framework/src/Illuminate/Foundation/Http/Middleware/VerifyCsrfToken.php(88): Illuminate\\Pipeline\\Pipeline->Illuminate\\Pipeline\\{closure}(Object(Illuminate\\Http\\Request))
#20 /Users/aleksandr/projects/btf/vendor/laravel/framework/src/Illuminate/Pipeline/Pipeline.php(209): Illuminate\\Foundation\\Http\\Middleware\\VerifyCsrfToken->handle(Object(Illuminate\\Http\\Request), Object(Closure))
#21 /Users/aleksandr/projects/btf/vendor/laravel/framework/src/Illuminate/View/Middleware/ShareErrorsFromSession.php(49): Illuminate\\Pipeline\\Pipeline->Illuminate\\Pipeline\\{closure}(Object(Illuminate\\Http\\Request))
#22 /Users/aleksandr/projects/btf/vendor/laravel/framework/src/Illuminate/Pipeline/Pipeline.php(209): Illuminate\\View\\Middleware\\ShareErrorsFromSession->handle(Object(Illuminate\\Http\\Request), Object(Closure))
#23 /Users/aleksandr/projects/btf/vendor/laravel/framework/src/Illuminate/Session/Middleware/StartSession.php(121): Illuminate\\Pipeline\\Pipeline->Illuminate\\Pipeline\\{closure}(Object(Illuminate\\Http\\Request))
#24 /Users/aleksandr/projects/btf/vendor/laravel/framework/src/Illuminate/Session/Middleware/StartSession.php(64): Illuminate\\Session\\Middleware\\StartSession->handleStatefulRequest(Object(Illuminate\\Http\\Request), Object(Illuminate\\Session\\Store), Object(Closure))
#25 /Users/aleksandr/projects/btf/vendor/laravel/framework/src/Illuminate/Pipeline/Pipeline.php(209): Illuminate\\Session\\Middleware\\StartSession->handle(Object(Illuminate\\Http\\Request), Object(Closure))
#26 /Users/aleksandr/projects/btf/vendor/laravel/framework/src/Illuminate/Cookie/Middleware/AddQueuedCookiesToResponse.php(37): Illuminate\\Pipeline\\Pipeline->Illuminate\\Pipeline\\{closure}(Object(Illuminate\\Http\\Request))
#27 /Users/aleksandr/projects/btf/vendor/laravel/framework/src/Illuminate/Pipeline/Pipeline.php(209): Illuminate\\Cookie\\Middleware\\AddQueuedCookiesToResponse->handle(Object(Illuminate\\Http\\Request), Object(Closure))
#28 /Users/aleksandr/projects/btf/vendor/laravel/framework/src/Illuminate/Cookie/Middleware/EncryptCookies.php(75): Illuminate\\Pipeline\\Pipeline->Illuminate\\Pipeline\\{closure}(Object(Illuminate\\Http\\Request))
#29 /Users/aleksandr/projects/btf/vendor/laravel/framework/src/Illuminate/Pipeline/Pipeline.php(209): Illuminate\\Cookie\\Middleware\\EncryptCookies->handle(Object(Illuminate\\Http\\Request), Object(Closure))
#30 /Users/aleksandr/projects/btf/vendor/laravel/framework/src/Illuminate/Pipeline/Pipeline.php(127): Illuminate\\Pipeline\\Pipeline->Illuminate\\Pipeline\\{closure}(Object(Illuminate\\Http\\Request))
#31 /Users/aleksandr/projects/btf/vendor/laravel/framework/src/Illuminate/Routing/Router.php(807): Illuminate\\Pipeline\\Pipeline->then(Object(Closure))
#32 /Users/aleksandr/projects/btf/vendor/laravel/framework/src/Illuminate/Routing/Router.php(786): Illuminate\\Routing\\Router->runRouteWithinStack(Object(Illuminate\\Routing\\Route), Object(Illuminate\\Http\\Request))
#33 /Users/aleksandr/projects/btf/vendor/laravel/framework/src/Illuminate/Routing/Router.php(750): Illuminate\\Routing\\Router->runRoute(Object(Illuminate\\Http\\Request), Object(Illuminate\\Routing\\Route))
#34 /Users/aleksandr/projects/btf/vendor/laravel/framework/src/Illuminate/Routing/Router.php(739): Illuminate\\Routing\\Router->dispatchToRoute(Object(Illuminate\\Http\\Request))
#35 /Users/aleksandr/projects/btf/vendor/laravel/framework/src/Illuminate/Foundation/Http/Kernel.php(201): Illuminate\\Routing\\Router->dispatch(Object(Illuminate\\Http\\Request))
#36 /Users/aleksandr/projects/btf/vendor/laravel/framework/src/Illuminate/Pipeline/Pipeline.php(170): Illuminate\\Foundation\\Http\\Kernel->Illuminate\\Foundation\\Http\\{closure}(Object(Illuminate\\Http\\Request))
#37 /Users/aleksandr/projects/btf/vendor/barryvdh/laravel-debugbar/src/Middleware/InjectDebugbar.php(66): Illuminate\\Pipeline\\Pipeline->Illuminate\\Pipeline\\{closure}(Object(Illuminate\\Http\\Request))
#38 /Users/aleksandr/projects/btf/vendor/laravel/framework/src/Illuminate/Pipeline/Pipeline.php(209): Barryvdh\\Debugbar\\Middleware\\InjectDebugbar->handle(Object(Illuminate\\Http\\Request), Object(Closure))
#39 /Users/aleksandr/projects/btf/vendor/laravel/framework/src/Illuminate/Foundation/Http/Middleware/TransformsRequest.php(21): Illuminate\\Pipeline\\Pipeline->Illuminate\\Pipeline\\{closure}(Object(Illuminate\\Http\\Request))
#40 /Users/aleksandr/projects/btf/vendor/laravel/framework/src/Illuminate/Foundation/Http/Middleware/ConvertEmptyStringsToNull.php(31): Illuminate\\Foundation\\Http\\Middleware\\TransformsRequest->handle(Object(Illuminate\\Http\\Request), Object(Closure))
#41 /Users/aleksandr/projects/btf/vendor/laravel/framework/src/Illuminate/Pipeline/Pipeline.php(209): Illuminate\\Foundation\\Http\\Middleware\\ConvertEmptyStringsToNull->handle(Object(Illuminate\\Http\\Request), Object(Closure))
#42 /Users/aleksandr/projects/btf/vendor/laravel/framework/src/Illuminate/Foundation/Http/Middleware/TransformsRequest.php(21): Illuminate\\Pipeline\\Pipeline->Illuminate\\Pipeline\\{closure}(Object(Illuminate\\Http\\Request))
#43 /Users/aleksandr/projects/btf/vendor/laravel/framework/src/Illuminate/Foundation/Http/Middleware/TrimStrings.php(51): Illuminate\\Foundation\\Http\\Middleware\\TransformsRequest->handle(Object(Illuminate\\Http\\Request), Object(Closure))
#44 /Users/aleksandr/projects/btf/vendor/laravel/framework/src/Illuminate/Pipeline/Pipeline.php(209): Illuminate\\Foundation\\Http\\Middleware\\TrimStrings->handle(Object(Illuminate\\Http\\Request), Object(Closure))
#45 /Users/aleksandr/projects/btf/vendor/laravel/framework/src/Illuminate/Http/Middleware/ValidatePostSize.php(27): Illuminate\\Pipeline\\Pipeline->Illuminate\\Pipeline\\{closure}(Object(Illuminate\\Http\\Request))
#46 /Users/aleksandr/projects/btf/vendor/laravel/framework/src/Illuminate/Pipeline/Pipeline.php(209): Illuminate\\Http\\Middleware\\ValidatePostSize->handle(Object(Illuminate\\Http\\Request), Object(Closure))
#47 /Users/aleksandr/projects/btf/vendor/laravel/framework/src/Illuminate/Foundation/Http/Middleware/PreventRequestsDuringMaintenance.php(110): Illuminate\\Pipeline\\Pipeline->Illuminate\\Pipeline\\{closure}(Object(Illuminate\\Http\\Request))
#48 /Users/aleksandr/projects/btf/vendor/laravel/framework/src/Illuminate/Pipeline/Pipeline.php(209): Illuminate\\Foundation\\Http\\Middleware\\PreventRequestsDuringMaintenance->handle(Object(Illuminate\\Http\\Request), Object(Closure))
#49 /Users/aleksandr/projects/btf/vendor/laravel/framework/src/Illuminate/Http/Middleware/HandleCors.php(62): Illuminate\\Pipeline\\Pipeline->Illuminate\\Pipeline\\{closure}(Object(Illuminate\\Http\\Request))
#50 /Users/aleksandr/projects/btf/vendor/laravel/framework/src/Illuminate/Pipeline/Pipeline.php(209): Illuminate\\Http\\Middleware\\HandleCors->handle(Object(Illuminate\\Http\\Request), Object(Closure))
#51 /Users/aleksandr/projects/btf/vendor/laravel/framework/src/Illuminate/Http/Middleware/TrustProxies.php(58): Illuminate\\Pipeline\\Pipeline->Illuminate\\Pipeline\\{closure}(Object(Illuminate\\Http\\Request))
#52 /Users/aleksandr/projects/btf/vendor/laravel/framework/src/Illuminate/Pipeline/Pipeline.php(209): Illuminate\\Http\\Middleware\\TrustProxies->handle(Object(Illuminate\\Http\\Request), Object(Closure))
#53 /Users/aleksandr/projects/btf/vendor/laravel/framework/src/Illuminate/Pipeline/Pipeline.php(127): Illuminate\\Pipeline\\Pipeline->Illuminate\\Pipeline\\{closure}(Object(Illuminate\\Http\\Request))
#54 /Users/aleksandr/projects/btf/vendor/laravel/framework/src/Illuminate/Foundation/Http/Kernel.php(176): Illuminate\\Pipeline\\Pipeline->then(Object(Closure))
#55 /Users/aleksandr/projects/btf/vendor/laravel/framework/src/Illuminate/Foundation/Http/Kernel.php(145): Illuminate\\Foundation\\Http\\Kernel->sendRequestThroughRouter(Object(Illuminate\\Http\\Request))
#56 /Users/aleksandr/projects/btf/public/index.php(50): Illuminate\\Foundation\\Http\\Kernel->handle(Object(Illuminate\\Http\\Request))
#57 /Users/aleksandr/projects/btf/vendor/laravel/framework/src/Illuminate/Foundation/resources/server.php(23): require_once('/Users/aleksand...')
#58 {main}

[previous exception] [object] (ReflectionException(code: -1): Class \"isAdmin\" does not exist at /Users/aleksandr/projects/btf/vendor/laravel/framework/src/Illuminate/Container/Container.php:959)
[stacktrace]
#0 /Users/aleksandr/projects/btf/vendor/laravel/framework/src/Illuminate/Container/Container.php(959): ReflectionClass->__construct('isAdmin')
#1 /Users/aleksandr/projects/btf/vendor/laravel/framework/src/Illuminate/Container/Container.php(832): Illuminate\\Container\\Container->build('isAdmin')
#2 /Users/aleksandr/projects/btf/vendor/laravel/framework/src/Illuminate/Foundation/Application.php(1078): Illuminate\\Container\\Container->resolve('isAdmin', Array, true)
#3 /Users/aleksandr/projects/btf/vendor/laravel/framework/src/Illuminate/Container/Container.php(763): Illuminate\\Foundation\\Application->resolve('isAdmin', Array)
#4 /Users/aleksandr/projects/btf/vendor/laravel/framework/src/Illuminate/Foundation/Application.php(1058): Illuminate\\Container\\Container->make('isAdmin', Array)
#5 /Users/aleksandr/projects/btf/vendor/laravel/framework/src/Illuminate/Pipeline/Pipeline.php(198): Illuminate\\Foundation\\Application->make('isAdmin')
#6 /Users/aleksandr/projects/btf/app/Http/Middleware/AdminCheck.php(15): Illuminate\\Pipeline\\Pipeline->Illuminate\\Pipeline\\{closure}(Object(Illuminate\\Http\\Request))
#7 /Users/aleksandr/projects/btf/vendor/laravel/framework/src/Illuminate/Pipeline/Pipeline.php(209): App\\Http\\Middleware\\AdminCheck->handle(Object(Illuminate\\Http\\Request), Object(Closure))
#8 /Users/aleksandr/projects/btf/vendor/barryvdh/laravel-debugbar/src/Middleware/InjectDebugbar.php(66): Illuminate\\Pipeline\\Pipeline->Illuminate\\Pipeline\\{closure}(Object(Illuminate\\Http\\Request))
#9 /Users/aleksandr/projects/btf/vendor/laravel/framework/src/Illuminate/Pipeline/Pipeline.php(209): Barryvdh\\Debugbar\\Middleware\\InjectDebugbar->handle(Object(Illuminate\\Http\\Request), Object(Closure))
#10 /Users/aleksandr/projects/btf/app/Http/Middleware/UserActivity.php(20): Illuminate\\Pipeline\\Pipeline->Illuminate\\Pipeline\\{closure}(Object(Illuminate\\Http\\Request))
#11 /Users/aleksandr/projects/btf/vendor/laravel/framework/src/Illuminate/Pipeline/Pipeline.php(209): App\\Http\\Middleware\\UserActivity->handle(Object(Illuminate\\Http\\Request), Object(Closure))
#12 /Users/aleksandr/projects/btf/app/Http/Middleware/SetLocale.php(51): Illuminate\\Pipeline\\Pipeline->Illuminate\\Pipeline\\{closure}(Object(Illuminate\\Http\\Request))
#13 /Users/aleksandr/projects/btf/vendor/laravel/framework/src/Illuminate/Pipeline/Pipeline.php(209): App\\Http\\Middleware\\SetLocale->handle(Object(Illuminate\\Http\\Request), Object(Closure))
#14 /Users/aleksandr/projects/btf/vendor/erlandmuchasaj/laravel-gzip/src/Middleware/GzipEncodeResponse.php(19): Illuminate\\Pipeline\\Pipeline->Illuminate\\Pipeline\\{closure}(Object(Illuminate\\Http\\Request))
#15 /Users/aleksandr/projects/btf/vendor/laravel/framework/src/Illuminate/Pipeline/Pipeline.php(209): ErlandMuchasaj\\LaravelGzip\\Middleware\\GzipEncodeResponse->handle(Object(Illuminate\\Http\\Request), Object(Closure))
#16 /Users/aleksandr/projects/btf/vendor/laravel/framework/src/Illuminate/Routing/Middleware/SubstituteBindings.php(51): Illuminate\\Pipeline\\Pipeline->Illuminate\\Pipeline\\{closure}(Object(Illuminate\\Http\\Request))
#17 /Users/aleksandr/projects/btf/vendor/laravel/framework/src/Illuminate/Pipeline/Pipeline.php(209): Illuminate\\Routing\\Middleware\\SubstituteBindings->handle(Object(Illuminate\\Http\\Request), Object(Closure))
#18 /Users/aleksandr/projects/btf/vendor/laravel/framework/src/Illuminate/Auth/Middleware/Authenticate.php(64): Illuminate\\Pipeline\\Pipeline->Illuminate\\Pipeline\\{closure}(Object(Illuminate\\Http\\Request))
#19 /Users/aleksandr/projects/btf/vendor/laravel/framework/src/Illuminate/Pipeline/Pipeline.php(209): Illuminate\\Auth\\Middleware\\Authenticate->handle(Object(Illuminate\\Http\\Request), Object(Closure))
#20 /Users/aleksandr/projects/btf/vendor/laravel/framework/src/Illuminate/Foundation/Http/Middleware/VerifyCsrfToken.php(88): Illuminate\\Pipeline\\Pipeline->Illuminate\\Pipeline\\{closure}(Object(Illuminate\\Http\\Request))
#21 /Users/aleksandr/projects/btf/vendor/laravel/framework/src/Illuminate/Pipeline/Pipeline.php(209): Illuminate\\Foundation\\Http\\Middleware\\VerifyCsrfToken->handle(Object(Illuminate\\Http\\Request), Object(Closure))
#22 /Users/aleksandr/projects/btf/vendor/laravel/framework/src/Illuminate/View/Middleware/ShareErrorsFromSession.php(49): Illuminate\\Pipeline\\Pipeline->Illuminate\\Pipeline\\{closure}(Object(Illuminate\\Http\\Request))
#23 /Users/aleksandr/projects/btf/vendor/laravel/framework/src/Illuminate/Pipeline/Pipeline.php(209): Illuminate\\View\\Middleware\\ShareErrorsFromSession->handle(Object(Illuminate\\Http\\Request), Object(Closure))
#24 /Users/aleksandr/projects/btf/vendor/laravel/framework/src/Illuminate/Session/Middleware/StartSession.php(121): Illuminate\\Pipeline\\Pipeline->Illuminate\\Pipeline\\{closure}(Object(Illuminate\\Http\\Request))
#25 /Users/aleksandr/projects/btf/vendor/laravel/framework/src/Illuminate/Session/Middleware/StartSession.php(64): Illuminate\\Session\\Middleware\\StartSession->handleStatefulRequest(Object(Illuminate\\Http\\Request), Object(Illuminate\\Session\\Store), Object(Closure))
#26 /Users/aleksandr/projects/btf/vendor/laravel/framework/src/Illuminate/Pipeline/Pipeline.php(209): Illuminate\\Session\\Middleware\\StartSession->handle(Object(Illuminate\\Http\\Request), Object(Closure))
#27 /Users/aleksandr/projects/btf/vendor/laravel/framework/src/Illuminate/Cookie/Middleware/AddQueuedCookiesToResponse.php(37): Illuminate\\Pipeline\\Pipeline->Illuminate\\Pipeline\\{closure}(Object(Illuminate\\Http\\Request))
#28 /Users/aleksandr/projects/btf/vendor/laravel/framework/src/Illuminate/Pipeline/Pipeline.php(209): Illuminate\\Cookie\\Middleware\\AddQueuedCookiesToResponse->handle(Object(Illuminate\\Http\\Request), Object(Closure))
#29 /Users/aleksandr/projects/btf/vendor/laravel/framework/src/Illuminate/Cookie/Middleware/EncryptCookies.php(75): Illuminate\\Pipeline\\Pipeline->Illuminate\\Pipeline\\{closure}(Object(Illuminate\\Http\\Request))
#30 /Users/aleksandr/projects/btf/vendor/laravel/framework/src/Illuminate/Pipeline/Pipeline.php(209): Illuminate\\Cookie\\Middleware\\EncryptCookies->handle(Object(Illuminate\\Http\\Request), Object(Closure))
#31 /Users/aleksandr/projects/btf/vendor/laravel/framework/src/Illuminate/Pipeline/Pipeline.php(127): Illuminate\\Pipeline\\Pipeline->Illuminate\\Pipeline\\{closure}(Object(Illuminate\\Http\\Request))
#32 /Users/aleksandr/projects/btf/vendor/laravel/framework/src/Illuminate/Routing/Router.php(807): Illuminate\\Pipeline\\Pipeline->then(Object(Closure))
#33 /Users/aleksandr/projects/btf/vendor/laravel/framework/src/Illuminate/Routing/Router.php(786): Illuminate\\Routing\\Router->runRouteWithinStack(Object(Illuminate\\Routing\\Route), Object(Illuminate\\Http\\Request))
#34 /Users/aleksandr/projects/btf/vendor/laravel/framework/src/Illuminate/Routing/Router.php(750): Illuminate\\Routing\\Router->runRoute(Object(Illuminate\\Http\\Request), Object(Illuminate\\Routing\\Route))
#35 /Users/aleksandr/projects/btf/vendor/laravel/framework/src/Illuminate/Routing/Router.php(739): Illuminate\\Routing\\Router->dispatchToRoute(Object(Illuminate\\Http\\Request))
#36 /Users/aleksandr/projects/btf/vendor/laravel/framework/src/Illuminate/Foundation/Http/Kernel.php(201): Illuminate\\Routing\\Router->dispatch(Object(Illuminate\\Http\\Request))
#37 /Users/aleksandr/projects/btf/vendor/laravel/framework/src/Illuminate/Pipeline/Pipeline.php(170): Illuminate\\Foundation\\Http\\Kernel->Illuminate\\Foundation\\Http\\{closure}(Object(Illuminate\\Http\\Request))
#38 /Users/aleksandr/projects/btf/vendor/barryvdh/laravel-debugbar/src/Middleware/InjectDebugbar.php(66): Illuminate\\Pipeline\\Pipeline->Illuminate\\Pipeline\\{closure}(Object(Illuminate\\Http\\Request))
#39 /Users/aleksandr/projects/btf/vendor/laravel/framework/src/Illuminate/Pipeline/Pipeline.php(209): Barryvdh\\Debugbar\\Middleware\\InjectDebugbar->handle(Object(Illuminate\\Http\\Request), Object(Closure))
#40 /Users/aleksandr/projects/btf/vendor/laravel/framework/src/Illuminate/Foundation/Http/Middleware/TransformsRequest.php(21): Illuminate\\Pipeline\\Pipeline->Illuminate\\Pipeline\\{closure}(Object(Illuminate\\Http\\Request))
#41 /Users/aleksandr/projects/btf/vendor/laravel/framework/src/Illuminate/Foundation/Http/Middleware/ConvertEmptyStringsToNull.php(31): Illuminate\\Foundation\\Http\\Middleware\\TransformsRequest->handle(Object(Illuminate\\Http\\Request), Object(Closure))
#42 /Users/aleksandr/projects/btf/vendor/laravel/framework/src/Illuminate/Pipeline/Pipeline.php(209): Illuminate\\Foundation\\Http\\Middleware\\ConvertEmptyStringsToNull->handle(Object(Illuminate\\Http\\Request), Object(Closure))
#43 /Users/aleksandr/projects/btf/vendor/laravel/framework/src/Illuminate/Foundation/Http/Middleware/TransformsRequest.php(21): Illuminate\\Pipeline\\Pipeline->Illuminate\\Pipeline\\{closure}(Object(Illuminate\\Http\\Request))
#44 /Users/aleksandr/projects/btf/vendor/laravel/framework/src/Illuminate/Foundation/Http/Middleware/TrimStrings.php(51): Illuminate\\Foundation\\Http\\Middleware\\TransformsRequest->handle(Object(Illuminate\\Http\\Request), Object(Closure))
#45 /Users/aleksandr/projects/btf/vendor/laravel/framework/src/Illuminate/Pipeline/Pipeline.php(209): Illuminate\\Foundation\\Http\\Middleware\\TrimStrings->handle(Object(Illuminate\\Http\\Request), Object(Closure))
#46 /Users/aleksandr/projects/btf/vendor/laravel/framework/src/Illuminate/Http/Middleware/ValidatePostSize.php(27): Illuminate\\Pipeline\\Pipeline->Illuminate\\Pipeline\\{closure}(Object(Illuminate\\Http\\Request))
#47 /Users/aleksandr/projects/btf/vendor/laravel/framework/src/Illuminate/Pipeline/Pipeline.php(209): Illuminate\\Http\\Middleware\\ValidatePostSize->handle(Object(Illuminate\\Http\\Request), Object(Closure))
#48 /Users/aleksandr/projects/btf/vendor/laravel/framework/src/Illuminate/Foundation/Http/Middleware/PreventRequestsDuringMaintenance.php(110): Illuminate\\Pipeline\\Pipeline->Illuminate\\Pipeline\\{closure}(Object(Illuminate\\Http\\Request))
#49 /Users/aleksandr/projects/btf/vendor/laravel/framework/src/Illuminate/Pipeline/Pipeline.php(209): Illuminate\\Foundation\\Http\\Middleware\\PreventRequestsDuringMaintenance->handle(Object(Illuminate\\Http\\Request), Object(Closure))
#50 /Users/aleksandr/projects/btf/vendor/laravel/framework/src/Illuminate/Http/Middleware/HandleCors.php(62): Illuminate\\Pipeline\\Pipeline->Illuminate\\Pipeline\\{closure}(Object(Illuminate\\Http\\Request))
#51 /Users/aleksandr/projects/btf/vendor/laravel/framework/src/Illuminate/Pipeline/Pipeline.php(209): Illuminate\\Http\\Middleware\\HandleCors->handle(Object(Illuminate\\Http\\Request), Object(Closure))
#52 /Users/aleksandr/projects/btf/vendor/laravel/framework/src/Illuminate/Http/Middleware/TrustProxies.php(58): Illuminate\\Pipeline\\Pipeline->Illuminate\\Pipeline\\{closure}(Object(Illuminate\\Http\\Request))
#53 /Users/aleksandr/projects/btf/vendor/laravel/framework/src/Illuminate/Pipeline/Pipeline.php(209): Illuminate\\Http\\Middleware\\TrustProxies->handle(Object(Illuminate\\Http\\Request), Object(Closure))
#54 /Users/aleksandr/projects/btf/vendor/laravel/framework/src/Illuminate/Pipeline/Pipeline.php(127): Illuminate\\Pipeline\\Pipeline->Illuminate\\Pipeline\\{closure}(Object(Illuminate\\Http\\Request))
#55 /Users/aleksandr/projects/btf/vendor/laravel/framework/src/Illuminate/Foundation/Http/Kernel.php(176): Illuminate\\Pipeline\\Pipeline->then(Object(Closure))
#56 /Users/aleksandr/projects/btf/vendor/laravel/framework/src/Illuminate/Foundation/Http/Kernel.php(145): Illuminate\\Foundation\\Http\\Kernel->sendRequestThroughRouter(Object(Illuminate\\Http\\Request))
#57 /Users/aleksandr/projects/btf/public/index.php(50): Illuminate\\Foundation\\Http\\Kernel->handle(Object(Illuminate\\Http\\Request))
#58 /Users/aleksandr/projects/btf/vendor/laravel/framework/src/Illuminate/Foundation/resources/server.php(23): require_once('/Users/aleksand...')
#59 {main}
"} 
[2025-05-04 07:39:57] production.ERROR: Target class [isAdmin] does not exist. {"userId":1,"exception":"[object] (Illuminate\\Contracts\\Container\\BindingResolutionException(code: 0): Target class [isAdmin] does not exist. at /Users/aleksandr/projects/btf/vendor/laravel/framework/src/Illuminate/Container/Container.php:961)
[stacktrace]
#0 /Users/aleksandr/projects/btf/vendor/laravel/framework/src/Illuminate/Container/Container.php(832): Illuminate\\Container\\Container->build('isAdmin')
#1 /Users/aleksandr/projects/btf/vendor/laravel/framework/src/Illuminate/Foundation/Application.php(1078): Illuminate\\Container\\Container->resolve('isAdmin', Array, true)
#2 /Users/aleksandr/projects/btf/vendor/laravel/framework/src/Illuminate/Container/Container.php(763): Illuminate\\Foundation\\Application->resolve('isAdmin', Array)
#3 /Users/aleksandr/projects/btf/vendor/laravel/framework/src/Illuminate/Foundation/Application.php(1058): Illuminate\\Container\\Container->make('isAdmin', Array)
#4 /Users/aleksandr/projects/btf/vendor/laravel/framework/src/Illuminate/Foundation/Http/Kernel.php(258): Illuminate\\Foundation\\Application->make('isAdmin')
#5 /Users/aleksandr/projects/btf/vendor/laravel/framework/src/Illuminate/Foundation/Http/Kernel.php(216): Illuminate\\Foundation\\Http\\Kernel->terminateMiddleware(Object(Illuminate\\Http\\Request), Object(Illuminate\\Http\\Response))
#6 /Users/aleksandr/projects/btf/public/index.php(52): Illuminate\\Foundation\\Http\\Kernel->terminate(Object(Illuminate\\Http\\Request), Object(Illuminate\\Http\\Response))
#7 /Users/aleksandr/projects/btf/vendor/laravel/framework/src/Illuminate/Foundation/resources/server.php(23): require_once('/Users/aleksand...')
#8 {main}

[previous exception] [object] (ReflectionException(code: -1): Class \"isAdmin\" does not exist at /Users/aleksandr/projects/btf/vendor/laravel/framework/src/Illuminate/Container/Container.php:959)
[stacktrace]
#0 /Users/aleksandr/projects/btf/vendor/laravel/framework/src/Illuminate/Container/Container.php(959): ReflectionClass->__construct('isAdmin')
#1 /Users/aleksandr/projects/btf/vendor/laravel/framework/src/Illuminate/Container/Container.php(832): Illuminate\\Container\\Container->build('isAdmin')
#2 /Users/aleksandr/projects/btf/vendor/laravel/framework/src/Illuminate/Foundation/Application.php(1078): Illuminate\\Container\\Container->resolve('isAdmin', Array, true)
#3 /Users/aleksandr/projects/btf/vendor/laravel/framework/src/Illuminate/Container/Container.php(763): Illuminate\\Foundation\\Application->resolve('isAdmin', Array)
#4 /Users/aleksandr/projects/btf/vendor/laravel/framework/src/Illuminate/Foundation/Application.php(1058): Illuminate\\Container\\Container->make('isAdmin', Array)
#5 /Users/aleksandr/projects/btf/vendor/laravel/framework/src/Illuminate/Foundation/Http/Kernel.php(258): Illuminate\\Foundation\\Application->make('isAdmin')
#6 /Users/aleksandr/projects/btf/vendor/laravel/framework/src/Illuminate/Foundation/Http/Kernel.php(216): Illuminate\\Foundation\\Http\\Kernel->terminateMiddleware(Object(Illuminate\\Http\\Request), Object(Illuminate\\Http\\Response))
#7 /Users/aleksandr/projects/btf/public/index.php(52): Illuminate\\Foundation\\Http\\Kernel->terminate(Object(Illuminate\\Http\\Request), Object(Illuminate\\Http\\Response))
#8 /Users/aleksandr/projects/btf/vendor/laravel/framework/src/Illuminate/Foundation/resources/server.php(23): require_once('/Users/aleksand...')
#9 {main}
"} 
[2025-05-04 07:40:17] production.ERROR: Class "App\Http\Controllers\Backend\User" not found {"userId":1,"exception":"[object] (Error(code: 0): Class \"App\\Http\\Controllers\\Backend\\User\" not found at /Users/aleksandr/projects/btf/app/Http/Controllers/Backend/PostsController.php:32)
[stacktrace]
#0 /Users/aleksandr/projects/btf/vendor/laravel/framework/src/Illuminate/Routing/Controller.php(54): App\\Http\\Controllers\\Backend\\PostsController->index(Object(Illuminate\\Http\\Request))
#1 /Users/aleksandr/projects/btf/vendor/laravel/framework/src/Illuminate/Routing/ControllerDispatcher.php(44): Illuminate\\Routing\\Controller->callAction('index', Array)
#2 /Users/aleksandr/projects/btf/vendor/laravel/framework/src/Illuminate/Routing/Route.php(266): Illuminate\\Routing\\ControllerDispatcher->dispatch(Object(Illuminate\\Routing\\Route), Object(App\\Http\\Controllers\\Backend\\PostsController), 'index')
#3 /Users/aleksandr/projects/btf/vendor/laravel/framework/src/Illuminate/Routing/Route.php(212): Illuminate\\Routing\\Route->runController()
#4 /Users/aleksandr/projects/btf/vendor/laravel/framework/src/Illuminate/Routing/Router.php(808): Illuminate\\Routing\\Route->run()
#5 /Users/aleksandr/projects/btf/vendor/laravel/framework/src/Illuminate/Pipeline/Pipeline.php(170): Illuminate\\Routing\\Router->Illuminate\\Routing\\{closure}(Object(Illuminate\\Http\\Request))
#6 /Users/aleksandr/projects/btf/app/Http/Middleware/AdminCheck.php(15): Illuminate\\Pipeline\\Pipeline->Illuminate\\Pipeline\\{closure}(Object(Illuminate\\Http\\Request))
#7 /Users/aleksandr/projects/btf/vendor/laravel/framework/src/Illuminate/Pipeline/Pipeline.php(209): App\\Http\\Middleware\\AdminCheck->handle(Object(Illuminate\\Http\\Request), Object(Closure))
#8 /Users/aleksandr/projects/btf/vendor/barryvdh/laravel-debugbar/src/Middleware/InjectDebugbar.php(66): Illuminate\\Pipeline\\Pipeline->Illuminate\\Pipeline\\{closure}(Object(Illuminate\\Http\\Request))
#9 /Users/aleksandr/projects/btf/vendor/laravel/framework/src/Illuminate/Pipeline/Pipeline.php(209): Barryvdh\\Debugbar\\Middleware\\InjectDebugbar->handle(Object(Illuminate\\Http\\Request), Object(Closure))
#10 /Users/aleksandr/projects/btf/app/Http/Middleware/UserActivity.php(20): Illuminate\\Pipeline\\Pipeline->Illuminate\\Pipeline\\{closure}(Object(Illuminate\\Http\\Request))
#11 /Users/aleksandr/projects/btf/vendor/laravel/framework/src/Illuminate/Pipeline/Pipeline.php(209): App\\Http\\Middleware\\UserActivity->handle(Object(Illuminate\\Http\\Request), Object(Closure))
#12 /Users/aleksandr/projects/btf/app/Http/Middleware/SetLocale.php(51): Illuminate\\Pipeline\\Pipeline->Illuminate\\Pipeline\\{closure}(Object(Illuminate\\Http\\Request))
#13 /Users/aleksandr/projects/btf/vendor/laravel/framework/src/Illuminate/Pipeline/Pipeline.php(209): App\\Http\\Middleware\\SetLocale->handle(Object(Illuminate\\Http\\Request), Object(Closure))
#14 /Users/aleksandr/projects/btf/vendor/erlandmuchasaj/laravel-gzip/src/Middleware/GzipEncodeResponse.php(19): Illuminate\\Pipeline\\Pipeline->Illuminate\\Pipeline\\{closure}(Object(Illuminate\\Http\\Request))
#15 /Users/aleksandr/projects/btf/vendor/laravel/framework/src/Illuminate/Pipeline/Pipeline.php(209): ErlandMuchasaj\\LaravelGzip\\Middleware\\GzipEncodeResponse->handle(Object(Illuminate\\Http\\Request), Object(Closure))
#16 /Users/aleksandr/projects/btf/vendor/laravel/framework/src/Illuminate/Routing/Middleware/SubstituteBindings.php(51): Illuminate\\Pipeline\\Pipeline->Illuminate\\Pipeline\\{closure}(Object(Illuminate\\Http\\Request))
#17 /Users/aleksandr/projects/btf/vendor/laravel/framework/src/Illuminate/Pipeline/Pipeline.php(209): Illuminate\\Routing\\Middleware\\SubstituteBindings->handle(Object(Illuminate\\Http\\Request), Object(Closure))
#18 /Users/aleksandr/projects/btf/vendor/laravel/framework/src/Illuminate/Auth/Middleware/Authenticate.php(64): Illuminate\\Pipeline\\Pipeline->Illuminate\\Pipeline\\{closure}(Object(Illuminate\\Http\\Request))
#19 /Users/aleksandr/projects/btf/vendor/laravel/framework/src/Illuminate/Pipeline/Pipeline.php(209): Illuminate\\Auth\\Middleware\\Authenticate->handle(Object(Illuminate\\Http\\Request), Object(Closure))
#20 /Users/aleksandr/projects/btf/vendor/laravel/framework/src/Illuminate/Foundation/Http/Middleware/VerifyCsrfToken.php(88): Illuminate\\Pipeline\\Pipeline->Illuminate\\Pipeline\\{closure}(Object(Illuminate\\Http\\Request))
#21 /Users/aleksandr/projects/btf/vendor/laravel/framework/src/Illuminate/Pipeline/Pipeline.php(209): Illuminate\\Foundation\\Http\\Middleware\\VerifyCsrfToken->handle(Object(Illuminate\\Http\\Request), Object(Closure))
#22 /Users/aleksandr/projects/btf/vendor/laravel/framework/src/Illuminate/View/Middleware/ShareErrorsFromSession.php(49): Illuminate\\Pipeline\\Pipeline->Illuminate\\Pipeline\\{closure}(Object(Illuminate\\Http\\Request))
#23 /Users/aleksandr/projects/btf/vendor/laravel/framework/src/Illuminate/Pipeline/Pipeline.php(209): Illuminate\\View\\Middleware\\ShareErrorsFromSession->handle(Object(Illuminate\\Http\\Request), Object(Closure))
#24 /Users/aleksandr/projects/btf/vendor/laravel/framework/src/Illuminate/Session/Middleware/StartSession.php(121): Illuminate\\Pipeline\\Pipeline->Illuminate\\Pipeline\\{closure}(Object(Illuminate\\Http\\Request))
#25 /Users/aleksandr/projects/btf/vendor/laravel/framework/src/Illuminate/Session/Middleware/StartSession.php(64): Illuminate\\Session\\Middleware\\StartSession->handleStatefulRequest(Object(Illuminate\\Http\\Request), Object(Illuminate\\Session\\Store), Object(Closure))
#26 /Users/aleksandr/projects/btf/vendor/laravel/framework/src/Illuminate/Pipeline/Pipeline.php(209): Illuminate\\Session\\Middleware\\StartSession->handle(Object(Illuminate\\Http\\Request), Object(Closure))
#27 /Users/aleksandr/projects/btf/vendor/laravel/framework/src/Illuminate/Cookie/Middleware/AddQueuedCookiesToResponse.php(37): Illuminate\\Pipeline\\Pipeline->Illuminate\\Pipeline\\{closure}(Object(Illuminate\\Http\\Request))
#28 /Users/aleksandr/projects/btf/vendor/laravel/framework/src/Illuminate/Pipeline/Pipeline.php(209): Illuminate\\Cookie\\Middleware\\AddQueuedCookiesToResponse->handle(Object(Illuminate\\Http\\Request), Object(Closure))
#29 /Users/aleksandr/projects/btf/vendor/laravel/framework/src/Illuminate/Cookie/Middleware/EncryptCookies.php(75): Illuminate\\Pipeline\\Pipeline->Illuminate\\Pipeline\\{closure}(Object(Illuminate\\Http\\Request))
#30 /Users/aleksandr/projects/btf/vendor/laravel/framework/src/Illuminate/Pipeline/Pipeline.php(209): Illuminate\\Cookie\\Middleware\\EncryptCookies->handle(Object(Illuminate\\Http\\Request), Object(Closure))
#31 /Users/aleksandr/projects/btf/vendor/laravel/framework/src/Illuminate/Pipeline/Pipeline.php(127): Illuminate\\Pipeline\\Pipeline->Illuminate\\Pipeline\\{closure}(Object(Illuminate\\Http\\Request))
#32 /Users/aleksandr/projects/btf/vendor/laravel/framework/src/Illuminate/Routing/Router.php(807): Illuminate\\Pipeline\\Pipeline->then(Object(Closure))
#33 /Users/aleksandr/projects/btf/vendor/laravel/framework/src/Illuminate/Routing/Router.php(786): Illuminate\\Routing\\Router->runRouteWithinStack(Object(Illuminate\\Routing\\Route), Object(Illuminate\\Http\\Request))
#34 /Users/aleksandr/projects/btf/vendor/laravel/framework/src/Illuminate/Routing/Router.php(750): Illuminate\\Routing\\Router->runRoute(Object(Illuminate\\Http\\Request), Object(Illuminate\\Routing\\Route))
#35 /Users/aleksandr/projects/btf/vendor/laravel/framework/src/Illuminate/Routing/Router.php(739): Illuminate\\Routing\\Router->dispatchToRoute(Object(Illuminate\\Http\\Request))
#36 /Users/aleksandr/projects/btf/vendor/laravel/framework/src/Illuminate/Foundation/Http/Kernel.php(201): Illuminate\\Routing\\Router->dispatch(Object(Illuminate\\Http\\Request))
#37 /Users/aleksandr/projects/btf/vendor/laravel/framework/src/Illuminate/Pipeline/Pipeline.php(170): Illuminate\\Foundation\\Http\\Kernel->Illuminate\\Foundation\\Http\\{closure}(Object(Illuminate\\Http\\Request))
#38 /Users/aleksandr/projects/btf/vendor/barryvdh/laravel-debugbar/src/Middleware/InjectDebugbar.php(66): Illuminate\\Pipeline\\Pipeline->Illuminate\\Pipeline\\{closure}(Object(Illuminate\\Http\\Request))
#39 /Users/aleksandr/projects/btf/vendor/laravel/framework/src/Illuminate/Pipeline/Pipeline.php(209): Barryvdh\\Debugbar\\Middleware\\InjectDebugbar->handle(Object(Illuminate\\Http\\Request), Object(Closure))
#40 /Users/aleksandr/projects/btf/vendor/laravel/framework/src/Illuminate/Foundation/Http/Middleware/TransformsRequest.php(21): Illuminate\\Pipeline\\Pipeline->Illuminate\\Pipeline\\{closure}(Object(Illuminate\\Http\\Request))
#41 /Users/aleksandr/projects/btf/vendor/laravel/framework/src/Illuminate/Foundation/Http/Middleware/ConvertEmptyStringsToNull.php(31): Illuminate\\Foundation\\Http\\Middleware\\TransformsRequest->handle(Object(Illuminate\\Http\\Request), Object(Closure))
#42 /Users/aleksandr/projects/btf/vendor/laravel/framework/src/Illuminate/Pipeline/Pipeline.php(209): Illuminate\\Foundation\\Http\\Middleware\\ConvertEmptyStringsToNull->handle(Object(Illuminate\\Http\\Request), Object(Closure))
#43 /Users/aleksandr/projects/btf/vendor/laravel/framework/src/Illuminate/Foundation/Http/Middleware/TransformsRequest.php(21): Illuminate\\Pipeline\\Pipeline->Illuminate\\Pipeline\\{closure}(Object(Illuminate\\Http\\Request))
#44 /Users/aleksandr/projects/btf/vendor/laravel/framework/src/Illuminate/Foundation/Http/Middleware/TrimStrings.php(51): Illuminate\\Foundation\\Http\\Middleware\\TransformsRequest->handle(Object(Illuminate\\Http\\Request), Object(Closure))
#45 /Users/aleksandr/projects/btf/vendor/laravel/framework/src/Illuminate/Pipeline/Pipeline.php(209): Illuminate\\Foundation\\Http\\Middleware\\TrimStrings->handle(Object(Illuminate\\Http\\Request), Object(Closure))
#46 /Users/aleksandr/projects/btf/vendor/laravel/framework/src/Illuminate/Http/Middleware/ValidatePostSize.php(27): Illuminate\\Pipeline\\Pipeline->Illuminate\\Pipeline\\{closure}(Object(Illuminate\\Http\\Request))
#47 /Users/aleksandr/projects/btf/vendor/laravel/framework/src/Illuminate/Pipeline/Pipeline.php(209): Illuminate\\Http\\Middleware\\ValidatePostSize->handle(Object(Illuminate\\Http\\Request), Object(Closure))
#48 /Users/aleksandr/projects/btf/vendor/laravel/framework/src/Illuminate/Foundation/Http/Middleware/PreventRequestsDuringMaintenance.php(110): Illuminate\\Pipeline\\Pipeline->Illuminate\\Pipeline\\{closure}(Object(Illuminate\\Http\\Request))
#49 /Users/aleksandr/projects/btf/vendor/laravel/framework/src/Illuminate/Pipeline/Pipeline.php(209): Illuminate\\Foundation\\Http\\Middleware\\PreventRequestsDuringMaintenance->handle(Object(Illuminate\\Http\\Request), Object(Closure))
#50 /Users/aleksandr/projects/btf/vendor/laravel/framework/src/Illuminate/Http/Middleware/HandleCors.php(62): Illuminate\\Pipeline\\Pipeline->Illuminate\\Pipeline\\{closure}(Object(Illuminate\\Http\\Request))
#51 /Users/aleksandr/projects/btf/vendor/laravel/framework/src/Illuminate/Pipeline/Pipeline.php(209): Illuminate\\Http\\Middleware\\HandleCors->handle(Object(Illuminate\\Http\\Request), Object(Closure))
#52 /Users/aleksandr/projects/btf/vendor/laravel/framework/src/Illuminate/Http/Middleware/TrustProxies.php(58): Illuminate\\Pipeline\\Pipeline->Illuminate\\Pipeline\\{closure}(Object(Illuminate\\Http\\Request))
#53 /Users/aleksandr/projects/btf/vendor/laravel/framework/src/Illuminate/Pipeline/Pipeline.php(209): Illuminate\\Http\\Middleware\\TrustProxies->handle(Object(Illuminate\\Http\\Request), Object(Closure))
#54 /Users/aleksandr/projects/btf/vendor/laravel/framework/src/Illuminate/Pipeline/Pipeline.php(127): Illuminate\\Pipeline\\Pipeline->Illuminate\\Pipeline\\{closure}(Object(Illuminate\\Http\\Request))
#55 /Users/aleksandr/projects/btf/vendor/laravel/framework/src/Illuminate/Foundation/Http/Kernel.php(176): Illuminate\\Pipeline\\Pipeline->then(Object(Closure))
#56 /Users/aleksandr/projects/btf/vendor/laravel/framework/src/Illuminate/Foundation/Http/Kernel.php(145): Illuminate\\Foundation\\Http\\Kernel->sendRequestThroughRouter(Object(Illuminate\\Http\\Request))
#57 /Users/aleksandr/projects/btf/public/index.php(50): Illuminate\\Foundation\\Http\\Kernel->handle(Object(Illuminate\\Http\\Request))
#58 /Users/aleksandr/projects/btf/vendor/laravel/framework/src/Illuminate/Foundation/resources/server.php(23): require_once('/Users/aleksand...')
#59 {main}
"} 
[2025-05-04 07:40:31] production.ERROR: Class "App\Http\Controllers\Backend\User" not found {"userId":1,"exception":"[object] (Error(code: 0): Class \"App\\Http\\Controllers\\Backend\\User\" not found at /Users/aleksandr/projects/btf/app/Http/Controllers/Backend/PostsController.php:32)
[stacktrace]
#0 /Users/aleksandr/projects/btf/vendor/laravel/framework/src/Illuminate/Routing/Controller.php(54): App\\Http\\Controllers\\Backend\\PostsController->index(Object(Illuminate\\Http\\Request))
#1 /Users/aleksandr/projects/btf/vendor/laravel/framework/src/Illuminate/Routing/ControllerDispatcher.php(44): Illuminate\\Routing\\Controller->callAction('index', Array)
#2 /Users/aleksandr/projects/btf/vendor/laravel/framework/src/Illuminate/Routing/Route.php(266): Illuminate\\Routing\\ControllerDispatcher->dispatch(Object(Illuminate\\Routing\\Route), Object(App\\Http\\Controllers\\Backend\\PostsController), 'index')
#3 /Users/aleksandr/projects/btf/vendor/laravel/framework/src/Illuminate/Routing/Route.php(212): Illuminate\\Routing\\Route->runController()
#4 /Users/aleksandr/projects/btf/vendor/laravel/framework/src/Illuminate/Routing/Router.php(808): Illuminate\\Routing\\Route->run()
#5 /Users/aleksandr/projects/btf/vendor/laravel/framework/src/Illuminate/Pipeline/Pipeline.php(170): Illuminate\\Routing\\Router->Illuminate\\Routing\\{closure}(Object(Illuminate\\Http\\Request))
#6 /Users/aleksandr/projects/btf/app/Http/Middleware/AdminCheck.php(15): Illuminate\\Pipeline\\Pipeline->Illuminate\\Pipeline\\{closure}(Object(Illuminate\\Http\\Request))
#7 /Users/aleksandr/projects/btf/vendor/laravel/framework/src/Illuminate/Pipeline/Pipeline.php(209): App\\Http\\Middleware\\AdminCheck->handle(Object(Illuminate\\Http\\Request), Object(Closure))
#8 /Users/aleksandr/projects/btf/vendor/barryvdh/laravel-debugbar/src/Middleware/InjectDebugbar.php(66): Illuminate\\Pipeline\\Pipeline->Illuminate\\Pipeline\\{closure}(Object(Illuminate\\Http\\Request))
#9 /Users/aleksandr/projects/btf/vendor/laravel/framework/src/Illuminate/Pipeline/Pipeline.php(209): Barryvdh\\Debugbar\\Middleware\\InjectDebugbar->handle(Object(Illuminate\\Http\\Request), Object(Closure))
#10 /Users/aleksandr/projects/btf/app/Http/Middleware/UserActivity.php(20): Illuminate\\Pipeline\\Pipeline->Illuminate\\Pipeline\\{closure}(Object(Illuminate\\Http\\Request))
#11 /Users/aleksandr/projects/btf/vendor/laravel/framework/src/Illuminate/Pipeline/Pipeline.php(209): App\\Http\\Middleware\\UserActivity->handle(Object(Illuminate\\Http\\Request), Object(Closure))
#12 /Users/aleksandr/projects/btf/app/Http/Middleware/SetLocale.php(51): Illuminate\\Pipeline\\Pipeline->Illuminate\\Pipeline\\{closure}(Object(Illuminate\\Http\\Request))
#13 /Users/aleksandr/projects/btf/vendor/laravel/framework/src/Illuminate/Pipeline/Pipeline.php(209): App\\Http\\Middleware\\SetLocale->handle(Object(Illuminate\\Http\\Request), Object(Closure))
#14 /Users/aleksandr/projects/btf/vendor/erlandmuchasaj/laravel-gzip/src/Middleware/GzipEncodeResponse.php(19): Illuminate\\Pipeline\\Pipeline->Illuminate\\Pipeline\\{closure}(Object(Illuminate\\Http\\Request))
#15 /Users/aleksandr/projects/btf/vendor/laravel/framework/src/Illuminate/Pipeline/Pipeline.php(209): ErlandMuchasaj\\LaravelGzip\\Middleware\\GzipEncodeResponse->handle(Object(Illuminate\\Http\\Request), Object(Closure))
#16 /Users/aleksandr/projects/btf/vendor/laravel/framework/src/Illuminate/Routing/Middleware/SubstituteBindings.php(51): Illuminate\\Pipeline\\Pipeline->Illuminate\\Pipeline\\{closure}(Object(Illuminate\\Http\\Request))
#17 /Users/aleksandr/projects/btf/vendor/laravel/framework/src/Illuminate/Pipeline/Pipeline.php(209): Illuminate\\Routing\\Middleware\\SubstituteBindings->handle(Object(Illuminate\\Http\\Request), Object(Closure))
#18 /Users/aleksandr/projects/btf/vendor/laravel/framework/src/Illuminate/Auth/Middleware/Authenticate.php(64): Illuminate\\Pipeline\\Pipeline->Illuminate\\Pipeline\\{closure}(Object(Illuminate\\Http\\Request))
#19 /Users/aleksandr/projects/btf/vendor/laravel/framework/src/Illuminate/Pipeline/Pipeline.php(209): Illuminate\\Auth\\Middleware\\Authenticate->handle(Object(Illuminate\\Http\\Request), Object(Closure))
#20 /Users/aleksandr/projects/btf/vendor/laravel/framework/src/Illuminate/Foundation/Http/Middleware/VerifyCsrfToken.php(88): Illuminate\\Pipeline\\Pipeline->Illuminate\\Pipeline\\{closure}(Object(Illuminate\\Http\\Request))
#21 /Users/aleksandr/projects/btf/vendor/laravel/framework/src/Illuminate/Pipeline/Pipeline.php(209): Illuminate\\Foundation\\Http\\Middleware\\VerifyCsrfToken->handle(Object(Illuminate\\Http\\Request), Object(Closure))
#22 /Users/aleksandr/projects/btf/vendor/laravel/framework/src/Illuminate/View/Middleware/ShareErrorsFromSession.php(49): Illuminate\\Pipeline\\Pipeline->Illuminate\\Pipeline\\{closure}(Object(Illuminate\\Http\\Request))
#23 /Users/aleksandr/projects/btf/vendor/laravel/framework/src/Illuminate/Pipeline/Pipeline.php(209): Illuminate\\View\\Middleware\\ShareErrorsFromSession->handle(Object(Illuminate\\Http\\Request), Object(Closure))
#24 /Users/aleksandr/projects/btf/vendor/laravel/framework/src/Illuminate/Session/Middleware/StartSession.php(121): Illuminate\\Pipeline\\Pipeline->Illuminate\\Pipeline\\{closure}(Object(Illuminate\\Http\\Request))
#25 /Users/aleksandr/projects/btf/vendor/laravel/framework/src/Illuminate/Session/Middleware/StartSession.php(64): Illuminate\\Session\\Middleware\\StartSession->handleStatefulRequest(Object(Illuminate\\Http\\Request), Object(Illuminate\\Session\\Store), Object(Closure))
#26 /Users/aleksandr/projects/btf/vendor/laravel/framework/src/Illuminate/Pipeline/Pipeline.php(209): Illuminate\\Session\\Middleware\\StartSession->handle(Object(Illuminate\\Http\\Request), Object(Closure))
#27 /Users/aleksandr/projects/btf/vendor/laravel/framework/src/Illuminate/Cookie/Middleware/AddQueuedCookiesToResponse.php(37): Illuminate\\Pipeline\\Pipeline->Illuminate\\Pipeline\\{closure}(Object(Illuminate\\Http\\Request))
#28 /Users/aleksandr/projects/btf/vendor/laravel/framework/src/Illuminate/Pipeline/Pipeline.php(209): Illuminate\\Cookie\\Middleware\\AddQueuedCookiesToResponse->handle(Object(Illuminate\\Http\\Request), Object(Closure))
#29 /Users/aleksandr/projects/btf/vendor/laravel/framework/src/Illuminate/Cookie/Middleware/EncryptCookies.php(75): Illuminate\\Pipeline\\Pipeline->Illuminate\\Pipeline\\{closure}(Object(Illuminate\\Http\\Request))
#30 /Users/aleksandr/projects/btf/vendor/laravel/framework/src/Illuminate/Pipeline/Pipeline.php(209): Illuminate\\Cookie\\Middleware\\EncryptCookies->handle(Object(Illuminate\\Http\\Request), Object(Closure))
#31 /Users/aleksandr/projects/btf/vendor/laravel/framework/src/Illuminate/Pipeline/Pipeline.php(127): Illuminate\\Pipeline\\Pipeline->Illuminate\\Pipeline\\{closure}(Object(Illuminate\\Http\\Request))
#32 /Users/aleksandr/projects/btf/vendor/laravel/framework/src/Illuminate/Routing/Router.php(807): Illuminate\\Pipeline\\Pipeline->then(Object(Closure))
#33 /Users/aleksandr/projects/btf/vendor/laravel/framework/src/Illuminate/Routing/Router.php(786): Illuminate\\Routing\\Router->runRouteWithinStack(Object(Illuminate\\Routing\\Route), Object(Illuminate\\Http\\Request))
#34 /Users/aleksandr/projects/btf/vendor/laravel/framework/src/Illuminate/Routing/Router.php(750): Illuminate\\Routing\\Router->runRoute(Object(Illuminate\\Http\\Request), Object(Illuminate\\Routing\\Route))
#35 /Users/aleksandr/projects/btf/vendor/laravel/framework/src/Illuminate/Routing/Router.php(739): Illuminate\\Routing\\Router->dispatchToRoute(Object(Illuminate\\Http\\Request))
#36 /Users/aleksandr/projects/btf/vendor/laravel/framework/src/Illuminate/Foundation/Http/Kernel.php(201): Illuminate\\Routing\\Router->dispatch(Object(Illuminate\\Http\\Request))
#37 /Users/aleksandr/projects/btf/vendor/laravel/framework/src/Illuminate/Pipeline/Pipeline.php(170): Illuminate\\Foundation\\Http\\Kernel->Illuminate\\Foundation\\Http\\{closure}(Object(Illuminate\\Http\\Request))
#38 /Users/aleksandr/projects/btf/vendor/barryvdh/laravel-debugbar/src/Middleware/InjectDebugbar.php(66): Illuminate\\Pipeline\\Pipeline->Illuminate\\Pipeline\\{closure}(Object(Illuminate\\Http\\Request))
#39 /Users/aleksandr/projects/btf/vendor/laravel/framework/src/Illuminate/Pipeline/Pipeline.php(209): Barryvdh\\Debugbar\\Middleware\\InjectDebugbar->handle(Object(Illuminate\\Http\\Request), Object(Closure))
#40 /Users/aleksandr/projects/btf/vendor/laravel/framework/src/Illuminate/Foundation/Http/Middleware/TransformsRequest.php(21): Illuminate\\Pipeline\\Pipeline->Illuminate\\Pipeline\\{closure}(Object(Illuminate\\Http\\Request))
#41 /Users/aleksandr/projects/btf/vendor/laravel/framework/src/Illuminate/Foundation/Http/Middleware/ConvertEmptyStringsToNull.php(31): Illuminate\\Foundation\\Http\\Middleware\\TransformsRequest->handle(Object(Illuminate\\Http\\Request), Object(Closure))
#42 /Users/aleksandr/projects/btf/vendor/laravel/framework/src/Illuminate/Pipeline/Pipeline.php(209): Illuminate\\Foundation\\Http\\Middleware\\ConvertEmptyStringsToNull->handle(Object(Illuminate\\Http\\Request), Object(Closure))
#43 /Users/aleksandr/projects/btf/vendor/laravel/framework/src/Illuminate/Foundation/Http/Middleware/TransformsRequest.php(21): Illuminate\\Pipeline\\Pipeline->Illuminate\\Pipeline\\{closure}(Object(Illuminate\\Http\\Request))
#44 /Users/aleksandr/projects/btf/vendor/laravel/framework/src/Illuminate/Foundation/Http/Middleware/TrimStrings.php(51): Illuminate\\Foundation\\Http\\Middleware\\TransformsRequest->handle(Object(Illuminate\\Http\\Request), Object(Closure))
#45 /Users/aleksandr/projects/btf/vendor/laravel/framework/src/Illuminate/Pipeline/Pipeline.php(209): Illuminate\\Foundation\\Http\\Middleware\\TrimStrings->handle(Object(Illuminate\\Http\\Request), Object(Closure))
#46 /Users/aleksandr/projects/btf/vendor/laravel/framework/src/Illuminate/Http/Middleware/ValidatePostSize.php(27): Illuminate\\Pipeline\\Pipeline->Illuminate\\Pipeline\\{closure}(Object(Illuminate\\Http\\Request))
#47 /Users/aleksandr/projects/btf/vendor/laravel/framework/src/Illuminate/Pipeline/Pipeline.php(209): Illuminate\\Http\\Middleware\\ValidatePostSize->handle(Object(Illuminate\\Http\\Request), Object(Closure))
#48 /Users/aleksandr/projects/btf/vendor/laravel/framework/src/Illuminate/Foundation/Http/Middleware/PreventRequestsDuringMaintenance.php(110): Illuminate\\Pipeline\\Pipeline->Illuminate\\Pipeline\\{closure}(Object(Illuminate\\Http\\Request))
#49 /Users/aleksandr/projects/btf/vendor/laravel/framework/src/Illuminate/Pipeline/Pipeline.php(209): Illuminate\\Foundation\\Http\\Middleware\\PreventRequestsDuringMaintenance->handle(Object(Illuminate\\Http\\Request), Object(Closure))
#50 /Users/aleksandr/projects/btf/vendor/laravel/framework/src/Illuminate/Http/Middleware/HandleCors.php(62): Illuminate\\Pipeline\\Pipeline->Illuminate\\Pipeline\\{closure}(Object(Illuminate\\Http\\Request))
#51 /Users/aleksandr/projects/btf/vendor/laravel/framework/src/Illuminate/Pipeline/Pipeline.php(209): Illuminate\\Http\\Middleware\\HandleCors->handle(Object(Illuminate\\Http\\Request), Object(Closure))
#52 /Users/aleksandr/projects/btf/vendor/laravel/framework/src/Illuminate/Http/Middleware/TrustProxies.php(58): Illuminate\\Pipeline\\Pipeline->Illuminate\\Pipeline\\{closure}(Object(Illuminate\\Http\\Request))
#53 /Users/aleksandr/projects/btf/vendor/laravel/framework/src/Illuminate/Pipeline/Pipeline.php(209): Illuminate\\Http\\Middleware\\TrustProxies->handle(Object(Illuminate\\Http\\Request), Object(Closure))
#54 /Users/aleksandr/projects/btf/vendor/laravel/framework/src/Illuminate/Pipeline/Pipeline.php(127): Illuminate\\Pipeline\\Pipeline->Illuminate\\Pipeline\\{closure}(Object(Illuminate\\Http\\Request))
#55 /Users/aleksandr/projects/btf/vendor/laravel/framework/src/Illuminate/Foundation/Http/Kernel.php(176): Illuminate\\Pipeline\\Pipeline->then(Object(Closure))
#56 /Users/aleksandr/projects/btf/vendor/laravel/framework/src/Illuminate/Foundation/Http/Kernel.php(145): Illuminate\\Foundation\\Http\\Kernel->sendRequestThroughRouter(Object(Illuminate\\Http\\Request))
#57 /Users/aleksandr/projects/btf/public/index.php(50): Illuminate\\Foundation\\Http\\Kernel->handle(Object(Illuminate\\Http\\Request))
#58 /Users/aleksandr/projects/btf/vendor/laravel/framework/src/Illuminate/Foundation/resources/server.php(23): require_once('/Users/aleksand...')
#59 {main}
"} 
[2025-05-04 08:26:36] production.ERROR: Translation file [/Users/aleksandr/projects/btf/lang/ru.json] contains an invalid JSON structure. {"view":{"view":"/Users/aleksandr/projects/btf/resources/views/backend/partials/navbar.blade.php","data":{"your_ip":"<pre class=sf-dump id=sf-dump-1530373375 data-indent-pad=\"  \">\"<span class=sf-dump-str title=\"13 characters\">192.168.0.102</span>\"
</pre><script>Sfdump(\"sf-dump-1530373375\", {\"maxDepth\":3,\"maxStringLength\":160})</script>
","your_location":"<pre class=sf-dump id=sf-dump-630365882 data-indent-pad=\"  \">\"<span class=sf-dump-str title=\"19 characters\">Kaliningrad, Russia</span>\"
</pre><script>Sfdump(\"sf-dump-630365882\", {\"maxDepth\":3,\"maxStringLength\":160})</script>
","errors":"<pre class=sf-dump id=sf-dump-1593245720 data-indent-pad=\"  \"><span class=sf-dump-note>Illuminate\\Support\\ViewErrorBag</span> {<a class=sf-dump-ref>#2011</a><samp data-depth=1 class=sf-dump-expanded>
  #<span class=sf-dump-protected title=\"Protected property\">bags</span>: []
</samp>}
</pre><script>Sfdump(\"sf-dump-1593245720\", {\"maxDepth\":3,\"maxStringLength\":160})</script>
","settings":"<pre class=sf-dump id=sf-dump-1476161507 data-indent-pad=\"  \"><span class=sf-dump-note>array:13</span> [<samp data-depth=1 class=sf-dump-expanded>
  \"<span class=sf-dump-key>phone</span>\" => \"<span class=sf-dump-str title=\"12 characters\">+74012313143</span>\"
  \"<span class=sf-dump-key>address</span>\" => \"<span class=sf-dump-str title=\"46 characters\">&#1075;. &#1050;&#1072;&#1083;&#1080;&#1085;&#1080;&#1085;&#1075;&#1088;&#1072;&#1076;, &#1085;&#1072;&#1073;&#1077;&#1088;&#1077;&#1078;&#1085;&#1072;&#1103; &#1055;&#1088;&#1072;&#1074;&#1072;&#1103;, 10, &#1083;&#1080;&#1090;&#1077;&#1088; &#1042;</span>\"
  \"<span class=sf-dump-key>schedule</span>\" => \"<span class=sf-dump-str title=\"89 characters\">&#1055;&#1085;-&#1055;&#1090;: 09:00 - 18:00, &lt;br class=&quot;d-md-none&quot;&gt; &#1055;&#1077;&#1088;&#1077;&#1088;&#1099;&#1074;: 13:00 - 14:00 &lt;br&gt; &#1057;&#1073;, &#1042;&#1089;: &#1042;&#1099;&#1093;&#1086;&#1076;&#1085;&#1086;&#1081;</span>\"
  \"<span class=sf-dump-key>coords</span>\" => \"<span class=sf-dump-str title=\"19 characters\">54.947113,20.159578</span>\"
  \"<span class=sf-dump-key>sitename</span>\" => \"<span class=sf-dump-str title=\"27 characters\">&#1041;&#1072;&#1083;&#1090;&#1080;&#1081;&#1089;&#1082;&#1072;&#1103; &#1090;&#1072;&#1073;&#1072;&#1095;&#1085;&#1072;&#1103; &#1092;&#1072;&#1073;&#1088;&#1080;&#1082;&#1072;</span>\"
  \"<span class=sf-dump-key>email</span>\" => \"<span class=sf-dump-str title=\"20 characters\">sekretar-kd@btf39.su</span>\"
  \"<span class=sf-dump-key>phone2</span>\" => \"<span class=sf-dump-str title=\"12 characters\">+74012313143</span>\"
  \"<span class=sf-dump-key>mobile</span>\" => \"<span class=sf-dump-str title=\"12 characters\">+79114547331</span>\"
  \"<span class=sf-dump-key>brands_count</span>\" => \"<span class=sf-dump-str title=\"2 characters\">15</span>\"
  \"<span class=sf-dump-key>distributors_count</span>\" => \"<span class=sf-dump-str title=\"2 characters\">20</span>\"
  \"<span class=sf-dump-key>years_count</span>\" => \"<span class=sf-dump-str title=\"2 characters\">27</span>\"
  \"<span class=sf-dump-key>employees_count</span>\" => \"<span class=sf-dump-str title=\"3 characters\">245</span>\"
  \"<span class=sf-dump-key>test2</span>\" => \"<span class=sf-dump-str title=\"5 characters\">test2</span>\"
</samp>]
</pre><script>Sfdump(\"sf-dump-1476161507\", {\"maxDepth\":3,\"maxStringLength\":160})</script>
","currencySymbol":"<pre class=sf-dump id=sf-dump-2073774519 data-indent-pad=\"  \">\"<span class=sf-dump-str title=\"2 characters\">&#1088;.</span>\"
</pre><script>Sfdump(\"sf-dump-2073774519\", {\"maxDepth\":3,\"maxStringLength\":160})</script>
","currencies":"<pre class=sf-dump id=sf-dump-1345791598 data-indent-pad=\"  \"><span class=sf-dump-note>array:3</span> [<samp data-depth=1 class=sf-dump-expanded>
  \"<span class=sf-dump-key>RUB</span>\" => <span class=\"sf-dump-note sf-dump-ellipsization\" title=\"App\\Models\\Currency
\"><span class=\"sf-dump-ellipsis sf-dump-ellipsis-note\">App\\Models</span><span class=\"sf-dump-ellipsis sf-dump-ellipsis-note\">\\</span><span class=\"sf-dump-ellipsis-tail\">Currency</span></span> {<a class=sf-dump-ref>#2062</a><samp data-depth=2 class=sf-dump-compact>
    #<span class=sf-dump-protected title=\"Protected property\">connection</span>: \"<span class=sf-dump-str title=\"5 characters\">mysql</span>\"
    #<span class=sf-dump-protected title=\"Protected property\">table</span>: \"<span class=sf-dump-str title=\"10 characters\">currencies</span>\"
    #<span class=sf-dump-protected title=\"Protected property\">primaryKey</span>: \"<span class=sf-dump-str title=\"2 characters\">id</span>\"
    #<span class=sf-dump-protected title=\"Protected property\">keyType</span>: \"<span class=sf-dump-str title=\"3 characters\">int</span>\"
    +<span class=sf-dump-public title=\"Public property\">incrementing</span>: <span class=sf-dump-const>true</span>
    #<span class=sf-dump-protected title=\"Protected property\">with</span>: []
    #<span class=sf-dump-protected title=\"Protected property\">withCount</span>: []
    +<span class=sf-dump-public title=\"Public property\">preventsLazyLoading</span>: <span class=sf-dump-const>false</span>
    #<span class=sf-dump-protected title=\"Protected property\">perPage</span>: <span class=sf-dump-num>15</span>
    +<span class=sf-dump-public title=\"Public property\">exists</span>: <span class=sf-dump-const>true</span>
    +<span class=sf-dump-public title=\"Public property\">wasRecentlyCreated</span>: <span class=sf-dump-const>false</span>
    #<span class=sf-dump-protected title=\"Protected property\">escapeWhenCastingToString</span>: <span class=sf-dump-const>false</span>
    #<span class=sf-dump-protected title=\"Protected property\">attributes</span>: <span class=sf-dump-note>array:8</span> [<samp data-depth=3 class=sf-dump-compact>
      \"<span class=sf-dump-key>id</span>\" => <span class=sf-dump-num>1</span>
      \"<span class=sf-dump-key>code</span>\" => \"<span class=sf-dump-str title=\"3 characters\">RUB</span>\"
      \"<span class=sf-dump-key>name</span>\" => \"<span class=sf-dump-str title=\"5 characters\">&#1056;&#1091;&#1073;&#1083;&#1080;</span>\"
      \"<span class=sf-dump-key>symbol</span>\" => \"<span class=sf-dump-str>&#8381;</span>\"
      \"<span class=sf-dump-key>is_main</span>\" => <span class=sf-dump-num>1</span>
      \"<span class=sf-dump-key>rate</span>\" => <span class=sf-dump-num>1.0</span>
      \"<span class=sf-dump-key>created_at</span>\" => <span class=sf-dump-const>null</span>
      \"<span class=sf-dump-key>updated_at</span>\" => \"<span class=sf-dump-str title=\"19 characters\">2024-03-31 12:06:01</span>\"
    </samp>]
    #<span class=sf-dump-protected title=\"Protected property\">original</span>: <span class=sf-dump-note>array:8</span> [<samp data-depth=3 class=sf-dump-compact>
      \"<span class=sf-dump-key>id</span>\" => <span class=sf-dump-num>1</span>
      \"<span class=sf-dump-key>code</span>\" => \"<span class=sf-dump-str title=\"3 characters\">RUB</span>\"
      \"<span class=sf-dump-key>name</span>\" => \"<span class=sf-dump-str title=\"5 characters\">&#1056;&#1091;&#1073;&#1083;&#1080;</span>\"
      \"<span class=sf-dump-key>symbol</span>\" => \"<span class=sf-dump-str>&#8381;</span>\"
      \"<span class=sf-dump-key>is_main</span>\" => <span class=sf-dump-num>1</span>
      \"<span class=sf-dump-key>rate</span>\" => <span class=sf-dump-num>1.0</span>
      \"<span class=sf-dump-key>created_at</span>\" => <span class=sf-dump-const>null</span>
      \"<span class=sf-dump-key>updated_at</span>\" => \"<span class=sf-dump-str title=\"19 characters\">2024-03-31 12:06:01</span>\"
    </samp>]
    #<span class=sf-dump-protected title=\"Protected property\">changes</span>: []
    #<span class=sf-dump-protected title=\"Protected property\">casts</span>: []
    #<span class=sf-dump-protected title=\"Protected property\">classCastCache</span>: []
    #<span class=sf-dump-protected title=\"Protected property\">attributeCastCache</span>: []
    #<span class=sf-dump-protected title=\"Protected property\">dateFormat</span>: <span class=sf-dump-const>null</span>
    #<span class=sf-dump-protected title=\"Protected property\">appends</span>: []
    #<span class=sf-dump-protected title=\"Protected property\">dispatchesEvents</span>: []
    #<span class=sf-dump-protected title=\"Protected property\">observables</span>: []
    #<span class=sf-dump-protected title=\"Protected property\">relations</span>: []
    #<span class=sf-dump-protected title=\"Protected property\">touches</span>: []
    +<span class=sf-dump-public title=\"Public property\">timestamps</span>: <span class=sf-dump-const>true</span>
    +<span class=sf-dump-public title=\"Public property\">usesUniqueIds</span>: <span class=sf-dump-const>false</span>
    #<span class=sf-dump-protected title=\"Protected property\">hidden</span>: []
    #<span class=sf-dump-protected title=\"Protected property\">visible</span>: []
    #<span class=sf-dump-protected title=\"Protected property\">fillable</span>: <span class=sf-dump-note>array:1</span> [<samp data-depth=3 class=sf-dump-compact>
      <span class=sf-dump-index>0</span> => \"<span class=sf-dump-str title=\"4 characters\">rate</span>\"
    </samp>]
    #<span class=sf-dump-protected title=\"Protected property\">guarded</span>: <span class=sf-dump-note>array:1</span> [<samp data-depth=3 class=sf-dump-compact>
      <span class=sf-dump-index>0</span> => \"<span class=sf-dump-str>*</span>\"
    </samp>]
  </samp>}
  \"<span class=sf-dump-key>USD</span>\" => <span class=\"sf-dump-note sf-dump-ellipsization\" title=\"App\\Models\\Currency
\"><span class=\"sf-dump-ellipsis sf-dump-ellipsis-note\">App\\Models</span><span class=\"sf-dump-ellipsis sf-dump-ellipsis-note\">\\</span><span class=\"sf-dump-ellipsis-tail\">Currency</span></span> {<a class=sf-dump-ref>#2064</a><samp data-depth=2 class=sf-dump-compact>
    #<span class=sf-dump-protected title=\"Protected property\">connection</span>: \"<span class=sf-dump-str title=\"5 characters\">mysql</span>\"
    #<span class=sf-dump-protected title=\"Protected property\">table</span>: \"<span class=sf-dump-str title=\"10 characters\">currencies</span>\"
    #<span class=sf-dump-protected title=\"Protected property\">primaryKey</span>: \"<span class=sf-dump-str title=\"2 characters\">id</span>\"
    #<span class=sf-dump-protected title=\"Protected property\">keyType</span>: \"<span class=sf-dump-str title=\"3 characters\">int</span>\"
    +<span class=sf-dump-public title=\"Public property\">incrementing</span>: <span class=sf-dump-const>true</span>
    #<span class=sf-dump-protected title=\"Protected property\">with</span>: []
    #<span class=sf-dump-protected title=\"Protected property\">withCount</span>: []
    +<span class=sf-dump-public title=\"Public property\">preventsLazyLoading</span>: <span class=sf-dump-const>false</span>
    #<span class=sf-dump-protected title=\"Protected property\">perPage</span>: <span class=sf-dump-num>15</span>
    +<span class=sf-dump-public title=\"Public property\">exists</span>: <span class=sf-dump-const>true</span>
    +<span class=sf-dump-public title=\"Public property\">wasRecentlyCreated</span>: <span class=sf-dump-const>false</span>
    #<span class=sf-dump-protected title=\"Protected property\">escapeWhenCastingToString</span>: <span class=sf-dump-const>false</span>
    #<span class=sf-dump-protected title=\"Protected property\">attributes</span>: <span class=sf-dump-note>array:8</span> [<samp data-depth=3 class=sf-dump-compact>
      \"<span class=sf-dump-key>id</span>\" => <span class=sf-dump-num>2</span>
      \"<span class=sf-dump-key>code</span>\" => \"<span class=sf-dump-str title=\"3 characters\">USD</span>\"
      \"<span class=sf-dump-key>name</span>\" => \"<span class=sf-dump-str title=\"7 characters\">&#1044;&#1086;&#1083;&#1083;&#1072;&#1088;&#1099;</span>\"
      \"<span class=sf-dump-key>symbol</span>\" => \"<span class=sf-dump-str>$</span>\"
      \"<span class=sf-dump-key>is_main</span>\" => <span class=sf-dump-num>0</span>
      \"<span class=sf-dump-key>rate</span>\" => <span class=sf-dump-num>0.0108019931</span>
      \"<span class=sf-dump-key>created_at</span>\" => <span class=sf-dump-const>null</span>
      \"<span class=sf-dump-key>updated_at</span>\" => \"<span class=sf-dump-str title=\"19 characters\">2024-03-31 12:56:29</span>\"
    </samp>]
    #<span class=sf-dump-protected title=\"Protected property\">original</span>: <span class=sf-dump-note>array:8</span> [<samp data-depth=3 class=sf-dump-compact>
      \"<span class=sf-dump-key>id</span>\" => <span class=sf-dump-num>2</span>
      \"<span class=sf-dump-key>code</span>\" => \"<span class=sf-dump-str title=\"3 characters\">USD</span>\"
      \"<span class=sf-dump-key>name</span>\" => \"<span class=sf-dump-str title=\"7 characters\">&#1044;&#1086;&#1083;&#1083;&#1072;&#1088;&#1099;</span>\"
      \"<span class=sf-dump-key>symbol</span>\" => \"<span class=sf-dump-str>$</span>\"
      \"<span class=sf-dump-key>is_main</span>\" => <span class=sf-dump-num>0</span>
      \"<span class=sf-dump-key>rate</span>\" => <span class=sf-dump-num>0.0108019931</span>
      \"<span class=sf-dump-key>created_at</span>\" => <span class=sf-dump-const>null</span>
      \"<span class=sf-dump-key>updated_at</span>\" => \"<span class=sf-dump-str title=\"19 characters\">2024-03-31 12:56:29</span>\"
    </samp>]
    #<span class=sf-dump-protected title=\"Protected property\">changes</span>: []
    #<span class=sf-dump-protected title=\"Protected property\">casts</span>: []
    #<span class=sf-dump-protected title=\"Protected property\">classCastCache</span>: []
    #<span class=sf-dump-protected title=\"Protected property\">attributeCastCache</span>: []
    #<span class=sf-dump-protected title=\"Protected property\">dateFormat</span>: <span class=sf-dump-const>null</span>
    #<span class=sf-dump-protected title=\"Protected property\">appends</span>: []
    #<span class=sf-dump-protected title=\"Protected property\">dispatchesEvents</span>: []
    #<span class=sf-dump-protected title=\"Protected property\">observables</span>: []
    #<span class=sf-dump-protected title=\"Protected property\">relations</span>: []
    #<span class=sf-dump-protected title=\"Protected property\">touches</span>: []
    +<span class=sf-dump-public title=\"Public property\">timestamps</span>: <span class=sf-dump-const>true</span>
    +<span class=sf-dump-public title=\"Public property\">usesUniqueIds</span>: <span class=sf-dump-const>false</span>
    #<span class=sf-dump-protected title=\"Protected property\">hidden</span>: []
    #<span class=sf-dump-protected title=\"Protected property\">visible</span>: []
    #<span class=sf-dump-protected title=\"Protected property\">fillable</span>: <span class=sf-dump-note>array:1</span> [<samp data-depth=3 class=sf-dump-compact>
      <span class=sf-dump-index>0</span> => \"<span class=sf-dump-str title=\"4 characters\">rate</span>\"
    </samp>]
    #<span class=sf-dump-protected title=\"Protected property\">guarded</span>: <span class=sf-dump-note>array:1</span> [<samp data-depth=3 class=sf-dump-compact>
      <span class=sf-dump-index>0</span> => \"<span class=sf-dump-str>*</span>\"
    </samp>]
  </samp>}
  \"<span class=sf-dump-key>EUR</span>\" => <span class=\"sf-dump-note sf-dump-ellipsization\" title=\"App\\Models\\Currency
\"><span class=\"sf-dump-ellipsis sf-dump-ellipsis-note\">App\\Models</span><span class=\"sf-dump-ellipsis sf-dump-ellipsis-note\">\\</span><span class=\"sf-dump-ellipsis-tail\">Currency</span></span> {<a class=sf-dump-ref>#2098</a><samp data-depth=2 class=sf-dump-compact>
    #<span class=sf-dump-protected title=\"Protected property\">connection</span>: \"<span class=sf-dump-str title=\"5 characters\">mysql</span>\"
    #<span class=sf-dump-protected title=\"Protected property\">table</span>: \"<span class=sf-dump-str title=\"10 characters\">currencies</span>\"
    #<span class=sf-dump-protected title=\"Protected property\">primaryKey</span>: \"<span class=sf-dump-str title=\"2 characters\">id</span>\"
    #<span class=sf-dump-protected title=\"Protected property\">keyType</span>: \"<span class=sf-dump-str title=\"3 characters\">int</span>\"
    +<span class=sf-dump-public title=\"Public property\">incrementing</span>: <span class=sf-dump-const>true</span>
    #<span class=sf-dump-protected title=\"Protected property\">with</span>: []
    #<span class=sf-dump-protected title=\"Protected property\">withCount</span>: []
    +<span class=sf-dump-public title=\"Public property\">preventsLazyLoading</span>: <span class=sf-dump-const>false</span>
    #<span class=sf-dump-protected title=\"Protected property\">perPage</span>: <span class=sf-dump-num>15</span>
    +<span class=sf-dump-public title=\"Public property\">exists</span>: <span class=sf-dump-const>true</span>
    +<span class=sf-dump-public title=\"Public property\">wasRecentlyCreated</span>: <span class=sf-dump-const>false</span>
    #<span class=sf-dump-protected title=\"Protected property\">escapeWhenCastingToString</span>: <span class=sf-dump-const>false</span>
    #<span class=sf-dump-protected title=\"Protected property\">attributes</span>: <span class=sf-dump-note>array:8</span> [<samp data-depth=3 class=sf-dump-compact>
      \"<span class=sf-dump-key>id</span>\" => <span class=sf-dump-num>3</span>
      \"<span class=sf-dump-key>code</span>\" => \"<span class=sf-dump-str title=\"3 characters\">EUR</span>\"
      \"<span class=sf-dump-key>name</span>\" => \"<span class=sf-dump-str title=\"4 characters\">&#1045;&#1074;&#1088;&#1086;</span>\"
      \"<span class=sf-dump-key>symbol</span>\" => \"<span class=sf-dump-str>&#8364;</span>\"
      \"<span class=sf-dump-key>is_main</span>\" => <span class=sf-dump-num>0</span>
      \"<span class=sf-dump-key>rate</span>\" => <span class=sf-dump-num>0.0100045918</span>
      \"<span class=sf-dump-key>created_at</span>\" => <span class=sf-dump-const>null</span>
      \"<span class=sf-dump-key>updated_at</span>\" => \"<span class=sf-dump-str title=\"19 characters\">2024-03-31 12:56:29</span>\"
    </samp>]
    #<span class=sf-dump-protected title=\"Protected property\">original</span>: <span class=sf-dump-note>array:8</span> [<samp data-depth=3 class=sf-dump-compact>
      \"<span class=sf-dump-key>id</span>\" => <span class=sf-dump-num>3</span>
      \"<span class=sf-dump-key>code</span>\" => \"<span class=sf-dump-str title=\"3 characters\">EUR</span>\"
      \"<span class=sf-dump-key>name</span>\" => \"<span class=sf-dump-str title=\"4 characters\">&#1045;&#1074;&#1088;&#1086;</span>\"
      \"<span class=sf-dump-key>symbol</span>\" => \"<span class=sf-dump-str>&#8364;</span>\"
      \"<span class=sf-dump-key>is_main</span>\" => <span class=sf-dump-num>0</span>
      \"<span class=sf-dump-key>rate</span>\" => <span class=sf-dump-num>0.0100045918</span>
      \"<span class=sf-dump-key>created_at</span>\" => <span class=sf-dump-const>null</span>
      \"<span class=sf-dump-key>updated_at</span>\" => \"<span class=sf-dump-str title=\"19 characters\">2024-03-31 12:56:29</span>\"
    </samp>]
    #<span class=sf-dump-protected title=\"Protected property\">changes</span>: []
    #<span class=sf-dump-protected title=\"Protected property\">casts</span>: []
    #<span class=sf-dump-protected title=\"Protected property\">classCastCache</span>: []
    #<span class=sf-dump-protected title=\"Protected property\">attributeCastCache</span>: []
    #<span class=sf-dump-protected title=\"Protected property\">dateFormat</span>: <span class=sf-dump-const>null</span>
    #<span class=sf-dump-protected title=\"Protected property\">appends</span>: []
    #<span class=sf-dump-protected title=\"Protected property\">dispatchesEvents</span>: []
    #<span class=sf-dump-protected title=\"Protected property\">observables</span>: []
    #<span class=sf-dump-protected title=\"Protected property\">relations</span>: []
    #<span class=sf-dump-protected title=\"Protected property\">touches</span>: []
    +<span class=sf-dump-public title=\"Public property\">timestamps</span>: <span class=sf-dump-const>true</span>
    +<span class=sf-dump-public title=\"Public property\">usesUniqueIds</span>: <span class=sf-dump-const>false</span>
    #<span class=sf-dump-protected title=\"Protected property\">hidden</span>: []
    #<span class=sf-dump-protected title=\"Protected property\">visible</span>: []
    #<span class=sf-dump-protected title=\"Protected property\">fillable</span>: <span class=sf-dump-note>array:1</span> [<samp data-depth=3 class=sf-dump-compact>
      <span class=sf-dump-index>0</span> => \"<span class=sf-dump-str title=\"4 characters\">rate</span>\"
    </samp>]
    #<span class=sf-dump-protected title=\"Protected property\">guarded</span>: <span class=sf-dump-note>array:1</span> [<samp data-depth=3 class=sf-dump-compact>
      <span class=sf-dump-index>0</span> => \"<span class=sf-dump-str>*</span>\"
    </samp>]
  </samp>}
</samp>]
</pre><script>Sfdump(\"sf-dump-1345791598\", {\"maxDepth\":3,\"maxStringLength\":160})</script>
"}},"userId":1,"exception":"[object] (Spatie\\LaravelIgnition\\Exceptions\\ViewException(code: 0): Translation file [/Users/aleksandr/projects/btf/lang/ru.json] contains an invalid JSON structure. at /Users/aleksandr/projects/btf/vendor/laravel/framework/src/Illuminate/Translation/FileLoader.php:153)
[stacktrace]
#0 /Users/aleksandr/projects/btf/vendor/laravel/framework/src/Illuminate/Collections/Traits/EnumeratesValues.php(822): Illuminate\\Translation\\FileLoader->Illuminate\\Translation\\{closure}(Array, '/Users/aleksand...', 1)
#1 /Users/aleksandr/projects/btf/vendor/laravel/framework/src/Illuminate/Translation/FileLoader.php(148): Illuminate\\Support\\Collection->reduce(Object(Closure), Array)
#2 /Users/aleksandr/projects/btf/vendor/laravel/framework/src/Illuminate/Translation/FileLoader.php(65): Illuminate\\Translation\\FileLoader->loadJsonPaths('ru')
#3 /Users/aleksandr/projects/btf/vendor/laravel/framework/src/Illuminate/Translation/Translator.php(335): Illuminate\\Translation\\FileLoader->load('ru', '*', '*')
#4 /Users/aleksandr/projects/btf/vendor/laravel/framework/src/Illuminate/Translation/Translator.php(157): Illuminate\\Translation\\Translator->load('*', '*', 'ru')
#5 /Users/aleksandr/projects/btf/vendor/laravel/framework/src/Illuminate/Foundation/helpers.php(965): Illuminate\\Translation\\Translator->get('admin.Dashboard', Array, 'ru')
#6 /Users/aleksandr/projects/btf/vendor/laravel/framework/src/Illuminate/Foundation/helpers.php(1000): trans('admin.Dashboard', Array, NULL)
#7 /Users/aleksandr/projects/btf/resources/views/backend/partials/navbar.blade.php(5): __('admin.Dashboard')
#8 /Users/aleksandr/projects/btf/vendor/laravel/framework/src/Illuminate/Filesystem/Filesystem.php(123): require('/Users/aleksand...')
#9 /Users/aleksandr/projects/btf/vendor/laravel/framework/src/Illuminate/Filesystem/Filesystem.php(124): Illuminate\\Filesystem\\Filesystem::Illuminate\\Filesystem\\{closure}()
#10 /Users/aleksandr/projects/btf/vendor/laravel/framework/src/Illuminate/View/Engines/PhpEngine.php(58): Illuminate\\Filesystem\\Filesystem->getRequire('/Users/aleksand...', Array)
#11 /Users/aleksandr/projects/btf/vendor/laravel/framework/src/Illuminate/View/Engines/CompilerEngine.php(75): Illuminate\\View\\Engines\\PhpEngine->evaluatePath('/Users/aleksand...', Array)
#12 /Users/aleksandr/projects/btf/vendor/laravel/framework/src/Illuminate/View/View.php(209): Illuminate\\View\\Engines\\CompilerEngine->get('/Users/aleksand...', Array)
#13 /Users/aleksandr/projects/btf/vendor/laravel/framework/src/Illuminate/View/View.php(192): Illuminate\\View\\View->getContents()
#14 /Users/aleksandr/projects/btf/vendor/laravel/framework/src/Illuminate/View/View.php(161): Illuminate\\View\\View->renderContents()
#15 /Users/aleksandr/projects/btf/resources/views/backend/app.blade.php(10): Illuminate\\View\\View->render()
#16 /Users/aleksandr/projects/btf/vendor/laravel/framework/src/Illuminate/Filesystem/Filesystem.php(123): require('/Users/aleksand...')
#17 /Users/aleksandr/projects/btf/vendor/laravel/framework/src/Illuminate/Filesystem/Filesystem.php(124): Illuminate\\Filesystem\\Filesystem::Illuminate\\Filesystem\\{closure}()
#18 /Users/aleksandr/projects/btf/vendor/laravel/framework/src/Illuminate/View/Engines/PhpEngine.php(58): Illuminate\\Filesystem\\Filesystem->getRequire('/Users/aleksand...', Array)
#19 /Users/aleksandr/projects/btf/vendor/laravel/framework/src/Illuminate/View/Engines/CompilerEngine.php(75): Illuminate\\View\\Engines\\PhpEngine->evaluatePath('/Users/aleksand...', Array)
#20 /Users/aleksandr/projects/btf/vendor/laravel/framework/src/Illuminate/View/View.php(209): Illuminate\\View\\Engines\\CompilerEngine->get('/Users/aleksand...', Array)
#21 /Users/aleksandr/projects/btf/vendor/laravel/framework/src/Illuminate/View/View.php(192): Illuminate\\View\\View->getContents()
#22 /Users/aleksandr/projects/btf/vendor/laravel/framework/src/Illuminate/View/View.php(161): Illuminate\\View\\View->renderContents()
#23 /Users/aleksandr/projects/btf/vendor/laravel/framework/src/Illuminate/Http/Response.php(79): Illuminate\\View\\View->render()
#24 /Users/aleksandr/projects/btf/vendor/laravel/framework/src/Illuminate/Http/Response.php(35): Illuminate\\Http\\Response->setContent(Object(Illuminate\\View\\View))
#25 /Users/aleksandr/projects/btf/vendor/laravel/framework/src/Illuminate/Routing/Router.php(920): Illuminate\\Http\\Response->__construct(Object(Illuminate\\View\\View), 200, Array)
#26 /Users/aleksandr/projects/btf/vendor/laravel/framework/src/Illuminate/Routing/Router.php(887): Illuminate\\Routing\\Router::toResponse(Object(Illuminate\\Http\\Request), Object(Illuminate\\View\\View))
#27 /Users/aleksandr/projects/btf/vendor/laravel/framework/src/Illuminate/Routing/Router.php(807): Illuminate\\Routing\\Router->prepareResponse(Object(Illuminate\\Http\\Request), Object(Illuminate\\View\\View))
#28 /Users/aleksandr/projects/btf/vendor/laravel/framework/src/Illuminate/Pipeline/Pipeline.php(170): Illuminate\\Routing\\Router->Illuminate\\Routing\\{closure}(Object(Illuminate\\Http\\Request))
#29 /Users/aleksandr/projects/btf/vendor/barryvdh/laravel-debugbar/src/Middleware/InjectDebugbar.php(66): Illuminate\\Pipeline\\Pipeline->Illuminate\\Pipeline\\{closure}(Object(Illuminate\\Http\\Request))
#30 /Users/aleksandr/projects/btf/vendor/laravel/framework/src/Illuminate/Pipeline/Pipeline.php(209): Barryvdh\\Debugbar\\Middleware\\InjectDebugbar->handle(Object(Illuminate\\Http\\Request), Object(Closure))
#31 /Users/aleksandr/projects/btf/app/Http/Middleware/UserActivity.php(20): Illuminate\\Pipeline\\Pipeline->Illuminate\\Pipeline\\{closure}(Object(Illuminate\\Http\\Request))
#32 /Users/aleksandr/projects/btf/vendor/laravel/framework/src/Illuminate/Pipeline/Pipeline.php(209): App\\Http\\Middleware\\UserActivity->handle(Object(Illuminate\\Http\\Request), Object(Closure))
#33 /Users/aleksandr/projects/btf/app/Http/Middleware/SetLocale.php(51): Illuminate\\Pipeline\\Pipeline->Illuminate\\Pipeline\\{closure}(Object(Illuminate\\Http\\Request))
#34 /Users/aleksandr/projects/btf/vendor/laravel/framework/src/Illuminate/Pipeline/Pipeline.php(209): App\\Http\\Middleware\\SetLocale->handle(Object(Illuminate\\Http\\Request), Object(Closure))
#35 /Users/aleksandr/projects/btf/vendor/erlandmuchasaj/laravel-gzip/src/Middleware/GzipEncodeResponse.php(19): Illuminate\\Pipeline\\Pipeline->Illuminate\\Pipeline\\{closure}(Object(Illuminate\\Http\\Request))
#36 /Users/aleksandr/projects/btf/vendor/laravel/framework/src/Illuminate/Pipeline/Pipeline.php(209): ErlandMuchasaj\\LaravelGzip\\Middleware\\GzipEncodeResponse->handle(Object(Illuminate\\Http\\Request), Object(Closure))
#37 /Users/aleksandr/projects/btf/vendor/laravel/framework/src/Illuminate/Routing/Middleware/SubstituteBindings.php(51): Illuminate\\Pipeline\\Pipeline->Illuminate\\Pipeline\\{closure}(Object(Illuminate\\Http\\Request))
#38 /Users/aleksandr/projects/btf/vendor/laravel/framework/src/Illuminate/Pipeline/Pipeline.php(209): Illuminate\\Routing\\Middleware\\SubstituteBindings->handle(Object(Illuminate\\Http\\Request), Object(Closure))
#39 /Users/aleksandr/projects/btf/vendor/laravel/framework/src/Illuminate/Auth/Middleware/Authenticate.php(64): Illuminate\\Pipeline\\Pipeline->Illuminate\\Pipeline\\{closure}(Object(Illuminate\\Http\\Request))
#40 /Users/aleksandr/projects/btf/vendor/laravel/framework/src/Illuminate/Pipeline/Pipeline.php(209): Illuminate\\Auth\\Middleware\\Authenticate->handle(Object(Illuminate\\Http\\Request), Object(Closure))
#41 /Users/aleksandr/projects/btf/vendor/laravel/framework/src/Illuminate/Foundation/Http/Middleware/VerifyCsrfToken.php(88): Illuminate\\Pipeline\\Pipeline->Illuminate\\Pipeline\\{closure}(Object(Illuminate\\Http\\Request))
#42 /Users/aleksandr/projects/btf/vendor/laravel/framework/src/Illuminate/Pipeline/Pipeline.php(209): Illuminate\\Foundation\\Http\\Middleware\\VerifyCsrfToken->handle(Object(Illuminate\\Http\\Request), Object(Closure))
#43 /Users/aleksandr/projects/btf/vendor/laravel/framework/src/Illuminate/View/Middleware/ShareErrorsFromSession.php(49): Illuminate\\Pipeline\\Pipeline->Illuminate\\Pipeline\\{closure}(Object(Illuminate\\Http\\Request))
#44 /Users/aleksandr/projects/btf/vendor/laravel/framework/src/Illuminate/Pipeline/Pipeline.php(209): Illuminate\\View\\Middleware\\ShareErrorsFromSession->handle(Object(Illuminate\\Http\\Request), Object(Closure))
#45 /Users/aleksandr/projects/btf/vendor/laravel/framework/src/Illuminate/Session/Middleware/StartSession.php(121): Illuminate\\Pipeline\\Pipeline->Illuminate\\Pipeline\\{closure}(Object(Illuminate\\Http\\Request))
#46 /Users/aleksandr/projects/btf/vendor/laravel/framework/src/Illuminate/Session/Middleware/StartSession.php(64): Illuminate\\Session\\Middleware\\StartSession->handleStatefulRequest(Object(Illuminate\\Http\\Request), Object(Illuminate\\Session\\Store), Object(Closure))
#47 /Users/aleksandr/projects/btf/vendor/laravel/framework/src/Illuminate/Pipeline/Pipeline.php(209): Illuminate\\Session\\Middleware\\StartSession->handle(Object(Illuminate\\Http\\Request), Object(Closure))
#48 /Users/aleksandr/projects/btf/vendor/laravel/framework/src/Illuminate/Cookie/Middleware/AddQueuedCookiesToResponse.php(37): Illuminate\\Pipeline\\Pipeline->Illuminate\\Pipeline\\{closure}(Object(Illuminate\\Http\\Request))
#49 /Users/aleksandr/projects/btf/vendor/laravel/framework/src/Illuminate/Pipeline/Pipeline.php(209): Illuminate\\Cookie\\Middleware\\AddQueuedCookiesToResponse->handle(Object(Illuminate\\Http\\Request), Object(Closure))
#50 /Users/aleksandr/projects/btf/vendor/laravel/framework/src/Illuminate/Cookie/Middleware/EncryptCookies.php(75): Illuminate\\Pipeline\\Pipeline->Illuminate\\Pipeline\\{closure}(Object(Illuminate\\Http\\Request))
#51 /Users/aleksandr/projects/btf/vendor/laravel/framework/src/Illuminate/Pipeline/Pipeline.php(209): Illuminate\\Cookie\\Middleware\\EncryptCookies->handle(Object(Illuminate\\Http\\Request), Object(Closure))
#52 /Users/aleksandr/projects/btf/vendor/laravel/framework/src/Illuminate/Pipeline/Pipeline.php(127): Illuminate\\Pipeline\\Pipeline->Illuminate\\Pipeline\\{closure}(Object(Illuminate\\Http\\Request))
#53 /Users/aleksandr/projects/btf/vendor/laravel/framework/src/Illuminate/Routing/Router.php(807): Illuminate\\Pipeline\\Pipeline->then(Object(Closure))
#54 /Users/aleksandr/projects/btf/vendor/laravel/framework/src/Illuminate/Routing/Router.php(786): Illuminate\\Routing\\Router->runRouteWithinStack(Object(Illuminate\\Routing\\Route), Object(Illuminate\\Http\\Request))
#55 /Users/aleksandr/projects/btf/vendor/laravel/framework/src/Illuminate/Routing/Router.php(750): Illuminate\\Routing\\Router->runRoute(Object(Illuminate\\Http\\Request), Object(Illuminate\\Routing\\Route))
#56 /Users/aleksandr/projects/btf/vendor/laravel/framework/src/Illuminate/Routing/Router.php(739): Illuminate\\Routing\\Router->dispatchToRoute(Object(Illuminate\\Http\\Request))
#57 /Users/aleksandr/projects/btf/vendor/laravel/framework/src/Illuminate/Foundation/Http/Kernel.php(201): Illuminate\\Routing\\Router->dispatch(Object(Illuminate\\Http\\Request))
#58 /Users/aleksandr/projects/btf/vendor/laravel/framework/src/Illuminate/Pipeline/Pipeline.php(170): Illuminate\\Foundation\\Http\\Kernel->Illuminate\\Foundation\\Http\\{closure}(Object(Illuminate\\Http\\Request))
#59 /Users/aleksandr/projects/btf/vendor/barryvdh/laravel-debugbar/src/Middleware/InjectDebugbar.php(66): Illuminate\\Pipeline\\Pipeline->Illuminate\\Pipeline\\{closure}(Object(Illuminate\\Http\\Request))
#60 /Users/aleksandr/projects/btf/vendor/laravel/framework/src/Illuminate/Pipeline/Pipeline.php(209): Barryvdh\\Debugbar\\Middleware\\InjectDebugbar->handle(Object(Illuminate\\Http\\Request), Object(Closure))
#61 /Users/aleksandr/projects/btf/vendor/laravel/framework/src/Illuminate/Foundation/Http/Middleware/TransformsRequest.php(21): Illuminate\\Pipeline\\Pipeline->Illuminate\\Pipeline\\{closure}(Object(Illuminate\\Http\\Request))
#62 /Users/aleksandr/projects/btf/vendor/laravel/framework/src/Illuminate/Foundation/Http/Middleware/ConvertEmptyStringsToNull.php(31): Illuminate\\Foundation\\Http\\Middleware\\TransformsRequest->handle(Object(Illuminate\\Http\\Request), Object(Closure))
#63 /Users/aleksandr/projects/btf/vendor/laravel/framework/src/Illuminate/Pipeline/Pipeline.php(209): Illuminate\\Foundation\\Http\\Middleware\\ConvertEmptyStringsToNull->handle(Object(Illuminate\\Http\\Request), Object(Closure))
#64 /Users/aleksandr/projects/btf/vendor/laravel/framework/src/Illuminate/Foundation/Http/Middleware/TransformsRequest.php(21): Illuminate\\Pipeline\\Pipeline->Illuminate\\Pipeline\\{closure}(Object(Illuminate\\Http\\Request))
#65 /Users/aleksandr/projects/btf/vendor/laravel/framework/src/Illuminate/Foundation/Http/Middleware/TrimStrings.php(51): Illuminate\\Foundation\\Http\\Middleware\\TransformsRequest->handle(Object(Illuminate\\Http\\Request), Object(Closure))
#66 /Users/aleksandr/projects/btf/vendor/laravel/framework/src/Illuminate/Pipeline/Pipeline.php(209): Illuminate\\Foundation\\Http\\Middleware\\TrimStrings->handle(Object(Illuminate\\Http\\Request), Object(Closure))
#67 /Users/aleksandr/projects/btf/vendor/laravel/framework/src/Illuminate/Http/Middleware/ValidatePostSize.php(27): Illuminate\\Pipeline\\Pipeline->Illuminate\\Pipeline\\{closure}(Object(Illuminate\\Http\\Request))
#68 /Users/aleksandr/projects/btf/vendor/laravel/framework/src/Illuminate/Pipeline/Pipeline.php(209): Illuminate\\Http\\Middleware\\ValidatePostSize->handle(Object(Illuminate\\Http\\Request), Object(Closure))
#69 /Users/aleksandr/projects/btf/vendor/laravel/framework/src/Illuminate/Foundation/Http/Middleware/PreventRequestsDuringMaintenance.php(110): Illuminate\\Pipeline\\Pipeline->Illuminate\\Pipeline\\{closure}(Object(Illuminate\\Http\\Request))
#70 /Users/aleksandr/projects/btf/vendor/laravel/framework/src/Illuminate/Pipeline/Pipeline.php(209): Illuminate\\Foundation\\Http\\Middleware\\PreventRequestsDuringMaintenance->handle(Object(Illuminate\\Http\\Request), Object(Closure))
#71 /Users/aleksandr/projects/btf/vendor/laravel/framework/src/Illuminate/Http/Middleware/HandleCors.php(49): Illuminate\\Pipeline\\Pipeline->Illuminate\\Pipeline\\{closure}(Object(Illuminate\\Http\\Request))
#72 /Users/aleksandr/projects/btf/vendor/laravel/framework/src/Illuminate/Pipeline/Pipeline.php(209): Illuminate\\Http\\Middleware\\HandleCors->handle(Object(Illuminate\\Http\\Request), Object(Closure))
#73 /Users/aleksandr/projects/btf/vendor/laravel/framework/src/Illuminate/Http/Middleware/TrustProxies.php(58): Illuminate\\Pipeline\\Pipeline->Illuminate\\Pipeline\\{closure}(Object(Illuminate\\Http\\Request))
#74 /Users/aleksandr/projects/btf/vendor/laravel/framework/src/Illuminate/Pipeline/Pipeline.php(209): Illuminate\\Http\\Middleware\\TrustProxies->handle(Object(Illuminate\\Http\\Request), Object(Closure))
#75 /Users/aleksandr/projects/btf/vendor/laravel/framework/src/Illuminate/Pipeline/Pipeline.php(127): Illuminate\\Pipeline\\Pipeline->Illuminate\\Pipeline\\{closure}(Object(Illuminate\\Http\\Request))
#76 /Users/aleksandr/projects/btf/vendor/laravel/framework/src/Illuminate/Foundation/Http/Kernel.php(176): Illuminate\\Pipeline\\Pipeline->then(Object(Closure))
#77 /Users/aleksandr/projects/btf/vendor/laravel/framework/src/Illuminate/Foundation/Http/Kernel.php(145): Illuminate\\Foundation\\Http\\Kernel->sendRequestThroughRouter(Object(Illuminate\\Http\\Request))
#78 /Users/aleksandr/projects/btf/public/index.php(50): Illuminate\\Foundation\\Http\\Kernel->handle(Object(Illuminate\\Http\\Request))
#79 /Users/aleksandr/projects/btf/vendor/laravel/framework/src/Illuminate/Foundation/resources/server.php(23): require_once('/Users/aleksand...')
#80 {main}

[previous exception] [object] (RuntimeException(code: 0): Translation file [/Users/aleksandr/projects/btf/lang/ru.json] contains an invalid JSON structure. at /Users/aleksandr/projects/btf/vendor/laravel/framework/src/Illuminate/Translation/FileLoader.php:153)
[stacktrace]
#0 /Users/aleksandr/projects/btf/vendor/laravel/framework/src/Illuminate/Collections/Traits/EnumeratesValues.php(822): Illuminate\\Translation\\FileLoader->Illuminate\\Translation\\{closure}(Array, '/Users/aleksand...', 1)
#1 /Users/aleksandr/projects/btf/vendor/laravel/framework/src/Illuminate/Translation/FileLoader.php(148): Illuminate\\Support\\Collection->reduce(Object(Closure), Array)
#2 /Users/aleksandr/projects/btf/vendor/laravel/framework/src/Illuminate/Translation/FileLoader.php(65): Illuminate\\Translation\\FileLoader->loadJsonPaths('ru')
#3 /Users/aleksandr/projects/btf/vendor/laravel/framework/src/Illuminate/Translation/Translator.php(335): Illuminate\\Translation\\FileLoader->load('ru', '*', '*')
#4 /Users/aleksandr/projects/btf/vendor/laravel/framework/src/Illuminate/Translation/Translator.php(157): Illuminate\\Translation\\Translator->load('*', '*', 'ru')
#5 /Users/aleksandr/projects/btf/vendor/laravel/framework/src/Illuminate/Foundation/helpers.php(965): Illuminate\\Translation\\Translator->get('admin.Dashboard', Array, 'ru')
#6 /Users/aleksandr/projects/btf/vendor/laravel/framework/src/Illuminate/Foundation/helpers.php(1000): trans('admin.Dashboard', Array, NULL)
#7 /Users/aleksandr/projects/btf/storage/framework/views/31370125c42d70647b2da912d400819b.php(13): __('admin.Dashboard')
#8 /Users/aleksandr/projects/btf/vendor/laravel/framework/src/Illuminate/Filesystem/Filesystem.php(123): require('/Users/aleksand...')
#9 /Users/aleksandr/projects/btf/vendor/laravel/framework/src/Illuminate/Filesystem/Filesystem.php(124): Illuminate\\Filesystem\\Filesystem::Illuminate\\Filesystem\\{closure}()
#10 /Users/aleksandr/projects/btf/vendor/laravel/framework/src/Illuminate/View/Engines/PhpEngine.php(58): Illuminate\\Filesystem\\Filesystem->getRequire('/Users/aleksand...', Array)
#11 /Users/aleksandr/projects/btf/vendor/laravel/framework/src/Illuminate/View/Engines/CompilerEngine.php(75): Illuminate\\View\\Engines\\PhpEngine->evaluatePath('/Users/aleksand...', Array)
#12 /Users/aleksandr/projects/btf/vendor/laravel/framework/src/Illuminate/View/View.php(209): Illuminate\\View\\Engines\\CompilerEngine->get('/Users/aleksand...', Array)
#13 /Users/aleksandr/projects/btf/vendor/laravel/framework/src/Illuminate/View/View.php(192): Illuminate\\View\\View->getContents()
#14 /Users/aleksandr/projects/btf/vendor/laravel/framework/src/Illuminate/View/View.php(161): Illuminate\\View\\View->renderContents()
#15 /Users/aleksandr/projects/btf/storage/framework/views/764c61709ea29d27eb928f0088b73eec.php(8): Illuminate\\View\\View->render()
#16 /Users/aleksandr/projects/btf/vendor/laravel/framework/src/Illuminate/Filesystem/Filesystem.php(123): require('/Users/aleksand...')
#17 /Users/aleksandr/projects/btf/vendor/laravel/framework/src/Illuminate/Filesystem/Filesystem.php(124): Illuminate\\Filesystem\\Filesystem::Illuminate\\Filesystem\\{closure}()
#18 /Users/aleksandr/projects/btf/vendor/laravel/framework/src/Illuminate/View/Engines/PhpEngine.php(58): Illuminate\\Filesystem\\Filesystem->getRequire('/Users/aleksand...', Array)
#19 /Users/aleksandr/projects/btf/vendor/laravel/framework/src/Illuminate/View/Engines/CompilerEngine.php(75): Illuminate\\View\\Engines\\PhpEngine->evaluatePath('/Users/aleksand...', Array)
#20 /Users/aleksandr/projects/btf/vendor/laravel/framework/src/Illuminate/View/View.php(209): Illuminate\\View\\Engines\\CompilerEngine->get('/Users/aleksand...', Array)
#21 /Users/aleksandr/projects/btf/vendor/laravel/framework/src/Illuminate/View/View.php(192): Illuminate\\View\\View->getContents()
#22 /Users/aleksandr/projects/btf/vendor/laravel/framework/src/Illuminate/View/View.php(161): Illuminate\\View\\View->renderContents()
#23 /Users/aleksandr/projects/btf/vendor/laravel/framework/src/Illuminate/Http/Response.php(79): Illuminate\\View\\View->render()
#24 /Users/aleksandr/projects/btf/vendor/laravel/framework/src/Illuminate/Http/Response.php(35): Illuminate\\Http\\Response->setContent(Object(Illuminate\\View\\View))
#25 /Users/aleksandr/projects/btf/vendor/laravel/framework/src/Illuminate/Routing/Router.php(920): Illuminate\\Http\\Response->__construct(Object(Illuminate\\View\\View), 200, Array)
#26 /Users/aleksandr/projects/btf/vendor/laravel/framework/src/Illuminate/Routing/Router.php(887): Illuminate\\Routing\\Router::toResponse(Object(Illuminate\\Http\\Request), Object(Illuminate\\View\\View))
#27 /Users/aleksandr/projects/btf/vendor/laravel/framework/src/Illuminate/Routing/Router.php(807): Illuminate\\Routing\\Router->prepareResponse(Object(Illuminate\\Http\\Request), Object(Illuminate\\View\\View))
#28 /Users/aleksandr/projects/btf/vendor/laravel/framework/src/Illuminate/Pipeline/Pipeline.php(170): Illuminate\\Routing\\Router->Illuminate\\Routing\\{closure}(Object(Illuminate\\Http\\Request))
#29 /Users/aleksandr/projects/btf/vendor/barryvdh/laravel-debugbar/src/Middleware/InjectDebugbar.php(66): Illuminate\\Pipeline\\Pipeline->Illuminate\\Pipeline\\{closure}(Object(Illuminate\\Http\\Request))
#30 /Users/aleksandr/projects/btf/vendor/laravel/framework/src/Illuminate/Pipeline/Pipeline.php(209): Barryvdh\\Debugbar\\Middleware\\InjectDebugbar->handle(Object(Illuminate\\Http\\Request), Object(Closure))
#31 /Users/aleksandr/projects/btf/app/Http/Middleware/UserActivity.php(20): Illuminate\\Pipeline\\Pipeline->Illuminate\\Pipeline\\{closure}(Object(Illuminate\\Http\\Request))
#32 /Users/aleksandr/projects/btf/vendor/laravel/framework/src/Illuminate/Pipeline/Pipeline.php(209): App\\Http\\Middleware\\UserActivity->handle(Object(Illuminate\\Http\\Request), Object(Closure))
#33 /Users/aleksandr/projects/btf/app/Http/Middleware/SetLocale.php(51): Illuminate\\Pipeline\\Pipeline->Illuminate\\Pipeline\\{closure}(Object(Illuminate\\Http\\Request))
#34 /Users/aleksandr/projects/btf/vendor/laravel/framework/src/Illuminate/Pipeline/Pipeline.php(209): App\\Http\\Middleware\\SetLocale->handle(Object(Illuminate\\Http\\Request), Object(Closure))
#35 /Users/aleksandr/projects/btf/vendor/erlandmuchasaj/laravel-gzip/src/Middleware/GzipEncodeResponse.php(19): Illuminate\\Pipeline\\Pipeline->Illuminate\\Pipeline\\{closure}(Object(Illuminate\\Http\\Request))
#36 /Users/aleksandr/projects/btf/vendor/laravel/framework/src/Illuminate/Pipeline/Pipeline.php(209): ErlandMuchasaj\\LaravelGzip\\Middleware\\GzipEncodeResponse->handle(Object(Illuminate\\Http\\Request), Object(Closure))
#37 /Users/aleksandr/projects/btf/vendor/laravel/framework/src/Illuminate/Routing/Middleware/SubstituteBindings.php(51): Illuminate\\Pipeline\\Pipeline->Illuminate\\Pipeline\\{closure}(Object(Illuminate\\Http\\Request))
#38 /Users/aleksandr/projects/btf/vendor/laravel/framework/src/Illuminate/Pipeline/Pipeline.php(209): Illuminate\\Routing\\Middleware\\SubstituteBindings->handle(Object(Illuminate\\Http\\Request), Object(Closure))
#39 /Users/aleksandr/projects/btf/vendor/laravel/framework/src/Illuminate/Auth/Middleware/Authenticate.php(64): Illuminate\\Pipeline\\Pipeline->Illuminate\\Pipeline\\{closure}(Object(Illuminate\\Http\\Request))
#40 /Users/aleksandr/projects/btf/vendor/laravel/framework/src/Illuminate/Pipeline/Pipeline.php(209): Illuminate\\Auth\\Middleware\\Authenticate->handle(Object(Illuminate\\Http\\Request), Object(Closure))
#41 /Users/aleksandr/projects/btf/vendor/laravel/framework/src/Illuminate/Foundation/Http/Middleware/VerifyCsrfToken.php(88): Illuminate\\Pipeline\\Pipeline->Illuminate\\Pipeline\\{closure}(Object(Illuminate\\Http\\Request))
#42 /Users/aleksandr/projects/btf/vendor/laravel/framework/src/Illuminate/Pipeline/Pipeline.php(209): Illuminate\\Foundation\\Http\\Middleware\\VerifyCsrfToken->handle(Object(Illuminate\\Http\\Request), Object(Closure))
#43 /Users/aleksandr/projects/btf/vendor/laravel/framework/src/Illuminate/View/Middleware/ShareErrorsFromSession.php(49): Illuminate\\Pipeline\\Pipeline->Illuminate\\Pipeline\\{closure}(Object(Illuminate\\Http\\Request))
#44 /Users/aleksandr/projects/btf/vendor/laravel/framework/src/Illuminate/Pipeline/Pipeline.php(209): Illuminate\\View\\Middleware\\ShareErrorsFromSession->handle(Object(Illuminate\\Http\\Request), Object(Closure))
#45 /Users/aleksandr/projects/btf/vendor/laravel/framework/src/Illuminate/Session/Middleware/StartSession.php(121): Illuminate\\Pipeline\\Pipeline->Illuminate\\Pipeline\\{closure}(Object(Illuminate\\Http\\Request))
#46 /Users/aleksandr/projects/btf/vendor/laravel/framework/src/Illuminate/Session/Middleware/StartSession.php(64): Illuminate\\Session\\Middleware\\StartSession->handleStatefulRequest(Object(Illuminate\\Http\\Request), Object(Illuminate\\Session\\Store), Object(Closure))
#47 /Users/aleksandr/projects/btf/vendor/laravel/framework/src/Illuminate/Pipeline/Pipeline.php(209): Illuminate\\Session\\Middleware\\StartSession->handle(Object(Illuminate\\Http\\Request), Object(Closure))
#48 /Users/aleksandr/projects/btf/vendor/laravel/framework/src/Illuminate/Cookie/Middleware/AddQueuedCookiesToResponse.php(37): Illuminate\\Pipeline\\Pipeline->Illuminate\\Pipeline\\{closure}(Object(Illuminate\\Http\\Request))
#49 /Users/aleksandr/projects/btf/vendor/laravel/framework/src/Illuminate/Pipeline/Pipeline.php(209): Illuminate\\Cookie\\Middleware\\AddQueuedCookiesToResponse->handle(Object(Illuminate\\Http\\Request), Object(Closure))
#50 /Users/aleksandr/projects/btf/vendor/laravel/framework/src/Illuminate/Cookie/Middleware/EncryptCookies.php(75): Illuminate\\Pipeline\\Pipeline->Illuminate\\Pipeline\\{closure}(Object(Illuminate\\Http\\Request))
#51 /Users/aleksandr/projects/btf/vendor/laravel/framework/src/Illuminate/Pipeline/Pipeline.php(209): Illuminate\\Cookie\\Middleware\\EncryptCookies->handle(Object(Illuminate\\Http\\Request), Object(Closure))
#52 /Users/aleksandr/projects/btf/vendor/laravel/framework/src/Illuminate/Pipeline/Pipeline.php(127): Illuminate\\Pipeline\\Pipeline->Illuminate\\Pipeline\\{closure}(Object(Illuminate\\Http\\Request))
#53 /Users/aleksandr/projects/btf/vendor/laravel/framework/src/Illuminate/Routing/Router.php(807): Illuminate\\Pipeline\\Pipeline->then(Object(Closure))
#54 /Users/aleksandr/projects/btf/vendor/laravel/framework/src/Illuminate/Routing/Router.php(786): Illuminate\\Routing\\Router->runRouteWithinStack(Object(Illuminate\\Routing\\Route), Object(Illuminate\\Http\\Request))
#55 /Users/aleksandr/projects/btf/vendor/laravel/framework/src/Illuminate/Routing/Router.php(750): Illuminate\\Routing\\Router->runRoute(Object(Illuminate\\Http\\Request), Object(Illuminate\\Routing\\Route))
#56 /Users/aleksandr/projects/btf/vendor/laravel/framework/src/Illuminate/Routing/Router.php(739): Illuminate\\Routing\\Router->dispatchToRoute(Object(Illuminate\\Http\\Request))
#57 /Users/aleksandr/projects/btf/vendor/laravel/framework/src/Illuminate/Foundation/Http/Kernel.php(201): Illuminate\\Routing\\Router->dispatch(Object(Illuminate\\Http\\Request))
#58 /Users/aleksandr/projects/btf/vendor/laravel/framework/src/Illuminate/Pipeline/Pipeline.php(170): Illuminate\\Foundation\\Http\\Kernel->Illuminate\\Foundation\\Http\\{closure}(Object(Illuminate\\Http\\Request))
#59 /Users/aleksandr/projects/btf/vendor/barryvdh/laravel-debugbar/src/Middleware/InjectDebugbar.php(66): Illuminate\\Pipeline\\Pipeline->Illuminate\\Pipeline\\{closure}(Object(Illuminate\\Http\\Request))
#60 /Users/aleksandr/projects/btf/vendor/laravel/framework/src/Illuminate/Pipeline/Pipeline.php(209): Barryvdh\\Debugbar\\Middleware\\InjectDebugbar->handle(Object(Illuminate\\Http\\Request), Object(Closure))
#61 /Users/aleksandr/projects/btf/vendor/laravel/framework/src/Illuminate/Foundation/Http/Middleware/TransformsRequest.php(21): Illuminate\\Pipeline\\Pipeline->Illuminate\\Pipeline\\{closure}(Object(Illuminate\\Http\\Request))
#62 /Users/aleksandr/projects/btf/vendor/laravel/framework/src/Illuminate/Foundation/Http/Middleware/ConvertEmptyStringsToNull.php(31): Illuminate\\Foundation\\Http\\Middleware\\TransformsRequest->handle(Object(Illuminate\\Http\\Request), Object(Closure))
#63 /Users/aleksandr/projects/btf/vendor/laravel/framework/src/Illuminate/Pipeline/Pipeline.php(209): Illuminate\\Foundation\\Http\\Middleware\\ConvertEmptyStringsToNull->handle(Object(Illuminate\\Http\\Request), Object(Closure))
#64 /Users/aleksandr/projects/btf/vendor/laravel/framework/src/Illuminate/Foundation/Http/Middleware/TransformsRequest.php(21): Illuminate\\Pipeline\\Pipeline->Illuminate\\Pipeline\\{closure}(Object(Illuminate\\Http\\Request))
#65 /Users/aleksandr/projects/btf/vendor/laravel/framework/src/Illuminate/Foundation/Http/Middleware/TrimStrings.php(51): Illuminate\\Foundation\\Http\\Middleware\\TransformsRequest->handle(Object(Illuminate\\Http\\Request), Object(Closure))
#66 /Users/aleksandr/projects/btf/vendor/laravel/framework/src/Illuminate/Pipeline/Pipeline.php(209): Illuminate\\Foundation\\Http\\Middleware\\TrimStrings->handle(Object(Illuminate\\Http\\Request), Object(Closure))
#67 /Users/aleksandr/projects/btf/vendor/laravel/framework/src/Illuminate/Http/Middleware/ValidatePostSize.php(27): Illuminate\\Pipeline\\Pipeline->Illuminate\\Pipeline\\{closure}(Object(Illuminate\\Http\\Request))
#68 /Users/aleksandr/projects/btf/vendor/laravel/framework/src/Illuminate/Pipeline/Pipeline.php(209): Illuminate\\Http\\Middleware\\ValidatePostSize->handle(Object(Illuminate\\Http\\Request), Object(Closure))
#69 /Users/aleksandr/projects/btf/vendor/laravel/framework/src/Illuminate/Foundation/Http/Middleware/PreventRequestsDuringMaintenance.php(110): Illuminate\\Pipeline\\Pipeline->Illuminate\\Pipeline\\{closure}(Object(Illuminate\\Http\\Request))
#70 /Users/aleksandr/projects/btf/vendor/laravel/framework/src/Illuminate/Pipeline/Pipeline.php(209): Illuminate\\Foundation\\Http\\Middleware\\PreventRequestsDuringMaintenance->handle(Object(Illuminate\\Http\\Request), Object(Closure))
#71 /Users/aleksandr/projects/btf/vendor/laravel/framework/src/Illuminate/Http/Middleware/HandleCors.php(49): Illuminate\\Pipeline\\Pipeline->Illuminate\\Pipeline\\{closure}(Object(Illuminate\\Http\\Request))
#72 /Users/aleksandr/projects/btf/vendor/laravel/framework/src/Illuminate/Pipeline/Pipeline.php(209): Illuminate\\Http\\Middleware\\HandleCors->handle(Object(Illuminate\\Http\\Request), Object(Closure))
#73 /Users/aleksandr/projects/btf/vendor/laravel/framework/src/Illuminate/Http/Middleware/TrustProxies.php(58): Illuminate\\Pipeline\\Pipeline->Illuminate\\Pipeline\\{closure}(Object(Illuminate\\Http\\Request))
#74 /Users/aleksandr/projects/btf/vendor/laravel/framework/src/Illuminate/Pipeline/Pipeline.php(209): Illuminate\\Http\\Middleware\\TrustProxies->handle(Object(Illuminate\\Http\\Request), Object(Closure))
#75 /Users/aleksandr/projects/btf/vendor/laravel/framework/src/Illuminate/Pipeline/Pipeline.php(127): Illuminate\\Pipeline\\Pipeline->Illuminate\\Pipeline\\{closure}(Object(Illuminate\\Http\\Request))
#76 /Users/aleksandr/projects/btf/vendor/laravel/framework/src/Illuminate/Foundation/Http/Kernel.php(176): Illuminate\\Pipeline\\Pipeline->then(Object(Closure))
#77 /Users/aleksandr/projects/btf/vendor/laravel/framework/src/Illuminate/Foundation/Http/Kernel.php(145): Illuminate\\Foundation\\Http\\Kernel->sendRequestThroughRouter(Object(Illuminate\\Http\\Request))
#78 /Users/aleksandr/projects/btf/public/index.php(50): Illuminate\\Foundation\\Http\\Kernel->handle(Object(Illuminate\\Http\\Request))
#79 /Users/aleksandr/projects/btf/vendor/laravel/framework/src/Illuminate/Foundation/resources/server.php(23): require_once('/Users/aleksand...')
#80 {main}
"} 
[2025-05-04 08:26:38] production.ERROR: Translation file [/Users/aleksandr/projects/btf/lang/ru.json] contains an invalid JSON structure. {"view":{"view":"/Users/aleksandr/projects/btf/resources/views/backend/partials/navbar.blade.php","data":{"your_ip":"<pre class=sf-dump id=sf-dump-1616584978 data-indent-pad=\"  \">\"<span class=sf-dump-str title=\"13 characters\">192.168.0.102</span>\"
</pre><script>Sfdump(\"sf-dump-1616584978\", {\"maxDepth\":3,\"maxStringLength\":160})</script>
","your_location":"<pre class=sf-dump id=sf-dump-1625421139 data-indent-pad=\"  \">\"<span class=sf-dump-str title=\"19 characters\">Kaliningrad, Russia</span>\"
</pre><script>Sfdump(\"sf-dump-1625421139\", {\"maxDepth\":3,\"maxStringLength\":160})</script>
","errors":"<pre class=sf-dump id=sf-dump-1099240047 data-indent-pad=\"  \"><span class=sf-dump-note>Illuminate\\Support\\ViewErrorBag</span> {<a class=sf-dump-ref>#2011</a><samp data-depth=1 class=sf-dump-expanded>
  #<span class=sf-dump-protected title=\"Protected property\">bags</span>: []
</samp>}
</pre><script>Sfdump(\"sf-dump-1099240047\", {\"maxDepth\":3,\"maxStringLength\":160})</script>
","settings":"<pre class=sf-dump id=sf-dump-29776696 data-indent-pad=\"  \"><span class=sf-dump-note>array:13</span> [<samp data-depth=1 class=sf-dump-expanded>
  \"<span class=sf-dump-key>phone</span>\" => \"<span class=sf-dump-str title=\"12 characters\">+74012313143</span>\"
  \"<span class=sf-dump-key>address</span>\" => \"<span class=sf-dump-str title=\"46 characters\">&#1075;. &#1050;&#1072;&#1083;&#1080;&#1085;&#1080;&#1085;&#1075;&#1088;&#1072;&#1076;, &#1085;&#1072;&#1073;&#1077;&#1088;&#1077;&#1078;&#1085;&#1072;&#1103; &#1055;&#1088;&#1072;&#1074;&#1072;&#1103;, 10, &#1083;&#1080;&#1090;&#1077;&#1088; &#1042;</span>\"
  \"<span class=sf-dump-key>schedule</span>\" => \"<span class=sf-dump-str title=\"89 characters\">&#1055;&#1085;-&#1055;&#1090;: 09:00 - 18:00, &lt;br class=&quot;d-md-none&quot;&gt; &#1055;&#1077;&#1088;&#1077;&#1088;&#1099;&#1074;: 13:00 - 14:00 &lt;br&gt; &#1057;&#1073;, &#1042;&#1089;: &#1042;&#1099;&#1093;&#1086;&#1076;&#1085;&#1086;&#1081;</span>\"
  \"<span class=sf-dump-key>coords</span>\" => \"<span class=sf-dump-str title=\"19 characters\">54.947113,20.159578</span>\"
  \"<span class=sf-dump-key>sitename</span>\" => \"<span class=sf-dump-str title=\"27 characters\">&#1041;&#1072;&#1083;&#1090;&#1080;&#1081;&#1089;&#1082;&#1072;&#1103; &#1090;&#1072;&#1073;&#1072;&#1095;&#1085;&#1072;&#1103; &#1092;&#1072;&#1073;&#1088;&#1080;&#1082;&#1072;</span>\"
  \"<span class=sf-dump-key>email</span>\" => \"<span class=sf-dump-str title=\"20 characters\">sekretar-kd@btf39.su</span>\"
  \"<span class=sf-dump-key>phone2</span>\" => \"<span class=sf-dump-str title=\"12 characters\">+74012313143</span>\"
  \"<span class=sf-dump-key>mobile</span>\" => \"<span class=sf-dump-str title=\"12 characters\">+79114547331</span>\"
  \"<span class=sf-dump-key>brands_count</span>\" => \"<span class=sf-dump-str title=\"2 characters\">15</span>\"
  \"<span class=sf-dump-key>distributors_count</span>\" => \"<span class=sf-dump-str title=\"2 characters\">20</span>\"
  \"<span class=sf-dump-key>years_count</span>\" => \"<span class=sf-dump-str title=\"2 characters\">27</span>\"
  \"<span class=sf-dump-key>employees_count</span>\" => \"<span class=sf-dump-str title=\"3 characters\">245</span>\"
  \"<span class=sf-dump-key>test2</span>\" => \"<span class=sf-dump-str title=\"5 characters\">test2</span>\"
</samp>]
</pre><script>Sfdump(\"sf-dump-29776696\", {\"maxDepth\":3,\"maxStringLength\":160})</script>
","currencySymbol":"<pre class=sf-dump id=sf-dump-39764682 data-indent-pad=\"  \">\"<span class=sf-dump-str title=\"2 characters\">&#1088;.</span>\"
</pre><script>Sfdump(\"sf-dump-39764682\", {\"maxDepth\":3,\"maxStringLength\":160})</script>
","currencies":"<pre class=sf-dump id=sf-dump-686382137 data-indent-pad=\"  \"><span class=sf-dump-note>array:3</span> [<samp data-depth=1 class=sf-dump-expanded>
  \"<span class=sf-dump-key>RUB</span>\" => <span class=\"sf-dump-note sf-dump-ellipsization\" title=\"App\\Models\\Currency
\"><span class=\"sf-dump-ellipsis sf-dump-ellipsis-note\">App\\Models</span><span class=\"sf-dump-ellipsis sf-dump-ellipsis-note\">\\</span><span class=\"sf-dump-ellipsis-tail\">Currency</span></span> {<a class=sf-dump-ref>#2062</a><samp data-depth=2 class=sf-dump-compact>
    #<span class=sf-dump-protected title=\"Protected property\">connection</span>: \"<span class=sf-dump-str title=\"5 characters\">mysql</span>\"
    #<span class=sf-dump-protected title=\"Protected property\">table</span>: \"<span class=sf-dump-str title=\"10 characters\">currencies</span>\"
    #<span class=sf-dump-protected title=\"Protected property\">primaryKey</span>: \"<span class=sf-dump-str title=\"2 characters\">id</span>\"
    #<span class=sf-dump-protected title=\"Protected property\">keyType</span>: \"<span class=sf-dump-str title=\"3 characters\">int</span>\"
    +<span class=sf-dump-public title=\"Public property\">incrementing</span>: <span class=sf-dump-const>true</span>
    #<span class=sf-dump-protected title=\"Protected property\">with</span>: []
    #<span class=sf-dump-protected title=\"Protected property\">withCount</span>: []
    +<span class=sf-dump-public title=\"Public property\">preventsLazyLoading</span>: <span class=sf-dump-const>false</span>
    #<span class=sf-dump-protected title=\"Protected property\">perPage</span>: <span class=sf-dump-num>15</span>
    +<span class=sf-dump-public title=\"Public property\">exists</span>: <span class=sf-dump-const>true</span>
    +<span class=sf-dump-public title=\"Public property\">wasRecentlyCreated</span>: <span class=sf-dump-const>false</span>
    #<span class=sf-dump-protected title=\"Protected property\">escapeWhenCastingToString</span>: <span class=sf-dump-const>false</span>
    #<span class=sf-dump-protected title=\"Protected property\">attributes</span>: <span class=sf-dump-note>array:8</span> [<samp data-depth=3 class=sf-dump-compact>
      \"<span class=sf-dump-key>id</span>\" => <span class=sf-dump-num>1</span>
      \"<span class=sf-dump-key>code</span>\" => \"<span class=sf-dump-str title=\"3 characters\">RUB</span>\"
      \"<span class=sf-dump-key>name</span>\" => \"<span class=sf-dump-str title=\"5 characters\">&#1056;&#1091;&#1073;&#1083;&#1080;</span>\"
      \"<span class=sf-dump-key>symbol</span>\" => \"<span class=sf-dump-str>&#8381;</span>\"
      \"<span class=sf-dump-key>is_main</span>\" => <span class=sf-dump-num>1</span>
      \"<span class=sf-dump-key>rate</span>\" => <span class=sf-dump-num>1.0</span>
      \"<span class=sf-dump-key>created_at</span>\" => <span class=sf-dump-const>null</span>
      \"<span class=sf-dump-key>updated_at</span>\" => \"<span class=sf-dump-str title=\"19 characters\">2024-03-31 12:06:01</span>\"
    </samp>]
    #<span class=sf-dump-protected title=\"Protected property\">original</span>: <span class=sf-dump-note>array:8</span> [<samp data-depth=3 class=sf-dump-compact>
      \"<span class=sf-dump-key>id</span>\" => <span class=sf-dump-num>1</span>
      \"<span class=sf-dump-key>code</span>\" => \"<span class=sf-dump-str title=\"3 characters\">RUB</span>\"
      \"<span class=sf-dump-key>name</span>\" => \"<span class=sf-dump-str title=\"5 characters\">&#1056;&#1091;&#1073;&#1083;&#1080;</span>\"
      \"<span class=sf-dump-key>symbol</span>\" => \"<span class=sf-dump-str>&#8381;</span>\"
      \"<span class=sf-dump-key>is_main</span>\" => <span class=sf-dump-num>1</span>
      \"<span class=sf-dump-key>rate</span>\" => <span class=sf-dump-num>1.0</span>
      \"<span class=sf-dump-key>created_at</span>\" => <span class=sf-dump-const>null</span>
      \"<span class=sf-dump-key>updated_at</span>\" => \"<span class=sf-dump-str title=\"19 characters\">2024-03-31 12:06:01</span>\"
    </samp>]
    #<span class=sf-dump-protected title=\"Protected property\">changes</span>: []
    #<span class=sf-dump-protected title=\"Protected property\">casts</span>: []
    #<span class=sf-dump-protected title=\"Protected property\">classCastCache</span>: []
    #<span class=sf-dump-protected title=\"Protected property\">attributeCastCache</span>: []
    #<span class=sf-dump-protected title=\"Protected property\">dateFormat</span>: <span class=sf-dump-const>null</span>
    #<span class=sf-dump-protected title=\"Protected property\">appends</span>: []
    #<span class=sf-dump-protected title=\"Protected property\">dispatchesEvents</span>: []
    #<span class=sf-dump-protected title=\"Protected property\">observables</span>: []
    #<span class=sf-dump-protected title=\"Protected property\">relations</span>: []
    #<span class=sf-dump-protected title=\"Protected property\">touches</span>: []
    +<span class=sf-dump-public title=\"Public property\">timestamps</span>: <span class=sf-dump-const>true</span>
    +<span class=sf-dump-public title=\"Public property\">usesUniqueIds</span>: <span class=sf-dump-const>false</span>
    #<span class=sf-dump-protected title=\"Protected property\">hidden</span>: []
    #<span class=sf-dump-protected title=\"Protected property\">visible</span>: []
    #<span class=sf-dump-protected title=\"Protected property\">fillable</span>: <span class=sf-dump-note>array:1</span> [<samp data-depth=3 class=sf-dump-compact>
      <span class=sf-dump-index>0</span> => \"<span class=sf-dump-str title=\"4 characters\">rate</span>\"
    </samp>]
    #<span class=sf-dump-protected title=\"Protected property\">guarded</span>: <span class=sf-dump-note>array:1</span> [<samp data-depth=3 class=sf-dump-compact>
      <span class=sf-dump-index>0</span> => \"<span class=sf-dump-str>*</span>\"
    </samp>]
  </samp>}
  \"<span class=sf-dump-key>USD</span>\" => <span class=\"sf-dump-note sf-dump-ellipsization\" title=\"App\\Models\\Currency
\"><span class=\"sf-dump-ellipsis sf-dump-ellipsis-note\">App\\Models</span><span class=\"sf-dump-ellipsis sf-dump-ellipsis-note\">\\</span><span class=\"sf-dump-ellipsis-tail\">Currency</span></span> {<a class=sf-dump-ref>#2064</a><samp data-depth=2 class=sf-dump-compact>
    #<span class=sf-dump-protected title=\"Protected property\">connection</span>: \"<span class=sf-dump-str title=\"5 characters\">mysql</span>\"
    #<span class=sf-dump-protected title=\"Protected property\">table</span>: \"<span class=sf-dump-str title=\"10 characters\">currencies</span>\"
    #<span class=sf-dump-protected title=\"Protected property\">primaryKey</span>: \"<span class=sf-dump-str title=\"2 characters\">id</span>\"
    #<span class=sf-dump-protected title=\"Protected property\">keyType</span>: \"<span class=sf-dump-str title=\"3 characters\">int</span>\"
    +<span class=sf-dump-public title=\"Public property\">incrementing</span>: <span class=sf-dump-const>true</span>
    #<span class=sf-dump-protected title=\"Protected property\">with</span>: []
    #<span class=sf-dump-protected title=\"Protected property\">withCount</span>: []
    +<span class=sf-dump-public title=\"Public property\">preventsLazyLoading</span>: <span class=sf-dump-const>false</span>
    #<span class=sf-dump-protected title=\"Protected property\">perPage</span>: <span class=sf-dump-num>15</span>
    +<span class=sf-dump-public title=\"Public property\">exists</span>: <span class=sf-dump-const>true</span>
    +<span class=sf-dump-public title=\"Public property\">wasRecentlyCreated</span>: <span class=sf-dump-const>false</span>
    #<span class=sf-dump-protected title=\"Protected property\">escapeWhenCastingToString</span>: <span class=sf-dump-const>false</span>
    #<span class=sf-dump-protected title=\"Protected property\">attributes</span>: <span class=sf-dump-note>array:8</span> [<samp data-depth=3 class=sf-dump-compact>
      \"<span class=sf-dump-key>id</span>\" => <span class=sf-dump-num>2</span>
      \"<span class=sf-dump-key>code</span>\" => \"<span class=sf-dump-str title=\"3 characters\">USD</span>\"
      \"<span class=sf-dump-key>name</span>\" => \"<span class=sf-dump-str title=\"7 characters\">&#1044;&#1086;&#1083;&#1083;&#1072;&#1088;&#1099;</span>\"
      \"<span class=sf-dump-key>symbol</span>\" => \"<span class=sf-dump-str>$</span>\"
      \"<span class=sf-dump-key>is_main</span>\" => <span class=sf-dump-num>0</span>
      \"<span class=sf-dump-key>rate</span>\" => <span class=sf-dump-num>0.0108019931</span>
      \"<span class=sf-dump-key>created_at</span>\" => <span class=sf-dump-const>null</span>
      \"<span class=sf-dump-key>updated_at</span>\" => \"<span class=sf-dump-str title=\"19 characters\">2024-03-31 12:56:29</span>\"
    </samp>]
    #<span class=sf-dump-protected title=\"Protected property\">original</span>: <span class=sf-dump-note>array:8</span> [<samp data-depth=3 class=sf-dump-compact>
      \"<span class=sf-dump-key>id</span>\" => <span class=sf-dump-num>2</span>
      \"<span class=sf-dump-key>code</span>\" => \"<span class=sf-dump-str title=\"3 characters\">USD</span>\"
      \"<span class=sf-dump-key>name</span>\" => \"<span class=sf-dump-str title=\"7 characters\">&#1044;&#1086;&#1083;&#1083;&#1072;&#1088;&#1099;</span>\"
      \"<span class=sf-dump-key>symbol</span>\" => \"<span class=sf-dump-str>$</span>\"
      \"<span class=sf-dump-key>is_main</span>\" => <span class=sf-dump-num>0</span>
      \"<span class=sf-dump-key>rate</span>\" => <span class=sf-dump-num>0.0108019931</span>
      \"<span class=sf-dump-key>created_at</span>\" => <span class=sf-dump-const>null</span>
      \"<span class=sf-dump-key>updated_at</span>\" => \"<span class=sf-dump-str title=\"19 characters\">2024-03-31 12:56:29</span>\"
    </samp>]
    #<span class=sf-dump-protected title=\"Protected property\">changes</span>: []
    #<span class=sf-dump-protected title=\"Protected property\">casts</span>: []
    #<span class=sf-dump-protected title=\"Protected property\">classCastCache</span>: []
    #<span class=sf-dump-protected title=\"Protected property\">attributeCastCache</span>: []
    #<span class=sf-dump-protected title=\"Protected property\">dateFormat</span>: <span class=sf-dump-const>null</span>
    #<span class=sf-dump-protected title=\"Protected property\">appends</span>: []
    #<span class=sf-dump-protected title=\"Protected property\">dispatchesEvents</span>: []
    #<span class=sf-dump-protected title=\"Protected property\">observables</span>: []
    #<span class=sf-dump-protected title=\"Protected property\">relations</span>: []
    #<span class=sf-dump-protected title=\"Protected property\">touches</span>: []
    +<span class=sf-dump-public title=\"Public property\">timestamps</span>: <span class=sf-dump-const>true</span>
    +<span class=sf-dump-public title=\"Public property\">usesUniqueIds</span>: <span class=sf-dump-const>false</span>
    #<span class=sf-dump-protected title=\"Protected property\">hidden</span>: []
    #<span class=sf-dump-protected title=\"Protected property\">visible</span>: []
    #<span class=sf-dump-protected title=\"Protected property\">fillable</span>: <span class=sf-dump-note>array:1</span> [<samp data-depth=3 class=sf-dump-compact>
      <span class=sf-dump-index>0</span> => \"<span class=sf-dump-str title=\"4 characters\">rate</span>\"
    </samp>]
    #<span class=sf-dump-protected title=\"Protected property\">guarded</span>: <span class=sf-dump-note>array:1</span> [<samp data-depth=3 class=sf-dump-compact>
      <span class=sf-dump-index>0</span> => \"<span class=sf-dump-str>*</span>\"
    </samp>]
  </samp>}
  \"<span class=sf-dump-key>EUR</span>\" => <span class=\"sf-dump-note sf-dump-ellipsization\" title=\"App\\Models\\Currency
\"><span class=\"sf-dump-ellipsis sf-dump-ellipsis-note\">App\\Models</span><span class=\"sf-dump-ellipsis sf-dump-ellipsis-note\">\\</span><span class=\"sf-dump-ellipsis-tail\">Currency</span></span> {<a class=sf-dump-ref>#2098</a><samp data-depth=2 class=sf-dump-compact>
    #<span class=sf-dump-protected title=\"Protected property\">connection</span>: \"<span class=sf-dump-str title=\"5 characters\">mysql</span>\"
    #<span class=sf-dump-protected title=\"Protected property\">table</span>: \"<span class=sf-dump-str title=\"10 characters\">currencies</span>\"
    #<span class=sf-dump-protected title=\"Protected property\">primaryKey</span>: \"<span class=sf-dump-str title=\"2 characters\">id</span>\"
    #<span class=sf-dump-protected title=\"Protected property\">keyType</span>: \"<span class=sf-dump-str title=\"3 characters\">int</span>\"
    +<span class=sf-dump-public title=\"Public property\">incrementing</span>: <span class=sf-dump-const>true</span>
    #<span class=sf-dump-protected title=\"Protected property\">with</span>: []
    #<span class=sf-dump-protected title=\"Protected property\">withCount</span>: []
    +<span class=sf-dump-public title=\"Public property\">preventsLazyLoading</span>: <span class=sf-dump-const>false</span>
    #<span class=sf-dump-protected title=\"Protected property\">perPage</span>: <span class=sf-dump-num>15</span>
    +<span class=sf-dump-public title=\"Public property\">exists</span>: <span class=sf-dump-const>true</span>
    +<span class=sf-dump-public title=\"Public property\">wasRecentlyCreated</span>: <span class=sf-dump-const>false</span>
    #<span class=sf-dump-protected title=\"Protected property\">escapeWhenCastingToString</span>: <span class=sf-dump-const>false</span>
    #<span class=sf-dump-protected title=\"Protected property\">attributes</span>: <span class=sf-dump-note>array:8</span> [<samp data-depth=3 class=sf-dump-compact>
      \"<span class=sf-dump-key>id</span>\" => <span class=sf-dump-num>3</span>
      \"<span class=sf-dump-key>code</span>\" => \"<span class=sf-dump-str title=\"3 characters\">EUR</span>\"
      \"<span class=sf-dump-key>name</span>\" => \"<span class=sf-dump-str title=\"4 characters\">&#1045;&#1074;&#1088;&#1086;</span>\"
      \"<span class=sf-dump-key>symbol</span>\" => \"<span class=sf-dump-str>&#8364;</span>\"
      \"<span class=sf-dump-key>is_main</span>\" => <span class=sf-dump-num>0</span>
      \"<span class=sf-dump-key>rate</span>\" => <span class=sf-dump-num>0.0100045918</span>
      \"<span class=sf-dump-key>created_at</span>\" => <span class=sf-dump-const>null</span>
      \"<span class=sf-dump-key>updated_at</span>\" => \"<span class=sf-dump-str title=\"19 characters\">2024-03-31 12:56:29</span>\"
    </samp>]
    #<span class=sf-dump-protected title=\"Protected property\">original</span>: <span class=sf-dump-note>array:8</span> [<samp data-depth=3 class=sf-dump-compact>
      \"<span class=sf-dump-key>id</span>\" => <span class=sf-dump-num>3</span>
      \"<span class=sf-dump-key>code</span>\" => \"<span class=sf-dump-str title=\"3 characters\">EUR</span>\"
      \"<span class=sf-dump-key>name</span>\" => \"<span class=sf-dump-str title=\"4 characters\">&#1045;&#1074;&#1088;&#1086;</span>\"
      \"<span class=sf-dump-key>symbol</span>\" => \"<span class=sf-dump-str>&#8364;</span>\"
      \"<span class=sf-dump-key>is_main</span>\" => <span class=sf-dump-num>0</span>
      \"<span class=sf-dump-key>rate</span>\" => <span class=sf-dump-num>0.0100045918</span>
      \"<span class=sf-dump-key>created_at</span>\" => <span class=sf-dump-const>null</span>
      \"<span class=sf-dump-key>updated_at</span>\" => \"<span class=sf-dump-str title=\"19 characters\">2024-03-31 12:56:29</span>\"
    </samp>]
    #<span class=sf-dump-protected title=\"Protected property\">changes</span>: []
    #<span class=sf-dump-protected title=\"Protected property\">casts</span>: []
    #<span class=sf-dump-protected title=\"Protected property\">classCastCache</span>: []
    #<span class=sf-dump-protected title=\"Protected property\">attributeCastCache</span>: []
    #<span class=sf-dump-protected title=\"Protected property\">dateFormat</span>: <span class=sf-dump-const>null</span>
    #<span class=sf-dump-protected title=\"Protected property\">appends</span>: []
    #<span class=sf-dump-protected title=\"Protected property\">dispatchesEvents</span>: []
    #<span class=sf-dump-protected title=\"Protected property\">observables</span>: []
    #<span class=sf-dump-protected title=\"Protected property\">relations</span>: []
    #<span class=sf-dump-protected title=\"Protected property\">touches</span>: []
    +<span class=sf-dump-public title=\"Public property\">timestamps</span>: <span class=sf-dump-const>true</span>
    +<span class=sf-dump-public title=\"Public property\">usesUniqueIds</span>: <span class=sf-dump-const>false</span>
    #<span class=sf-dump-protected title=\"Protected property\">hidden</span>: []
    #<span class=sf-dump-protected title=\"Protected property\">visible</span>: []
    #<span class=sf-dump-protected title=\"Protected property\">fillable</span>: <span class=sf-dump-note>array:1</span> [<samp data-depth=3 class=sf-dump-compact>
      <span class=sf-dump-index>0</span> => \"<span class=sf-dump-str title=\"4 characters\">rate</span>\"
    </samp>]
    #<span class=sf-dump-protected title=\"Protected property\">guarded</span>: <span class=sf-dump-note>array:1</span> [<samp data-depth=3 class=sf-dump-compact>
      <span class=sf-dump-index>0</span> => \"<span class=sf-dump-str>*</span>\"
    </samp>]
  </samp>}
</samp>]
</pre><script>Sfdump(\"sf-dump-686382137\", {\"maxDepth\":3,\"maxStringLength\":160})</script>
"}},"userId":1,"exception":"[object] (Spatie\\LaravelIgnition\\Exceptions\\ViewException(code: 0): Translation file [/Users/aleksandr/projects/btf/lang/ru.json] contains an invalid JSON structure. at /Users/aleksandr/projects/btf/vendor/laravel/framework/src/Illuminate/Translation/FileLoader.php:153)
[stacktrace]
#0 /Users/aleksandr/projects/btf/vendor/laravel/framework/src/Illuminate/Collections/Traits/EnumeratesValues.php(822): Illuminate\\Translation\\FileLoader->Illuminate\\Translation\\{closure}(Array, '/Users/aleksand...', 1)
#1 /Users/aleksandr/projects/btf/vendor/laravel/framework/src/Illuminate/Translation/FileLoader.php(148): Illuminate\\Support\\Collection->reduce(Object(Closure), Array)
#2 /Users/aleksandr/projects/btf/vendor/laravel/framework/src/Illuminate/Translation/FileLoader.php(65): Illuminate\\Translation\\FileLoader->loadJsonPaths('ru')
#3 /Users/aleksandr/projects/btf/vendor/laravel/framework/src/Illuminate/Translation/Translator.php(335): Illuminate\\Translation\\FileLoader->load('ru', '*', '*')
#4 /Users/aleksandr/projects/btf/vendor/laravel/framework/src/Illuminate/Translation/Translator.php(157): Illuminate\\Translation\\Translator->load('*', '*', 'ru')
#5 /Users/aleksandr/projects/btf/vendor/laravel/framework/src/Illuminate/Foundation/helpers.php(965): Illuminate\\Translation\\Translator->get('admin.Dashboard', Array, 'ru')
#6 /Users/aleksandr/projects/btf/vendor/laravel/framework/src/Illuminate/Foundation/helpers.php(1000): trans('admin.Dashboard', Array, NULL)
#7 /Users/aleksandr/projects/btf/resources/views/backend/partials/navbar.blade.php(5): __('admin.Dashboard')
#8 /Users/aleksandr/projects/btf/vendor/laravel/framework/src/Illuminate/Filesystem/Filesystem.php(123): require('/Users/aleksand...')
#9 /Users/aleksandr/projects/btf/vendor/laravel/framework/src/Illuminate/Filesystem/Filesystem.php(124): Illuminate\\Filesystem\\Filesystem::Illuminate\\Filesystem\\{closure}()
#10 /Users/aleksandr/projects/btf/vendor/laravel/framework/src/Illuminate/View/Engines/PhpEngine.php(58): Illuminate\\Filesystem\\Filesystem->getRequire('/Users/aleksand...', Array)
#11 /Users/aleksandr/projects/btf/vendor/laravel/framework/src/Illuminate/View/Engines/CompilerEngine.php(75): Illuminate\\View\\Engines\\PhpEngine->evaluatePath('/Users/aleksand...', Array)
#12 /Users/aleksandr/projects/btf/vendor/laravel/framework/src/Illuminate/View/View.php(209): Illuminate\\View\\Engines\\CompilerEngine->get('/Users/aleksand...', Array)
#13 /Users/aleksandr/projects/btf/vendor/laravel/framework/src/Illuminate/View/View.php(192): Illuminate\\View\\View->getContents()
#14 /Users/aleksandr/projects/btf/vendor/laravel/framework/src/Illuminate/View/View.php(161): Illuminate\\View\\View->renderContents()
#15 /Users/aleksandr/projects/btf/resources/views/backend/app.blade.php(10): Illuminate\\View\\View->render()
#16 /Users/aleksandr/projects/btf/vendor/laravel/framework/src/Illuminate/Filesystem/Filesystem.php(123): require('/Users/aleksand...')
#17 /Users/aleksandr/projects/btf/vendor/laravel/framework/src/Illuminate/Filesystem/Filesystem.php(124): Illuminate\\Filesystem\\Filesystem::Illuminate\\Filesystem\\{closure}()
#18 /Users/aleksandr/projects/btf/vendor/laravel/framework/src/Illuminate/View/Engines/PhpEngine.php(58): Illuminate\\Filesystem\\Filesystem->getRequire('/Users/aleksand...', Array)
#19 /Users/aleksandr/projects/btf/vendor/laravel/framework/src/Illuminate/View/Engines/CompilerEngine.php(75): Illuminate\\View\\Engines\\PhpEngine->evaluatePath('/Users/aleksand...', Array)
#20 /Users/aleksandr/projects/btf/vendor/laravel/framework/src/Illuminate/View/View.php(209): Illuminate\\View\\Engines\\CompilerEngine->get('/Users/aleksand...', Array)
#21 /Users/aleksandr/projects/btf/vendor/laravel/framework/src/Illuminate/View/View.php(192): Illuminate\\View\\View->getContents()
#22 /Users/aleksandr/projects/btf/vendor/laravel/framework/src/Illuminate/View/View.php(161): Illuminate\\View\\View->renderContents()
#23 /Users/aleksandr/projects/btf/vendor/laravel/framework/src/Illuminate/Http/Response.php(79): Illuminate\\View\\View->render()
#24 /Users/aleksandr/projects/btf/vendor/laravel/framework/src/Illuminate/Http/Response.php(35): Illuminate\\Http\\Response->setContent(Object(Illuminate\\View\\View))
#25 /Users/aleksandr/projects/btf/vendor/laravel/framework/src/Illuminate/Routing/Router.php(920): Illuminate\\Http\\Response->__construct(Object(Illuminate\\View\\View), 200, Array)
#26 /Users/aleksandr/projects/btf/vendor/laravel/framework/src/Illuminate/Routing/Router.php(887): Illuminate\\Routing\\Router::toResponse(Object(Illuminate\\Http\\Request), Object(Illuminate\\View\\View))
#27 /Users/aleksandr/projects/btf/vendor/laravel/framework/src/Illuminate/Routing/Router.php(807): Illuminate\\Routing\\Router->prepareResponse(Object(Illuminate\\Http\\Request), Object(Illuminate\\View\\View))
#28 /Users/aleksandr/projects/btf/vendor/laravel/framework/src/Illuminate/Pipeline/Pipeline.php(170): Illuminate\\Routing\\Router->Illuminate\\Routing\\{closure}(Object(Illuminate\\Http\\Request))
#29 /Users/aleksandr/projects/btf/vendor/barryvdh/laravel-debugbar/src/Middleware/InjectDebugbar.php(66): Illuminate\\Pipeline\\Pipeline->Illuminate\\Pipeline\\{closure}(Object(Illuminate\\Http\\Request))
#30 /Users/aleksandr/projects/btf/vendor/laravel/framework/src/Illuminate/Pipeline/Pipeline.php(209): Barryvdh\\Debugbar\\Middleware\\InjectDebugbar->handle(Object(Illuminate\\Http\\Request), Object(Closure))
#31 /Users/aleksandr/projects/btf/app/Http/Middleware/UserActivity.php(20): Illuminate\\Pipeline\\Pipeline->Illuminate\\Pipeline\\{closure}(Object(Illuminate\\Http\\Request))
#32 /Users/aleksandr/projects/btf/vendor/laravel/framework/src/Illuminate/Pipeline/Pipeline.php(209): App\\Http\\Middleware\\UserActivity->handle(Object(Illuminate\\Http\\Request), Object(Closure))
#33 /Users/aleksandr/projects/btf/app/Http/Middleware/SetLocale.php(51): Illuminate\\Pipeline\\Pipeline->Illuminate\\Pipeline\\{closure}(Object(Illuminate\\Http\\Request))
#34 /Users/aleksandr/projects/btf/vendor/laravel/framework/src/Illuminate/Pipeline/Pipeline.php(209): App\\Http\\Middleware\\SetLocale->handle(Object(Illuminate\\Http\\Request), Object(Closure))
#35 /Users/aleksandr/projects/btf/vendor/erlandmuchasaj/laravel-gzip/src/Middleware/GzipEncodeResponse.php(19): Illuminate\\Pipeline\\Pipeline->Illuminate\\Pipeline\\{closure}(Object(Illuminate\\Http\\Request))
#36 /Users/aleksandr/projects/btf/vendor/laravel/framework/src/Illuminate/Pipeline/Pipeline.php(209): ErlandMuchasaj\\LaravelGzip\\Middleware\\GzipEncodeResponse->handle(Object(Illuminate\\Http\\Request), Object(Closure))
#37 /Users/aleksandr/projects/btf/vendor/laravel/framework/src/Illuminate/Routing/Middleware/SubstituteBindings.php(51): Illuminate\\Pipeline\\Pipeline->Illuminate\\Pipeline\\{closure}(Object(Illuminate\\Http\\Request))
#38 /Users/aleksandr/projects/btf/vendor/laravel/framework/src/Illuminate/Pipeline/Pipeline.php(209): Illuminate\\Routing\\Middleware\\SubstituteBindings->handle(Object(Illuminate\\Http\\Request), Object(Closure))
#39 /Users/aleksandr/projects/btf/vendor/laravel/framework/src/Illuminate/Auth/Middleware/Authenticate.php(64): Illuminate\\Pipeline\\Pipeline->Illuminate\\Pipeline\\{closure}(Object(Illuminate\\Http\\Request))
#40 /Users/aleksandr/projects/btf/vendor/laravel/framework/src/Illuminate/Pipeline/Pipeline.php(209): Illuminate\\Auth\\Middleware\\Authenticate->handle(Object(Illuminate\\Http\\Request), Object(Closure))
#41 /Users/aleksandr/projects/btf/vendor/laravel/framework/src/Illuminate/Foundation/Http/Middleware/VerifyCsrfToken.php(88): Illuminate\\Pipeline\\Pipeline->Illuminate\\Pipeline\\{closure}(Object(Illuminate\\Http\\Request))
#42 /Users/aleksandr/projects/btf/vendor/laravel/framework/src/Illuminate/Pipeline/Pipeline.php(209): Illuminate\\Foundation\\Http\\Middleware\\VerifyCsrfToken->handle(Object(Illuminate\\Http\\Request), Object(Closure))
#43 /Users/aleksandr/projects/btf/vendor/laravel/framework/src/Illuminate/View/Middleware/ShareErrorsFromSession.php(49): Illuminate\\Pipeline\\Pipeline->Illuminate\\Pipeline\\{closure}(Object(Illuminate\\Http\\Request))
#44 /Users/aleksandr/projects/btf/vendor/laravel/framework/src/Illuminate/Pipeline/Pipeline.php(209): Illuminate\\View\\Middleware\\ShareErrorsFromSession->handle(Object(Illuminate\\Http\\Request), Object(Closure))
#45 /Users/aleksandr/projects/btf/vendor/laravel/framework/src/Illuminate/Session/Middleware/StartSession.php(121): Illuminate\\Pipeline\\Pipeline->Illuminate\\Pipeline\\{closure}(Object(Illuminate\\Http\\Request))
#46 /Users/aleksandr/projects/btf/vendor/laravel/framework/src/Illuminate/Session/Middleware/StartSession.php(64): Illuminate\\Session\\Middleware\\StartSession->handleStatefulRequest(Object(Illuminate\\Http\\Request), Object(Illuminate\\Session\\Store), Object(Closure))
#47 /Users/aleksandr/projects/btf/vendor/laravel/framework/src/Illuminate/Pipeline/Pipeline.php(209): Illuminate\\Session\\Middleware\\StartSession->handle(Object(Illuminate\\Http\\Request), Object(Closure))
#48 /Users/aleksandr/projects/btf/vendor/laravel/framework/src/Illuminate/Cookie/Middleware/AddQueuedCookiesToResponse.php(37): Illuminate\\Pipeline\\Pipeline->Illuminate\\Pipeline\\{closure}(Object(Illuminate\\Http\\Request))
#49 /Users/aleksandr/projects/btf/vendor/laravel/framework/src/Illuminate/Pipeline/Pipeline.php(209): Illuminate\\Cookie\\Middleware\\AddQueuedCookiesToResponse->handle(Object(Illuminate\\Http\\Request), Object(Closure))
#50 /Users/aleksandr/projects/btf/vendor/laravel/framework/src/Illuminate/Cookie/Middleware/EncryptCookies.php(75): Illuminate\\Pipeline\\Pipeline->Illuminate\\Pipeline\\{closure}(Object(Illuminate\\Http\\Request))
#51 /Users/aleksandr/projects/btf/vendor/laravel/framework/src/Illuminate/Pipeline/Pipeline.php(209): Illuminate\\Cookie\\Middleware\\EncryptCookies->handle(Object(Illuminate\\Http\\Request), Object(Closure))
#52 /Users/aleksandr/projects/btf/vendor/laravel/framework/src/Illuminate/Pipeline/Pipeline.php(127): Illuminate\\Pipeline\\Pipeline->Illuminate\\Pipeline\\{closure}(Object(Illuminate\\Http\\Request))
#53 /Users/aleksandr/projects/btf/vendor/laravel/framework/src/Illuminate/Routing/Router.php(807): Illuminate\\Pipeline\\Pipeline->then(Object(Closure))
#54 /Users/aleksandr/projects/btf/vendor/laravel/framework/src/Illuminate/Routing/Router.php(786): Illuminate\\Routing\\Router->runRouteWithinStack(Object(Illuminate\\Routing\\Route), Object(Illuminate\\Http\\Request))
#55 /Users/aleksandr/projects/btf/vendor/laravel/framework/src/Illuminate/Routing/Router.php(750): Illuminate\\Routing\\Router->runRoute(Object(Illuminate\\Http\\Request), Object(Illuminate\\Routing\\Route))
#56 /Users/aleksandr/projects/btf/vendor/laravel/framework/src/Illuminate/Routing/Router.php(739): Illuminate\\Routing\\Router->dispatchToRoute(Object(Illuminate\\Http\\Request))
#57 /Users/aleksandr/projects/btf/vendor/laravel/framework/src/Illuminate/Foundation/Http/Kernel.php(201): Illuminate\\Routing\\Router->dispatch(Object(Illuminate\\Http\\Request))
#58 /Users/aleksandr/projects/btf/vendor/laravel/framework/src/Illuminate/Pipeline/Pipeline.php(170): Illuminate\\Foundation\\Http\\Kernel->Illuminate\\Foundation\\Http\\{closure}(Object(Illuminate\\Http\\Request))
#59 /Users/aleksandr/projects/btf/vendor/barryvdh/laravel-debugbar/src/Middleware/InjectDebugbar.php(66): Illuminate\\Pipeline\\Pipeline->Illuminate\\Pipeline\\{closure}(Object(Illuminate\\Http\\Request))
#60 /Users/aleksandr/projects/btf/vendor/laravel/framework/src/Illuminate/Pipeline/Pipeline.php(209): Barryvdh\\Debugbar\\Middleware\\InjectDebugbar->handle(Object(Illuminate\\Http\\Request), Object(Closure))
#61 /Users/aleksandr/projects/btf/vendor/laravel/framework/src/Illuminate/Foundation/Http/Middleware/TransformsRequest.php(21): Illuminate\\Pipeline\\Pipeline->Illuminate\\Pipeline\\{closure}(Object(Illuminate\\Http\\Request))
#62 /Users/aleksandr/projects/btf/vendor/laravel/framework/src/Illuminate/Foundation/Http/Middleware/ConvertEmptyStringsToNull.php(31): Illuminate\\Foundation\\Http\\Middleware\\TransformsRequest->handle(Object(Illuminate\\Http\\Request), Object(Closure))
#63 /Users/aleksandr/projects/btf/vendor/laravel/framework/src/Illuminate/Pipeline/Pipeline.php(209): Illuminate\\Foundation\\Http\\Middleware\\ConvertEmptyStringsToNull->handle(Object(Illuminate\\Http\\Request), Object(Closure))
#64 /Users/aleksandr/projects/btf/vendor/laravel/framework/src/Illuminate/Foundation/Http/Middleware/TransformsRequest.php(21): Illuminate\\Pipeline\\Pipeline->Illuminate\\Pipeline\\{closure}(Object(Illuminate\\Http\\Request))
#65 /Users/aleksandr/projects/btf/vendor/laravel/framework/src/Illuminate/Foundation/Http/Middleware/TrimStrings.php(51): Illuminate\\Foundation\\Http\\Middleware\\TransformsRequest->handle(Object(Illuminate\\Http\\Request), Object(Closure))
#66 /Users/aleksandr/projects/btf/vendor/laravel/framework/src/Illuminate/Pipeline/Pipeline.php(209): Illuminate\\Foundation\\Http\\Middleware\\TrimStrings->handle(Object(Illuminate\\Http\\Request), Object(Closure))
#67 /Users/aleksandr/projects/btf/vendor/laravel/framework/src/Illuminate/Http/Middleware/ValidatePostSize.php(27): Illuminate\\Pipeline\\Pipeline->Illuminate\\Pipeline\\{closure}(Object(Illuminate\\Http\\Request))
#68 /Users/aleksandr/projects/btf/vendor/laravel/framework/src/Illuminate/Pipeline/Pipeline.php(209): Illuminate\\Http\\Middleware\\ValidatePostSize->handle(Object(Illuminate\\Http\\Request), Object(Closure))
#69 /Users/aleksandr/projects/btf/vendor/laravel/framework/src/Illuminate/Foundation/Http/Middleware/PreventRequestsDuringMaintenance.php(110): Illuminate\\Pipeline\\Pipeline->Illuminate\\Pipeline\\{closure}(Object(Illuminate\\Http\\Request))
#70 /Users/aleksandr/projects/btf/vendor/laravel/framework/src/Illuminate/Pipeline/Pipeline.php(209): Illuminate\\Foundation\\Http\\Middleware\\PreventRequestsDuringMaintenance->handle(Object(Illuminate\\Http\\Request), Object(Closure))
#71 /Users/aleksandr/projects/btf/vendor/laravel/framework/src/Illuminate/Http/Middleware/HandleCors.php(49): Illuminate\\Pipeline\\Pipeline->Illuminate\\Pipeline\\{closure}(Object(Illuminate\\Http\\Request))
#72 /Users/aleksandr/projects/btf/vendor/laravel/framework/src/Illuminate/Pipeline/Pipeline.php(209): Illuminate\\Http\\Middleware\\HandleCors->handle(Object(Illuminate\\Http\\Request), Object(Closure))
#73 /Users/aleksandr/projects/btf/vendor/laravel/framework/src/Illuminate/Http/Middleware/TrustProxies.php(58): Illuminate\\Pipeline\\Pipeline->Illuminate\\Pipeline\\{closure}(Object(Illuminate\\Http\\Request))
#74 /Users/aleksandr/projects/btf/vendor/laravel/framework/src/Illuminate/Pipeline/Pipeline.php(209): Illuminate\\Http\\Middleware\\TrustProxies->handle(Object(Illuminate\\Http\\Request), Object(Closure))
#75 /Users/aleksandr/projects/btf/vendor/laravel/framework/src/Illuminate/Pipeline/Pipeline.php(127): Illuminate\\Pipeline\\Pipeline->Illuminate\\Pipeline\\{closure}(Object(Illuminate\\Http\\Request))
#76 /Users/aleksandr/projects/btf/vendor/laravel/framework/src/Illuminate/Foundation/Http/Kernel.php(176): Illuminate\\Pipeline\\Pipeline->then(Object(Closure))
#77 /Users/aleksandr/projects/btf/vendor/laravel/framework/src/Illuminate/Foundation/Http/Kernel.php(145): Illuminate\\Foundation\\Http\\Kernel->sendRequestThroughRouter(Object(Illuminate\\Http\\Request))
#78 /Users/aleksandr/projects/btf/public/index.php(50): Illuminate\\Foundation\\Http\\Kernel->handle(Object(Illuminate\\Http\\Request))
#79 /Users/aleksandr/projects/btf/vendor/laravel/framework/src/Illuminate/Foundation/resources/server.php(23): require_once('/Users/aleksand...')
#80 {main}

[previous exception] [object] (RuntimeException(code: 0): Translation file [/Users/aleksandr/projects/btf/lang/ru.json] contains an invalid JSON structure. at /Users/aleksandr/projects/btf/vendor/laravel/framework/src/Illuminate/Translation/FileLoader.php:153)
[stacktrace]
#0 /Users/aleksandr/projects/btf/vendor/laravel/framework/src/Illuminate/Collections/Traits/EnumeratesValues.php(822): Illuminate\\Translation\\FileLoader->Illuminate\\Translation\\{closure}(Array, '/Users/aleksand...', 1)
#1 /Users/aleksandr/projects/btf/vendor/laravel/framework/src/Illuminate/Translation/FileLoader.php(148): Illuminate\\Support\\Collection->reduce(Object(Closure), Array)
#2 /Users/aleksandr/projects/btf/vendor/laravel/framework/src/Illuminate/Translation/FileLoader.php(65): Illuminate\\Translation\\FileLoader->loadJsonPaths('ru')
#3 /Users/aleksandr/projects/btf/vendor/laravel/framework/src/Illuminate/Translation/Translator.php(335): Illuminate\\Translation\\FileLoader->load('ru', '*', '*')
#4 /Users/aleksandr/projects/btf/vendor/laravel/framework/src/Illuminate/Translation/Translator.php(157): Illuminate\\Translation\\Translator->load('*', '*', 'ru')
#5 /Users/aleksandr/projects/btf/vendor/laravel/framework/src/Illuminate/Foundation/helpers.php(965): Illuminate\\Translation\\Translator->get('admin.Dashboard', Array, 'ru')
#6 /Users/aleksandr/projects/btf/vendor/laravel/framework/src/Illuminate/Foundation/helpers.php(1000): trans('admin.Dashboard', Array, NULL)
#7 /Users/aleksandr/projects/btf/storage/framework/views/31370125c42d70647b2da912d400819b.php(13): __('admin.Dashboard')
#8 /Users/aleksandr/projects/btf/vendor/laravel/framework/src/Illuminate/Filesystem/Filesystem.php(123): require('/Users/aleksand...')
#9 /Users/aleksandr/projects/btf/vendor/laravel/framework/src/Illuminate/Filesystem/Filesystem.php(124): Illuminate\\Filesystem\\Filesystem::Illuminate\\Filesystem\\{closure}()
#10 /Users/aleksandr/projects/btf/vendor/laravel/framework/src/Illuminate/View/Engines/PhpEngine.php(58): Illuminate\\Filesystem\\Filesystem->getRequire('/Users/aleksand...', Array)
#11 /Users/aleksandr/projects/btf/vendor/laravel/framework/src/Illuminate/View/Engines/CompilerEngine.php(75): Illuminate\\View\\Engines\\PhpEngine->evaluatePath('/Users/aleksand...', Array)
#12 /Users/aleksandr/projects/btf/vendor/laravel/framework/src/Illuminate/View/View.php(209): Illuminate\\View\\Engines\\CompilerEngine->get('/Users/aleksand...', Array)
#13 /Users/aleksandr/projects/btf/vendor/laravel/framework/src/Illuminate/View/View.php(192): Illuminate\\View\\View->getContents()
#14 /Users/aleksandr/projects/btf/vendor/laravel/framework/src/Illuminate/View/View.php(161): Illuminate\\View\\View->renderContents()
#15 /Users/aleksandr/projects/btf/storage/framework/views/764c61709ea29d27eb928f0088b73eec.php(8): Illuminate\\View\\View->render()
#16 /Users/aleksandr/projects/btf/vendor/laravel/framework/src/Illuminate/Filesystem/Filesystem.php(123): require('/Users/aleksand...')
#17 /Users/aleksandr/projects/btf/vendor/laravel/framework/src/Illuminate/Filesystem/Filesystem.php(124): Illuminate\\Filesystem\\Filesystem::Illuminate\\Filesystem\\{closure}()
#18 /Users/aleksandr/projects/btf/vendor/laravel/framework/src/Illuminate/View/Engines/PhpEngine.php(58): Illuminate\\Filesystem\\Filesystem->getRequire('/Users/aleksand...', Array)
#19 /Users/aleksandr/projects/btf/vendor/laravel/framework/src/Illuminate/View/Engines/CompilerEngine.php(75): Illuminate\\View\\Engines\\PhpEngine->evaluatePath('/Users/aleksand...', Array)
#20 /Users/aleksandr/projects/btf/vendor/laravel/framework/src/Illuminate/View/View.php(209): Illuminate\\View\\Engines\\CompilerEngine->get('/Users/aleksand...', Array)
#21 /Users/aleksandr/projects/btf/vendor/laravel/framework/src/Illuminate/View/View.php(192): Illuminate\\View\\View->getContents()
#22 /Users/aleksandr/projects/btf/vendor/laravel/framework/src/Illuminate/View/View.php(161): Illuminate\\View\\View->renderContents()
#23 /Users/aleksandr/projects/btf/vendor/laravel/framework/src/Illuminate/Http/Response.php(79): Illuminate\\View\\View->render()
#24 /Users/aleksandr/projects/btf/vendor/laravel/framework/src/Illuminate/Http/Response.php(35): Illuminate\\Http\\Response->setContent(Object(Illuminate\\View\\View))
#25 /Users/aleksandr/projects/btf/vendor/laravel/framework/src/Illuminate/Routing/Router.php(920): Illuminate\\Http\\Response->__construct(Object(Illuminate\\View\\View), 200, Array)
#26 /Users/aleksandr/projects/btf/vendor/laravel/framework/src/Illuminate/Routing/Router.php(887): Illuminate\\Routing\\Router::toResponse(Object(Illuminate\\Http\\Request), Object(Illuminate\\View\\View))
#27 /Users/aleksandr/projects/btf/vendor/laravel/framework/src/Illuminate/Routing/Router.php(807): Illuminate\\Routing\\Router->prepareResponse(Object(Illuminate\\Http\\Request), Object(Illuminate\\View\\View))
#28 /Users/aleksandr/projects/btf/vendor/laravel/framework/src/Illuminate/Pipeline/Pipeline.php(170): Illuminate\\Routing\\Router->Illuminate\\Routing\\{closure}(Object(Illuminate\\Http\\Request))
#29 /Users/aleksandr/projects/btf/vendor/barryvdh/laravel-debugbar/src/Middleware/InjectDebugbar.php(66): Illuminate\\Pipeline\\Pipeline->Illuminate\\Pipeline\\{closure}(Object(Illuminate\\Http\\Request))
#30 /Users/aleksandr/projects/btf/vendor/laravel/framework/src/Illuminate/Pipeline/Pipeline.php(209): Barryvdh\\Debugbar\\Middleware\\InjectDebugbar->handle(Object(Illuminate\\Http\\Request), Object(Closure))
#31 /Users/aleksandr/projects/btf/app/Http/Middleware/UserActivity.php(20): Illuminate\\Pipeline\\Pipeline->Illuminate\\Pipeline\\{closure}(Object(Illuminate\\Http\\Request))
#32 /Users/aleksandr/projects/btf/vendor/laravel/framework/src/Illuminate/Pipeline/Pipeline.php(209): App\\Http\\Middleware\\UserActivity->handle(Object(Illuminate\\Http\\Request), Object(Closure))
#33 /Users/aleksandr/projects/btf/app/Http/Middleware/SetLocale.php(51): Illuminate\\Pipeline\\Pipeline->Illuminate\\Pipeline\\{closure}(Object(Illuminate\\Http\\Request))
#34 /Users/aleksandr/projects/btf/vendor/laravel/framework/src/Illuminate/Pipeline/Pipeline.php(209): App\\Http\\Middleware\\SetLocale->handle(Object(Illuminate\\Http\\Request), Object(Closure))
#35 /Users/aleksandr/projects/btf/vendor/erlandmuchasaj/laravel-gzip/src/Middleware/GzipEncodeResponse.php(19): Illuminate\\Pipeline\\Pipeline->Illuminate\\Pipeline\\{closure}(Object(Illuminate\\Http\\Request))
#36 /Users/aleksandr/projects/btf/vendor/laravel/framework/src/Illuminate/Pipeline/Pipeline.php(209): ErlandMuchasaj\\LaravelGzip\\Middleware\\GzipEncodeResponse->handle(Object(Illuminate\\Http\\Request), Object(Closure))
#37 /Users/aleksandr/projects/btf/vendor/laravel/framework/src/Illuminate/Routing/Middleware/SubstituteBindings.php(51): Illuminate\\Pipeline\\Pipeline->Illuminate\\Pipeline\\{closure}(Object(Illuminate\\Http\\Request))
#38 /Users/aleksandr/projects/btf/vendor/laravel/framework/src/Illuminate/Pipeline/Pipeline.php(209): Illuminate\\Routing\\Middleware\\SubstituteBindings->handle(Object(Illuminate\\Http\\Request), Object(Closure))
#39 /Users/aleksandr/projects/btf/vendor/laravel/framework/src/Illuminate/Auth/Middleware/Authenticate.php(64): Illuminate\\Pipeline\\Pipeline->Illuminate\\Pipeline\\{closure}(Object(Illuminate\\Http\\Request))
#40 /Users/aleksandr/projects/btf/vendor/laravel/framework/src/Illuminate/Pipeline/Pipeline.php(209): Illuminate\\Auth\\Middleware\\Authenticate->handle(Object(Illuminate\\Http\\Request), Object(Closure))
#41 /Users/aleksandr/projects/btf/vendor/laravel/framework/src/Illuminate/Foundation/Http/Middleware/VerifyCsrfToken.php(88): Illuminate\\Pipeline\\Pipeline->Illuminate\\Pipeline\\{closure}(Object(Illuminate\\Http\\Request))
#42 /Users/aleksandr/projects/btf/vendor/laravel/framework/src/Illuminate/Pipeline/Pipeline.php(209): Illuminate\\Foundation\\Http\\Middleware\\VerifyCsrfToken->handle(Object(Illuminate\\Http\\Request), Object(Closure))
#43 /Users/aleksandr/projects/btf/vendor/laravel/framework/src/Illuminate/View/Middleware/ShareErrorsFromSession.php(49): Illuminate\\Pipeline\\Pipeline->Illuminate\\Pipeline\\{closure}(Object(Illuminate\\Http\\Request))
#44 /Users/aleksandr/projects/btf/vendor/laravel/framework/src/Illuminate/Pipeline/Pipeline.php(209): Illuminate\\View\\Middleware\\ShareErrorsFromSession->handle(Object(Illuminate\\Http\\Request), Object(Closure))
#45 /Users/aleksandr/projects/btf/vendor/laravel/framework/src/Illuminate/Session/Middleware/StartSession.php(121): Illuminate\\Pipeline\\Pipeline->Illuminate\\Pipeline\\{closure}(Object(Illuminate\\Http\\Request))
#46 /Users/aleksandr/projects/btf/vendor/laravel/framework/src/Illuminate/Session/Middleware/StartSession.php(64): Illuminate\\Session\\Middleware\\StartSession->handleStatefulRequest(Object(Illuminate\\Http\\Request), Object(Illuminate\\Session\\Store), Object(Closure))
#47 /Users/aleksandr/projects/btf/vendor/laravel/framework/src/Illuminate/Pipeline/Pipeline.php(209): Illuminate\\Session\\Middleware\\StartSession->handle(Object(Illuminate\\Http\\Request), Object(Closure))
#48 /Users/aleksandr/projects/btf/vendor/laravel/framework/src/Illuminate/Cookie/Middleware/AddQueuedCookiesToResponse.php(37): Illuminate\\Pipeline\\Pipeline->Illuminate\\Pipeline\\{closure}(Object(Illuminate\\Http\\Request))
#49 /Users/aleksandr/projects/btf/vendor/laravel/framework/src/Illuminate/Pipeline/Pipeline.php(209): Illuminate\\Cookie\\Middleware\\AddQueuedCookiesToResponse->handle(Object(Illuminate\\Http\\Request), Object(Closure))
#50 /Users/aleksandr/projects/btf/vendor/laravel/framework/src/Illuminate/Cookie/Middleware/EncryptCookies.php(75): Illuminate\\Pipeline\\Pipeline->Illuminate\\Pipeline\\{closure}(Object(Illuminate\\Http\\Request))
#51 /Users/aleksandr/projects/btf/vendor/laravel/framework/src/Illuminate/Pipeline/Pipeline.php(209): Illuminate\\Cookie\\Middleware\\EncryptCookies->handle(Object(Illuminate\\Http\\Request), Object(Closure))
#52 /Users/aleksandr/projects/btf/vendor/laravel/framework/src/Illuminate/Pipeline/Pipeline.php(127): Illuminate\\Pipeline\\Pipeline->Illuminate\\Pipeline\\{closure}(Object(Illuminate\\Http\\Request))
#53 /Users/aleksandr/projects/btf/vendor/laravel/framework/src/Illuminate/Routing/Router.php(807): Illuminate\\Pipeline\\Pipeline->then(Object(Closure))
#54 /Users/aleksandr/projects/btf/vendor/laravel/framework/src/Illuminate/Routing/Router.php(786): Illuminate\\Routing\\Router->runRouteWithinStack(Object(Illuminate\\Routing\\Route), Object(Illuminate\\Http\\Request))
#55 /Users/aleksandr/projects/btf/vendor/laravel/framework/src/Illuminate/Routing/Router.php(750): Illuminate\\Routing\\Router->runRoute(Object(Illuminate\\Http\\Request), Object(Illuminate\\Routing\\Route))
#56 /Users/aleksandr/projects/btf/vendor/laravel/framework/src/Illuminate/Routing/Router.php(739): Illuminate\\Routing\\Router->dispatchToRoute(Object(Illuminate\\Http\\Request))
#57 /Users/aleksandr/projects/btf/vendor/laravel/framework/src/Illuminate/Foundation/Http/Kernel.php(201): Illuminate\\Routing\\Router->dispatch(Object(Illuminate\\Http\\Request))
#58 /Users/aleksandr/projects/btf/vendor/laravel/framework/src/Illuminate/Pipeline/Pipeline.php(170): Illuminate\\Foundation\\Http\\Kernel->Illuminate\\Foundation\\Http\\{closure}(Object(Illuminate\\Http\\Request))
#59 /Users/aleksandr/projects/btf/vendor/barryvdh/laravel-debugbar/src/Middleware/InjectDebugbar.php(66): Illuminate\\Pipeline\\Pipeline->Illuminate\\Pipeline\\{closure}(Object(Illuminate\\Http\\Request))
#60 /Users/aleksandr/projects/btf/vendor/laravel/framework/src/Illuminate/Pipeline/Pipeline.php(209): Barryvdh\\Debugbar\\Middleware\\InjectDebugbar->handle(Object(Illuminate\\Http\\Request), Object(Closure))
#61 /Users/aleksandr/projects/btf/vendor/laravel/framework/src/Illuminate/Foundation/Http/Middleware/TransformsRequest.php(21): Illuminate\\Pipeline\\Pipeline->Illuminate\\Pipeline\\{closure}(Object(Illuminate\\Http\\Request))
#62 /Users/aleksandr/projects/btf/vendor/laravel/framework/src/Illuminate/Foundation/Http/Middleware/ConvertEmptyStringsToNull.php(31): Illuminate\\Foundation\\Http\\Middleware\\TransformsRequest->handle(Object(Illuminate\\Http\\Request), Object(Closure))
#63 /Users/aleksandr/projects/btf/vendor/laravel/framework/src/Illuminate/Pipeline/Pipeline.php(209): Illuminate\\Foundation\\Http\\Middleware\\ConvertEmptyStringsToNull->handle(Object(Illuminate\\Http\\Request), Object(Closure))
#64 /Users/aleksandr/projects/btf/vendor/laravel/framework/src/Illuminate/Foundation/Http/Middleware/TransformsRequest.php(21): Illuminate\\Pipeline\\Pipeline->Illuminate\\Pipeline\\{closure}(Object(Illuminate\\Http\\Request))
#65 /Users/aleksandr/projects/btf/vendor/laravel/framework/src/Illuminate/Foundation/Http/Middleware/TrimStrings.php(51): Illuminate\\Foundation\\Http\\Middleware\\TransformsRequest->handle(Object(Illuminate\\Http\\Request), Object(Closure))
#66 /Users/aleksandr/projects/btf/vendor/laravel/framework/src/Illuminate/Pipeline/Pipeline.php(209): Illuminate\\Foundation\\Http\\Middleware\\TrimStrings->handle(Object(Illuminate\\Http\\Request), Object(Closure))
#67 /Users/aleksandr/projects/btf/vendor/laravel/framework/src/Illuminate/Http/Middleware/ValidatePostSize.php(27): Illuminate\\Pipeline\\Pipeline->Illuminate\\Pipeline\\{closure}(Object(Illuminate\\Http\\Request))
#68 /Users/aleksandr/projects/btf/vendor/laravel/framework/src/Illuminate/Pipeline/Pipeline.php(209): Illuminate\\Http\\Middleware\\ValidatePostSize->handle(Object(Illuminate\\Http\\Request), Object(Closure))
#69 /Users/aleksandr/projects/btf/vendor/laravel/framework/src/Illuminate/Foundation/Http/Middleware/PreventRequestsDuringMaintenance.php(110): Illuminate\\Pipeline\\Pipeline->Illuminate\\Pipeline\\{closure}(Object(Illuminate\\Http\\Request))
#70 /Users/aleksandr/projects/btf/vendor/laravel/framework/src/Illuminate/Pipeline/Pipeline.php(209): Illuminate\\Foundation\\Http\\Middleware\\PreventRequestsDuringMaintenance->handle(Object(Illuminate\\Http\\Request), Object(Closure))
#71 /Users/aleksandr/projects/btf/vendor/laravel/framework/src/Illuminate/Http/Middleware/HandleCors.php(49): Illuminate\\Pipeline\\Pipeline->Illuminate\\Pipeline\\{closure}(Object(Illuminate\\Http\\Request))
#72 /Users/aleksandr/projects/btf/vendor/laravel/framework/src/Illuminate/Pipeline/Pipeline.php(209): Illuminate\\Http\\Middleware\\HandleCors->handle(Object(Illuminate\\Http\\Request), Object(Closure))
#73 /Users/aleksandr/projects/btf/vendor/laravel/framework/src/Illuminate/Http/Middleware/TrustProxies.php(58): Illuminate\\Pipeline\\Pipeline->Illuminate\\Pipeline\\{closure}(Object(Illuminate\\Http\\Request))
#74 /Users/aleksandr/projects/btf/vendor/laravel/framework/src/Illuminate/Pipeline/Pipeline.php(209): Illuminate\\Http\\Middleware\\TrustProxies->handle(Object(Illuminate\\Http\\Request), Object(Closure))
#75 /Users/aleksandr/projects/btf/vendor/laravel/framework/src/Illuminate/Pipeline/Pipeline.php(127): Illuminate\\Pipeline\\Pipeline->Illuminate\\Pipeline\\{closure}(Object(Illuminate\\Http\\Request))
#76 /Users/aleksandr/projects/btf/vendor/laravel/framework/src/Illuminate/Foundation/Http/Kernel.php(176): Illuminate\\Pipeline\\Pipeline->then(Object(Closure))
#77 /Users/aleksandr/projects/btf/vendor/laravel/framework/src/Illuminate/Foundation/Http/Kernel.php(145): Illuminate\\Foundation\\Http\\Kernel->sendRequestThroughRouter(Object(Illuminate\\Http\\Request))
#78 /Users/aleksandr/projects/btf/public/index.php(50): Illuminate\\Foundation\\Http\\Kernel->handle(Object(Illuminate\\Http\\Request))
#79 /Users/aleksandr/projects/btf/vendor/laravel/framework/src/Illuminate/Foundation/resources/server.php(23): require_once('/Users/aleksand...')
#80 {main}
"} 
[2025-05-04 08:26:43] production.ERROR: Uncaught RuntimeException: Translation file [/Users/aleksandr/projects/btf/lang/ru.json] contains an invalid JSON structure. in /Users/aleksandr/projects/btf/vendor/laravel/framework/src/Illuminate/Translation/FileLoader.php:153
Stack trace:
#0 /Users/aleksandr/projects/btf/vendor/laravel/framework/src/Illuminate/Collections/Traits/EnumeratesValues.php(822): Illuminate\Translation\FileLoader->Illuminate\Translation\{closure}(Array, '/Users/aleksand...', 1)
#1 /Users/aleksandr/projects/btf/vendor/laravel/framework/src/Illuminate/Translation/FileLoader.php(148): Illuminate\Support\Collection->reduce(Object(Closure), Array)
#2 /Users/aleksandr/projects/btf/vendor/laravel/framework/src/Illuminate/Translation/FileLoader.php(65): Illuminate\Translation\FileLoader->loadJsonPaths('ru')
#3 /Users/aleksandr/projects/btf/vendor/laravel/framework/src/Illuminate/Translation/Translator.php(335): Illuminate\Translation\FileLoader->load('ru', '*', '*')
#4 /Users/aleksandr/projects/btf/vendor/laravel/framework/src/Illuminate/Translation/Translator.php(157): Illuminate\Translation\Translator->load('*', '*', 'ru')
#5 /Users/aleksandr/projects/btf/vendor/laravel/framework/src/Illuminate/Foundation/helpers.php(965): Illuminate\Translation\Translator->get('admin', Array, 'ru')
#6 /Users/aleksandr/projects/btf/vendor/laravel/framework/src/Illuminate/Foundation/helpers.php(1000): trans('admin', Array, NULL)
#7 Command line code(1): __('admin')
#8 {main}
  thrown {"exception":"[object] (Symfony\\Component\\ErrorHandler\\Error\\FatalError(code: 0): Uncaught RuntimeException: Translation file [/Users/aleksandr/projects/btf/lang/ru.json] contains an invalid JSON structure. in /Users/aleksandr/projects/btf/vendor/laravel/framework/src/Illuminate/Translation/FileLoader.php:153
Stack trace:
#0 /Users/aleksandr/projects/btf/vendor/laravel/framework/src/Illuminate/Collections/Traits/EnumeratesValues.php(822): Illuminate\\Translation\\FileLoader->Illuminate\\Translation\\{closure}(Array, '/Users/aleksand...', 1)
#1 /Users/aleksandr/projects/btf/vendor/laravel/framework/src/Illuminate/Translation/FileLoader.php(148): Illuminate\\Support\\Collection->reduce(Object(Closure), Array)
#2 /Users/aleksandr/projects/btf/vendor/laravel/framework/src/Illuminate/Translation/FileLoader.php(65): Illuminate\\Translation\\FileLoader->loadJsonPaths('ru')
#3 /Users/aleksandr/projects/btf/vendor/laravel/framework/src/Illuminate/Translation/Translator.php(335): Illuminate\\Translation\\FileLoader->load('ru', '*', '*')
#4 /Users/aleksandr/projects/btf/vendor/laravel/framework/src/Illuminate/Translation/Translator.php(157): Illuminate\\Translation\\Translator->load('*', '*', 'ru')
#5 /Users/aleksandr/projects/btf/vendor/laravel/framework/src/Illuminate/Foundation/helpers.php(965): Illuminate\\Translation\\Translator->get('admin', Array, 'ru')
#6 /Users/aleksandr/projects/btf/vendor/laravel/framework/src/Illuminate/Foundation/helpers.php(1000): trans('admin', Array, NULL)
#7 Command line code(1): __('admin')
#8 {main}
  thrown at /Users/aleksandr/projects/btf/vendor/laravel/framework/src/Illuminate/Translation/FileLoader.php:153)
[stacktrace]
#0 {main}
"} 
[2025-05-04 08:26:59] production.ERROR: Translation file [/Users/aleksandr/projects/btf/lang/ru.json] contains an invalid JSON structure. {"view":{"view":"/Users/aleksandr/projects/btf/resources/views/backend/partials/navbar.blade.php","data":{"your_ip":"<pre class=sf-dump id=sf-dump-1148770483 data-indent-pad=\"  \">\"<span class=sf-dump-str title=\"13 characters\">192.168.0.102</span>\"
</pre><script>Sfdump(\"sf-dump-1148770483\", {\"maxDepth\":3,\"maxStringLength\":160})</script>
","your_location":"<pre class=sf-dump id=sf-dump-1220662127 data-indent-pad=\"  \">\"<span class=sf-dump-str title=\"19 characters\">Kaliningrad, Russia</span>\"
</pre><script>Sfdump(\"sf-dump-1220662127\", {\"maxDepth\":3,\"maxStringLength\":160})</script>
","errors":"<pre class=sf-dump id=sf-dump-952450526 data-indent-pad=\"  \"><span class=sf-dump-note>Illuminate\\Support\\ViewErrorBag</span> {<a class=sf-dump-ref>#2011</a><samp data-depth=1 class=sf-dump-expanded>
  #<span class=sf-dump-protected title=\"Protected property\">bags</span>: []
</samp>}
</pre><script>Sfdump(\"sf-dump-952450526\", {\"maxDepth\":3,\"maxStringLength\":160})</script>
","settings":"<pre class=sf-dump id=sf-dump-612965235 data-indent-pad=\"  \"><span class=sf-dump-note>array:13</span> [<samp data-depth=1 class=sf-dump-expanded>
  \"<span class=sf-dump-key>phone</span>\" => \"<span class=sf-dump-str title=\"12 characters\">+74012313143</span>\"
  \"<span class=sf-dump-key>address</span>\" => \"<span class=sf-dump-str title=\"46 characters\">&#1075;. &#1050;&#1072;&#1083;&#1080;&#1085;&#1080;&#1085;&#1075;&#1088;&#1072;&#1076;, &#1085;&#1072;&#1073;&#1077;&#1088;&#1077;&#1078;&#1085;&#1072;&#1103; &#1055;&#1088;&#1072;&#1074;&#1072;&#1103;, 10, &#1083;&#1080;&#1090;&#1077;&#1088; &#1042;</span>\"
  \"<span class=sf-dump-key>schedule</span>\" => \"<span class=sf-dump-str title=\"89 characters\">&#1055;&#1085;-&#1055;&#1090;: 09:00 - 18:00, &lt;br class=&quot;d-md-none&quot;&gt; &#1055;&#1077;&#1088;&#1077;&#1088;&#1099;&#1074;: 13:00 - 14:00 &lt;br&gt; &#1057;&#1073;, &#1042;&#1089;: &#1042;&#1099;&#1093;&#1086;&#1076;&#1085;&#1086;&#1081;</span>\"
  \"<span class=sf-dump-key>coords</span>\" => \"<span class=sf-dump-str title=\"19 characters\">54.947113,20.159578</span>\"
  \"<span class=sf-dump-key>sitename</span>\" => \"<span class=sf-dump-str title=\"27 characters\">&#1041;&#1072;&#1083;&#1090;&#1080;&#1081;&#1089;&#1082;&#1072;&#1103; &#1090;&#1072;&#1073;&#1072;&#1095;&#1085;&#1072;&#1103; &#1092;&#1072;&#1073;&#1088;&#1080;&#1082;&#1072;</span>\"
  \"<span class=sf-dump-key>email</span>\" => \"<span class=sf-dump-str title=\"20 characters\">sekretar-kd@btf39.su</span>\"
  \"<span class=sf-dump-key>phone2</span>\" => \"<span class=sf-dump-str title=\"12 characters\">+74012313143</span>\"
  \"<span class=sf-dump-key>mobile</span>\" => \"<span class=sf-dump-str title=\"12 characters\">+79114547331</span>\"
  \"<span class=sf-dump-key>brands_count</span>\" => \"<span class=sf-dump-str title=\"2 characters\">15</span>\"
  \"<span class=sf-dump-key>distributors_count</span>\" => \"<span class=sf-dump-str title=\"2 characters\">20</span>\"
  \"<span class=sf-dump-key>years_count</span>\" => \"<span class=sf-dump-str title=\"2 characters\">27</span>\"
  \"<span class=sf-dump-key>employees_count</span>\" => \"<span class=sf-dump-str title=\"3 characters\">245</span>\"
  \"<span class=sf-dump-key>test2</span>\" => \"<span class=sf-dump-str title=\"5 characters\">test2</span>\"
</samp>]
</pre><script>Sfdump(\"sf-dump-612965235\", {\"maxDepth\":3,\"maxStringLength\":160})</script>
","currencySymbol":"<pre class=sf-dump id=sf-dump-1320492426 data-indent-pad=\"  \">\"<span class=sf-dump-str title=\"2 characters\">&#1088;.</span>\"
</pre><script>Sfdump(\"sf-dump-1320492426\", {\"maxDepth\":3,\"maxStringLength\":160})</script>
","currencies":"<pre class=sf-dump id=sf-dump-899323015 data-indent-pad=\"  \"><span class=sf-dump-note>array:3</span> [<samp data-depth=1 class=sf-dump-expanded>
  \"<span class=sf-dump-key>RUB</span>\" => <span class=\"sf-dump-note sf-dump-ellipsization\" title=\"App\\Models\\Currency
\"><span class=\"sf-dump-ellipsis sf-dump-ellipsis-note\">App\\Models</span><span class=\"sf-dump-ellipsis sf-dump-ellipsis-note\">\\</span><span class=\"sf-dump-ellipsis-tail\">Currency</span></span> {<a class=sf-dump-ref>#2062</a><samp data-depth=2 class=sf-dump-compact>
    #<span class=sf-dump-protected title=\"Protected property\">connection</span>: \"<span class=sf-dump-str title=\"5 characters\">mysql</span>\"
    #<span class=sf-dump-protected title=\"Protected property\">table</span>: \"<span class=sf-dump-str title=\"10 characters\">currencies</span>\"
    #<span class=sf-dump-protected title=\"Protected property\">primaryKey</span>: \"<span class=sf-dump-str title=\"2 characters\">id</span>\"
    #<span class=sf-dump-protected title=\"Protected property\">keyType</span>: \"<span class=sf-dump-str title=\"3 characters\">int</span>\"
    +<span class=sf-dump-public title=\"Public property\">incrementing</span>: <span class=sf-dump-const>true</span>
    #<span class=sf-dump-protected title=\"Protected property\">with</span>: []
    #<span class=sf-dump-protected title=\"Protected property\">withCount</span>: []
    +<span class=sf-dump-public title=\"Public property\">preventsLazyLoading</span>: <span class=sf-dump-const>false</span>
    #<span class=sf-dump-protected title=\"Protected property\">perPage</span>: <span class=sf-dump-num>15</span>
    +<span class=sf-dump-public title=\"Public property\">exists</span>: <span class=sf-dump-const>true</span>
    +<span class=sf-dump-public title=\"Public property\">wasRecentlyCreated</span>: <span class=sf-dump-const>false</span>
    #<span class=sf-dump-protected title=\"Protected property\">escapeWhenCastingToString</span>: <span class=sf-dump-const>false</span>
    #<span class=sf-dump-protected title=\"Protected property\">attributes</span>: <span class=sf-dump-note>array:8</span> [<samp data-depth=3 class=sf-dump-compact>
      \"<span class=sf-dump-key>id</span>\" => <span class=sf-dump-num>1</span>
      \"<span class=sf-dump-key>code</span>\" => \"<span class=sf-dump-str title=\"3 characters\">RUB</span>\"
      \"<span class=sf-dump-key>name</span>\" => \"<span class=sf-dump-str title=\"5 characters\">&#1056;&#1091;&#1073;&#1083;&#1080;</span>\"
      \"<span class=sf-dump-key>symbol</span>\" => \"<span class=sf-dump-str>&#8381;</span>\"
      \"<span class=sf-dump-key>is_main</span>\" => <span class=sf-dump-num>1</span>
      \"<span class=sf-dump-key>rate</span>\" => <span class=sf-dump-num>1.0</span>
      \"<span class=sf-dump-key>created_at</span>\" => <span class=sf-dump-const>null</span>
      \"<span class=sf-dump-key>updated_at</span>\" => \"<span class=sf-dump-str title=\"19 characters\">2024-03-31 12:06:01</span>\"
    </samp>]
    #<span class=sf-dump-protected title=\"Protected property\">original</span>: <span class=sf-dump-note>array:8</span> [<samp data-depth=3 class=sf-dump-compact>
      \"<span class=sf-dump-key>id</span>\" => <span class=sf-dump-num>1</span>
      \"<span class=sf-dump-key>code</span>\" => \"<span class=sf-dump-str title=\"3 characters\">RUB</span>\"
      \"<span class=sf-dump-key>name</span>\" => \"<span class=sf-dump-str title=\"5 characters\">&#1056;&#1091;&#1073;&#1083;&#1080;</span>\"
      \"<span class=sf-dump-key>symbol</span>\" => \"<span class=sf-dump-str>&#8381;</span>\"
      \"<span class=sf-dump-key>is_main</span>\" => <span class=sf-dump-num>1</span>
      \"<span class=sf-dump-key>rate</span>\" => <span class=sf-dump-num>1.0</span>
      \"<span class=sf-dump-key>created_at</span>\" => <span class=sf-dump-const>null</span>
      \"<span class=sf-dump-key>updated_at</span>\" => \"<span class=sf-dump-str title=\"19 characters\">2024-03-31 12:06:01</span>\"
    </samp>]
    #<span class=sf-dump-protected title=\"Protected property\">changes</span>: []
    #<span class=sf-dump-protected title=\"Protected property\">casts</span>: []
    #<span class=sf-dump-protected title=\"Protected property\">classCastCache</span>: []
    #<span class=sf-dump-protected title=\"Protected property\">attributeCastCache</span>: []
    #<span class=sf-dump-protected title=\"Protected property\">dateFormat</span>: <span class=sf-dump-const>null</span>
    #<span class=sf-dump-protected title=\"Protected property\">appends</span>: []
    #<span class=sf-dump-protected title=\"Protected property\">dispatchesEvents</span>: []
    #<span class=sf-dump-protected title=\"Protected property\">observables</span>: []
    #<span class=sf-dump-protected title=\"Protected property\">relations</span>: []
    #<span class=sf-dump-protected title=\"Protected property\">touches</span>: []
    +<span class=sf-dump-public title=\"Public property\">timestamps</span>: <span class=sf-dump-const>true</span>
    +<span class=sf-dump-public title=\"Public property\">usesUniqueIds</span>: <span class=sf-dump-const>false</span>
    #<span class=sf-dump-protected title=\"Protected property\">hidden</span>: []
    #<span class=sf-dump-protected title=\"Protected property\">visible</span>: []
    #<span class=sf-dump-protected title=\"Protected property\">fillable</span>: <span class=sf-dump-note>array:1</span> [<samp data-depth=3 class=sf-dump-compact>
      <span class=sf-dump-index>0</span> => \"<span class=sf-dump-str title=\"4 characters\">rate</span>\"
    </samp>]
    #<span class=sf-dump-protected title=\"Protected property\">guarded</span>: <span class=sf-dump-note>array:1</span> [<samp data-depth=3 class=sf-dump-compact>
      <span class=sf-dump-index>0</span> => \"<span class=sf-dump-str>*</span>\"
    </samp>]
  </samp>}
  \"<span class=sf-dump-key>USD</span>\" => <span class=\"sf-dump-note sf-dump-ellipsization\" title=\"App\\Models\\Currency
\"><span class=\"sf-dump-ellipsis sf-dump-ellipsis-note\">App\\Models</span><span class=\"sf-dump-ellipsis sf-dump-ellipsis-note\">\\</span><span class=\"sf-dump-ellipsis-tail\">Currency</span></span> {<a class=sf-dump-ref>#2064</a><samp data-depth=2 class=sf-dump-compact>
    #<span class=sf-dump-protected title=\"Protected property\">connection</span>: \"<span class=sf-dump-str title=\"5 characters\">mysql</span>\"
    #<span class=sf-dump-protected title=\"Protected property\">table</span>: \"<span class=sf-dump-str title=\"10 characters\">currencies</span>\"
    #<span class=sf-dump-protected title=\"Protected property\">primaryKey</span>: \"<span class=sf-dump-str title=\"2 characters\">id</span>\"
    #<span class=sf-dump-protected title=\"Protected property\">keyType</span>: \"<span class=sf-dump-str title=\"3 characters\">int</span>\"
    +<span class=sf-dump-public title=\"Public property\">incrementing</span>: <span class=sf-dump-const>true</span>
    #<span class=sf-dump-protected title=\"Protected property\">with</span>: []
    #<span class=sf-dump-protected title=\"Protected property\">withCount</span>: []
    +<span class=sf-dump-public title=\"Public property\">preventsLazyLoading</span>: <span class=sf-dump-const>false</span>
    #<span class=sf-dump-protected title=\"Protected property\">perPage</span>: <span class=sf-dump-num>15</span>
    +<span class=sf-dump-public title=\"Public property\">exists</span>: <span class=sf-dump-const>true</span>
    +<span class=sf-dump-public title=\"Public property\">wasRecentlyCreated</span>: <span class=sf-dump-const>false</span>
    #<span class=sf-dump-protected title=\"Protected property\">escapeWhenCastingToString</span>: <span class=sf-dump-const>false</span>
    #<span class=sf-dump-protected title=\"Protected property\">attributes</span>: <span class=sf-dump-note>array:8</span> [<samp data-depth=3 class=sf-dump-compact>
      \"<span class=sf-dump-key>id</span>\" => <span class=sf-dump-num>2</span>
      \"<span class=sf-dump-key>code</span>\" => \"<span class=sf-dump-str title=\"3 characters\">USD</span>\"
      \"<span class=sf-dump-key>name</span>\" => \"<span class=sf-dump-str title=\"7 characters\">&#1044;&#1086;&#1083;&#1083;&#1072;&#1088;&#1099;</span>\"
      \"<span class=sf-dump-key>symbol</span>\" => \"<span class=sf-dump-str>$</span>\"
      \"<span class=sf-dump-key>is_main</span>\" => <span class=sf-dump-num>0</span>
      \"<span class=sf-dump-key>rate</span>\" => <span class=sf-dump-num>0.0108019931</span>
      \"<span class=sf-dump-key>created_at</span>\" => <span class=sf-dump-const>null</span>
      \"<span class=sf-dump-key>updated_at</span>\" => \"<span class=sf-dump-str title=\"19 characters\">2024-03-31 12:56:29</span>\"
    </samp>]
    #<span class=sf-dump-protected title=\"Protected property\">original</span>: <span class=sf-dump-note>array:8</span> [<samp data-depth=3 class=sf-dump-compact>
      \"<span class=sf-dump-key>id</span>\" => <span class=sf-dump-num>2</span>
      \"<span class=sf-dump-key>code</span>\" => \"<span class=sf-dump-str title=\"3 characters\">USD</span>\"
      \"<span class=sf-dump-key>name</span>\" => \"<span class=sf-dump-str title=\"7 characters\">&#1044;&#1086;&#1083;&#1083;&#1072;&#1088;&#1099;</span>\"
      \"<span class=sf-dump-key>symbol</span>\" => \"<span class=sf-dump-str>$</span>\"
      \"<span class=sf-dump-key>is_main</span>\" => <span class=sf-dump-num>0</span>
      \"<span class=sf-dump-key>rate</span>\" => <span class=sf-dump-num>0.0108019931</span>
      \"<span class=sf-dump-key>created_at</span>\" => <span class=sf-dump-const>null</span>
      \"<span class=sf-dump-key>updated_at</span>\" => \"<span class=sf-dump-str title=\"19 characters\">2024-03-31 12:56:29</span>\"
    </samp>]
    #<span class=sf-dump-protected title=\"Protected property\">changes</span>: []
    #<span class=sf-dump-protected title=\"Protected property\">casts</span>: []
    #<span class=sf-dump-protected title=\"Protected property\">classCastCache</span>: []
    #<span class=sf-dump-protected title=\"Protected property\">attributeCastCache</span>: []
    #<span class=sf-dump-protected title=\"Protected property\">dateFormat</span>: <span class=sf-dump-const>null</span>
    #<span class=sf-dump-protected title=\"Protected property\">appends</span>: []
    #<span class=sf-dump-protected title=\"Protected property\">dispatchesEvents</span>: []
    #<span class=sf-dump-protected title=\"Protected property\">observables</span>: []
    #<span class=sf-dump-protected title=\"Protected property\">relations</span>: []
    #<span class=sf-dump-protected title=\"Protected property\">touches</span>: []
    +<span class=sf-dump-public title=\"Public property\">timestamps</span>: <span class=sf-dump-const>true</span>
    +<span class=sf-dump-public title=\"Public property\">usesUniqueIds</span>: <span class=sf-dump-const>false</span>
    #<span class=sf-dump-protected title=\"Protected property\">hidden</span>: []
    #<span class=sf-dump-protected title=\"Protected property\">visible</span>: []
    #<span class=sf-dump-protected title=\"Protected property\">fillable</span>: <span class=sf-dump-note>array:1</span> [<samp data-depth=3 class=sf-dump-compact>
      <span class=sf-dump-index>0</span> => \"<span class=sf-dump-str title=\"4 characters\">rate</span>\"
    </samp>]
    #<span class=sf-dump-protected title=\"Protected property\">guarded</span>: <span class=sf-dump-note>array:1</span> [<samp data-depth=3 class=sf-dump-compact>
      <span class=sf-dump-index>0</span> => \"<span class=sf-dump-str>*</span>\"
    </samp>]
  </samp>}
  \"<span class=sf-dump-key>EUR</span>\" => <span class=\"sf-dump-note sf-dump-ellipsization\" title=\"App\\Models\\Currency
\"><span class=\"sf-dump-ellipsis sf-dump-ellipsis-note\">App\\Models</span><span class=\"sf-dump-ellipsis sf-dump-ellipsis-note\">\\</span><span class=\"sf-dump-ellipsis-tail\">Currency</span></span> {<a class=sf-dump-ref>#2098</a><samp data-depth=2 class=sf-dump-compact>
    #<span class=sf-dump-protected title=\"Protected property\">connection</span>: \"<span class=sf-dump-str title=\"5 characters\">mysql</span>\"
    #<span class=sf-dump-protected title=\"Protected property\">table</span>: \"<span class=sf-dump-str title=\"10 characters\">currencies</span>\"
    #<span class=sf-dump-protected title=\"Protected property\">primaryKey</span>: \"<span class=sf-dump-str title=\"2 characters\">id</span>\"
    #<span class=sf-dump-protected title=\"Protected property\">keyType</span>: \"<span class=sf-dump-str title=\"3 characters\">int</span>\"
    +<span class=sf-dump-public title=\"Public property\">incrementing</span>: <span class=sf-dump-const>true</span>
    #<span class=sf-dump-protected title=\"Protected property\">with</span>: []
    #<span class=sf-dump-protected title=\"Protected property\">withCount</span>: []
    +<span class=sf-dump-public title=\"Public property\">preventsLazyLoading</span>: <span class=sf-dump-const>false</span>
    #<span class=sf-dump-protected title=\"Protected property\">perPage</span>: <span class=sf-dump-num>15</span>
    +<span class=sf-dump-public title=\"Public property\">exists</span>: <span class=sf-dump-const>true</span>
    +<span class=sf-dump-public title=\"Public property\">wasRecentlyCreated</span>: <span class=sf-dump-const>false</span>
    #<span class=sf-dump-protected title=\"Protected property\">escapeWhenCastingToString</span>: <span class=sf-dump-const>false</span>
    #<span class=sf-dump-protected title=\"Protected property\">attributes</span>: <span class=sf-dump-note>array:8</span> [<samp data-depth=3 class=sf-dump-compact>
      \"<span class=sf-dump-key>id</span>\" => <span class=sf-dump-num>3</span>
      \"<span class=sf-dump-key>code</span>\" => \"<span class=sf-dump-str title=\"3 characters\">EUR</span>\"
      \"<span class=sf-dump-key>name</span>\" => \"<span class=sf-dump-str title=\"4 characters\">&#1045;&#1074;&#1088;&#1086;</span>\"
      \"<span class=sf-dump-key>symbol</span>\" => \"<span class=sf-dump-str>&#8364;</span>\"
      \"<span class=sf-dump-key>is_main</span>\" => <span class=sf-dump-num>0</span>
      \"<span class=sf-dump-key>rate</span>\" => <span class=sf-dump-num>0.0100045918</span>
      \"<span class=sf-dump-key>created_at</span>\" => <span class=sf-dump-const>null</span>
      \"<span class=sf-dump-key>updated_at</span>\" => \"<span class=sf-dump-str title=\"19 characters\">2024-03-31 12:56:29</span>\"
    </samp>]
    #<span class=sf-dump-protected title=\"Protected property\">original</span>: <span class=sf-dump-note>array:8</span> [<samp data-depth=3 class=sf-dump-compact>
      \"<span class=sf-dump-key>id</span>\" => <span class=sf-dump-num>3</span>
      \"<span class=sf-dump-key>code</span>\" => \"<span class=sf-dump-str title=\"3 characters\">EUR</span>\"
      \"<span class=sf-dump-key>name</span>\" => \"<span class=sf-dump-str title=\"4 characters\">&#1045;&#1074;&#1088;&#1086;</span>\"
      \"<span class=sf-dump-key>symbol</span>\" => \"<span class=sf-dump-str>&#8364;</span>\"
      \"<span class=sf-dump-key>is_main</span>\" => <span class=sf-dump-num>0</span>
      \"<span class=sf-dump-key>rate</span>\" => <span class=sf-dump-num>0.0100045918</span>
      \"<span class=sf-dump-key>created_at</span>\" => <span class=sf-dump-const>null</span>
      \"<span class=sf-dump-key>updated_at</span>\" => \"<span class=sf-dump-str title=\"19 characters\">2024-03-31 12:56:29</span>\"
    </samp>]
    #<span class=sf-dump-protected title=\"Protected property\">changes</span>: []
    #<span class=sf-dump-protected title=\"Protected property\">casts</span>: []
    #<span class=sf-dump-protected title=\"Protected property\">classCastCache</span>: []
    #<span class=sf-dump-protected title=\"Protected property\">attributeCastCache</span>: []
    #<span class=sf-dump-protected title=\"Protected property\">dateFormat</span>: <span class=sf-dump-const>null</span>
    #<span class=sf-dump-protected title=\"Protected property\">appends</span>: []
    #<span class=sf-dump-protected title=\"Protected property\">dispatchesEvents</span>: []
    #<span class=sf-dump-protected title=\"Protected property\">observables</span>: []
    #<span class=sf-dump-protected title=\"Protected property\">relations</span>: []
    #<span class=sf-dump-protected title=\"Protected property\">touches</span>: []
    +<span class=sf-dump-public title=\"Public property\">timestamps</span>: <span class=sf-dump-const>true</span>
    +<span class=sf-dump-public title=\"Public property\">usesUniqueIds</span>: <span class=sf-dump-const>false</span>
    #<span class=sf-dump-protected title=\"Protected property\">hidden</span>: []
    #<span class=sf-dump-protected title=\"Protected property\">visible</span>: []
    #<span class=sf-dump-protected title=\"Protected property\">fillable</span>: <span class=sf-dump-note>array:1</span> [<samp data-depth=3 class=sf-dump-compact>
      <span class=sf-dump-index>0</span> => \"<span class=sf-dump-str title=\"4 characters\">rate</span>\"
    </samp>]
    #<span class=sf-dump-protected title=\"Protected property\">guarded</span>: <span class=sf-dump-note>array:1</span> [<samp data-depth=3 class=sf-dump-compact>
      <span class=sf-dump-index>0</span> => \"<span class=sf-dump-str>*</span>\"
    </samp>]
  </samp>}
</samp>]
</pre><script>Sfdump(\"sf-dump-899323015\", {\"maxDepth\":3,\"maxStringLength\":160})</script>
"}},"userId":1,"exception":"[object] (Spatie\\LaravelIgnition\\Exceptions\\ViewException(code: 0): Translation file [/Users/aleksandr/projects/btf/lang/ru.json] contains an invalid JSON structure. at /Users/aleksandr/projects/btf/vendor/laravel/framework/src/Illuminate/Translation/FileLoader.php:153)
[stacktrace]
#0 /Users/aleksandr/projects/btf/vendor/laravel/framework/src/Illuminate/Collections/Traits/EnumeratesValues.php(822): Illuminate\\Translation\\FileLoader->Illuminate\\Translation\\{closure}(Array, '/Users/aleksand...', 1)
#1 /Users/aleksandr/projects/btf/vendor/laravel/framework/src/Illuminate/Translation/FileLoader.php(148): Illuminate\\Support\\Collection->reduce(Object(Closure), Array)
#2 /Users/aleksandr/projects/btf/vendor/laravel/framework/src/Illuminate/Translation/FileLoader.php(65): Illuminate\\Translation\\FileLoader->loadJsonPaths('ru')
#3 /Users/aleksandr/projects/btf/vendor/laravel/framework/src/Illuminate/Translation/Translator.php(335): Illuminate\\Translation\\FileLoader->load('ru', '*', '*')
#4 /Users/aleksandr/projects/btf/vendor/laravel/framework/src/Illuminate/Translation/Translator.php(157): Illuminate\\Translation\\Translator->load('*', '*', 'ru')
#5 /Users/aleksandr/projects/btf/vendor/laravel/framework/src/Illuminate/Foundation/helpers.php(965): Illuminate\\Translation\\Translator->get('admin.Dashboard', Array, 'ru')
#6 /Users/aleksandr/projects/btf/vendor/laravel/framework/src/Illuminate/Foundation/helpers.php(1000): trans('admin.Dashboard', Array, NULL)
#7 /Users/aleksandr/projects/btf/resources/views/backend/partials/navbar.blade.php(5): __('admin.Dashboard')
#8 /Users/aleksandr/projects/btf/vendor/laravel/framework/src/Illuminate/Filesystem/Filesystem.php(123): require('/Users/aleksand...')
#9 /Users/aleksandr/projects/btf/vendor/laravel/framework/src/Illuminate/Filesystem/Filesystem.php(124): Illuminate\\Filesystem\\Filesystem::Illuminate\\Filesystem\\{closure}()
#10 /Users/aleksandr/projects/btf/vendor/laravel/framework/src/Illuminate/View/Engines/PhpEngine.php(58): Illuminate\\Filesystem\\Filesystem->getRequire('/Users/aleksand...', Array)
#11 /Users/aleksandr/projects/btf/vendor/laravel/framework/src/Illuminate/View/Engines/CompilerEngine.php(75): Illuminate\\View\\Engines\\PhpEngine->evaluatePath('/Users/aleksand...', Array)
#12 /Users/aleksandr/projects/btf/vendor/laravel/framework/src/Illuminate/View/View.php(209): Illuminate\\View\\Engines\\CompilerEngine->get('/Users/aleksand...', Array)
#13 /Users/aleksandr/projects/btf/vendor/laravel/framework/src/Illuminate/View/View.php(192): Illuminate\\View\\View->getContents()
#14 /Users/aleksandr/projects/btf/vendor/laravel/framework/src/Illuminate/View/View.php(161): Illuminate\\View\\View->renderContents()
#15 /Users/aleksandr/projects/btf/resources/views/backend/app.blade.php(10): Illuminate\\View\\View->render()
#16 /Users/aleksandr/projects/btf/vendor/laravel/framework/src/Illuminate/Filesystem/Filesystem.php(123): require('/Users/aleksand...')
#17 /Users/aleksandr/projects/btf/vendor/laravel/framework/src/Illuminate/Filesystem/Filesystem.php(124): Illuminate\\Filesystem\\Filesystem::Illuminate\\Filesystem\\{closure}()
#18 /Users/aleksandr/projects/btf/vendor/laravel/framework/src/Illuminate/View/Engines/PhpEngine.php(58): Illuminate\\Filesystem\\Filesystem->getRequire('/Users/aleksand...', Array)
#19 /Users/aleksandr/projects/btf/vendor/laravel/framework/src/Illuminate/View/Engines/CompilerEngine.php(75): Illuminate\\View\\Engines\\PhpEngine->evaluatePath('/Users/aleksand...', Array)
#20 /Users/aleksandr/projects/btf/vendor/laravel/framework/src/Illuminate/View/View.php(209): Illuminate\\View\\Engines\\CompilerEngine->get('/Users/aleksand...', Array)
#21 /Users/aleksandr/projects/btf/vendor/laravel/framework/src/Illuminate/View/View.php(192): Illuminate\\View\\View->getContents()
#22 /Users/aleksandr/projects/btf/vendor/laravel/framework/src/Illuminate/View/View.php(161): Illuminate\\View\\View->renderContents()
#23 /Users/aleksandr/projects/btf/vendor/laravel/framework/src/Illuminate/Http/Response.php(79): Illuminate\\View\\View->render()
#24 /Users/aleksandr/projects/btf/vendor/laravel/framework/src/Illuminate/Http/Response.php(35): Illuminate\\Http\\Response->setContent(Object(Illuminate\\View\\View))
#25 /Users/aleksandr/projects/btf/vendor/laravel/framework/src/Illuminate/Routing/Router.php(920): Illuminate\\Http\\Response->__construct(Object(Illuminate\\View\\View), 200, Array)
#26 /Users/aleksandr/projects/btf/vendor/laravel/framework/src/Illuminate/Routing/Router.php(887): Illuminate\\Routing\\Router::toResponse(Object(Illuminate\\Http\\Request), Object(Illuminate\\View\\View))
#27 /Users/aleksandr/projects/btf/vendor/laravel/framework/src/Illuminate/Routing/Router.php(807): Illuminate\\Routing\\Router->prepareResponse(Object(Illuminate\\Http\\Request), Object(Illuminate\\View\\View))
#28 /Users/aleksandr/projects/btf/vendor/laravel/framework/src/Illuminate/Pipeline/Pipeline.php(170): Illuminate\\Routing\\Router->Illuminate\\Routing\\{closure}(Object(Illuminate\\Http\\Request))
#29 /Users/aleksandr/projects/btf/vendor/barryvdh/laravel-debugbar/src/Middleware/InjectDebugbar.php(66): Illuminate\\Pipeline\\Pipeline->Illuminate\\Pipeline\\{closure}(Object(Illuminate\\Http\\Request))
#30 /Users/aleksandr/projects/btf/vendor/laravel/framework/src/Illuminate/Pipeline/Pipeline.php(209): Barryvdh\\Debugbar\\Middleware\\InjectDebugbar->handle(Object(Illuminate\\Http\\Request), Object(Closure))
#31 /Users/aleksandr/projects/btf/app/Http/Middleware/UserActivity.php(20): Illuminate\\Pipeline\\Pipeline->Illuminate\\Pipeline\\{closure}(Object(Illuminate\\Http\\Request))
#32 /Users/aleksandr/projects/btf/vendor/laravel/framework/src/Illuminate/Pipeline/Pipeline.php(209): App\\Http\\Middleware\\UserActivity->handle(Object(Illuminate\\Http\\Request), Object(Closure))
#33 /Users/aleksandr/projects/btf/app/Http/Middleware/SetLocale.php(51): Illuminate\\Pipeline\\Pipeline->Illuminate\\Pipeline\\{closure}(Object(Illuminate\\Http\\Request))
#34 /Users/aleksandr/projects/btf/vendor/laravel/framework/src/Illuminate/Pipeline/Pipeline.php(209): App\\Http\\Middleware\\SetLocale->handle(Object(Illuminate\\Http\\Request), Object(Closure))
#35 /Users/aleksandr/projects/btf/vendor/erlandmuchasaj/laravel-gzip/src/Middleware/GzipEncodeResponse.php(19): Illuminate\\Pipeline\\Pipeline->Illuminate\\Pipeline\\{closure}(Object(Illuminate\\Http\\Request))
#36 /Users/aleksandr/projects/btf/vendor/laravel/framework/src/Illuminate/Pipeline/Pipeline.php(209): ErlandMuchasaj\\LaravelGzip\\Middleware\\GzipEncodeResponse->handle(Object(Illuminate\\Http\\Request), Object(Closure))
#37 /Users/aleksandr/projects/btf/vendor/laravel/framework/src/Illuminate/Routing/Middleware/SubstituteBindings.php(51): Illuminate\\Pipeline\\Pipeline->Illuminate\\Pipeline\\{closure}(Object(Illuminate\\Http\\Request))
#38 /Users/aleksandr/projects/btf/vendor/laravel/framework/src/Illuminate/Pipeline/Pipeline.php(209): Illuminate\\Routing\\Middleware\\SubstituteBindings->handle(Object(Illuminate\\Http\\Request), Object(Closure))
#39 /Users/aleksandr/projects/btf/vendor/laravel/framework/src/Illuminate/Auth/Middleware/Authenticate.php(64): Illuminate\\Pipeline\\Pipeline->Illuminate\\Pipeline\\{closure}(Object(Illuminate\\Http\\Request))
#40 /Users/aleksandr/projects/btf/vendor/laravel/framework/src/Illuminate/Pipeline/Pipeline.php(209): Illuminate\\Auth\\Middleware\\Authenticate->handle(Object(Illuminate\\Http\\Request), Object(Closure))
#41 /Users/aleksandr/projects/btf/vendor/laravel/framework/src/Illuminate/Foundation/Http/Middleware/VerifyCsrfToken.php(88): Illuminate\\Pipeline\\Pipeline->Illuminate\\Pipeline\\{closure}(Object(Illuminate\\Http\\Request))
#42 /Users/aleksandr/projects/btf/vendor/laravel/framework/src/Illuminate/Pipeline/Pipeline.php(209): Illuminate\\Foundation\\Http\\Middleware\\VerifyCsrfToken->handle(Object(Illuminate\\Http\\Request), Object(Closure))
#43 /Users/aleksandr/projects/btf/vendor/laravel/framework/src/Illuminate/View/Middleware/ShareErrorsFromSession.php(49): Illuminate\\Pipeline\\Pipeline->Illuminate\\Pipeline\\{closure}(Object(Illuminate\\Http\\Request))
#44 /Users/aleksandr/projects/btf/vendor/laravel/framework/src/Illuminate/Pipeline/Pipeline.php(209): Illuminate\\View\\Middleware\\ShareErrorsFromSession->handle(Object(Illuminate\\Http\\Request), Object(Closure))
#45 /Users/aleksandr/projects/btf/vendor/laravel/framework/src/Illuminate/Session/Middleware/StartSession.php(121): Illuminate\\Pipeline\\Pipeline->Illuminate\\Pipeline\\{closure}(Object(Illuminate\\Http\\Request))
#46 /Users/aleksandr/projects/btf/vendor/laravel/framework/src/Illuminate/Session/Middleware/StartSession.php(64): Illuminate\\Session\\Middleware\\StartSession->handleStatefulRequest(Object(Illuminate\\Http\\Request), Object(Illuminate\\Session\\Store), Object(Closure))
#47 /Users/aleksandr/projects/btf/vendor/laravel/framework/src/Illuminate/Pipeline/Pipeline.php(209): Illuminate\\Session\\Middleware\\StartSession->handle(Object(Illuminate\\Http\\Request), Object(Closure))
#48 /Users/aleksandr/projects/btf/vendor/laravel/framework/src/Illuminate/Cookie/Middleware/AddQueuedCookiesToResponse.php(37): Illuminate\\Pipeline\\Pipeline->Illuminate\\Pipeline\\{closure}(Object(Illuminate\\Http\\Request))
#49 /Users/aleksandr/projects/btf/vendor/laravel/framework/src/Illuminate/Pipeline/Pipeline.php(209): Illuminate\\Cookie\\Middleware\\AddQueuedCookiesToResponse->handle(Object(Illuminate\\Http\\Request), Object(Closure))
#50 /Users/aleksandr/projects/btf/vendor/laravel/framework/src/Illuminate/Cookie/Middleware/EncryptCookies.php(75): Illuminate\\Pipeline\\Pipeline->Illuminate\\Pipeline\\{closure}(Object(Illuminate\\Http\\Request))
#51 /Users/aleksandr/projects/btf/vendor/laravel/framework/src/Illuminate/Pipeline/Pipeline.php(209): Illuminate\\Cookie\\Middleware\\EncryptCookies->handle(Object(Illuminate\\Http\\Request), Object(Closure))
#52 /Users/aleksandr/projects/btf/vendor/laravel/framework/src/Illuminate/Pipeline/Pipeline.php(127): Illuminate\\Pipeline\\Pipeline->Illuminate\\Pipeline\\{closure}(Object(Illuminate\\Http\\Request))
#53 /Users/aleksandr/projects/btf/vendor/laravel/framework/src/Illuminate/Routing/Router.php(807): Illuminate\\Pipeline\\Pipeline->then(Object(Closure))
#54 /Users/aleksandr/projects/btf/vendor/laravel/framework/src/Illuminate/Routing/Router.php(786): Illuminate\\Routing\\Router->runRouteWithinStack(Object(Illuminate\\Routing\\Route), Object(Illuminate\\Http\\Request))
#55 /Users/aleksandr/projects/btf/vendor/laravel/framework/src/Illuminate/Routing/Router.php(750): Illuminate\\Routing\\Router->runRoute(Object(Illuminate\\Http\\Request), Object(Illuminate\\Routing\\Route))
#56 /Users/aleksandr/projects/btf/vendor/laravel/framework/src/Illuminate/Routing/Router.php(739): Illuminate\\Routing\\Router->dispatchToRoute(Object(Illuminate\\Http\\Request))
#57 /Users/aleksandr/projects/btf/vendor/laravel/framework/src/Illuminate/Foundation/Http/Kernel.php(201): Illuminate\\Routing\\Router->dispatch(Object(Illuminate\\Http\\Request))
#58 /Users/aleksandr/projects/btf/vendor/laravel/framework/src/Illuminate/Pipeline/Pipeline.php(170): Illuminate\\Foundation\\Http\\Kernel->Illuminate\\Foundation\\Http\\{closure}(Object(Illuminate\\Http\\Request))
#59 /Users/aleksandr/projects/btf/vendor/barryvdh/laravel-debugbar/src/Middleware/InjectDebugbar.php(66): Illuminate\\Pipeline\\Pipeline->Illuminate\\Pipeline\\{closure}(Object(Illuminate\\Http\\Request))
#60 /Users/aleksandr/projects/btf/vendor/laravel/framework/src/Illuminate/Pipeline/Pipeline.php(209): Barryvdh\\Debugbar\\Middleware\\InjectDebugbar->handle(Object(Illuminate\\Http\\Request), Object(Closure))
#61 /Users/aleksandr/projects/btf/vendor/laravel/framework/src/Illuminate/Foundation/Http/Middleware/TransformsRequest.php(21): Illuminate\\Pipeline\\Pipeline->Illuminate\\Pipeline\\{closure}(Object(Illuminate\\Http\\Request))
#62 /Users/aleksandr/projects/btf/vendor/laravel/framework/src/Illuminate/Foundation/Http/Middleware/ConvertEmptyStringsToNull.php(31): Illuminate\\Foundation\\Http\\Middleware\\TransformsRequest->handle(Object(Illuminate\\Http\\Request), Object(Closure))
#63 /Users/aleksandr/projects/btf/vendor/laravel/framework/src/Illuminate/Pipeline/Pipeline.php(209): Illuminate\\Foundation\\Http\\Middleware\\ConvertEmptyStringsToNull->handle(Object(Illuminate\\Http\\Request), Object(Closure))
#64 /Users/aleksandr/projects/btf/vendor/laravel/framework/src/Illuminate/Foundation/Http/Middleware/TransformsRequest.php(21): Illuminate\\Pipeline\\Pipeline->Illuminate\\Pipeline\\{closure}(Object(Illuminate\\Http\\Request))
#65 /Users/aleksandr/projects/btf/vendor/laravel/framework/src/Illuminate/Foundation/Http/Middleware/TrimStrings.php(51): Illuminate\\Foundation\\Http\\Middleware\\TransformsRequest->handle(Object(Illuminate\\Http\\Request), Object(Closure))
#66 /Users/aleksandr/projects/btf/vendor/laravel/framework/src/Illuminate/Pipeline/Pipeline.php(209): Illuminate\\Foundation\\Http\\Middleware\\TrimStrings->handle(Object(Illuminate\\Http\\Request), Object(Closure))
#67 /Users/aleksandr/projects/btf/vendor/laravel/framework/src/Illuminate/Http/Middleware/ValidatePostSize.php(27): Illuminate\\Pipeline\\Pipeline->Illuminate\\Pipeline\\{closure}(Object(Illuminate\\Http\\Request))
#68 /Users/aleksandr/projects/btf/vendor/laravel/framework/src/Illuminate/Pipeline/Pipeline.php(209): Illuminate\\Http\\Middleware\\ValidatePostSize->handle(Object(Illuminate\\Http\\Request), Object(Closure))
#69 /Users/aleksandr/projects/btf/vendor/laravel/framework/src/Illuminate/Foundation/Http/Middleware/PreventRequestsDuringMaintenance.php(110): Illuminate\\Pipeline\\Pipeline->Illuminate\\Pipeline\\{closure}(Object(Illuminate\\Http\\Request))
#70 /Users/aleksandr/projects/btf/vendor/laravel/framework/src/Illuminate/Pipeline/Pipeline.php(209): Illuminate\\Foundation\\Http\\Middleware\\PreventRequestsDuringMaintenance->handle(Object(Illuminate\\Http\\Request), Object(Closure))
#71 /Users/aleksandr/projects/btf/vendor/laravel/framework/src/Illuminate/Http/Middleware/HandleCors.php(49): Illuminate\\Pipeline\\Pipeline->Illuminate\\Pipeline\\{closure}(Object(Illuminate\\Http\\Request))
#72 /Users/aleksandr/projects/btf/vendor/laravel/framework/src/Illuminate/Pipeline/Pipeline.php(209): Illuminate\\Http\\Middleware\\HandleCors->handle(Object(Illuminate\\Http\\Request), Object(Closure))
#73 /Users/aleksandr/projects/btf/vendor/laravel/framework/src/Illuminate/Http/Middleware/TrustProxies.php(58): Illuminate\\Pipeline\\Pipeline->Illuminate\\Pipeline\\{closure}(Object(Illuminate\\Http\\Request))
#74 /Users/aleksandr/projects/btf/vendor/laravel/framework/src/Illuminate/Pipeline/Pipeline.php(209): Illuminate\\Http\\Middleware\\TrustProxies->handle(Object(Illuminate\\Http\\Request), Object(Closure))
#75 /Users/aleksandr/projects/btf/vendor/laravel/framework/src/Illuminate/Pipeline/Pipeline.php(127): Illuminate\\Pipeline\\Pipeline->Illuminate\\Pipeline\\{closure}(Object(Illuminate\\Http\\Request))
#76 /Users/aleksandr/projects/btf/vendor/laravel/framework/src/Illuminate/Foundation/Http/Kernel.php(176): Illuminate\\Pipeline\\Pipeline->then(Object(Closure))
#77 /Users/aleksandr/projects/btf/vendor/laravel/framework/src/Illuminate/Foundation/Http/Kernel.php(145): Illuminate\\Foundation\\Http\\Kernel->sendRequestThroughRouter(Object(Illuminate\\Http\\Request))
#78 /Users/aleksandr/projects/btf/public/index.php(50): Illuminate\\Foundation\\Http\\Kernel->handle(Object(Illuminate\\Http\\Request))
#79 /Users/aleksandr/projects/btf/vendor/laravel/framework/src/Illuminate/Foundation/resources/server.php(23): require_once('/Users/aleksand...')
#80 {main}

[previous exception] [object] (RuntimeException(code: 0): Translation file [/Users/aleksandr/projects/btf/lang/ru.json] contains an invalid JSON structure. at /Users/aleksandr/projects/btf/vendor/laravel/framework/src/Illuminate/Translation/FileLoader.php:153)
[stacktrace]
#0 /Users/aleksandr/projects/btf/vendor/laravel/framework/src/Illuminate/Collections/Traits/EnumeratesValues.php(822): Illuminate\\Translation\\FileLoader->Illuminate\\Translation\\{closure}(Array, '/Users/aleksand...', 1)
#1 /Users/aleksandr/projects/btf/vendor/laravel/framework/src/Illuminate/Translation/FileLoader.php(148): Illuminate\\Support\\Collection->reduce(Object(Closure), Array)
#2 /Users/aleksandr/projects/btf/vendor/laravel/framework/src/Illuminate/Translation/FileLoader.php(65): Illuminate\\Translation\\FileLoader->loadJsonPaths('ru')
#3 /Users/aleksandr/projects/btf/vendor/laravel/framework/src/Illuminate/Translation/Translator.php(335): Illuminate\\Translation\\FileLoader->load('ru', '*', '*')
#4 /Users/aleksandr/projects/btf/vendor/laravel/framework/src/Illuminate/Translation/Translator.php(157): Illuminate\\Translation\\Translator->load('*', '*', 'ru')
#5 /Users/aleksandr/projects/btf/vendor/laravel/framework/src/Illuminate/Foundation/helpers.php(965): Illuminate\\Translation\\Translator->get('admin.Dashboard', Array, 'ru')
#6 /Users/aleksandr/projects/btf/vendor/laravel/framework/src/Illuminate/Foundation/helpers.php(1000): trans('admin.Dashboard', Array, NULL)
#7 /Users/aleksandr/projects/btf/storage/framework/views/31370125c42d70647b2da912d400819b.php(13): __('admin.Dashboard')
#8 /Users/aleksandr/projects/btf/vendor/laravel/framework/src/Illuminate/Filesystem/Filesystem.php(123): require('/Users/aleksand...')
#9 /Users/aleksandr/projects/btf/vendor/laravel/framework/src/Illuminate/Filesystem/Filesystem.php(124): Illuminate\\Filesystem\\Filesystem::Illuminate\\Filesystem\\{closure}()
#10 /Users/aleksandr/projects/btf/vendor/laravel/framework/src/Illuminate/View/Engines/PhpEngine.php(58): Illuminate\\Filesystem\\Filesystem->getRequire('/Users/aleksand...', Array)
#11 /Users/aleksandr/projects/btf/vendor/laravel/framework/src/Illuminate/View/Engines/CompilerEngine.php(75): Illuminate\\View\\Engines\\PhpEngine->evaluatePath('/Users/aleksand...', Array)
#12 /Users/aleksandr/projects/btf/vendor/laravel/framework/src/Illuminate/View/View.php(209): Illuminate\\View\\Engines\\CompilerEngine->get('/Users/aleksand...', Array)
#13 /Users/aleksandr/projects/btf/vendor/laravel/framework/src/Illuminate/View/View.php(192): Illuminate\\View\\View->getContents()
#14 /Users/aleksandr/projects/btf/vendor/laravel/framework/src/Illuminate/View/View.php(161): Illuminate\\View\\View->renderContents()
#15 /Users/aleksandr/projects/btf/storage/framework/views/764c61709ea29d27eb928f0088b73eec.php(8): Illuminate\\View\\View->render()
#16 /Users/aleksandr/projects/btf/vendor/laravel/framework/src/Illuminate/Filesystem/Filesystem.php(123): require('/Users/aleksand...')
#17 /Users/aleksandr/projects/btf/vendor/laravel/framework/src/Illuminate/Filesystem/Filesystem.php(124): Illuminate\\Filesystem\\Filesystem::Illuminate\\Filesystem\\{closure}()
#18 /Users/aleksandr/projects/btf/vendor/laravel/framework/src/Illuminate/View/Engines/PhpEngine.php(58): Illuminate\\Filesystem\\Filesystem->getRequire('/Users/aleksand...', Array)
#19 /Users/aleksandr/projects/btf/vendor/laravel/framework/src/Illuminate/View/Engines/CompilerEngine.php(75): Illuminate\\View\\Engines\\PhpEngine->evaluatePath('/Users/aleksand...', Array)
#20 /Users/aleksandr/projects/btf/vendor/laravel/framework/src/Illuminate/View/View.php(209): Illuminate\\View\\Engines\\CompilerEngine->get('/Users/aleksand...', Array)
#21 /Users/aleksandr/projects/btf/vendor/laravel/framework/src/Illuminate/View/View.php(192): Illuminate\\View\\View->getContents()
#22 /Users/aleksandr/projects/btf/vendor/laravel/framework/src/Illuminate/View/View.php(161): Illuminate\\View\\View->renderContents()
#23 /Users/aleksandr/projects/btf/vendor/laravel/framework/src/Illuminate/Http/Response.php(79): Illuminate\\View\\View->render()
#24 /Users/aleksandr/projects/btf/vendor/laravel/framework/src/Illuminate/Http/Response.php(35): Illuminate\\Http\\Response->setContent(Object(Illuminate\\View\\View))
#25 /Users/aleksandr/projects/btf/vendor/laravel/framework/src/Illuminate/Routing/Router.php(920): Illuminate\\Http\\Response->__construct(Object(Illuminate\\View\\View), 200, Array)
#26 /Users/aleksandr/projects/btf/vendor/laravel/framework/src/Illuminate/Routing/Router.php(887): Illuminate\\Routing\\Router::toResponse(Object(Illuminate\\Http\\Request), Object(Illuminate\\View\\View))
#27 /Users/aleksandr/projects/btf/vendor/laravel/framework/src/Illuminate/Routing/Router.php(807): Illuminate\\Routing\\Router->prepareResponse(Object(Illuminate\\Http\\Request), Object(Illuminate\\View\\View))
#28 /Users/aleksandr/projects/btf/vendor/laravel/framework/src/Illuminate/Pipeline/Pipeline.php(170): Illuminate\\Routing\\Router->Illuminate\\Routing\\{closure}(Object(Illuminate\\Http\\Request))
#29 /Users/aleksandr/projects/btf/vendor/barryvdh/laravel-debugbar/src/Middleware/InjectDebugbar.php(66): Illuminate\\Pipeline\\Pipeline->Illuminate\\Pipeline\\{closure}(Object(Illuminate\\Http\\Request))
#30 /Users/aleksandr/projects/btf/vendor/laravel/framework/src/Illuminate/Pipeline/Pipeline.php(209): Barryvdh\\Debugbar\\Middleware\\InjectDebugbar->handle(Object(Illuminate\\Http\\Request), Object(Closure))
#31 /Users/aleksandr/projects/btf/app/Http/Middleware/UserActivity.php(20): Illuminate\\Pipeline\\Pipeline->Illuminate\\Pipeline\\{closure}(Object(Illuminate\\Http\\Request))
#32 /Users/aleksandr/projects/btf/vendor/laravel/framework/src/Illuminate/Pipeline/Pipeline.php(209): App\\Http\\Middleware\\UserActivity->handle(Object(Illuminate\\Http\\Request), Object(Closure))
#33 /Users/aleksandr/projects/btf/app/Http/Middleware/SetLocale.php(51): Illuminate\\Pipeline\\Pipeline->Illuminate\\Pipeline\\{closure}(Object(Illuminate\\Http\\Request))
#34 /Users/aleksandr/projects/btf/vendor/laravel/framework/src/Illuminate/Pipeline/Pipeline.php(209): App\\Http\\Middleware\\SetLocale->handle(Object(Illuminate\\Http\\Request), Object(Closure))
#35 /Users/aleksandr/projects/btf/vendor/erlandmuchasaj/laravel-gzip/src/Middleware/GzipEncodeResponse.php(19): Illuminate\\Pipeline\\Pipeline->Illuminate\\Pipeline\\{closure}(Object(Illuminate\\Http\\Request))
#36 /Users/aleksandr/projects/btf/vendor/laravel/framework/src/Illuminate/Pipeline/Pipeline.php(209): ErlandMuchasaj\\LaravelGzip\\Middleware\\GzipEncodeResponse->handle(Object(Illuminate\\Http\\Request), Object(Closure))
#37 /Users/aleksandr/projects/btf/vendor/laravel/framework/src/Illuminate/Routing/Middleware/SubstituteBindings.php(51): Illuminate\\Pipeline\\Pipeline->Illuminate\\Pipeline\\{closure}(Object(Illuminate\\Http\\Request))
#38 /Users/aleksandr/projects/btf/vendor/laravel/framework/src/Illuminate/Pipeline/Pipeline.php(209): Illuminate\\Routing\\Middleware\\SubstituteBindings->handle(Object(Illuminate\\Http\\Request), Object(Closure))
#39 /Users/aleksandr/projects/btf/vendor/laravel/framework/src/Illuminate/Auth/Middleware/Authenticate.php(64): Illuminate\\Pipeline\\Pipeline->Illuminate\\Pipeline\\{closure}(Object(Illuminate\\Http\\Request))
#40 /Users/aleksandr/projects/btf/vendor/laravel/framework/src/Illuminate/Pipeline/Pipeline.php(209): Illuminate\\Auth\\Middleware\\Authenticate->handle(Object(Illuminate\\Http\\Request), Object(Closure))
#41 /Users/aleksandr/projects/btf/vendor/laravel/framework/src/Illuminate/Foundation/Http/Middleware/VerifyCsrfToken.php(88): Illuminate\\Pipeline\\Pipeline->Illuminate\\Pipeline\\{closure}(Object(Illuminate\\Http\\Request))
#42 /Users/aleksandr/projects/btf/vendor/laravel/framework/src/Illuminate/Pipeline/Pipeline.php(209): Illuminate\\Foundation\\Http\\Middleware\\VerifyCsrfToken->handle(Object(Illuminate\\Http\\Request), Object(Closure))
#43 /Users/aleksandr/projects/btf/vendor/laravel/framework/src/Illuminate/View/Middleware/ShareErrorsFromSession.php(49): Illuminate\\Pipeline\\Pipeline->Illuminate\\Pipeline\\{closure}(Object(Illuminate\\Http\\Request))
#44 /Users/aleksandr/projects/btf/vendor/laravel/framework/src/Illuminate/Pipeline/Pipeline.php(209): Illuminate\\View\\Middleware\\ShareErrorsFromSession->handle(Object(Illuminate\\Http\\Request), Object(Closure))
#45 /Users/aleksandr/projects/btf/vendor/laravel/framework/src/Illuminate/Session/Middleware/StartSession.php(121): Illuminate\\Pipeline\\Pipeline->Illuminate\\Pipeline\\{closure}(Object(Illuminate\\Http\\Request))
#46 /Users/aleksandr/projects/btf/vendor/laravel/framework/src/Illuminate/Session/Middleware/StartSession.php(64): Illuminate\\Session\\Middleware\\StartSession->handleStatefulRequest(Object(Illuminate\\Http\\Request), Object(Illuminate\\Session\\Store), Object(Closure))
#47 /Users/aleksandr/projects/btf/vendor/laravel/framework/src/Illuminate/Pipeline/Pipeline.php(209): Illuminate\\Session\\Middleware\\StartSession->handle(Object(Illuminate\\Http\\Request), Object(Closure))
#48 /Users/aleksandr/projects/btf/vendor/laravel/framework/src/Illuminate/Cookie/Middleware/AddQueuedCookiesToResponse.php(37): Illuminate\\Pipeline\\Pipeline->Illuminate\\Pipeline\\{closure}(Object(Illuminate\\Http\\Request))
#49 /Users/aleksandr/projects/btf/vendor/laravel/framework/src/Illuminate/Pipeline/Pipeline.php(209): Illuminate\\Cookie\\Middleware\\AddQueuedCookiesToResponse->handle(Object(Illuminate\\Http\\Request), Object(Closure))
#50 /Users/aleksandr/projects/btf/vendor/laravel/framework/src/Illuminate/Cookie/Middleware/EncryptCookies.php(75): Illuminate\\Pipeline\\Pipeline->Illuminate\\Pipeline\\{closure}(Object(Illuminate\\Http\\Request))
#51 /Users/aleksandr/projects/btf/vendor/laravel/framework/src/Illuminate/Pipeline/Pipeline.php(209): Illuminate\\Cookie\\Middleware\\EncryptCookies->handle(Object(Illuminate\\Http\\Request), Object(Closure))
#52 /Users/aleksandr/projects/btf/vendor/laravel/framework/src/Illuminate/Pipeline/Pipeline.php(127): Illuminate\\Pipeline\\Pipeline->Illuminate\\Pipeline\\{closure}(Object(Illuminate\\Http\\Request))
#53 /Users/aleksandr/projects/btf/vendor/laravel/framework/src/Illuminate/Routing/Router.php(807): Illuminate\\Pipeline\\Pipeline->then(Object(Closure))
#54 /Users/aleksandr/projects/btf/vendor/laravel/framework/src/Illuminate/Routing/Router.php(786): Illuminate\\Routing\\Router->runRouteWithinStack(Object(Illuminate\\Routing\\Route), Object(Illuminate\\Http\\Request))
#55 /Users/aleksandr/projects/btf/vendor/laravel/framework/src/Illuminate/Routing/Router.php(750): Illuminate\\Routing\\Router->runRoute(Object(Illuminate\\Http\\Request), Object(Illuminate\\Routing\\Route))
#56 /Users/aleksandr/projects/btf/vendor/laravel/framework/src/Illuminate/Routing/Router.php(739): Illuminate\\Routing\\Router->dispatchToRoute(Object(Illuminate\\Http\\Request))
#57 /Users/aleksandr/projects/btf/vendor/laravel/framework/src/Illuminate/Foundation/Http/Kernel.php(201): Illuminate\\Routing\\Router->dispatch(Object(Illuminate\\Http\\Request))
#58 /Users/aleksandr/projects/btf/vendor/laravel/framework/src/Illuminate/Pipeline/Pipeline.php(170): Illuminate\\Foundation\\Http\\Kernel->Illuminate\\Foundation\\Http\\{closure}(Object(Illuminate\\Http\\Request))
#59 /Users/aleksandr/projects/btf/vendor/barryvdh/laravel-debugbar/src/Middleware/InjectDebugbar.php(66): Illuminate\\Pipeline\\Pipeline->Illuminate\\Pipeline\\{closure}(Object(Illuminate\\Http\\Request))
#60 /Users/aleksandr/projects/btf/vendor/laravel/framework/src/Illuminate/Pipeline/Pipeline.php(209): Barryvdh\\Debugbar\\Middleware\\InjectDebugbar->handle(Object(Illuminate\\Http\\Request), Object(Closure))
#61 /Users/aleksandr/projects/btf/vendor/laravel/framework/src/Illuminate/Foundation/Http/Middleware/TransformsRequest.php(21): Illuminate\\Pipeline\\Pipeline->Illuminate\\Pipeline\\{closure}(Object(Illuminate\\Http\\Request))
#62 /Users/aleksandr/projects/btf/vendor/laravel/framework/src/Illuminate/Foundation/Http/Middleware/ConvertEmptyStringsToNull.php(31): Illuminate\\Foundation\\Http\\Middleware\\TransformsRequest->handle(Object(Illuminate\\Http\\Request), Object(Closure))
#63 /Users/aleksandr/projects/btf/vendor/laravel/framework/src/Illuminate/Pipeline/Pipeline.php(209): Illuminate\\Foundation\\Http\\Middleware\\ConvertEmptyStringsToNull->handle(Object(Illuminate\\Http\\Request), Object(Closure))
#64 /Users/aleksandr/projects/btf/vendor/laravel/framework/src/Illuminate/Foundation/Http/Middleware/TransformsRequest.php(21): Illuminate\\Pipeline\\Pipeline->Illuminate\\Pipeline\\{closure}(Object(Illuminate\\Http\\Request))
#65 /Users/aleksandr/projects/btf/vendor/laravel/framework/src/Illuminate/Foundation/Http/Middleware/TrimStrings.php(51): Illuminate\\Foundation\\Http\\Middleware\\TransformsRequest->handle(Object(Illuminate\\Http\\Request), Object(Closure))
#66 /Users/aleksandr/projects/btf/vendor/laravel/framework/src/Illuminate/Pipeline/Pipeline.php(209): Illuminate\\Foundation\\Http\\Middleware\\TrimStrings->handle(Object(Illuminate\\Http\\Request), Object(Closure))
#67 /Users/aleksandr/projects/btf/vendor/laravel/framework/src/Illuminate/Http/Middleware/ValidatePostSize.php(27): Illuminate\\Pipeline\\Pipeline->Illuminate\\Pipeline\\{closure}(Object(Illuminate\\Http\\Request))
#68 /Users/aleksandr/projects/btf/vendor/laravel/framework/src/Illuminate/Pipeline/Pipeline.php(209): Illuminate\\Http\\Middleware\\ValidatePostSize->handle(Object(Illuminate\\Http\\Request), Object(Closure))
#69 /Users/aleksandr/projects/btf/vendor/laravel/framework/src/Illuminate/Foundation/Http/Middleware/PreventRequestsDuringMaintenance.php(110): Illuminate\\Pipeline\\Pipeline->Illuminate\\Pipeline\\{closure}(Object(Illuminate\\Http\\Request))
#70 /Users/aleksandr/projects/btf/vendor/laravel/framework/src/Illuminate/Pipeline/Pipeline.php(209): Illuminate\\Foundation\\Http\\Middleware\\PreventRequestsDuringMaintenance->handle(Object(Illuminate\\Http\\Request), Object(Closure))
#71 /Users/aleksandr/projects/btf/vendor/laravel/framework/src/Illuminate/Http/Middleware/HandleCors.php(49): Illuminate\\Pipeline\\Pipeline->Illuminate\\Pipeline\\{closure}(Object(Illuminate\\Http\\Request))
#72 /Users/aleksandr/projects/btf/vendor/laravel/framework/src/Illuminate/Pipeline/Pipeline.php(209): Illuminate\\Http\\Middleware\\HandleCors->handle(Object(Illuminate\\Http\\Request), Object(Closure))
#73 /Users/aleksandr/projects/btf/vendor/laravel/framework/src/Illuminate/Http/Middleware/TrustProxies.php(58): Illuminate\\Pipeline\\Pipeline->Illuminate\\Pipeline\\{closure}(Object(Illuminate\\Http\\Request))
#74 /Users/aleksandr/projects/btf/vendor/laravel/framework/src/Illuminate/Pipeline/Pipeline.php(209): Illuminate\\Http\\Middleware\\TrustProxies->handle(Object(Illuminate\\Http\\Request), Object(Closure))
#75 /Users/aleksandr/projects/btf/vendor/laravel/framework/src/Illuminate/Pipeline/Pipeline.php(127): Illuminate\\Pipeline\\Pipeline->Illuminate\\Pipeline\\{closure}(Object(Illuminate\\Http\\Request))
#76 /Users/aleksandr/projects/btf/vendor/laravel/framework/src/Illuminate/Foundation/Http/Kernel.php(176): Illuminate\\Pipeline\\Pipeline->then(Object(Closure))
#77 /Users/aleksandr/projects/btf/vendor/laravel/framework/src/Illuminate/Foundation/Http/Kernel.php(145): Illuminate\\Foundation\\Http\\Kernel->sendRequestThroughRouter(Object(Illuminate\\Http\\Request))
#78 /Users/aleksandr/projects/btf/public/index.php(50): Illuminate\\Foundation\\Http\\Kernel->handle(Object(Illuminate\\Http\\Request))
#79 /Users/aleksandr/projects/btf/vendor/laravel/framework/src/Illuminate/Foundation/resources/server.php(23): require_once('/Users/aleksand...')
#80 {main}
"} 
[2025-05-04 08:50:10] production.ERROR: Method App\Http\Controllers\Backend\PostsController::changeStatus does not exist. {"userId":1,"exception":"[object] (BadMethodCallException(code: 0): Method App\\Http\\Controllers\\Backend\\PostsController::changeStatus does not exist. at /Users/aleksandr/projects/btf/vendor/laravel/framework/src/Illuminate/Routing/Controller.php:68)
[stacktrace]
#0 /Users/aleksandr/projects/btf/vendor/laravel/framework/src/Illuminate/Routing/Controller.php(54): Illuminate\\Routing\\Controller->__call('changeStatus', Array)
#1 /Users/aleksandr/projects/btf/vendor/laravel/framework/src/Illuminate/Routing/ControllerDispatcher.php(44): Illuminate\\Routing\\Controller->callAction('changeStatus', Array)
#2 /Users/aleksandr/projects/btf/vendor/laravel/framework/src/Illuminate/Routing/Route.php(266): Illuminate\\Routing\\ControllerDispatcher->dispatch(Object(Illuminate\\Routing\\Route), Object(App\\Http\\Controllers\\Backend\\PostsController), 'changeStatus')
#3 /Users/aleksandr/projects/btf/vendor/laravel/framework/src/Illuminate/Routing/Route.php(212): Illuminate\\Routing\\Route->runController()
#4 /Users/aleksandr/projects/btf/vendor/laravel/framework/src/Illuminate/Routing/Router.php(808): Illuminate\\Routing\\Route->run()
#5 /Users/aleksandr/projects/btf/vendor/laravel/framework/src/Illuminate/Pipeline/Pipeline.php(170): Illuminate\\Routing\\Router->Illuminate\\Routing\\{closure}(Object(Illuminate\\Http\\Request))
#6 /Users/aleksandr/projects/btf/app/Http/Middleware/AdminCheck.php(15): Illuminate\\Pipeline\\Pipeline->Illuminate\\Pipeline\\{closure}(Object(Illuminate\\Http\\Request))
#7 /Users/aleksandr/projects/btf/vendor/laravel/framework/src/Illuminate/Pipeline/Pipeline.php(209): App\\Http\\Middleware\\AdminCheck->handle(Object(Illuminate\\Http\\Request), Object(Closure))
#8 /Users/aleksandr/projects/btf/vendor/barryvdh/laravel-debugbar/src/Middleware/InjectDebugbar.php(66): Illuminate\\Pipeline\\Pipeline->Illuminate\\Pipeline\\{closure}(Object(Illuminate\\Http\\Request))
#9 /Users/aleksandr/projects/btf/vendor/laravel/framework/src/Illuminate/Pipeline/Pipeline.php(209): Barryvdh\\Debugbar\\Middleware\\InjectDebugbar->handle(Object(Illuminate\\Http\\Request), Object(Closure))
#10 /Users/aleksandr/projects/btf/app/Http/Middleware/UserActivity.php(20): Illuminate\\Pipeline\\Pipeline->Illuminate\\Pipeline\\{closure}(Object(Illuminate\\Http\\Request))
#11 /Users/aleksandr/projects/btf/vendor/laravel/framework/src/Illuminate/Pipeline/Pipeline.php(209): App\\Http\\Middleware\\UserActivity->handle(Object(Illuminate\\Http\\Request), Object(Closure))
#12 /Users/aleksandr/projects/btf/app/Http/Middleware/SetLocale.php(51): Illuminate\\Pipeline\\Pipeline->Illuminate\\Pipeline\\{closure}(Object(Illuminate\\Http\\Request))
#13 /Users/aleksandr/projects/btf/vendor/laravel/framework/src/Illuminate/Pipeline/Pipeline.php(209): App\\Http\\Middleware\\SetLocale->handle(Object(Illuminate\\Http\\Request), Object(Closure))
#14 /Users/aleksandr/projects/btf/vendor/erlandmuchasaj/laravel-gzip/src/Middleware/GzipEncodeResponse.php(19): Illuminate\\Pipeline\\Pipeline->Illuminate\\Pipeline\\{closure}(Object(Illuminate\\Http\\Request))
#15 /Users/aleksandr/projects/btf/vendor/laravel/framework/src/Illuminate/Pipeline/Pipeline.php(209): ErlandMuchasaj\\LaravelGzip\\Middleware\\GzipEncodeResponse->handle(Object(Illuminate\\Http\\Request), Object(Closure))
#16 /Users/aleksandr/projects/btf/vendor/laravel/framework/src/Illuminate/Routing/Middleware/SubstituteBindings.php(51): Illuminate\\Pipeline\\Pipeline->Illuminate\\Pipeline\\{closure}(Object(Illuminate\\Http\\Request))
#17 /Users/aleksandr/projects/btf/vendor/laravel/framework/src/Illuminate/Pipeline/Pipeline.php(209): Illuminate\\Routing\\Middleware\\SubstituteBindings->handle(Object(Illuminate\\Http\\Request), Object(Closure))
#18 /Users/aleksandr/projects/btf/vendor/laravel/framework/src/Illuminate/Auth/Middleware/Authenticate.php(64): Illuminate\\Pipeline\\Pipeline->Illuminate\\Pipeline\\{closure}(Object(Illuminate\\Http\\Request))
#19 /Users/aleksandr/projects/btf/vendor/laravel/framework/src/Illuminate/Pipeline/Pipeline.php(209): Illuminate\\Auth\\Middleware\\Authenticate->handle(Object(Illuminate\\Http\\Request), Object(Closure))
#20 /Users/aleksandr/projects/btf/vendor/laravel/framework/src/Illuminate/Foundation/Http/Middleware/VerifyCsrfToken.php(88): Illuminate\\Pipeline\\Pipeline->Illuminate\\Pipeline\\{closure}(Object(Illuminate\\Http\\Request))
#21 /Users/aleksandr/projects/btf/vendor/laravel/framework/src/Illuminate/Pipeline/Pipeline.php(209): Illuminate\\Foundation\\Http\\Middleware\\VerifyCsrfToken->handle(Object(Illuminate\\Http\\Request), Object(Closure))
#22 /Users/aleksandr/projects/btf/vendor/laravel/framework/src/Illuminate/View/Middleware/ShareErrorsFromSession.php(49): Illuminate\\Pipeline\\Pipeline->Illuminate\\Pipeline\\{closure}(Object(Illuminate\\Http\\Request))
#23 /Users/aleksandr/projects/btf/vendor/laravel/framework/src/Illuminate/Pipeline/Pipeline.php(209): Illuminate\\View\\Middleware\\ShareErrorsFromSession->handle(Object(Illuminate\\Http\\Request), Object(Closure))
#24 /Users/aleksandr/projects/btf/vendor/laravel/framework/src/Illuminate/Session/Middleware/StartSession.php(121): Illuminate\\Pipeline\\Pipeline->Illuminate\\Pipeline\\{closure}(Object(Illuminate\\Http\\Request))
#25 /Users/aleksandr/projects/btf/vendor/laravel/framework/src/Illuminate/Session/Middleware/StartSession.php(64): Illuminate\\Session\\Middleware\\StartSession->handleStatefulRequest(Object(Illuminate\\Http\\Request), Object(Illuminate\\Session\\Store), Object(Closure))
#26 /Users/aleksandr/projects/btf/vendor/laravel/framework/src/Illuminate/Pipeline/Pipeline.php(209): Illuminate\\Session\\Middleware\\StartSession->handle(Object(Illuminate\\Http\\Request), Object(Closure))
#27 /Users/aleksandr/projects/btf/vendor/laravel/framework/src/Illuminate/Cookie/Middleware/AddQueuedCookiesToResponse.php(37): Illuminate\\Pipeline\\Pipeline->Illuminate\\Pipeline\\{closure}(Object(Illuminate\\Http\\Request))
#28 /Users/aleksandr/projects/btf/vendor/laravel/framework/src/Illuminate/Pipeline/Pipeline.php(209): Illuminate\\Cookie\\Middleware\\AddQueuedCookiesToResponse->handle(Object(Illuminate\\Http\\Request), Object(Closure))
#29 /Users/aleksandr/projects/btf/vendor/laravel/framework/src/Illuminate/Cookie/Middleware/EncryptCookies.php(75): Illuminate\\Pipeline\\Pipeline->Illuminate\\Pipeline\\{closure}(Object(Illuminate\\Http\\Request))
#30 /Users/aleksandr/projects/btf/vendor/laravel/framework/src/Illuminate/Pipeline/Pipeline.php(209): Illuminate\\Cookie\\Middleware\\EncryptCookies->handle(Object(Illuminate\\Http\\Request), Object(Closure))
#31 /Users/aleksandr/projects/btf/vendor/laravel/framework/src/Illuminate/Pipeline/Pipeline.php(127): Illuminate\\Pipeline\\Pipeline->Illuminate\\Pipeline\\{closure}(Object(Illuminate\\Http\\Request))
#32 /Users/aleksandr/projects/btf/vendor/laravel/framework/src/Illuminate/Routing/Router.php(807): Illuminate\\Pipeline\\Pipeline->then(Object(Closure))
#33 /Users/aleksandr/projects/btf/vendor/laravel/framework/src/Illuminate/Routing/Router.php(786): Illuminate\\Routing\\Router->runRouteWithinStack(Object(Illuminate\\Routing\\Route), Object(Illuminate\\Http\\Request))
#34 /Users/aleksandr/projects/btf/vendor/laravel/framework/src/Illuminate/Routing/Router.php(750): Illuminate\\Routing\\Router->runRoute(Object(Illuminate\\Http\\Request), Object(Illuminate\\Routing\\Route))
#35 /Users/aleksandr/projects/btf/vendor/laravel/framework/src/Illuminate/Routing/Router.php(739): Illuminate\\Routing\\Router->dispatchToRoute(Object(Illuminate\\Http\\Request))
#36 /Users/aleksandr/projects/btf/vendor/laravel/framework/src/Illuminate/Foundation/Http/Kernel.php(201): Illuminate\\Routing\\Router->dispatch(Object(Illuminate\\Http\\Request))
#37 /Users/aleksandr/projects/btf/vendor/laravel/framework/src/Illuminate/Pipeline/Pipeline.php(170): Illuminate\\Foundation\\Http\\Kernel->Illuminate\\Foundation\\Http\\{closure}(Object(Illuminate\\Http\\Request))
#38 /Users/aleksandr/projects/btf/vendor/barryvdh/laravel-debugbar/src/Middleware/InjectDebugbar.php(66): Illuminate\\Pipeline\\Pipeline->Illuminate\\Pipeline\\{closure}(Object(Illuminate\\Http\\Request))
#39 /Users/aleksandr/projects/btf/vendor/laravel/framework/src/Illuminate/Pipeline/Pipeline.php(209): Barryvdh\\Debugbar\\Middleware\\InjectDebugbar->handle(Object(Illuminate\\Http\\Request), Object(Closure))
#40 /Users/aleksandr/projects/btf/vendor/laravel/framework/src/Illuminate/Foundation/Http/Middleware/TransformsRequest.php(21): Illuminate\\Pipeline\\Pipeline->Illuminate\\Pipeline\\{closure}(Object(Illuminate\\Http\\Request))
#41 /Users/aleksandr/projects/btf/vendor/laravel/framework/src/Illuminate/Foundation/Http/Middleware/ConvertEmptyStringsToNull.php(31): Illuminate\\Foundation\\Http\\Middleware\\TransformsRequest->handle(Object(Illuminate\\Http\\Request), Object(Closure))
#42 /Users/aleksandr/projects/btf/vendor/laravel/framework/src/Illuminate/Pipeline/Pipeline.php(209): Illuminate\\Foundation\\Http\\Middleware\\ConvertEmptyStringsToNull->handle(Object(Illuminate\\Http\\Request), Object(Closure))
#43 /Users/aleksandr/projects/btf/vendor/laravel/framework/src/Illuminate/Foundation/Http/Middleware/TransformsRequest.php(21): Illuminate\\Pipeline\\Pipeline->Illuminate\\Pipeline\\{closure}(Object(Illuminate\\Http\\Request))
#44 /Users/aleksandr/projects/btf/vendor/laravel/framework/src/Illuminate/Foundation/Http/Middleware/TrimStrings.php(51): Illuminate\\Foundation\\Http\\Middleware\\TransformsRequest->handle(Object(Illuminate\\Http\\Request), Object(Closure))
#45 /Users/aleksandr/projects/btf/vendor/laravel/framework/src/Illuminate/Pipeline/Pipeline.php(209): Illuminate\\Foundation\\Http\\Middleware\\TrimStrings->handle(Object(Illuminate\\Http\\Request), Object(Closure))
#46 /Users/aleksandr/projects/btf/vendor/laravel/framework/src/Illuminate/Http/Middleware/ValidatePostSize.php(27): Illuminate\\Pipeline\\Pipeline->Illuminate\\Pipeline\\{closure}(Object(Illuminate\\Http\\Request))
#47 /Users/aleksandr/projects/btf/vendor/laravel/framework/src/Illuminate/Pipeline/Pipeline.php(209): Illuminate\\Http\\Middleware\\ValidatePostSize->handle(Object(Illuminate\\Http\\Request), Object(Closure))
#48 /Users/aleksandr/projects/btf/vendor/laravel/framework/src/Illuminate/Foundation/Http/Middleware/PreventRequestsDuringMaintenance.php(110): Illuminate\\Pipeline\\Pipeline->Illuminate\\Pipeline\\{closure}(Object(Illuminate\\Http\\Request))
#49 /Users/aleksandr/projects/btf/vendor/laravel/framework/src/Illuminate/Pipeline/Pipeline.php(209): Illuminate\\Foundation\\Http\\Middleware\\PreventRequestsDuringMaintenance->handle(Object(Illuminate\\Http\\Request), Object(Closure))
#50 /Users/aleksandr/projects/btf/vendor/laravel/framework/src/Illuminate/Http/Middleware/HandleCors.php(62): Illuminate\\Pipeline\\Pipeline->Illuminate\\Pipeline\\{closure}(Object(Illuminate\\Http\\Request))
#51 /Users/aleksandr/projects/btf/vendor/laravel/framework/src/Illuminate/Pipeline/Pipeline.php(209): Illuminate\\Http\\Middleware\\HandleCors->handle(Object(Illuminate\\Http\\Request), Object(Closure))
#52 /Users/aleksandr/projects/btf/vendor/laravel/framework/src/Illuminate/Http/Middleware/TrustProxies.php(58): Illuminate\\Pipeline\\Pipeline->Illuminate\\Pipeline\\{closure}(Object(Illuminate\\Http\\Request))
#53 /Users/aleksandr/projects/btf/vendor/laravel/framework/src/Illuminate/Pipeline/Pipeline.php(209): Illuminate\\Http\\Middleware\\TrustProxies->handle(Object(Illuminate\\Http\\Request), Object(Closure))
#54 /Users/aleksandr/projects/btf/vendor/laravel/framework/src/Illuminate/Pipeline/Pipeline.php(127): Illuminate\\Pipeline\\Pipeline->Illuminate\\Pipeline\\{closure}(Object(Illuminate\\Http\\Request))
#55 /Users/aleksandr/projects/btf/vendor/laravel/framework/src/Illuminate/Foundation/Http/Kernel.php(176): Illuminate\\Pipeline\\Pipeline->then(Object(Closure))
#56 /Users/aleksandr/projects/btf/vendor/laravel/framework/src/Illuminate/Foundation/Http/Kernel.php(145): Illuminate\\Foundation\\Http\\Kernel->sendRequestThroughRouter(Object(Illuminate\\Http\\Request))
#57 /Users/aleksandr/projects/btf/public/index.php(50): Illuminate\\Foundation\\Http\\Kernel->handle(Object(Illuminate\\Http\\Request))
#58 /Users/aleksandr/projects/btf/vendor/laravel/framework/src/Illuminate/Foundation/resources/server.php(23): require_once('/Users/aleksand...')
#59 {main}
"} 
[2025-05-04 08:52:16] production.ERROR: SQLSTATE[23000]: Integrity constraint violation: 1048 Column 'status' cannot be null (Connection: mysql, SQL: update `posts` set `status` = ?, `posts`.`updated_at` = 2025-05-04 08:52:16 where `id` = 1) {"userId":1,"exception":"[object] (Illuminate\\Database\\QueryException(code: 23000): SQLSTATE[23000]: Integrity constraint violation: 1048 Column 'status' cannot be null (Connection: mysql, SQL: update `posts` set `status` = ?, `posts`.`updated_at` = 2025-05-04 08:52:16 where `id` = 1) at /Users/aleksandr/projects/btf/vendor/laravel/framework/src/Illuminate/Database/Connection.php:825)
[stacktrace]
#0 /Users/aleksandr/projects/btf/vendor/laravel/framework/src/Illuminate/Database/Connection.php(779): Illuminate\\Database\\Connection->runQueryCallback('update `posts` ...', Array, Object(Closure))
#1 /Users/aleksandr/projects/btf/vendor/laravel/framework/src/Illuminate/Database/Connection.php(584): Illuminate\\Database\\Connection->run('update `posts` ...', Array, Object(Closure))
#2 /Users/aleksandr/projects/btf/vendor/laravel/framework/src/Illuminate/Database/Connection.php(536): Illuminate\\Database\\Connection->affectingStatement('update `posts` ...', Array)
#3 /Users/aleksandr/projects/btf/vendor/laravel/framework/src/Illuminate/Database/Query/Builder.php(3830): Illuminate\\Database\\Connection->update('update `posts` ...', Array)
#4 /Users/aleksandr/projects/btf/vendor/laravel/framework/src/Illuminate/Database/Eloquent/Builder.php(1175): Illuminate\\Database\\Query\\Builder->update(Object(Illuminate\\Support\\Collection))
#5 /Users/aleksandr/projects/btf/vendor/laravel/framework/src/Illuminate/Database/Eloquent/Model.php(1239): Illuminate\\Database\\Eloquent\\Builder->update(Array)
#6 /Users/aleksandr/projects/btf/vendor/laravel/framework/src/Illuminate/Database/Eloquent/Model.php(1156): Illuminate\\Database\\Eloquent\\Model->performUpdate(Object(Illuminate\\Database\\Eloquent\\Builder))
#7 /Users/aleksandr/projects/btf/vendor/laravel/framework/src/Illuminate/Database/Eloquent/Model.php(1014): Illuminate\\Database\\Eloquent\\Model->save(Array)
#8 /Users/aleksandr/projects/btf/app/Http/Controllers/Backend/PostsController.php(297): Illuminate\\Database\\Eloquent\\Model->update(Array)
#9 /Users/aleksandr/projects/btf/vendor/laravel/framework/src/Illuminate/Routing/Controller.php(54): App\\Http\\Controllers\\Backend\\PostsController->changeStatus(Object(Illuminate\\Http\\Request), '1')
#10 /Users/aleksandr/projects/btf/vendor/laravel/framework/src/Illuminate/Routing/ControllerDispatcher.php(44): Illuminate\\Routing\\Controller->callAction('changeStatus', Array)
#11 /Users/aleksandr/projects/btf/vendor/laravel/framework/src/Illuminate/Routing/Route.php(266): Illuminate\\Routing\\ControllerDispatcher->dispatch(Object(Illuminate\\Routing\\Route), Object(App\\Http\\Controllers\\Backend\\PostsController), 'changeStatus')
#12 /Users/aleksandr/projects/btf/vendor/laravel/framework/src/Illuminate/Routing/Route.php(212): Illuminate\\Routing\\Route->runController()
#13 /Users/aleksandr/projects/btf/vendor/laravel/framework/src/Illuminate/Routing/Router.php(808): Illuminate\\Routing\\Route->run()
#14 /Users/aleksandr/projects/btf/vendor/laravel/framework/src/Illuminate/Pipeline/Pipeline.php(170): Illuminate\\Routing\\Router->Illuminate\\Routing\\{closure}(Object(Illuminate\\Http\\Request))
#15 /Users/aleksandr/projects/btf/app/Http/Middleware/AdminCheck.php(15): Illuminate\\Pipeline\\Pipeline->Illuminate\\Pipeline\\{closure}(Object(Illuminate\\Http\\Request))
#16 /Users/aleksandr/projects/btf/vendor/laravel/framework/src/Illuminate/Pipeline/Pipeline.php(209): App\\Http\\Middleware\\AdminCheck->handle(Object(Illuminate\\Http\\Request), Object(Closure))
#17 /Users/aleksandr/projects/btf/vendor/barryvdh/laravel-debugbar/src/Middleware/InjectDebugbar.php(66): Illuminate\\Pipeline\\Pipeline->Illuminate\\Pipeline\\{closure}(Object(Illuminate\\Http\\Request))
#18 /Users/aleksandr/projects/btf/vendor/laravel/framework/src/Illuminate/Pipeline/Pipeline.php(209): Barryvdh\\Debugbar\\Middleware\\InjectDebugbar->handle(Object(Illuminate\\Http\\Request), Object(Closure))
#19 /Users/aleksandr/projects/btf/app/Http/Middleware/UserActivity.php(20): Illuminate\\Pipeline\\Pipeline->Illuminate\\Pipeline\\{closure}(Object(Illuminate\\Http\\Request))
#20 /Users/aleksandr/projects/btf/vendor/laravel/framework/src/Illuminate/Pipeline/Pipeline.php(209): App\\Http\\Middleware\\UserActivity->handle(Object(Illuminate\\Http\\Request), Object(Closure))
#21 /Users/aleksandr/projects/btf/app/Http/Middleware/SetLocale.php(51): Illuminate\\Pipeline\\Pipeline->Illuminate\\Pipeline\\{closure}(Object(Illuminate\\Http\\Request))
#22 /Users/aleksandr/projects/btf/vendor/laravel/framework/src/Illuminate/Pipeline/Pipeline.php(209): App\\Http\\Middleware\\SetLocale->handle(Object(Illuminate\\Http\\Request), Object(Closure))
#23 /Users/aleksandr/projects/btf/vendor/erlandmuchasaj/laravel-gzip/src/Middleware/GzipEncodeResponse.php(19): Illuminate\\Pipeline\\Pipeline->Illuminate\\Pipeline\\{closure}(Object(Illuminate\\Http\\Request))
#24 /Users/aleksandr/projects/btf/vendor/laravel/framework/src/Illuminate/Pipeline/Pipeline.php(209): ErlandMuchasaj\\LaravelGzip\\Middleware\\GzipEncodeResponse->handle(Object(Illuminate\\Http\\Request), Object(Closure))
#25 /Users/aleksandr/projects/btf/vendor/laravel/framework/src/Illuminate/Routing/Middleware/SubstituteBindings.php(51): Illuminate\\Pipeline\\Pipeline->Illuminate\\Pipeline\\{closure}(Object(Illuminate\\Http\\Request))
#26 /Users/aleksandr/projects/btf/vendor/laravel/framework/src/Illuminate/Pipeline/Pipeline.php(209): Illuminate\\Routing\\Middleware\\SubstituteBindings->handle(Object(Illuminate\\Http\\Request), Object(Closure))
#27 /Users/aleksandr/projects/btf/vendor/laravel/framework/src/Illuminate/Auth/Middleware/Authenticate.php(64): Illuminate\\Pipeline\\Pipeline->Illuminate\\Pipeline\\{closure}(Object(Illuminate\\Http\\Request))
#28 /Users/aleksandr/projects/btf/vendor/laravel/framework/src/Illuminate/Pipeline/Pipeline.php(209): Illuminate\\Auth\\Middleware\\Authenticate->handle(Object(Illuminate\\Http\\Request), Object(Closure))
#29 /Users/aleksandr/projects/btf/vendor/laravel/framework/src/Illuminate/Foundation/Http/Middleware/VerifyCsrfToken.php(88): Illuminate\\Pipeline\\Pipeline->Illuminate\\Pipeline\\{closure}(Object(Illuminate\\Http\\Request))
#30 /Users/aleksandr/projects/btf/vendor/laravel/framework/src/Illuminate/Pipeline/Pipeline.php(209): Illuminate\\Foundation\\Http\\Middleware\\VerifyCsrfToken->handle(Object(Illuminate\\Http\\Request), Object(Closure))
#31 /Users/aleksandr/projects/btf/vendor/laravel/framework/src/Illuminate/View/Middleware/ShareErrorsFromSession.php(49): Illuminate\\Pipeline\\Pipeline->Illuminate\\Pipeline\\{closure}(Object(Illuminate\\Http\\Request))
#32 /Users/aleksandr/projects/btf/vendor/laravel/framework/src/Illuminate/Pipeline/Pipeline.php(209): Illuminate\\View\\Middleware\\ShareErrorsFromSession->handle(Object(Illuminate\\Http\\Request), Object(Closure))
#33 /Users/aleksandr/projects/btf/vendor/laravel/framework/src/Illuminate/Session/Middleware/StartSession.php(121): Illuminate\\Pipeline\\Pipeline->Illuminate\\Pipeline\\{closure}(Object(Illuminate\\Http\\Request))
#34 /Users/aleksandr/projects/btf/vendor/laravel/framework/src/Illuminate/Session/Middleware/StartSession.php(64): Illuminate\\Session\\Middleware\\StartSession->handleStatefulRequest(Object(Illuminate\\Http\\Request), Object(Illuminate\\Session\\Store), Object(Closure))
#35 /Users/aleksandr/projects/btf/vendor/laravel/framework/src/Illuminate/Pipeline/Pipeline.php(209): Illuminate\\Session\\Middleware\\StartSession->handle(Object(Illuminate\\Http\\Request), Object(Closure))
#36 /Users/aleksandr/projects/btf/vendor/laravel/framework/src/Illuminate/Cookie/Middleware/AddQueuedCookiesToResponse.php(37): Illuminate\\Pipeline\\Pipeline->Illuminate\\Pipeline\\{closure}(Object(Illuminate\\Http\\Request))
#37 /Users/aleksandr/projects/btf/vendor/laravel/framework/src/Illuminate/Pipeline/Pipeline.php(209): Illuminate\\Cookie\\Middleware\\AddQueuedCookiesToResponse->handle(Object(Illuminate\\Http\\Request), Object(Closure))
#38 /Users/aleksandr/projects/btf/vendor/laravel/framework/src/Illuminate/Cookie/Middleware/EncryptCookies.php(75): Illuminate\\Pipeline\\Pipeline->Illuminate\\Pipeline\\{closure}(Object(Illuminate\\Http\\Request))
#39 /Users/aleksandr/projects/btf/vendor/laravel/framework/src/Illuminate/Pipeline/Pipeline.php(209): Illuminate\\Cookie\\Middleware\\EncryptCookies->handle(Object(Illuminate\\Http\\Request), Object(Closure))
#40 /Users/aleksandr/projects/btf/vendor/laravel/framework/src/Illuminate/Pipeline/Pipeline.php(127): Illuminate\\Pipeline\\Pipeline->Illuminate\\Pipeline\\{closure}(Object(Illuminate\\Http\\Request))
#41 /Users/aleksandr/projects/btf/vendor/laravel/framework/src/Illuminate/Routing/Router.php(807): Illuminate\\Pipeline\\Pipeline->then(Object(Closure))
#42 /Users/aleksandr/projects/btf/vendor/laravel/framework/src/Illuminate/Routing/Router.php(786): Illuminate\\Routing\\Router->runRouteWithinStack(Object(Illuminate\\Routing\\Route), Object(Illuminate\\Http\\Request))
#43 /Users/aleksandr/projects/btf/vendor/laravel/framework/src/Illuminate/Routing/Router.php(750): Illuminate\\Routing\\Router->runRoute(Object(Illuminate\\Http\\Request), Object(Illuminate\\Routing\\Route))
#44 /Users/aleksandr/projects/btf/vendor/laravel/framework/src/Illuminate/Routing/Router.php(739): Illuminate\\Routing\\Router->dispatchToRoute(Object(Illuminate\\Http\\Request))
#45 /Users/aleksandr/projects/btf/vendor/laravel/framework/src/Illuminate/Foundation/Http/Kernel.php(201): Illuminate\\Routing\\Router->dispatch(Object(Illuminate\\Http\\Request))
#46 /Users/aleksandr/projects/btf/vendor/laravel/framework/src/Illuminate/Pipeline/Pipeline.php(170): Illuminate\\Foundation\\Http\\Kernel->Illuminate\\Foundation\\Http\\{closure}(Object(Illuminate\\Http\\Request))
#47 /Users/aleksandr/projects/btf/vendor/barryvdh/laravel-debugbar/src/Middleware/InjectDebugbar.php(66): Illuminate\\Pipeline\\Pipeline->Illuminate\\Pipeline\\{closure}(Object(Illuminate\\Http\\Request))
#48 /Users/aleksandr/projects/btf/vendor/laravel/framework/src/Illuminate/Pipeline/Pipeline.php(209): Barryvdh\\Debugbar\\Middleware\\InjectDebugbar->handle(Object(Illuminate\\Http\\Request), Object(Closure))
#49 /Users/aleksandr/projects/btf/vendor/laravel/framework/src/Illuminate/Foundation/Http/Middleware/TransformsRequest.php(21): Illuminate\\Pipeline\\Pipeline->Illuminate\\Pipeline\\{closure}(Object(Illuminate\\Http\\Request))
#50 /Users/aleksandr/projects/btf/vendor/laravel/framework/src/Illuminate/Foundation/Http/Middleware/ConvertEmptyStringsToNull.php(31): Illuminate\\Foundation\\Http\\Middleware\\TransformsRequest->handle(Object(Illuminate\\Http\\Request), Object(Closure))
#51 /Users/aleksandr/projects/btf/vendor/laravel/framework/src/Illuminate/Pipeline/Pipeline.php(209): Illuminate\\Foundation\\Http\\Middleware\\ConvertEmptyStringsToNull->handle(Object(Illuminate\\Http\\Request), Object(Closure))
#52 /Users/aleksandr/projects/btf/vendor/laravel/framework/src/Illuminate/Foundation/Http/Middleware/TransformsRequest.php(21): Illuminate\\Pipeline\\Pipeline->Illuminate\\Pipeline\\{closure}(Object(Illuminate\\Http\\Request))
#53 /Users/aleksandr/projects/btf/vendor/laravel/framework/src/Illuminate/Foundation/Http/Middleware/TrimStrings.php(51): Illuminate\\Foundation\\Http\\Middleware\\TransformsRequest->handle(Object(Illuminate\\Http\\Request), Object(Closure))
#54 /Users/aleksandr/projects/btf/vendor/laravel/framework/src/Illuminate/Pipeline/Pipeline.php(209): Illuminate\\Foundation\\Http\\Middleware\\TrimStrings->handle(Object(Illuminate\\Http\\Request), Object(Closure))
#55 /Users/aleksandr/projects/btf/vendor/laravel/framework/src/Illuminate/Http/Middleware/ValidatePostSize.php(27): Illuminate\\Pipeline\\Pipeline->Illuminate\\Pipeline\\{closure}(Object(Illuminate\\Http\\Request))
#56 /Users/aleksandr/projects/btf/vendor/laravel/framework/src/Illuminate/Pipeline/Pipeline.php(209): Illuminate\\Http\\Middleware\\ValidatePostSize->handle(Object(Illuminate\\Http\\Request), Object(Closure))
#57 /Users/aleksandr/projects/btf/vendor/laravel/framework/src/Illuminate/Foundation/Http/Middleware/PreventRequestsDuringMaintenance.php(110): Illuminate\\Pipeline\\Pipeline->Illuminate\\Pipeline\\{closure}(Object(Illuminate\\Http\\Request))
#58 /Users/aleksandr/projects/btf/vendor/laravel/framework/src/Illuminate/Pipeline/Pipeline.php(209): Illuminate\\Foundation\\Http\\Middleware\\PreventRequestsDuringMaintenance->handle(Object(Illuminate\\Http\\Request), Object(Closure))
#59 /Users/aleksandr/projects/btf/vendor/laravel/framework/src/Illuminate/Http/Middleware/HandleCors.php(62): Illuminate\\Pipeline\\Pipeline->Illuminate\\Pipeline\\{closure}(Object(Illuminate\\Http\\Request))
#60 /Users/aleksandr/projects/btf/vendor/laravel/framework/src/Illuminate/Pipeline/Pipeline.php(209): Illuminate\\Http\\Middleware\\HandleCors->handle(Object(Illuminate\\Http\\Request), Object(Closure))
#61 /Users/aleksandr/projects/btf/vendor/laravel/framework/src/Illuminate/Http/Middleware/TrustProxies.php(58): Illuminate\\Pipeline\\Pipeline->Illuminate\\Pipeline\\{closure}(Object(Illuminate\\Http\\Request))
#62 /Users/aleksandr/projects/btf/vendor/laravel/framework/src/Illuminate/Pipeline/Pipeline.php(209): Illuminate\\Http\\Middleware\\TrustProxies->handle(Object(Illuminate\\Http\\Request), Object(Closure))
#63 /Users/aleksandr/projects/btf/vendor/laravel/framework/src/Illuminate/Pipeline/Pipeline.php(127): Illuminate\\Pipeline\\Pipeline->Illuminate\\Pipeline\\{closure}(Object(Illuminate\\Http\\Request))
#64 /Users/aleksandr/projects/btf/vendor/laravel/framework/src/Illuminate/Foundation/Http/Kernel.php(176): Illuminate\\Pipeline\\Pipeline->then(Object(Closure))
#65 /Users/aleksandr/projects/btf/vendor/laravel/framework/src/Illuminate/Foundation/Http/Kernel.php(145): Illuminate\\Foundation\\Http\\Kernel->sendRequestThroughRouter(Object(Illuminate\\Http\\Request))
#66 /Users/aleksandr/projects/btf/public/index.php(50): Illuminate\\Foundation\\Http\\Kernel->handle(Object(Illuminate\\Http\\Request))
#67 /Users/aleksandr/projects/btf/vendor/laravel/framework/src/Illuminate/Foundation/resources/server.php(23): require_once('/Users/aleksand...')
#68 {main}

[previous exception] [object] (PDOException(code: 23000): SQLSTATE[23000]: Integrity constraint violation: 1048 Column 'status' cannot be null at /Users/aleksandr/projects/btf/vendor/laravel/framework/src/Illuminate/Database/Connection.php:596)
[stacktrace]
#0 /Users/aleksandr/projects/btf/vendor/laravel/framework/src/Illuminate/Database/Connection.php(596): PDOStatement->execute()
#1 /Users/aleksandr/projects/btf/vendor/laravel/framework/src/Illuminate/Database/Connection.php(812): Illuminate\\Database\\Connection->Illuminate\\Database\\{closure}('update `posts` ...', Array)
#2 /Users/aleksandr/projects/btf/vendor/laravel/framework/src/Illuminate/Database/Connection.php(779): Illuminate\\Database\\Connection->runQueryCallback('update `posts` ...', Array, Object(Closure))
#3 /Users/aleksandr/projects/btf/vendor/laravel/framework/src/Illuminate/Database/Connection.php(584): Illuminate\\Database\\Connection->run('update `posts` ...', Array, Object(Closure))
#4 /Users/aleksandr/projects/btf/vendor/laravel/framework/src/Illuminate/Database/Connection.php(536): Illuminate\\Database\\Connection->affectingStatement('update `posts` ...', Array)
#5 /Users/aleksandr/projects/btf/vendor/laravel/framework/src/Illuminate/Database/Query/Builder.php(3830): Illuminate\\Database\\Connection->update('update `posts` ...', Array)
#6 /Users/aleksandr/projects/btf/vendor/laravel/framework/src/Illuminate/Database/Eloquent/Builder.php(1175): Illuminate\\Database\\Query\\Builder->update(Object(Illuminate\\Support\\Collection))
#7 /Users/aleksandr/projects/btf/vendor/laravel/framework/src/Illuminate/Database/Eloquent/Model.php(1239): Illuminate\\Database\\Eloquent\\Builder->update(Array)
#8 /Users/aleksandr/projects/btf/vendor/laravel/framework/src/Illuminate/Database/Eloquent/Model.php(1156): Illuminate\\Database\\Eloquent\\Model->performUpdate(Object(Illuminate\\Database\\Eloquent\\Builder))
#9 /Users/aleksandr/projects/btf/vendor/laravel/framework/src/Illuminate/Database/Eloquent/Model.php(1014): Illuminate\\Database\\Eloquent\\Model->save(Array)
#10 /Users/aleksandr/projects/btf/app/Http/Controllers/Backend/PostsController.php(297): Illuminate\\Database\\Eloquent\\Model->update(Array)
#11 /Users/aleksandr/projects/btf/vendor/laravel/framework/src/Illuminate/Routing/Controller.php(54): App\\Http\\Controllers\\Backend\\PostsController->changeStatus(Object(Illuminate\\Http\\Request), '1')
#12 /Users/aleksandr/projects/btf/vendor/laravel/framework/src/Illuminate/Routing/ControllerDispatcher.php(44): Illuminate\\Routing\\Controller->callAction('changeStatus', Array)
#13 /Users/aleksandr/projects/btf/vendor/laravel/framework/src/Illuminate/Routing/Route.php(266): Illuminate\\Routing\\ControllerDispatcher->dispatch(Object(Illuminate\\Routing\\Route), Object(App\\Http\\Controllers\\Backend\\PostsController), 'changeStatus')
#14 /Users/aleksandr/projects/btf/vendor/laravel/framework/src/Illuminate/Routing/Route.php(212): Illuminate\\Routing\\Route->runController()
#15 /Users/aleksandr/projects/btf/vendor/laravel/framework/src/Illuminate/Routing/Router.php(808): Illuminate\\Routing\\Route->run()
#16 /Users/aleksandr/projects/btf/vendor/laravel/framework/src/Illuminate/Pipeline/Pipeline.php(170): Illuminate\\Routing\\Router->Illuminate\\Routing\\{closure}(Object(Illuminate\\Http\\Request))
#17 /Users/aleksandr/projects/btf/app/Http/Middleware/AdminCheck.php(15): Illuminate\\Pipeline\\Pipeline->Illuminate\\Pipeline\\{closure}(Object(Illuminate\\Http\\Request))
#18 /Users/aleksandr/projects/btf/vendor/laravel/framework/src/Illuminate/Pipeline/Pipeline.php(209): App\\Http\\Middleware\\AdminCheck->handle(Object(Illuminate\\Http\\Request), Object(Closure))
#19 /Users/aleksandr/projects/btf/vendor/barryvdh/laravel-debugbar/src/Middleware/InjectDebugbar.php(66): Illuminate\\Pipeline\\Pipeline->Illuminate\\Pipeline\\{closure}(Object(Illuminate\\Http\\Request))
#20 /Users/aleksandr/projects/btf/vendor/laravel/framework/src/Illuminate/Pipeline/Pipeline.php(209): Barryvdh\\Debugbar\\Middleware\\InjectDebugbar->handle(Object(Illuminate\\Http\\Request), Object(Closure))
#21 /Users/aleksandr/projects/btf/app/Http/Middleware/UserActivity.php(20): Illuminate\\Pipeline\\Pipeline->Illuminate\\Pipeline\\{closure}(Object(Illuminate\\Http\\Request))
#22 /Users/aleksandr/projects/btf/vendor/laravel/framework/src/Illuminate/Pipeline/Pipeline.php(209): App\\Http\\Middleware\\UserActivity->handle(Object(Illuminate\\Http\\Request), Object(Closure))
#23 /Users/aleksandr/projects/btf/app/Http/Middleware/SetLocale.php(51): Illuminate\\Pipeline\\Pipeline->Illuminate\\Pipeline\\{closure}(Object(Illuminate\\Http\\Request))
#24 /Users/aleksandr/projects/btf/vendor/laravel/framework/src/Illuminate/Pipeline/Pipeline.php(209): App\\Http\\Middleware\\SetLocale->handle(Object(Illuminate\\Http\\Request), Object(Closure))
#25 /Users/aleksandr/projects/btf/vendor/erlandmuchasaj/laravel-gzip/src/Middleware/GzipEncodeResponse.php(19): Illuminate\\Pipeline\\Pipeline->Illuminate\\Pipeline\\{closure}(Object(Illuminate\\Http\\Request))
#26 /Users/aleksandr/projects/btf/vendor/laravel/framework/src/Illuminate/Pipeline/Pipeline.php(209): ErlandMuchasaj\\LaravelGzip\\Middleware\\GzipEncodeResponse->handle(Object(Illuminate\\Http\\Request), Object(Closure))
#27 /Users/aleksandr/projects/btf/vendor/laravel/framework/src/Illuminate/Routing/Middleware/SubstituteBindings.php(51): Illuminate\\Pipeline\\Pipeline->Illuminate\\Pipeline\\{closure}(Object(Illuminate\\Http\\Request))
#28 /Users/aleksandr/projects/btf/vendor/laravel/framework/src/Illuminate/Pipeline/Pipeline.php(209): Illuminate\\Routing\\Middleware\\SubstituteBindings->handle(Object(Illuminate\\Http\\Request), Object(Closure))
#29 /Users/aleksandr/projects/btf/vendor/laravel/framework/src/Illuminate/Auth/Middleware/Authenticate.php(64): Illuminate\\Pipeline\\Pipeline->Illuminate\\Pipeline\\{closure}(Object(Illuminate\\Http\\Request))
#30 /Users/aleksandr/projects/btf/vendor/laravel/framework/src/Illuminate/Pipeline/Pipeline.php(209): Illuminate\\Auth\\Middleware\\Authenticate->handle(Object(Illuminate\\Http\\Request), Object(Closure))
#31 /Users/aleksandr/projects/btf/vendor/laravel/framework/src/Illuminate/Foundation/Http/Middleware/VerifyCsrfToken.php(88): Illuminate\\Pipeline\\Pipeline->Illuminate\\Pipeline\\{closure}(Object(Illuminate\\Http\\Request))
#32 /Users/aleksandr/projects/btf/vendor/laravel/framework/src/Illuminate/Pipeline/Pipeline.php(209): Illuminate\\Foundation\\Http\\Middleware\\VerifyCsrfToken->handle(Object(Illuminate\\Http\\Request), Object(Closure))
#33 /Users/aleksandr/projects/btf/vendor/laravel/framework/src/Illuminate/View/Middleware/ShareErrorsFromSession.php(49): Illuminate\\Pipeline\\Pipeline->Illuminate\\Pipeline\\{closure}(Object(Illuminate\\Http\\Request))
#34 /Users/aleksandr/projects/btf/vendor/laravel/framework/src/Illuminate/Pipeline/Pipeline.php(209): Illuminate\\View\\Middleware\\ShareErrorsFromSession->handle(Object(Illuminate\\Http\\Request), Object(Closure))
#35 /Users/aleksandr/projects/btf/vendor/laravel/framework/src/Illuminate/Session/Middleware/StartSession.php(121): Illuminate\\Pipeline\\Pipeline->Illuminate\\Pipeline\\{closure}(Object(Illuminate\\Http\\Request))
#36 /Users/aleksandr/projects/btf/vendor/laravel/framework/src/Illuminate/Session/Middleware/StartSession.php(64): Illuminate\\Session\\Middleware\\StartSession->handleStatefulRequest(Object(Illuminate\\Http\\Request), Object(Illuminate\\Session\\Store), Object(Closure))
#37 /Users/aleksandr/projects/btf/vendor/laravel/framework/src/Illuminate/Pipeline/Pipeline.php(209): Illuminate\\Session\\Middleware\\StartSession->handle(Object(Illuminate\\Http\\Request), Object(Closure))
#38 /Users/aleksandr/projects/btf/vendor/laravel/framework/src/Illuminate/Cookie/Middleware/AddQueuedCookiesToResponse.php(37): Illuminate\\Pipeline\\Pipeline->Illuminate\\Pipeline\\{closure}(Object(Illuminate\\Http\\Request))
#39 /Users/aleksandr/projects/btf/vendor/laravel/framework/src/Illuminate/Pipeline/Pipeline.php(209): Illuminate\\Cookie\\Middleware\\AddQueuedCookiesToResponse->handle(Object(Illuminate\\Http\\Request), Object(Closure))
#40 /Users/aleksandr/projects/btf/vendor/laravel/framework/src/Illuminate/Cookie/Middleware/EncryptCookies.php(75): Illuminate\\Pipeline\\Pipeline->Illuminate\\Pipeline\\{closure}(Object(Illuminate\\Http\\Request))
#41 /Users/aleksandr/projects/btf/vendor/laravel/framework/src/Illuminate/Pipeline/Pipeline.php(209): Illuminate\\Cookie\\Middleware\\EncryptCookies->handle(Object(Illuminate\\Http\\Request), Object(Closure))
#42 /Users/aleksandr/projects/btf/vendor/laravel/framework/src/Illuminate/Pipeline/Pipeline.php(127): Illuminate\\Pipeline\\Pipeline->Illuminate\\Pipeline\\{closure}(Object(Illuminate\\Http\\Request))
#43 /Users/aleksandr/projects/btf/vendor/laravel/framework/src/Illuminate/Routing/Router.php(807): Illuminate\\Pipeline\\Pipeline->then(Object(Closure))
#44 /Users/aleksandr/projects/btf/vendor/laravel/framework/src/Illuminate/Routing/Router.php(786): Illuminate\\Routing\\Router->runRouteWithinStack(Object(Illuminate\\Routing\\Route), Object(Illuminate\\Http\\Request))
#45 /Users/aleksandr/projects/btf/vendor/laravel/framework/src/Illuminate/Routing/Router.php(750): Illuminate\\Routing\\Router->runRoute(Object(Illuminate\\Http\\Request), Object(Illuminate\\Routing\\Route))
#46 /Users/aleksandr/projects/btf/vendor/laravel/framework/src/Illuminate/Routing/Router.php(739): Illuminate\\Routing\\Router->dispatchToRoute(Object(Illuminate\\Http\\Request))
#47 /Users/aleksandr/projects/btf/vendor/laravel/framework/src/Illuminate/Foundation/Http/Kernel.php(201): Illuminate\\Routing\\Router->dispatch(Object(Illuminate\\Http\\Request))
#48 /Users/aleksandr/projects/btf/vendor/laravel/framework/src/Illuminate/Pipeline/Pipeline.php(170): Illuminate\\Foundation\\Http\\Kernel->Illuminate\\Foundation\\Http\\{closure}(Object(Illuminate\\Http\\Request))
#49 /Users/aleksandr/projects/btf/vendor/barryvdh/laravel-debugbar/src/Middleware/InjectDebugbar.php(66): Illuminate\\Pipeline\\Pipeline->Illuminate\\Pipeline\\{closure}(Object(Illuminate\\Http\\Request))
#50 /Users/aleksandr/projects/btf/vendor/laravel/framework/src/Illuminate/Pipeline/Pipeline.php(209): Barryvdh\\Debugbar\\Middleware\\InjectDebugbar->handle(Object(Illuminate\\Http\\Request), Object(Closure))
#51 /Users/aleksandr/projects/btf/vendor/laravel/framework/src/Illuminate/Foundation/Http/Middleware/TransformsRequest.php(21): Illuminate\\Pipeline\\Pipeline->Illuminate\\Pipeline\\{closure}(Object(Illuminate\\Http\\Request))
#52 /Users/aleksandr/projects/btf/vendor/laravel/framework/src/Illuminate/Foundation/Http/Middleware/ConvertEmptyStringsToNull.php(31): Illuminate\\Foundation\\Http\\Middleware\\TransformsRequest->handle(Object(Illuminate\\Http\\Request), Object(Closure))
#53 /Users/aleksandr/projects/btf/vendor/laravel/framework/src/Illuminate/Pipeline/Pipeline.php(209): Illuminate\\Foundation\\Http\\Middleware\\ConvertEmptyStringsToNull->handle(Object(Illuminate\\Http\\Request), Object(Closure))
#54 /Users/aleksandr/projects/btf/vendor/laravel/framework/src/Illuminate/Foundation/Http/Middleware/TransformsRequest.php(21): Illuminate\\Pipeline\\Pipeline->Illuminate\\Pipeline\\{closure}(Object(Illuminate\\Http\\Request))
#55 /Users/aleksandr/projects/btf/vendor/laravel/framework/src/Illuminate/Foundation/Http/Middleware/TrimStrings.php(51): Illuminate\\Foundation\\Http\\Middleware\\TransformsRequest->handle(Object(Illuminate\\Http\\Request), Object(Closure))
#56 /Users/aleksandr/projects/btf/vendor/laravel/framework/src/Illuminate/Pipeline/Pipeline.php(209): Illuminate\\Foundation\\Http\\Middleware\\TrimStrings->handle(Object(Illuminate\\Http\\Request), Object(Closure))
#57 /Users/aleksandr/projects/btf/vendor/laravel/framework/src/Illuminate/Http/Middleware/ValidatePostSize.php(27): Illuminate\\Pipeline\\Pipeline->Illuminate\\Pipeline\\{closure}(Object(Illuminate\\Http\\Request))
#58 /Users/aleksandr/projects/btf/vendor/laravel/framework/src/Illuminate/Pipeline/Pipeline.php(209): Illuminate\\Http\\Middleware\\ValidatePostSize->handle(Object(Illuminate\\Http\\Request), Object(Closure))
#59 /Users/aleksandr/projects/btf/vendor/laravel/framework/src/Illuminate/Foundation/Http/Middleware/PreventRequestsDuringMaintenance.php(110): Illuminate\\Pipeline\\Pipeline->Illuminate\\Pipeline\\{closure}(Object(Illuminate\\Http\\Request))
#60 /Users/aleksandr/projects/btf/vendor/laravel/framework/src/Illuminate/Pipeline/Pipeline.php(209): Illuminate\\Foundation\\Http\\Middleware\\PreventRequestsDuringMaintenance->handle(Object(Illuminate\\Http\\Request), Object(Closure))
#61 /Users/aleksandr/projects/btf/vendor/laravel/framework/src/Illuminate/Http/Middleware/HandleCors.php(62): Illuminate\\Pipeline\\Pipeline->Illuminate\\Pipeline\\{closure}(Object(Illuminate\\Http\\Request))
#62 /Users/aleksandr/projects/btf/vendor/laravel/framework/src/Illuminate/Pipeline/Pipeline.php(209): Illuminate\\Http\\Middleware\\HandleCors->handle(Object(Illuminate\\Http\\Request), Object(Closure))
#63 /Users/aleksandr/projects/btf/vendor/laravel/framework/src/Illuminate/Http/Middleware/TrustProxies.php(58): Illuminate\\Pipeline\\Pipeline->Illuminate\\Pipeline\\{closure}(Object(Illuminate\\Http\\Request))
#64 /Users/aleksandr/projects/btf/vendor/laravel/framework/src/Illuminate/Pipeline/Pipeline.php(209): Illuminate\\Http\\Middleware\\TrustProxies->handle(Object(Illuminate\\Http\\Request), Object(Closure))
#65 /Users/aleksandr/projects/btf/vendor/laravel/framework/src/Illuminate/Pipeline/Pipeline.php(127): Illuminate\\Pipeline\\Pipeline->Illuminate\\Pipeline\\{closure}(Object(Illuminate\\Http\\Request))
#66 /Users/aleksandr/projects/btf/vendor/laravel/framework/src/Illuminate/Foundation/Http/Kernel.php(176): Illuminate\\Pipeline\\Pipeline->then(Object(Closure))
#67 /Users/aleksandr/projects/btf/vendor/laravel/framework/src/Illuminate/Foundation/Http/Kernel.php(145): Illuminate\\Foundation\\Http\\Kernel->sendRequestThroughRouter(Object(Illuminate\\Http\\Request))
#68 /Users/aleksandr/projects/btf/public/index.php(50): Illuminate\\Foundation\\Http\\Kernel->handle(Object(Illuminate\\Http\\Request))
#69 /Users/aleksandr/projects/btf/vendor/laravel/framework/src/Illuminate/Foundation/resources/server.php(23): require_once('/Users/aleksand...')
#70 {main}
"} 
[2025-05-04 09:14:55] production.ERROR: SQLSTATE[23000]: Integrity constraint violation: 1048 Column 'status' cannot be null (Connection: mysql, SQL: update `posts` set `status` = ?, `posts`.`updated_at` = 2025-05-04 09:14:55 where `id` = 1) {"userId":1,"exception":"[object] (Illuminate\\Database\\QueryException(code: 23000): SQLSTATE[23000]: Integrity constraint violation: 1048 Column 'status' cannot be null (Connection: mysql, SQL: update `posts` set `status` = ?, `posts`.`updated_at` = 2025-05-04 09:14:55 where `id` = 1) at /Users/aleksandr/projects/btf/vendor/laravel/framework/src/Illuminate/Database/Connection.php:825)
[stacktrace]
#0 /Users/aleksandr/projects/btf/vendor/laravel/framework/src/Illuminate/Database/Connection.php(779): Illuminate\\Database\\Connection->runQueryCallback('update `posts` ...', Array, Object(Closure))
#1 /Users/aleksandr/projects/btf/vendor/laravel/framework/src/Illuminate/Database/Connection.php(584): Illuminate\\Database\\Connection->run('update `posts` ...', Array, Object(Closure))
#2 /Users/aleksandr/projects/btf/vendor/laravel/framework/src/Illuminate/Database/Connection.php(536): Illuminate\\Database\\Connection->affectingStatement('update `posts` ...', Array)
#3 /Users/aleksandr/projects/btf/vendor/laravel/framework/src/Illuminate/Database/Query/Builder.php(3830): Illuminate\\Database\\Connection->update('update `posts` ...', Array)
#4 /Users/aleksandr/projects/btf/vendor/laravel/framework/src/Illuminate/Database/Eloquent/Builder.php(1175): Illuminate\\Database\\Query\\Builder->update(Object(Illuminate\\Support\\Collection))
#5 /Users/aleksandr/projects/btf/vendor/laravel/framework/src/Illuminate/Database/Eloquent/Model.php(1239): Illuminate\\Database\\Eloquent\\Builder->update(Array)
#6 /Users/aleksandr/projects/btf/vendor/laravel/framework/src/Illuminate/Database/Eloquent/Model.php(1156): Illuminate\\Database\\Eloquent\\Model->performUpdate(Object(Illuminate\\Database\\Eloquent\\Builder))
#7 /Users/aleksandr/projects/btf/vendor/laravel/framework/src/Illuminate/Database/Eloquent/Model.php(1014): Illuminate\\Database\\Eloquent\\Model->save(Array)
#8 /Users/aleksandr/projects/btf/app/Http/Controllers/Backend/PostsController.php(297): Illuminate\\Database\\Eloquent\\Model->update(Array)
#9 /Users/aleksandr/projects/btf/vendor/laravel/framework/src/Illuminate/Routing/Controller.php(54): App\\Http\\Controllers\\Backend\\PostsController->changeStatus(Object(Illuminate\\Http\\Request), '1')
#10 /Users/aleksandr/projects/btf/vendor/laravel/framework/src/Illuminate/Routing/ControllerDispatcher.php(44): Illuminate\\Routing\\Controller->callAction('changeStatus', Array)
#11 /Users/aleksandr/projects/btf/vendor/laravel/framework/src/Illuminate/Routing/Route.php(266): Illuminate\\Routing\\ControllerDispatcher->dispatch(Object(Illuminate\\Routing\\Route), Object(App\\Http\\Controllers\\Backend\\PostsController), 'changeStatus')
#12 /Users/aleksandr/projects/btf/vendor/laravel/framework/src/Illuminate/Routing/Route.php(212): Illuminate\\Routing\\Route->runController()
#13 /Users/aleksandr/projects/btf/vendor/laravel/framework/src/Illuminate/Routing/Router.php(808): Illuminate\\Routing\\Route->run()
#14 /Users/aleksandr/projects/btf/vendor/laravel/framework/src/Illuminate/Pipeline/Pipeline.php(170): Illuminate\\Routing\\Router->Illuminate\\Routing\\{closure}(Object(Illuminate\\Http\\Request))
#15 /Users/aleksandr/projects/btf/app/Http/Middleware/AdminCheck.php(15): Illuminate\\Pipeline\\Pipeline->Illuminate\\Pipeline\\{closure}(Object(Illuminate\\Http\\Request))
#16 /Users/aleksandr/projects/btf/vendor/laravel/framework/src/Illuminate/Pipeline/Pipeline.php(209): App\\Http\\Middleware\\AdminCheck->handle(Object(Illuminate\\Http\\Request), Object(Closure))
#17 /Users/aleksandr/projects/btf/vendor/barryvdh/laravel-debugbar/src/Middleware/InjectDebugbar.php(66): Illuminate\\Pipeline\\Pipeline->Illuminate\\Pipeline\\{closure}(Object(Illuminate\\Http\\Request))
#18 /Users/aleksandr/projects/btf/vendor/laravel/framework/src/Illuminate/Pipeline/Pipeline.php(209): Barryvdh\\Debugbar\\Middleware\\InjectDebugbar->handle(Object(Illuminate\\Http\\Request), Object(Closure))
#19 /Users/aleksandr/projects/btf/app/Http/Middleware/UserActivity.php(20): Illuminate\\Pipeline\\Pipeline->Illuminate\\Pipeline\\{closure}(Object(Illuminate\\Http\\Request))
#20 /Users/aleksandr/projects/btf/vendor/laravel/framework/src/Illuminate/Pipeline/Pipeline.php(209): App\\Http\\Middleware\\UserActivity->handle(Object(Illuminate\\Http\\Request), Object(Closure))
#21 /Users/aleksandr/projects/btf/app/Http/Middleware/SetLocale.php(51): Illuminate\\Pipeline\\Pipeline->Illuminate\\Pipeline\\{closure}(Object(Illuminate\\Http\\Request))
#22 /Users/aleksandr/projects/btf/vendor/laravel/framework/src/Illuminate/Pipeline/Pipeline.php(209): App\\Http\\Middleware\\SetLocale->handle(Object(Illuminate\\Http\\Request), Object(Closure))
#23 /Users/aleksandr/projects/btf/vendor/erlandmuchasaj/laravel-gzip/src/Middleware/GzipEncodeResponse.php(19): Illuminate\\Pipeline\\Pipeline->Illuminate\\Pipeline\\{closure}(Object(Illuminate\\Http\\Request))
#24 /Users/aleksandr/projects/btf/vendor/laravel/framework/src/Illuminate/Pipeline/Pipeline.php(209): ErlandMuchasaj\\LaravelGzip\\Middleware\\GzipEncodeResponse->handle(Object(Illuminate\\Http\\Request), Object(Closure))
#25 /Users/aleksandr/projects/btf/vendor/laravel/framework/src/Illuminate/Routing/Middleware/SubstituteBindings.php(51): Illuminate\\Pipeline\\Pipeline->Illuminate\\Pipeline\\{closure}(Object(Illuminate\\Http\\Request))
#26 /Users/aleksandr/projects/btf/vendor/laravel/framework/src/Illuminate/Pipeline/Pipeline.php(209): Illuminate\\Routing\\Middleware\\SubstituteBindings->handle(Object(Illuminate\\Http\\Request), Object(Closure))
#27 /Users/aleksandr/projects/btf/vendor/laravel/framework/src/Illuminate/Auth/Middleware/Authenticate.php(64): Illuminate\\Pipeline\\Pipeline->Illuminate\\Pipeline\\{closure}(Object(Illuminate\\Http\\Request))
#28 /Users/aleksandr/projects/btf/vendor/laravel/framework/src/Illuminate/Pipeline/Pipeline.php(209): Illuminate\\Auth\\Middleware\\Authenticate->handle(Object(Illuminate\\Http\\Request), Object(Closure))
#29 /Users/aleksandr/projects/btf/vendor/laravel/framework/src/Illuminate/Foundation/Http/Middleware/VerifyCsrfToken.php(88): Illuminate\\Pipeline\\Pipeline->Illuminate\\Pipeline\\{closure}(Object(Illuminate\\Http\\Request))
#30 /Users/aleksandr/projects/btf/vendor/laravel/framework/src/Illuminate/Pipeline/Pipeline.php(209): Illuminate\\Foundation\\Http\\Middleware\\VerifyCsrfToken->handle(Object(Illuminate\\Http\\Request), Object(Closure))
#31 /Users/aleksandr/projects/btf/vendor/laravel/framework/src/Illuminate/View/Middleware/ShareErrorsFromSession.php(49): Illuminate\\Pipeline\\Pipeline->Illuminate\\Pipeline\\{closure}(Object(Illuminate\\Http\\Request))
#32 /Users/aleksandr/projects/btf/vendor/laravel/framework/src/Illuminate/Pipeline/Pipeline.php(209): Illuminate\\View\\Middleware\\ShareErrorsFromSession->handle(Object(Illuminate\\Http\\Request), Object(Closure))
#33 /Users/aleksandr/projects/btf/vendor/laravel/framework/src/Illuminate/Session/Middleware/StartSession.php(121): Illuminate\\Pipeline\\Pipeline->Illuminate\\Pipeline\\{closure}(Object(Illuminate\\Http\\Request))
#34 /Users/aleksandr/projects/btf/vendor/laravel/framework/src/Illuminate/Session/Middleware/StartSession.php(64): Illuminate\\Session\\Middleware\\StartSession->handleStatefulRequest(Object(Illuminate\\Http\\Request), Object(Illuminate\\Session\\Store), Object(Closure))
#35 /Users/aleksandr/projects/btf/vendor/laravel/framework/src/Illuminate/Pipeline/Pipeline.php(209): Illuminate\\Session\\Middleware\\StartSession->handle(Object(Illuminate\\Http\\Request), Object(Closure))
#36 /Users/aleksandr/projects/btf/vendor/laravel/framework/src/Illuminate/Cookie/Middleware/AddQueuedCookiesToResponse.php(37): Illuminate\\Pipeline\\Pipeline->Illuminate\\Pipeline\\{closure}(Object(Illuminate\\Http\\Request))
#37 /Users/aleksandr/projects/btf/vendor/laravel/framework/src/Illuminate/Pipeline/Pipeline.php(209): Illuminate\\Cookie\\Middleware\\AddQueuedCookiesToResponse->handle(Object(Illuminate\\Http\\Request), Object(Closure))
#38 /Users/aleksandr/projects/btf/vendor/laravel/framework/src/Illuminate/Cookie/Middleware/EncryptCookies.php(75): Illuminate\\Pipeline\\Pipeline->Illuminate\\Pipeline\\{closure}(Object(Illuminate\\Http\\Request))
#39 /Users/aleksandr/projects/btf/vendor/laravel/framework/src/Illuminate/Pipeline/Pipeline.php(209): Illuminate\\Cookie\\Middleware\\EncryptCookies->handle(Object(Illuminate\\Http\\Request), Object(Closure))
#40 /Users/aleksandr/projects/btf/vendor/laravel/framework/src/Illuminate/Pipeline/Pipeline.php(127): Illuminate\\Pipeline\\Pipeline->Illuminate\\Pipeline\\{closure}(Object(Illuminate\\Http\\Request))
#41 /Users/aleksandr/projects/btf/vendor/laravel/framework/src/Illuminate/Routing/Router.php(807): Illuminate\\Pipeline\\Pipeline->then(Object(Closure))
#42 /Users/aleksandr/projects/btf/vendor/laravel/framework/src/Illuminate/Routing/Router.php(786): Illuminate\\Routing\\Router->runRouteWithinStack(Object(Illuminate\\Routing\\Route), Object(Illuminate\\Http\\Request))
#43 /Users/aleksandr/projects/btf/vendor/laravel/framework/src/Illuminate/Routing/Router.php(750): Illuminate\\Routing\\Router->runRoute(Object(Illuminate\\Http\\Request), Object(Illuminate\\Routing\\Route))
#44 /Users/aleksandr/projects/btf/vendor/laravel/framework/src/Illuminate/Routing/Router.php(739): Illuminate\\Routing\\Router->dispatchToRoute(Object(Illuminate\\Http\\Request))
#45 /Users/aleksandr/projects/btf/vendor/laravel/framework/src/Illuminate/Foundation/Http/Kernel.php(201): Illuminate\\Routing\\Router->dispatch(Object(Illuminate\\Http\\Request))
#46 /Users/aleksandr/projects/btf/vendor/laravel/framework/src/Illuminate/Pipeline/Pipeline.php(170): Illuminate\\Foundation\\Http\\Kernel->Illuminate\\Foundation\\Http\\{closure}(Object(Illuminate\\Http\\Request))
#47 /Users/aleksandr/projects/btf/vendor/barryvdh/laravel-debugbar/src/Middleware/InjectDebugbar.php(66): Illuminate\\Pipeline\\Pipeline->Illuminate\\Pipeline\\{closure}(Object(Illuminate\\Http\\Request))
#48 /Users/aleksandr/projects/btf/vendor/laravel/framework/src/Illuminate/Pipeline/Pipeline.php(209): Barryvdh\\Debugbar\\Middleware\\InjectDebugbar->handle(Object(Illuminate\\Http\\Request), Object(Closure))
#49 /Users/aleksandr/projects/btf/vendor/laravel/framework/src/Illuminate/Foundation/Http/Middleware/TransformsRequest.php(21): Illuminate\\Pipeline\\Pipeline->Illuminate\\Pipeline\\{closure}(Object(Illuminate\\Http\\Request))
#50 /Users/aleksandr/projects/btf/vendor/laravel/framework/src/Illuminate/Foundation/Http/Middleware/ConvertEmptyStringsToNull.php(31): Illuminate\\Foundation\\Http\\Middleware\\TransformsRequest->handle(Object(Illuminate\\Http\\Request), Object(Closure))
#51 /Users/aleksandr/projects/btf/vendor/laravel/framework/src/Illuminate/Pipeline/Pipeline.php(209): Illuminate\\Foundation\\Http\\Middleware\\ConvertEmptyStringsToNull->handle(Object(Illuminate\\Http\\Request), Object(Closure))
#52 /Users/aleksandr/projects/btf/vendor/laravel/framework/src/Illuminate/Foundation/Http/Middleware/TransformsRequest.php(21): Illuminate\\Pipeline\\Pipeline->Illuminate\\Pipeline\\{closure}(Object(Illuminate\\Http\\Request))
#53 /Users/aleksandr/projects/btf/vendor/laravel/framework/src/Illuminate/Foundation/Http/Middleware/TrimStrings.php(51): Illuminate\\Foundation\\Http\\Middleware\\TransformsRequest->handle(Object(Illuminate\\Http\\Request), Object(Closure))
#54 /Users/aleksandr/projects/btf/vendor/laravel/framework/src/Illuminate/Pipeline/Pipeline.php(209): Illuminate\\Foundation\\Http\\Middleware\\TrimStrings->handle(Object(Illuminate\\Http\\Request), Object(Closure))
#55 /Users/aleksandr/projects/btf/vendor/laravel/framework/src/Illuminate/Http/Middleware/ValidatePostSize.php(27): Illuminate\\Pipeline\\Pipeline->Illuminate\\Pipeline\\{closure}(Object(Illuminate\\Http\\Request))
#56 /Users/aleksandr/projects/btf/vendor/laravel/framework/src/Illuminate/Pipeline/Pipeline.php(209): Illuminate\\Http\\Middleware\\ValidatePostSize->handle(Object(Illuminate\\Http\\Request), Object(Closure))
#57 /Users/aleksandr/projects/btf/vendor/laravel/framework/src/Illuminate/Foundation/Http/Middleware/PreventRequestsDuringMaintenance.php(110): Illuminate\\Pipeline\\Pipeline->Illuminate\\Pipeline\\{closure}(Object(Illuminate\\Http\\Request))
#58 /Users/aleksandr/projects/btf/vendor/laravel/framework/src/Illuminate/Pipeline/Pipeline.php(209): Illuminate\\Foundation\\Http\\Middleware\\PreventRequestsDuringMaintenance->handle(Object(Illuminate\\Http\\Request), Object(Closure))
#59 /Users/aleksandr/projects/btf/vendor/laravel/framework/src/Illuminate/Http/Middleware/HandleCors.php(62): Illuminate\\Pipeline\\Pipeline->Illuminate\\Pipeline\\{closure}(Object(Illuminate\\Http\\Request))
#60 /Users/aleksandr/projects/btf/vendor/laravel/framework/src/Illuminate/Pipeline/Pipeline.php(209): Illuminate\\Http\\Middleware\\HandleCors->handle(Object(Illuminate\\Http\\Request), Object(Closure))
#61 /Users/aleksandr/projects/btf/vendor/laravel/framework/src/Illuminate/Http/Middleware/TrustProxies.php(58): Illuminate\\Pipeline\\Pipeline->Illuminate\\Pipeline\\{closure}(Object(Illuminate\\Http\\Request))
#62 /Users/aleksandr/projects/btf/vendor/laravel/framework/src/Illuminate/Pipeline/Pipeline.php(209): Illuminate\\Http\\Middleware\\TrustProxies->handle(Object(Illuminate\\Http\\Request), Object(Closure))
#63 /Users/aleksandr/projects/btf/vendor/laravel/framework/src/Illuminate/Pipeline/Pipeline.php(127): Illuminate\\Pipeline\\Pipeline->Illuminate\\Pipeline\\{closure}(Object(Illuminate\\Http\\Request))
#64 /Users/aleksandr/projects/btf/vendor/laravel/framework/src/Illuminate/Foundation/Http/Kernel.php(176): Illuminate\\Pipeline\\Pipeline->then(Object(Closure))
#65 /Users/aleksandr/projects/btf/vendor/laravel/framework/src/Illuminate/Foundation/Http/Kernel.php(145): Illuminate\\Foundation\\Http\\Kernel->sendRequestThroughRouter(Object(Illuminate\\Http\\Request))
#66 /Users/aleksandr/projects/btf/public/index.php(50): Illuminate\\Foundation\\Http\\Kernel->handle(Object(Illuminate\\Http\\Request))
#67 /Users/aleksandr/projects/btf/vendor/laravel/framework/src/Illuminate/Foundation/resources/server.php(23): require_once('/Users/aleksand...')
#68 {main}

[previous exception] [object] (PDOException(code: 23000): SQLSTATE[23000]: Integrity constraint violation: 1048 Column 'status' cannot be null at /Users/aleksandr/projects/btf/vendor/laravel/framework/src/Illuminate/Database/Connection.php:596)
[stacktrace]
#0 /Users/aleksandr/projects/btf/vendor/laravel/framework/src/Illuminate/Database/Connection.php(596): PDOStatement->execute()
#1 /Users/aleksandr/projects/btf/vendor/laravel/framework/src/Illuminate/Database/Connection.php(812): Illuminate\\Database\\Connection->Illuminate\\Database\\{closure}('update `posts` ...', Array)
#2 /Users/aleksandr/projects/btf/vendor/laravel/framework/src/Illuminate/Database/Connection.php(779): Illuminate\\Database\\Connection->runQueryCallback('update `posts` ...', Array, Object(Closure))
#3 /Users/aleksandr/projects/btf/vendor/laravel/framework/src/Illuminate/Database/Connection.php(584): Illuminate\\Database\\Connection->run('update `posts` ...', Array, Object(Closure))
#4 /Users/aleksandr/projects/btf/vendor/laravel/framework/src/Illuminate/Database/Connection.php(536): Illuminate\\Database\\Connection->affectingStatement('update `posts` ...', Array)
#5 /Users/aleksandr/projects/btf/vendor/laravel/framework/src/Illuminate/Database/Query/Builder.php(3830): Illuminate\\Database\\Connection->update('update `posts` ...', Array)
#6 /Users/aleksandr/projects/btf/vendor/laravel/framework/src/Illuminate/Database/Eloquent/Builder.php(1175): Illuminate\\Database\\Query\\Builder->update(Object(Illuminate\\Support\\Collection))
#7 /Users/aleksandr/projects/btf/vendor/laravel/framework/src/Illuminate/Database/Eloquent/Model.php(1239): Illuminate\\Database\\Eloquent\\Builder->update(Array)
#8 /Users/aleksandr/projects/btf/vendor/laravel/framework/src/Illuminate/Database/Eloquent/Model.php(1156): Illuminate\\Database\\Eloquent\\Model->performUpdate(Object(Illuminate\\Database\\Eloquent\\Builder))
#9 /Users/aleksandr/projects/btf/vendor/laravel/framework/src/Illuminate/Database/Eloquent/Model.php(1014): Illuminate\\Database\\Eloquent\\Model->save(Array)
#10 /Users/aleksandr/projects/btf/app/Http/Controllers/Backend/PostsController.php(297): Illuminate\\Database\\Eloquent\\Model->update(Array)
#11 /Users/aleksandr/projects/btf/vendor/laravel/framework/src/Illuminate/Routing/Controller.php(54): App\\Http\\Controllers\\Backend\\PostsController->changeStatus(Object(Illuminate\\Http\\Request), '1')
#12 /Users/aleksandr/projects/btf/vendor/laravel/framework/src/Illuminate/Routing/ControllerDispatcher.php(44): Illuminate\\Routing\\Controller->callAction('changeStatus', Array)
#13 /Users/aleksandr/projects/btf/vendor/laravel/framework/src/Illuminate/Routing/Route.php(266): Illuminate\\Routing\\ControllerDispatcher->dispatch(Object(Illuminate\\Routing\\Route), Object(App\\Http\\Controllers\\Backend\\PostsController), 'changeStatus')
#14 /Users/aleksandr/projects/btf/vendor/laravel/framework/src/Illuminate/Routing/Route.php(212): Illuminate\\Routing\\Route->runController()
#15 /Users/aleksandr/projects/btf/vendor/laravel/framework/src/Illuminate/Routing/Router.php(808): Illuminate\\Routing\\Route->run()
#16 /Users/aleksandr/projects/btf/vendor/laravel/framework/src/Illuminate/Pipeline/Pipeline.php(170): Illuminate\\Routing\\Router->Illuminate\\Routing\\{closure}(Object(Illuminate\\Http\\Request))
#17 /Users/aleksandr/projects/btf/app/Http/Middleware/AdminCheck.php(15): Illuminate\\Pipeline\\Pipeline->Illuminate\\Pipeline\\{closure}(Object(Illuminate\\Http\\Request))
#18 /Users/aleksandr/projects/btf/vendor/laravel/framework/src/Illuminate/Pipeline/Pipeline.php(209): App\\Http\\Middleware\\AdminCheck->handle(Object(Illuminate\\Http\\Request), Object(Closure))
#19 /Users/aleksandr/projects/btf/vendor/barryvdh/laravel-debugbar/src/Middleware/InjectDebugbar.php(66): Illuminate\\Pipeline\\Pipeline->Illuminate\\Pipeline\\{closure}(Object(Illuminate\\Http\\Request))
#20 /Users/aleksandr/projects/btf/vendor/laravel/framework/src/Illuminate/Pipeline/Pipeline.php(209): Barryvdh\\Debugbar\\Middleware\\InjectDebugbar->handle(Object(Illuminate\\Http\\Request), Object(Closure))
#21 /Users/aleksandr/projects/btf/app/Http/Middleware/UserActivity.php(20): Illuminate\\Pipeline\\Pipeline->Illuminate\\Pipeline\\{closure}(Object(Illuminate\\Http\\Request))
#22 /Users/aleksandr/projects/btf/vendor/laravel/framework/src/Illuminate/Pipeline/Pipeline.php(209): App\\Http\\Middleware\\UserActivity->handle(Object(Illuminate\\Http\\Request), Object(Closure))
#23 /Users/aleksandr/projects/btf/app/Http/Middleware/SetLocale.php(51): Illuminate\\Pipeline\\Pipeline->Illuminate\\Pipeline\\{closure}(Object(Illuminate\\Http\\Request))
#24 /Users/aleksandr/projects/btf/vendor/laravel/framework/src/Illuminate/Pipeline/Pipeline.php(209): App\\Http\\Middleware\\SetLocale->handle(Object(Illuminate\\Http\\Request), Object(Closure))
#25 /Users/aleksandr/projects/btf/vendor/erlandmuchasaj/laravel-gzip/src/Middleware/GzipEncodeResponse.php(19): Illuminate\\Pipeline\\Pipeline->Illuminate\\Pipeline\\{closure}(Object(Illuminate\\Http\\Request))
#26 /Users/aleksandr/projects/btf/vendor/laravel/framework/src/Illuminate/Pipeline/Pipeline.php(209): ErlandMuchasaj\\LaravelGzip\\Middleware\\GzipEncodeResponse->handle(Object(Illuminate\\Http\\Request), Object(Closure))
#27 /Users/aleksandr/projects/btf/vendor/laravel/framework/src/Illuminate/Routing/Middleware/SubstituteBindings.php(51): Illuminate\\Pipeline\\Pipeline->Illuminate\\Pipeline\\{closure}(Object(Illuminate\\Http\\Request))
#28 /Users/aleksandr/projects/btf/vendor/laravel/framework/src/Illuminate/Pipeline/Pipeline.php(209): Illuminate\\Routing\\Middleware\\SubstituteBindings->handle(Object(Illuminate\\Http\\Request), Object(Closure))
#29 /Users/aleksandr/projects/btf/vendor/laravel/framework/src/Illuminate/Auth/Middleware/Authenticate.php(64): Illuminate\\Pipeline\\Pipeline->Illuminate\\Pipeline\\{closure}(Object(Illuminate\\Http\\Request))
#30 /Users/aleksandr/projects/btf/vendor/laravel/framework/src/Illuminate/Pipeline/Pipeline.php(209): Illuminate\\Auth\\Middleware\\Authenticate->handle(Object(Illuminate\\Http\\Request), Object(Closure))
#31 /Users/aleksandr/projects/btf/vendor/laravel/framework/src/Illuminate/Foundation/Http/Middleware/VerifyCsrfToken.php(88): Illuminate\\Pipeline\\Pipeline->Illuminate\\Pipeline\\{closure}(Object(Illuminate\\Http\\Request))
#32 /Users/aleksandr/projects/btf/vendor/laravel/framework/src/Illuminate/Pipeline/Pipeline.php(209): Illuminate\\Foundation\\Http\\Middleware\\VerifyCsrfToken->handle(Object(Illuminate\\Http\\Request), Object(Closure))
#33 /Users/aleksandr/projects/btf/vendor/laravel/framework/src/Illuminate/View/Middleware/ShareErrorsFromSession.php(49): Illuminate\\Pipeline\\Pipeline->Illuminate\\Pipeline\\{closure}(Object(Illuminate\\Http\\Request))
#34 /Users/aleksandr/projects/btf/vendor/laravel/framework/src/Illuminate/Pipeline/Pipeline.php(209): Illuminate\\View\\Middleware\\ShareErrorsFromSession->handle(Object(Illuminate\\Http\\Request), Object(Closure))
#35 /Users/aleksandr/projects/btf/vendor/laravel/framework/src/Illuminate/Session/Middleware/StartSession.php(121): Illuminate\\Pipeline\\Pipeline->Illuminate\\Pipeline\\{closure}(Object(Illuminate\\Http\\Request))
#36 /Users/aleksandr/projects/btf/vendor/laravel/framework/src/Illuminate/Session/Middleware/StartSession.php(64): Illuminate\\Session\\Middleware\\StartSession->handleStatefulRequest(Object(Illuminate\\Http\\Request), Object(Illuminate\\Session\\Store), Object(Closure))
#37 /Users/aleksandr/projects/btf/vendor/laravel/framework/src/Illuminate/Pipeline/Pipeline.php(209): Illuminate\\Session\\Middleware\\StartSession->handle(Object(Illuminate\\Http\\Request), Object(Closure))
#38 /Users/aleksandr/projects/btf/vendor/laravel/framework/src/Illuminate/Cookie/Middleware/AddQueuedCookiesToResponse.php(37): Illuminate\\Pipeline\\Pipeline->Illuminate\\Pipeline\\{closure}(Object(Illuminate\\Http\\Request))
#39 /Users/aleksandr/projects/btf/vendor/laravel/framework/src/Illuminate/Pipeline/Pipeline.php(209): Illuminate\\Cookie\\Middleware\\AddQueuedCookiesToResponse->handle(Object(Illuminate\\Http\\Request), Object(Closure))
#40 /Users/aleksandr/projects/btf/vendor/laravel/framework/src/Illuminate/Cookie/Middleware/EncryptCookies.php(75): Illuminate\\Pipeline\\Pipeline->Illuminate\\Pipeline\\{closure}(Object(Illuminate\\Http\\Request))
#41 /Users/aleksandr/projects/btf/vendor/laravel/framework/src/Illuminate/Pipeline/Pipeline.php(209): Illuminate\\Cookie\\Middleware\\EncryptCookies->handle(Object(Illuminate\\Http\\Request), Object(Closure))
#42 /Users/aleksandr/projects/btf/vendor/laravel/framework/src/Illuminate/Pipeline/Pipeline.php(127): Illuminate\\Pipeline\\Pipeline->Illuminate\\Pipeline\\{closure}(Object(Illuminate\\Http\\Request))
#43 /Users/aleksandr/projects/btf/vendor/laravel/framework/src/Illuminate/Routing/Router.php(807): Illuminate\\Pipeline\\Pipeline->then(Object(Closure))
#44 /Users/aleksandr/projects/btf/vendor/laravel/framework/src/Illuminate/Routing/Router.php(786): Illuminate\\Routing\\Router->runRouteWithinStack(Object(Illuminate\\Routing\\Route), Object(Illuminate\\Http\\Request))
#45 /Users/aleksandr/projects/btf/vendor/laravel/framework/src/Illuminate/Routing/Router.php(750): Illuminate\\Routing\\Router->runRoute(Object(Illuminate\\Http\\Request), Object(Illuminate\\Routing\\Route))
#46 /Users/aleksandr/projects/btf/vendor/laravel/framework/src/Illuminate/Routing/Router.php(739): Illuminate\\Routing\\Router->dispatchToRoute(Object(Illuminate\\Http\\Request))
#47 /Users/aleksandr/projects/btf/vendor/laravel/framework/src/Illuminate/Foundation/Http/Kernel.php(201): Illuminate\\Routing\\Router->dispatch(Object(Illuminate\\Http\\Request))
#48 /Users/aleksandr/projects/btf/vendor/laravel/framework/src/Illuminate/Pipeline/Pipeline.php(170): Illuminate\\Foundation\\Http\\Kernel->Illuminate\\Foundation\\Http\\{closure}(Object(Illuminate\\Http\\Request))
#49 /Users/aleksandr/projects/btf/vendor/barryvdh/laravel-debugbar/src/Middleware/InjectDebugbar.php(66): Illuminate\\Pipeline\\Pipeline->Illuminate\\Pipeline\\{closure}(Object(Illuminate\\Http\\Request))
#50 /Users/aleksandr/projects/btf/vendor/laravel/framework/src/Illuminate/Pipeline/Pipeline.php(209): Barryvdh\\Debugbar\\Middleware\\InjectDebugbar->handle(Object(Illuminate\\Http\\Request), Object(Closure))
#51 /Users/aleksandr/projects/btf/vendor/laravel/framework/src/Illuminate/Foundation/Http/Middleware/TransformsRequest.php(21): Illuminate\\Pipeline\\Pipeline->Illuminate\\Pipeline\\{closure}(Object(Illuminate\\Http\\Request))
#52 /Users/aleksandr/projects/btf/vendor/laravel/framework/src/Illuminate/Foundation/Http/Middleware/ConvertEmptyStringsToNull.php(31): Illuminate\\Foundation\\Http\\Middleware\\TransformsRequest->handle(Object(Illuminate\\Http\\Request), Object(Closure))
#53 /Users/aleksandr/projects/btf/vendor/laravel/framework/src/Illuminate/Pipeline/Pipeline.php(209): Illuminate\\Foundation\\Http\\Middleware\\ConvertEmptyStringsToNull->handle(Object(Illuminate\\Http\\Request), Object(Closure))
#54 /Users/aleksandr/projects/btf/vendor/laravel/framework/src/Illuminate/Foundation/Http/Middleware/TransformsRequest.php(21): Illuminate\\Pipeline\\Pipeline->Illuminate\\Pipeline\\{closure}(Object(Illuminate\\Http\\Request))
#55 /Users/aleksandr/projects/btf/vendor/laravel/framework/src/Illuminate/Foundation/Http/Middleware/TrimStrings.php(51): Illuminate\\Foundation\\Http\\Middleware\\TransformsRequest->handle(Object(Illuminate\\Http\\Request), Object(Closure))
#56 /Users/aleksandr/projects/btf/vendor/laravel/framework/src/Illuminate/Pipeline/Pipeline.php(209): Illuminate\\Foundation\\Http\\Middleware\\TrimStrings->handle(Object(Illuminate\\Http\\Request), Object(Closure))
#57 /Users/aleksandr/projects/btf/vendor/laravel/framework/src/Illuminate/Http/Middleware/ValidatePostSize.php(27): Illuminate\\Pipeline\\Pipeline->Illuminate\\Pipeline\\{closure}(Object(Illuminate\\Http\\Request))
#58 /Users/aleksandr/projects/btf/vendor/laravel/framework/src/Illuminate/Pipeline/Pipeline.php(209): Illuminate\\Http\\Middleware\\ValidatePostSize->handle(Object(Illuminate\\Http\\Request), Object(Closure))
#59 /Users/aleksandr/projects/btf/vendor/laravel/framework/src/Illuminate/Foundation/Http/Middleware/PreventRequestsDuringMaintenance.php(110): Illuminate\\Pipeline\\Pipeline->Illuminate\\Pipeline\\{closure}(Object(Illuminate\\Http\\Request))
#60 /Users/aleksandr/projects/btf/vendor/laravel/framework/src/Illuminate/Pipeline/Pipeline.php(209): Illuminate\\Foundation\\Http\\Middleware\\PreventRequestsDuringMaintenance->handle(Object(Illuminate\\Http\\Request), Object(Closure))
#61 /Users/aleksandr/projects/btf/vendor/laravel/framework/src/Illuminate/Http/Middleware/HandleCors.php(62): Illuminate\\Pipeline\\Pipeline->Illuminate\\Pipeline\\{closure}(Object(Illuminate\\Http\\Request))
#62 /Users/aleksandr/projects/btf/vendor/laravel/framework/src/Illuminate/Pipeline/Pipeline.php(209): Illuminate\\Http\\Middleware\\HandleCors->handle(Object(Illuminate\\Http\\Request), Object(Closure))
#63 /Users/aleksandr/projects/btf/vendor/laravel/framework/src/Illuminate/Http/Middleware/TrustProxies.php(58): Illuminate\\Pipeline\\Pipeline->Illuminate\\Pipeline\\{closure}(Object(Illuminate\\Http\\Request))
#64 /Users/aleksandr/projects/btf/vendor/laravel/framework/src/Illuminate/Pipeline/Pipeline.php(209): Illuminate\\Http\\Middleware\\TrustProxies->handle(Object(Illuminate\\Http\\Request), Object(Closure))
#65 /Users/aleksandr/projects/btf/vendor/laravel/framework/src/Illuminate/Pipeline/Pipeline.php(127): Illuminate\\Pipeline\\Pipeline->Illuminate\\Pipeline\\{closure}(Object(Illuminate\\Http\\Request))
#66 /Users/aleksandr/projects/btf/vendor/laravel/framework/src/Illuminate/Foundation/Http/Kernel.php(176): Illuminate\\Pipeline\\Pipeline->then(Object(Closure))
#67 /Users/aleksandr/projects/btf/vendor/laravel/framework/src/Illuminate/Foundation/Http/Kernel.php(145): Illuminate\\Foundation\\Http\\Kernel->sendRequestThroughRouter(Object(Illuminate\\Http\\Request))
#68 /Users/aleksandr/projects/btf/public/index.php(50): Illuminate\\Foundation\\Http\\Kernel->handle(Object(Illuminate\\Http\\Request))
#69 /Users/aleksandr/projects/btf/vendor/laravel/framework/src/Illuminate/Foundation/resources/server.php(23): require_once('/Users/aleksand...')
#70 {main}
"} 
[2025-05-04 10:05:11] production.ERROR: Call to undefined relationship [rubrics] on model [App\Models\Post]. {"userId":1,"exception":"[object] (Illuminate\\Database\\Eloquent\\RelationNotFoundException(code: 0): Call to undefined relationship [rubrics] on model [App\\Models\\Post]. at /Users/aleksandr/projects/btf/vendor/laravel/framework/src/Illuminate/Database/Eloquent/RelationNotFoundException.php:35)
[stacktrace]
#0 /Users/aleksandr/projects/btf/vendor/laravel/framework/src/Illuminate/Database/Eloquent/Builder.php(878): Illuminate\\Database\\Eloquent\\RelationNotFoundException::make(Object(App\\Models\\Post), 'rubrics')
#1 /Users/aleksandr/projects/btf/vendor/laravel/framework/src/Illuminate/Database/Eloquent/Relations/Relation.php(120): Illuminate\\Database\\Eloquent\\Builder->Illuminate\\Database\\Eloquent\\{closure}()
#2 /Users/aleksandr/projects/btf/vendor/laravel/framework/src/Illuminate/Database/Eloquent/Builder.php(874): Illuminate\\Database\\Eloquent\\Relations\\Relation::noConstraints(Object(Closure))
#3 /Users/aleksandr/projects/btf/vendor/laravel/framework/src/Illuminate/Database/Eloquent/Builder.php(848): Illuminate\\Database\\Eloquent\\Builder->getRelation('rubrics')
#4 /Users/aleksandr/projects/btf/vendor/laravel/framework/src/Illuminate/Database/Eloquent/Builder.php(828): Illuminate\\Database\\Eloquent\\Builder->eagerLoadRelation(Array, 'rubrics', Object(Closure))
#5 /Users/aleksandr/projects/btf/vendor/laravel/framework/src/Illuminate/Database/Eloquent/Builder.php(794): Illuminate\\Database\\Eloquent\\Builder->eagerLoadRelations(Array)
#6 /Users/aleksandr/projects/btf/vendor/laravel/framework/src/Illuminate/Database/Eloquent/Builder.php(1034): Illuminate\\Database\\Eloquent\\Builder->get(Array)
#7 /Users/aleksandr/projects/btf/app/Http/Controllers/Backend/PostsController.php(37): Illuminate\\Database\\Eloquent\\Builder->paginate(10)
#8 /Users/aleksandr/projects/btf/vendor/laravel/framework/src/Illuminate/Routing/Controller.php(54): App\\Http\\Controllers\\Backend\\PostsController->index()
#9 /Users/aleksandr/projects/btf/vendor/laravel/framework/src/Illuminate/Routing/ControllerDispatcher.php(44): Illuminate\\Routing\\Controller->callAction('index', Array)
#10 /Users/aleksandr/projects/btf/vendor/laravel/framework/src/Illuminate/Routing/Route.php(266): Illuminate\\Routing\\ControllerDispatcher->dispatch(Object(Illuminate\\Routing\\Route), Object(App\\Http\\Controllers\\Backend\\PostsController), 'index')
#11 /Users/aleksandr/projects/btf/vendor/laravel/framework/src/Illuminate/Routing/Route.php(212): Illuminate\\Routing\\Route->runController()
#12 /Users/aleksandr/projects/btf/vendor/laravel/framework/src/Illuminate/Routing/Router.php(808): Illuminate\\Routing\\Route->run()
#13 /Users/aleksandr/projects/btf/vendor/laravel/framework/src/Illuminate/Pipeline/Pipeline.php(170): Illuminate\\Routing\\Router->Illuminate\\Routing\\{closure}(Object(Illuminate\\Http\\Request))
#14 /Users/aleksandr/projects/btf/app/Http/Middleware/AdminCheck.php(15): Illuminate\\Pipeline\\Pipeline->Illuminate\\Pipeline\\{closure}(Object(Illuminate\\Http\\Request))
#15 /Users/aleksandr/projects/btf/vendor/laravel/framework/src/Illuminate/Pipeline/Pipeline.php(209): App\\Http\\Middleware\\AdminCheck->handle(Object(Illuminate\\Http\\Request), Object(Closure))
#16 /Users/aleksandr/projects/btf/vendor/barryvdh/laravel-debugbar/src/Middleware/InjectDebugbar.php(66): Illuminate\\Pipeline\\Pipeline->Illuminate\\Pipeline\\{closure}(Object(Illuminate\\Http\\Request))
#17 /Users/aleksandr/projects/btf/vendor/laravel/framework/src/Illuminate/Pipeline/Pipeline.php(209): Barryvdh\\Debugbar\\Middleware\\InjectDebugbar->handle(Object(Illuminate\\Http\\Request), Object(Closure))
#18 /Users/aleksandr/projects/btf/app/Http/Middleware/UserActivity.php(20): Illuminate\\Pipeline\\Pipeline->Illuminate\\Pipeline\\{closure}(Object(Illuminate\\Http\\Request))
#19 /Users/aleksandr/projects/btf/vendor/laravel/framework/src/Illuminate/Pipeline/Pipeline.php(209): App\\Http\\Middleware\\UserActivity->handle(Object(Illuminate\\Http\\Request), Object(Closure))
#20 /Users/aleksandr/projects/btf/app/Http/Middleware/SetLocale.php(51): Illuminate\\Pipeline\\Pipeline->Illuminate\\Pipeline\\{closure}(Object(Illuminate\\Http\\Request))
#21 /Users/aleksandr/projects/btf/vendor/laravel/framework/src/Illuminate/Pipeline/Pipeline.php(209): App\\Http\\Middleware\\SetLocale->handle(Object(Illuminate\\Http\\Request), Object(Closure))
#22 /Users/aleksandr/projects/btf/vendor/erlandmuchasaj/laravel-gzip/src/Middleware/GzipEncodeResponse.php(19): Illuminate\\Pipeline\\Pipeline->Illuminate\\Pipeline\\{closure}(Object(Illuminate\\Http\\Request))
#23 /Users/aleksandr/projects/btf/vendor/laravel/framework/src/Illuminate/Pipeline/Pipeline.php(209): ErlandMuchasaj\\LaravelGzip\\Middleware\\GzipEncodeResponse->handle(Object(Illuminate\\Http\\Request), Object(Closure))
#24 /Users/aleksandr/projects/btf/vendor/laravel/framework/src/Illuminate/Routing/Middleware/SubstituteBindings.php(51): Illuminate\\Pipeline\\Pipeline->Illuminate\\Pipeline\\{closure}(Object(Illuminate\\Http\\Request))
#25 /Users/aleksandr/projects/btf/vendor/laravel/framework/src/Illuminate/Pipeline/Pipeline.php(209): Illuminate\\Routing\\Middleware\\SubstituteBindings->handle(Object(Illuminate\\Http\\Request), Object(Closure))
#26 /Users/aleksandr/projects/btf/vendor/laravel/framework/src/Illuminate/Auth/Middleware/Authenticate.php(64): Illuminate\\Pipeline\\Pipeline->Illuminate\\Pipeline\\{closure}(Object(Illuminate\\Http\\Request))
#27 /Users/aleksandr/projects/btf/vendor/laravel/framework/src/Illuminate/Pipeline/Pipeline.php(209): Illuminate\\Auth\\Middleware\\Authenticate->handle(Object(Illuminate\\Http\\Request), Object(Closure))
#28 /Users/aleksandr/projects/btf/vendor/laravel/framework/src/Illuminate/Foundation/Http/Middleware/VerifyCsrfToken.php(88): Illuminate\\Pipeline\\Pipeline->Illuminate\\Pipeline\\{closure}(Object(Illuminate\\Http\\Request))
#29 /Users/aleksandr/projects/btf/vendor/laravel/framework/src/Illuminate/Pipeline/Pipeline.php(209): Illuminate\\Foundation\\Http\\Middleware\\VerifyCsrfToken->handle(Object(Illuminate\\Http\\Request), Object(Closure))
#30 /Users/aleksandr/projects/btf/vendor/laravel/framework/src/Illuminate/View/Middleware/ShareErrorsFromSession.php(49): Illuminate\\Pipeline\\Pipeline->Illuminate\\Pipeline\\{closure}(Object(Illuminate\\Http\\Request))
#31 /Users/aleksandr/projects/btf/vendor/laravel/framework/src/Illuminate/Pipeline/Pipeline.php(209): Illuminate\\View\\Middleware\\ShareErrorsFromSession->handle(Object(Illuminate\\Http\\Request), Object(Closure))
#32 /Users/aleksandr/projects/btf/vendor/laravel/framework/src/Illuminate/Session/Middleware/StartSession.php(121): Illuminate\\Pipeline\\Pipeline->Illuminate\\Pipeline\\{closure}(Object(Illuminate\\Http\\Request))
#33 /Users/aleksandr/projects/btf/vendor/laravel/framework/src/Illuminate/Session/Middleware/StartSession.php(64): Illuminate\\Session\\Middleware\\StartSession->handleStatefulRequest(Object(Illuminate\\Http\\Request), Object(Illuminate\\Session\\Store), Object(Closure))
#34 /Users/aleksandr/projects/btf/vendor/laravel/framework/src/Illuminate/Pipeline/Pipeline.php(209): Illuminate\\Session\\Middleware\\StartSession->handle(Object(Illuminate\\Http\\Request), Object(Closure))
#35 /Users/aleksandr/projects/btf/vendor/laravel/framework/src/Illuminate/Cookie/Middleware/AddQueuedCookiesToResponse.php(37): Illuminate\\Pipeline\\Pipeline->Illuminate\\Pipeline\\{closure}(Object(Illuminate\\Http\\Request))
#36 /Users/aleksandr/projects/btf/vendor/laravel/framework/src/Illuminate/Pipeline/Pipeline.php(209): Illuminate\\Cookie\\Middleware\\AddQueuedCookiesToResponse->handle(Object(Illuminate\\Http\\Request), Object(Closure))
#37 /Users/aleksandr/projects/btf/vendor/laravel/framework/src/Illuminate/Cookie/Middleware/EncryptCookies.php(75): Illuminate\\Pipeline\\Pipeline->Illuminate\\Pipeline\\{closure}(Object(Illuminate\\Http\\Request))
#38 /Users/aleksandr/projects/btf/vendor/laravel/framework/src/Illuminate/Pipeline/Pipeline.php(209): Illuminate\\Cookie\\Middleware\\EncryptCookies->handle(Object(Illuminate\\Http\\Request), Object(Closure))
#39 /Users/aleksandr/projects/btf/vendor/laravel/framework/src/Illuminate/Pipeline/Pipeline.php(127): Illuminate\\Pipeline\\Pipeline->Illuminate\\Pipeline\\{closure}(Object(Illuminate\\Http\\Request))
#40 /Users/aleksandr/projects/btf/vendor/laravel/framework/src/Illuminate/Routing/Router.php(807): Illuminate\\Pipeline\\Pipeline->then(Object(Closure))
#41 /Users/aleksandr/projects/btf/vendor/laravel/framework/src/Illuminate/Routing/Router.php(786): Illuminate\\Routing\\Router->runRouteWithinStack(Object(Illuminate\\Routing\\Route), Object(Illuminate\\Http\\Request))
#42 /Users/aleksandr/projects/btf/vendor/laravel/framework/src/Illuminate/Routing/Router.php(750): Illuminate\\Routing\\Router->runRoute(Object(Illuminate\\Http\\Request), Object(Illuminate\\Routing\\Route))
#43 /Users/aleksandr/projects/btf/vendor/laravel/framework/src/Illuminate/Routing/Router.php(739): Illuminate\\Routing\\Router->dispatchToRoute(Object(Illuminate\\Http\\Request))
#44 /Users/aleksandr/projects/btf/vendor/laravel/framework/src/Illuminate/Foundation/Http/Kernel.php(201): Illuminate\\Routing\\Router->dispatch(Object(Illuminate\\Http\\Request))
#45 /Users/aleksandr/projects/btf/vendor/laravel/framework/src/Illuminate/Pipeline/Pipeline.php(170): Illuminate\\Foundation\\Http\\Kernel->Illuminate\\Foundation\\Http\\{closure}(Object(Illuminate\\Http\\Request))
#46 /Users/aleksandr/projects/btf/vendor/barryvdh/laravel-debugbar/src/Middleware/InjectDebugbar.php(66): Illuminate\\Pipeline\\Pipeline->Illuminate\\Pipeline\\{closure}(Object(Illuminate\\Http\\Request))
#47 /Users/aleksandr/projects/btf/vendor/laravel/framework/src/Illuminate/Pipeline/Pipeline.php(209): Barryvdh\\Debugbar\\Middleware\\InjectDebugbar->handle(Object(Illuminate\\Http\\Request), Object(Closure))
#48 /Users/aleksandr/projects/btf/vendor/laravel/framework/src/Illuminate/Foundation/Http/Middleware/TransformsRequest.php(21): Illuminate\\Pipeline\\Pipeline->Illuminate\\Pipeline\\{closure}(Object(Illuminate\\Http\\Request))
#49 /Users/aleksandr/projects/btf/vendor/laravel/framework/src/Illuminate/Foundation/Http/Middleware/ConvertEmptyStringsToNull.php(31): Illuminate\\Foundation\\Http\\Middleware\\TransformsRequest->handle(Object(Illuminate\\Http\\Request), Object(Closure))
#50 /Users/aleksandr/projects/btf/vendor/laravel/framework/src/Illuminate/Pipeline/Pipeline.php(209): Illuminate\\Foundation\\Http\\Middleware\\ConvertEmptyStringsToNull->handle(Object(Illuminate\\Http\\Request), Object(Closure))
#51 /Users/aleksandr/projects/btf/vendor/laravel/framework/src/Illuminate/Foundation/Http/Middleware/TransformsRequest.php(21): Illuminate\\Pipeline\\Pipeline->Illuminate\\Pipeline\\{closure}(Object(Illuminate\\Http\\Request))
#52 /Users/aleksandr/projects/btf/vendor/laravel/framework/src/Illuminate/Foundation/Http/Middleware/TrimStrings.php(51): Illuminate\\Foundation\\Http\\Middleware\\TransformsRequest->handle(Object(Illuminate\\Http\\Request), Object(Closure))
#53 /Users/aleksandr/projects/btf/vendor/laravel/framework/src/Illuminate/Pipeline/Pipeline.php(209): Illuminate\\Foundation\\Http\\Middleware\\TrimStrings->handle(Object(Illuminate\\Http\\Request), Object(Closure))
#54 /Users/aleksandr/projects/btf/vendor/laravel/framework/src/Illuminate/Http/Middleware/ValidatePostSize.php(27): Illuminate\\Pipeline\\Pipeline->Illuminate\\Pipeline\\{closure}(Object(Illuminate\\Http\\Request))
#55 /Users/aleksandr/projects/btf/vendor/laravel/framework/src/Illuminate/Pipeline/Pipeline.php(209): Illuminate\\Http\\Middleware\\ValidatePostSize->handle(Object(Illuminate\\Http\\Request), Object(Closure))
#56 /Users/aleksandr/projects/btf/vendor/laravel/framework/src/Illuminate/Foundation/Http/Middleware/PreventRequestsDuringMaintenance.php(110): Illuminate\\Pipeline\\Pipeline->Illuminate\\Pipeline\\{closure}(Object(Illuminate\\Http\\Request))
#57 /Users/aleksandr/projects/btf/vendor/laravel/framework/src/Illuminate/Pipeline/Pipeline.php(209): Illuminate\\Foundation\\Http\\Middleware\\PreventRequestsDuringMaintenance->handle(Object(Illuminate\\Http\\Request), Object(Closure))
#58 /Users/aleksandr/projects/btf/vendor/laravel/framework/src/Illuminate/Http/Middleware/HandleCors.php(62): Illuminate\\Pipeline\\Pipeline->Illuminate\\Pipeline\\{closure}(Object(Illuminate\\Http\\Request))
#59 /Users/aleksandr/projects/btf/vendor/laravel/framework/src/Illuminate/Pipeline/Pipeline.php(209): Illuminate\\Http\\Middleware\\HandleCors->handle(Object(Illuminate\\Http\\Request), Object(Closure))
#60 /Users/aleksandr/projects/btf/vendor/laravel/framework/src/Illuminate/Http/Middleware/TrustProxies.php(58): Illuminate\\Pipeline\\Pipeline->Illuminate\\Pipeline\\{closure}(Object(Illuminate\\Http\\Request))
#61 /Users/aleksandr/projects/btf/vendor/laravel/framework/src/Illuminate/Pipeline/Pipeline.php(209): Illuminate\\Http\\Middleware\\TrustProxies->handle(Object(Illuminate\\Http\\Request), Object(Closure))
#62 /Users/aleksandr/projects/btf/vendor/laravel/framework/src/Illuminate/Pipeline/Pipeline.php(127): Illuminate\\Pipeline\\Pipeline->Illuminate\\Pipeline\\{closure}(Object(Illuminate\\Http\\Request))
#63 /Users/aleksandr/projects/btf/vendor/laravel/framework/src/Illuminate/Foundation/Http/Kernel.php(176): Illuminate\\Pipeline\\Pipeline->then(Object(Closure))
#64 /Users/aleksandr/projects/btf/vendor/laravel/framework/src/Illuminate/Foundation/Http/Kernel.php(145): Illuminate\\Foundation\\Http\\Kernel->sendRequestThroughRouter(Object(Illuminate\\Http\\Request))
#65 /Users/aleksandr/projects/btf/public/index.php(50): Illuminate\\Foundation\\Http\\Kernel->handle(Object(Illuminate\\Http\\Request))
#66 /Users/aleksandr/projects/btf/vendor/laravel/framework/src/Illuminate/Foundation/resources/server.php(23): require_once('/Users/aleksand...')
#67 {main}
"} 
[2025-05-04 11:31:44] production.ERROR: Call to undefined relationship [name] on model [App\Models\User]. {"userId":1,"exception":"[object] (Illuminate\\Database\\Eloquent\\RelationNotFoundException(code: 0): Call to undefined relationship [name] on model [App\\Models\\User]. at /Users/aleksandr/projects/btf/vendor/laravel/framework/src/Illuminate/Database/Eloquent/RelationNotFoundException.php:35)
[stacktrace]
#0 /Users/aleksandr/projects/btf/vendor/laravel/framework/src/Illuminate/Database/Eloquent/Builder.php(878): Illuminate\\Database\\Eloquent\\RelationNotFoundException::make(Object(App\\Models\\User), 'name')
#1 /Users/aleksandr/projects/btf/vendor/laravel/framework/src/Illuminate/Database/Eloquent/Relations/Relation.php(120): Illuminate\\Database\\Eloquent\\Builder->Illuminate\\Database\\Eloquent\\{closure}()
#2 /Users/aleksandr/projects/btf/vendor/laravel/framework/src/Illuminate/Database/Eloquent/Builder.php(874): Illuminate\\Database\\Eloquent\\Relations\\Relation::noConstraints(Object(Closure))
#3 /Users/aleksandr/projects/btf/vendor/laravel/framework/src/Illuminate/Database/Eloquent/Builder.php(848): Illuminate\\Database\\Eloquent\\Builder->getRelation('name')
#4 /Users/aleksandr/projects/btf/vendor/laravel/framework/src/Illuminate/Database/Eloquent/Builder.php(828): Illuminate\\Database\\Eloquent\\Builder->eagerLoadRelation(Array, 'name', Object(Closure))
#5 /Users/aleksandr/projects/btf/vendor/laravel/framework/src/Illuminate/Database/Eloquent/Builder.php(794): Illuminate\\Database\\Eloquent\\Builder->eagerLoadRelations(Array)
#6 /Users/aleksandr/projects/btf/vendor/laravel/framework/src/Illuminate/Database/Eloquent/Relations/Relation.php(213): Illuminate\\Database\\Eloquent\\Builder->get(Array)
#7 /Users/aleksandr/projects/btf/vendor/laravel/framework/src/Illuminate/Database/Eloquent/Relations/Relation.php(176): Illuminate\\Database\\Eloquent\\Relations\\Relation->get()
#8 /Users/aleksandr/projects/btf/vendor/laravel/framework/src/Illuminate/Database/Eloquent/Builder.php(859): Illuminate\\Database\\Eloquent\\Relations\\Relation->getEager()
#9 /Users/aleksandr/projects/btf/vendor/laravel/framework/src/Illuminate/Database/Eloquent/Builder.php(828): Illuminate\\Database\\Eloquent\\Builder->eagerLoadRelation(Array, 'author', Object(Closure))
#10 /Users/aleksandr/projects/btf/vendor/laravel/framework/src/Illuminate/Database/Eloquent/Builder.php(794): Illuminate\\Database\\Eloquent\\Builder->eagerLoadRelations(Array)
#11 /Users/aleksandr/projects/btf/vendor/laravel/framework/src/Illuminate/Database/Eloquent/Builder.php(1034): Illuminate\\Database\\Eloquent\\Builder->get(Array)
#12 /Users/aleksandr/projects/btf/app/Http/Controllers/Backend/PostsController.php(37): Illuminate\\Database\\Eloquent\\Builder->paginate(10)
#13 /Users/aleksandr/projects/btf/vendor/laravel/framework/src/Illuminate/Routing/Controller.php(54): App\\Http\\Controllers\\Backend\\PostsController->index()
#14 /Users/aleksandr/projects/btf/vendor/laravel/framework/src/Illuminate/Routing/ControllerDispatcher.php(44): Illuminate\\Routing\\Controller->callAction('index', Array)
#15 /Users/aleksandr/projects/btf/vendor/laravel/framework/src/Illuminate/Routing/Route.php(266): Illuminate\\Routing\\ControllerDispatcher->dispatch(Object(Illuminate\\Routing\\Route), Object(App\\Http\\Controllers\\Backend\\PostsController), 'index')
#16 /Users/aleksandr/projects/btf/vendor/laravel/framework/src/Illuminate/Routing/Route.php(212): Illuminate\\Routing\\Route->runController()
#17 /Users/aleksandr/projects/btf/vendor/laravel/framework/src/Illuminate/Routing/Router.php(808): Illuminate\\Routing\\Route->run()
#18 /Users/aleksandr/projects/btf/vendor/laravel/framework/src/Illuminate/Pipeline/Pipeline.php(170): Illuminate\\Routing\\Router->Illuminate\\Routing\\{closure}(Object(Illuminate\\Http\\Request))
#19 /Users/aleksandr/projects/btf/app/Http/Middleware/AdminCheck.php(15): Illuminate\\Pipeline\\Pipeline->Illuminate\\Pipeline\\{closure}(Object(Illuminate\\Http\\Request))
#20 /Users/aleksandr/projects/btf/vendor/laravel/framework/src/Illuminate/Pipeline/Pipeline.php(209): App\\Http\\Middleware\\AdminCheck->handle(Object(Illuminate\\Http\\Request), Object(Closure))
#21 /Users/aleksandr/projects/btf/vendor/barryvdh/laravel-debugbar/src/Middleware/InjectDebugbar.php(66): Illuminate\\Pipeline\\Pipeline->Illuminate\\Pipeline\\{closure}(Object(Illuminate\\Http\\Request))
#22 /Users/aleksandr/projects/btf/vendor/laravel/framework/src/Illuminate/Pipeline/Pipeline.php(209): Barryvdh\\Debugbar\\Middleware\\InjectDebugbar->handle(Object(Illuminate\\Http\\Request), Object(Closure))
#23 /Users/aleksandr/projects/btf/app/Http/Middleware/UserActivity.php(20): Illuminate\\Pipeline\\Pipeline->Illuminate\\Pipeline\\{closure}(Object(Illuminate\\Http\\Request))
#24 /Users/aleksandr/projects/btf/vendor/laravel/framework/src/Illuminate/Pipeline/Pipeline.php(209): App\\Http\\Middleware\\UserActivity->handle(Object(Illuminate\\Http\\Request), Object(Closure))
#25 /Users/aleksandr/projects/btf/app/Http/Middleware/SetLocale.php(51): Illuminate\\Pipeline\\Pipeline->Illuminate\\Pipeline\\{closure}(Object(Illuminate\\Http\\Request))
#26 /Users/aleksandr/projects/btf/vendor/laravel/framework/src/Illuminate/Pipeline/Pipeline.php(209): App\\Http\\Middleware\\SetLocale->handle(Object(Illuminate\\Http\\Request), Object(Closure))
#27 /Users/aleksandr/projects/btf/vendor/erlandmuchasaj/laravel-gzip/src/Middleware/GzipEncodeResponse.php(19): Illuminate\\Pipeline\\Pipeline->Illuminate\\Pipeline\\{closure}(Object(Illuminate\\Http\\Request))
#28 /Users/aleksandr/projects/btf/vendor/laravel/framework/src/Illuminate/Pipeline/Pipeline.php(209): ErlandMuchasaj\\LaravelGzip\\Middleware\\GzipEncodeResponse->handle(Object(Illuminate\\Http\\Request), Object(Closure))
#29 /Users/aleksandr/projects/btf/vendor/laravel/framework/src/Illuminate/Routing/Middleware/SubstituteBindings.php(51): Illuminate\\Pipeline\\Pipeline->Illuminate\\Pipeline\\{closure}(Object(Illuminate\\Http\\Request))
#30 /Users/aleksandr/projects/btf/vendor/laravel/framework/src/Illuminate/Pipeline/Pipeline.php(209): Illuminate\\Routing\\Middleware\\SubstituteBindings->handle(Object(Illuminate\\Http\\Request), Object(Closure))
#31 /Users/aleksandr/projects/btf/vendor/laravel/framework/src/Illuminate/Auth/Middleware/Authenticate.php(64): Illuminate\\Pipeline\\Pipeline->Illuminate\\Pipeline\\{closure}(Object(Illuminate\\Http\\Request))
#32 /Users/aleksandr/projects/btf/vendor/laravel/framework/src/Illuminate/Pipeline/Pipeline.php(209): Illuminate\\Auth\\Middleware\\Authenticate->handle(Object(Illuminate\\Http\\Request), Object(Closure))
#33 /Users/aleksandr/projects/btf/vendor/laravel/framework/src/Illuminate/Foundation/Http/Middleware/VerifyCsrfToken.php(88): Illuminate\\Pipeline\\Pipeline->Illuminate\\Pipeline\\{closure}(Object(Illuminate\\Http\\Request))
#34 /Users/aleksandr/projects/btf/vendor/laravel/framework/src/Illuminate/Pipeline/Pipeline.php(209): Illuminate\\Foundation\\Http\\Middleware\\VerifyCsrfToken->handle(Object(Illuminate\\Http\\Request), Object(Closure))
#35 /Users/aleksandr/projects/btf/vendor/laravel/framework/src/Illuminate/View/Middleware/ShareErrorsFromSession.php(49): Illuminate\\Pipeline\\Pipeline->Illuminate\\Pipeline\\{closure}(Object(Illuminate\\Http\\Request))
#36 /Users/aleksandr/projects/btf/vendor/laravel/framework/src/Illuminate/Pipeline/Pipeline.php(209): Illuminate\\View\\Middleware\\ShareErrorsFromSession->handle(Object(Illuminate\\Http\\Request), Object(Closure))
#37 /Users/aleksandr/projects/btf/vendor/laravel/framework/src/Illuminate/Session/Middleware/StartSession.php(121): Illuminate\\Pipeline\\Pipeline->Illuminate\\Pipeline\\{closure}(Object(Illuminate\\Http\\Request))
#38 /Users/aleksandr/projects/btf/vendor/laravel/framework/src/Illuminate/Session/Middleware/StartSession.php(64): Illuminate\\Session\\Middleware\\StartSession->handleStatefulRequest(Object(Illuminate\\Http\\Request), Object(Illuminate\\Session\\Store), Object(Closure))
#39 /Users/aleksandr/projects/btf/vendor/laravel/framework/src/Illuminate/Pipeline/Pipeline.php(209): Illuminate\\Session\\Middleware\\StartSession->handle(Object(Illuminate\\Http\\Request), Object(Closure))
#40 /Users/aleksandr/projects/btf/vendor/laravel/framework/src/Illuminate/Cookie/Middleware/AddQueuedCookiesToResponse.php(37): Illuminate\\Pipeline\\Pipeline->Illuminate\\Pipeline\\{closure}(Object(Illuminate\\Http\\Request))
#41 /Users/aleksandr/projects/btf/vendor/laravel/framework/src/Illuminate/Pipeline/Pipeline.php(209): Illuminate\\Cookie\\Middleware\\AddQueuedCookiesToResponse->handle(Object(Illuminate\\Http\\Request), Object(Closure))
#42 /Users/aleksandr/projects/btf/vendor/laravel/framework/src/Illuminate/Cookie/Middleware/EncryptCookies.php(75): Illuminate\\Pipeline\\Pipeline->Illuminate\\Pipeline\\{closure}(Object(Illuminate\\Http\\Request))
#43 /Users/aleksandr/projects/btf/vendor/laravel/framework/src/Illuminate/Pipeline/Pipeline.php(209): Illuminate\\Cookie\\Middleware\\EncryptCookies->handle(Object(Illuminate\\Http\\Request), Object(Closure))
#44 /Users/aleksandr/projects/btf/vendor/laravel/framework/src/Illuminate/Pipeline/Pipeline.php(127): Illuminate\\Pipeline\\Pipeline->Illuminate\\Pipeline\\{closure}(Object(Illuminate\\Http\\Request))
#45 /Users/aleksandr/projects/btf/vendor/laravel/framework/src/Illuminate/Routing/Router.php(807): Illuminate\\Pipeline\\Pipeline->then(Object(Closure))
#46 /Users/aleksandr/projects/btf/vendor/laravel/framework/src/Illuminate/Routing/Router.php(786): Illuminate\\Routing\\Router->runRouteWithinStack(Object(Illuminate\\Routing\\Route), Object(Illuminate\\Http\\Request))
#47 /Users/aleksandr/projects/btf/vendor/laravel/framework/src/Illuminate/Routing/Router.php(750): Illuminate\\Routing\\Router->runRoute(Object(Illuminate\\Http\\Request), Object(Illuminate\\Routing\\Route))
#48 /Users/aleksandr/projects/btf/vendor/laravel/framework/src/Illuminate/Routing/Router.php(739): Illuminate\\Routing\\Router->dispatchToRoute(Object(Illuminate\\Http\\Request))
#49 /Users/aleksandr/projects/btf/vendor/laravel/framework/src/Illuminate/Foundation/Http/Kernel.php(201): Illuminate\\Routing\\Router->dispatch(Object(Illuminate\\Http\\Request))
#50 /Users/aleksandr/projects/btf/vendor/laravel/framework/src/Illuminate/Pipeline/Pipeline.php(170): Illuminate\\Foundation\\Http\\Kernel->Illuminate\\Foundation\\Http\\{closure}(Object(Illuminate\\Http\\Request))
#51 /Users/aleksandr/projects/btf/vendor/barryvdh/laravel-debugbar/src/Middleware/InjectDebugbar.php(66): Illuminate\\Pipeline\\Pipeline->Illuminate\\Pipeline\\{closure}(Object(Illuminate\\Http\\Request))
#52 /Users/aleksandr/projects/btf/vendor/laravel/framework/src/Illuminate/Pipeline/Pipeline.php(209): Barryvdh\\Debugbar\\Middleware\\InjectDebugbar->handle(Object(Illuminate\\Http\\Request), Object(Closure))
#53 /Users/aleksandr/projects/btf/vendor/laravel/framework/src/Illuminate/Foundation/Http/Middleware/TransformsRequest.php(21): Illuminate\\Pipeline\\Pipeline->Illuminate\\Pipeline\\{closure}(Object(Illuminate\\Http\\Request))
#54 /Users/aleksandr/projects/btf/vendor/laravel/framework/src/Illuminate/Foundation/Http/Middleware/ConvertEmptyStringsToNull.php(31): Illuminate\\Foundation\\Http\\Middleware\\TransformsRequest->handle(Object(Illuminate\\Http\\Request), Object(Closure))
#55 /Users/aleksandr/projects/btf/vendor/laravel/framework/src/Illuminate/Pipeline/Pipeline.php(209): Illuminate\\Foundation\\Http\\Middleware\\ConvertEmptyStringsToNull->handle(Object(Illuminate\\Http\\Request), Object(Closure))
#56 /Users/aleksandr/projects/btf/vendor/laravel/framework/src/Illuminate/Foundation/Http/Middleware/TransformsRequest.php(21): Illuminate\\Pipeline\\Pipeline->Illuminate\\Pipeline\\{closure}(Object(Illuminate\\Http\\Request))
#57 /Users/aleksandr/projects/btf/vendor/laravel/framework/src/Illuminate/Foundation/Http/Middleware/TrimStrings.php(51): Illuminate\\Foundation\\Http\\Middleware\\TransformsRequest->handle(Object(Illuminate\\Http\\Request), Object(Closure))
#58 /Users/aleksandr/projects/btf/vendor/laravel/framework/src/Illuminate/Pipeline/Pipeline.php(209): Illuminate\\Foundation\\Http\\Middleware\\TrimStrings->handle(Object(Illuminate\\Http\\Request), Object(Closure))
#59 /Users/aleksandr/projects/btf/vendor/laravel/framework/src/Illuminate/Http/Middleware/ValidatePostSize.php(27): Illuminate\\Pipeline\\Pipeline->Illuminate\\Pipeline\\{closure}(Object(Illuminate\\Http\\Request))
#60 /Users/aleksandr/projects/btf/vendor/laravel/framework/src/Illuminate/Pipeline/Pipeline.php(209): Illuminate\\Http\\Middleware\\ValidatePostSize->handle(Object(Illuminate\\Http\\Request), Object(Closure))
#61 /Users/aleksandr/projects/btf/vendor/laravel/framework/src/Illuminate/Foundation/Http/Middleware/PreventRequestsDuringMaintenance.php(110): Illuminate\\Pipeline\\Pipeline->Illuminate\\Pipeline\\{closure}(Object(Illuminate\\Http\\Request))
#62 /Users/aleksandr/projects/btf/vendor/laravel/framework/src/Illuminate/Pipeline/Pipeline.php(209): Illuminate\\Foundation\\Http\\Middleware\\PreventRequestsDuringMaintenance->handle(Object(Illuminate\\Http\\Request), Object(Closure))
#63 /Users/aleksandr/projects/btf/vendor/laravel/framework/src/Illuminate/Http/Middleware/HandleCors.php(62): Illuminate\\Pipeline\\Pipeline->Illuminate\\Pipeline\\{closure}(Object(Illuminate\\Http\\Request))
#64 /Users/aleksandr/projects/btf/vendor/laravel/framework/src/Illuminate/Pipeline/Pipeline.php(209): Illuminate\\Http\\Middleware\\HandleCors->handle(Object(Illuminate\\Http\\Request), Object(Closure))
#65 /Users/aleksandr/projects/btf/vendor/laravel/framework/src/Illuminate/Http/Middleware/TrustProxies.php(58): Illuminate\\Pipeline\\Pipeline->Illuminate\\Pipeline\\{closure}(Object(Illuminate\\Http\\Request))
#66 /Users/aleksandr/projects/btf/vendor/laravel/framework/src/Illuminate/Pipeline/Pipeline.php(209): Illuminate\\Http\\Middleware\\TrustProxies->handle(Object(Illuminate\\Http\\Request), Object(Closure))
#67 /Users/aleksandr/projects/btf/vendor/laravel/framework/src/Illuminate/Pipeline/Pipeline.php(127): Illuminate\\Pipeline\\Pipeline->Illuminate\\Pipeline\\{closure}(Object(Illuminate\\Http\\Request))
#68 /Users/aleksandr/projects/btf/vendor/laravel/framework/src/Illuminate/Foundation/Http/Kernel.php(176): Illuminate\\Pipeline\\Pipeline->then(Object(Closure))
#69 /Users/aleksandr/projects/btf/vendor/laravel/framework/src/Illuminate/Foundation/Http/Kernel.php(145): Illuminate\\Foundation\\Http\\Kernel->sendRequestThroughRouter(Object(Illuminate\\Http\\Request))
#70 /Users/aleksandr/projects/btf/public/index.php(50): Illuminate\\Foundation\\Http\\Kernel->handle(Object(Illuminate\\Http\\Request))
#71 /Users/aleksandr/projects/btf/vendor/laravel/framework/src/Illuminate/Foundation/resources/server.php(23): require_once('/Users/aleksand...')
#72 {main}
"} 
[2025-05-04 15:03:59] production.ERROR: Call to a member function getClientOriginalExtension() on null {"userId":1,"exception":"[object] (Error(code: 0): Call to a member function getClientOriginalExtension() on null at /Users/aleksandr/projects/btf/app/Http/Controllers/Backend/PostsController.php:98)
[stacktrace]
#0 /Users/aleksandr/projects/btf/vendor/laravel/framework/src/Illuminate/Routing/Controller.php(54): App\\Http\\Controllers\\Backend\\PostsController->store(Object(Illuminate\\Http\\Request))
#1 /Users/aleksandr/projects/btf/vendor/laravel/framework/src/Illuminate/Routing/ControllerDispatcher.php(44): Illuminate\\Routing\\Controller->callAction('store', Array)
#2 /Users/aleksandr/projects/btf/vendor/laravel/framework/src/Illuminate/Routing/Route.php(266): Illuminate\\Routing\\ControllerDispatcher->dispatch(Object(Illuminate\\Routing\\Route), Object(App\\Http\\Controllers\\Backend\\PostsController), 'store')
#3 /Users/aleksandr/projects/btf/vendor/laravel/framework/src/Illuminate/Routing/Route.php(212): Illuminate\\Routing\\Route->runController()
#4 /Users/aleksandr/projects/btf/vendor/laravel/framework/src/Illuminate/Routing/Router.php(808): Illuminate\\Routing\\Route->run()
#5 /Users/aleksandr/projects/btf/vendor/laravel/framework/src/Illuminate/Pipeline/Pipeline.php(170): Illuminate\\Routing\\Router->Illuminate\\Routing\\{closure}(Object(Illuminate\\Http\\Request))
#6 /Users/aleksandr/projects/btf/app/Http/Middleware/AdminCheck.php(15): Illuminate\\Pipeline\\Pipeline->Illuminate\\Pipeline\\{closure}(Object(Illuminate\\Http\\Request))
#7 /Users/aleksandr/projects/btf/vendor/laravel/framework/src/Illuminate/Pipeline/Pipeline.php(209): App\\Http\\Middleware\\AdminCheck->handle(Object(Illuminate\\Http\\Request), Object(Closure))
#8 /Users/aleksandr/projects/btf/vendor/barryvdh/laravel-debugbar/src/Middleware/InjectDebugbar.php(66): Illuminate\\Pipeline\\Pipeline->Illuminate\\Pipeline\\{closure}(Object(Illuminate\\Http\\Request))
#9 /Users/aleksandr/projects/btf/vendor/laravel/framework/src/Illuminate/Pipeline/Pipeline.php(209): Barryvdh\\Debugbar\\Middleware\\InjectDebugbar->handle(Object(Illuminate\\Http\\Request), Object(Closure))
#10 /Users/aleksandr/projects/btf/app/Http/Middleware/UserActivity.php(20): Illuminate\\Pipeline\\Pipeline->Illuminate\\Pipeline\\{closure}(Object(Illuminate\\Http\\Request))
#11 /Users/aleksandr/projects/btf/vendor/laravel/framework/src/Illuminate/Pipeline/Pipeline.php(209): App\\Http\\Middleware\\UserActivity->handle(Object(Illuminate\\Http\\Request), Object(Closure))
#12 /Users/aleksandr/projects/btf/app/Http/Middleware/SetLocale.php(51): Illuminate\\Pipeline\\Pipeline->Illuminate\\Pipeline\\{closure}(Object(Illuminate\\Http\\Request))
#13 /Users/aleksandr/projects/btf/vendor/laravel/framework/src/Illuminate/Pipeline/Pipeline.php(209): App\\Http\\Middleware\\SetLocale->handle(Object(Illuminate\\Http\\Request), Object(Closure))
#14 /Users/aleksandr/projects/btf/vendor/erlandmuchasaj/laravel-gzip/src/Middleware/GzipEncodeResponse.php(19): Illuminate\\Pipeline\\Pipeline->Illuminate\\Pipeline\\{closure}(Object(Illuminate\\Http\\Request))
#15 /Users/aleksandr/projects/btf/vendor/laravel/framework/src/Illuminate/Pipeline/Pipeline.php(209): ErlandMuchasaj\\LaravelGzip\\Middleware\\GzipEncodeResponse->handle(Object(Illuminate\\Http\\Request), Object(Closure))
#16 /Users/aleksandr/projects/btf/vendor/laravel/framework/src/Illuminate/Routing/Middleware/SubstituteBindings.php(51): Illuminate\\Pipeline\\Pipeline->Illuminate\\Pipeline\\{closure}(Object(Illuminate\\Http\\Request))
#17 /Users/aleksandr/projects/btf/vendor/laravel/framework/src/Illuminate/Pipeline/Pipeline.php(209): Illuminate\\Routing\\Middleware\\SubstituteBindings->handle(Object(Illuminate\\Http\\Request), Object(Closure))
#18 /Users/aleksandr/projects/btf/vendor/laravel/framework/src/Illuminate/Auth/Middleware/Authenticate.php(64): Illuminate\\Pipeline\\Pipeline->Illuminate\\Pipeline\\{closure}(Object(Illuminate\\Http\\Request))
#19 /Users/aleksandr/projects/btf/vendor/laravel/framework/src/Illuminate/Pipeline/Pipeline.php(209): Illuminate\\Auth\\Middleware\\Authenticate->handle(Object(Illuminate\\Http\\Request), Object(Closure))
#20 /Users/aleksandr/projects/btf/vendor/laravel/framework/src/Illuminate/Foundation/Http/Middleware/VerifyCsrfToken.php(88): Illuminate\\Pipeline\\Pipeline->Illuminate\\Pipeline\\{closure}(Object(Illuminate\\Http\\Request))
#21 /Users/aleksandr/projects/btf/vendor/laravel/framework/src/Illuminate/Pipeline/Pipeline.php(209): Illuminate\\Foundation\\Http\\Middleware\\VerifyCsrfToken->handle(Object(Illuminate\\Http\\Request), Object(Closure))
#22 /Users/aleksandr/projects/btf/vendor/laravel/framework/src/Illuminate/View/Middleware/ShareErrorsFromSession.php(49): Illuminate\\Pipeline\\Pipeline->Illuminate\\Pipeline\\{closure}(Object(Illuminate\\Http\\Request))
#23 /Users/aleksandr/projects/btf/vendor/laravel/framework/src/Illuminate/Pipeline/Pipeline.php(209): Illuminate\\View\\Middleware\\ShareErrorsFromSession->handle(Object(Illuminate\\Http\\Request), Object(Closure))
#24 /Users/aleksandr/projects/btf/vendor/laravel/framework/src/Illuminate/Session/Middleware/StartSession.php(121): Illuminate\\Pipeline\\Pipeline->Illuminate\\Pipeline\\{closure}(Object(Illuminate\\Http\\Request))
#25 /Users/aleksandr/projects/btf/vendor/laravel/framework/src/Illuminate/Session/Middleware/StartSession.php(64): Illuminate\\Session\\Middleware\\StartSession->handleStatefulRequest(Object(Illuminate\\Http\\Request), Object(Illuminate\\Session\\Store), Object(Closure))
#26 /Users/aleksandr/projects/btf/vendor/laravel/framework/src/Illuminate/Pipeline/Pipeline.php(209): Illuminate\\Session\\Middleware\\StartSession->handle(Object(Illuminate\\Http\\Request), Object(Closure))
#27 /Users/aleksandr/projects/btf/vendor/laravel/framework/src/Illuminate/Cookie/Middleware/AddQueuedCookiesToResponse.php(37): Illuminate\\Pipeline\\Pipeline->Illuminate\\Pipeline\\{closure}(Object(Illuminate\\Http\\Request))
#28 /Users/aleksandr/projects/btf/vendor/laravel/framework/src/Illuminate/Pipeline/Pipeline.php(209): Illuminate\\Cookie\\Middleware\\AddQueuedCookiesToResponse->handle(Object(Illuminate\\Http\\Request), Object(Closure))
#29 /Users/aleksandr/projects/btf/vendor/laravel/framework/src/Illuminate/Cookie/Middleware/EncryptCookies.php(75): Illuminate\\Pipeline\\Pipeline->Illuminate\\Pipeline\\{closure}(Object(Illuminate\\Http\\Request))
#30 /Users/aleksandr/projects/btf/vendor/laravel/framework/src/Illuminate/Pipeline/Pipeline.php(209): Illuminate\\Cookie\\Middleware\\EncryptCookies->handle(Object(Illuminate\\Http\\Request), Object(Closure))
#31 /Users/aleksandr/projects/btf/vendor/laravel/framework/src/Illuminate/Pipeline/Pipeline.php(127): Illuminate\\Pipeline\\Pipeline->Illuminate\\Pipeline\\{closure}(Object(Illuminate\\Http\\Request))
#32 /Users/aleksandr/projects/btf/vendor/laravel/framework/src/Illuminate/Routing/Router.php(807): Illuminate\\Pipeline\\Pipeline->then(Object(Closure))
#33 /Users/aleksandr/projects/btf/vendor/laravel/framework/src/Illuminate/Routing/Router.php(786): Illuminate\\Routing\\Router->runRouteWithinStack(Object(Illuminate\\Routing\\Route), Object(Illuminate\\Http\\Request))
#34 /Users/aleksandr/projects/btf/vendor/laravel/framework/src/Illuminate/Routing/Router.php(750): Illuminate\\Routing\\Router->runRoute(Object(Illuminate\\Http\\Request), Object(Illuminate\\Routing\\Route))
#35 /Users/aleksandr/projects/btf/vendor/laravel/framework/src/Illuminate/Routing/Router.php(739): Illuminate\\Routing\\Router->dispatchToRoute(Object(Illuminate\\Http\\Request))
#36 /Users/aleksandr/projects/btf/vendor/laravel/framework/src/Illuminate/Foundation/Http/Kernel.php(201): Illuminate\\Routing\\Router->dispatch(Object(Illuminate\\Http\\Request))
#37 /Users/aleksandr/projects/btf/vendor/laravel/framework/src/Illuminate/Pipeline/Pipeline.php(170): Illuminate\\Foundation\\Http\\Kernel->Illuminate\\Foundation\\Http\\{closure}(Object(Illuminate\\Http\\Request))
#38 /Users/aleksandr/projects/btf/vendor/barryvdh/laravel-debugbar/src/Middleware/InjectDebugbar.php(66): Illuminate\\Pipeline\\Pipeline->Illuminate\\Pipeline\\{closure}(Object(Illuminate\\Http\\Request))
#39 /Users/aleksandr/projects/btf/vendor/laravel/framework/src/Illuminate/Pipeline/Pipeline.php(209): Barryvdh\\Debugbar\\Middleware\\InjectDebugbar->handle(Object(Illuminate\\Http\\Request), Object(Closure))
#40 /Users/aleksandr/projects/btf/vendor/laravel/framework/src/Illuminate/Foundation/Http/Middleware/TransformsRequest.php(21): Illuminate\\Pipeline\\Pipeline->Illuminate\\Pipeline\\{closure}(Object(Illuminate\\Http\\Request))
#41 /Users/aleksandr/projects/btf/vendor/laravel/framework/src/Illuminate/Foundation/Http/Middleware/ConvertEmptyStringsToNull.php(31): Illuminate\\Foundation\\Http\\Middleware\\TransformsRequest->handle(Object(Illuminate\\Http\\Request), Object(Closure))
#42 /Users/aleksandr/projects/btf/vendor/laravel/framework/src/Illuminate/Pipeline/Pipeline.php(209): Illuminate\\Foundation\\Http\\Middleware\\ConvertEmptyStringsToNull->handle(Object(Illuminate\\Http\\Request), Object(Closure))
#43 /Users/aleksandr/projects/btf/vendor/laravel/framework/src/Illuminate/Foundation/Http/Middleware/TransformsRequest.php(21): Illuminate\\Pipeline\\Pipeline->Illuminate\\Pipeline\\{closure}(Object(Illuminate\\Http\\Request))
#44 /Users/aleksandr/projects/btf/vendor/laravel/framework/src/Illuminate/Foundation/Http/Middleware/TrimStrings.php(51): Illuminate\\Foundation\\Http\\Middleware\\TransformsRequest->handle(Object(Illuminate\\Http\\Request), Object(Closure))
#45 /Users/aleksandr/projects/btf/vendor/laravel/framework/src/Illuminate/Pipeline/Pipeline.php(209): Illuminate\\Foundation\\Http\\Middleware\\TrimStrings->handle(Object(Illuminate\\Http\\Request), Object(Closure))
#46 /Users/aleksandr/projects/btf/vendor/laravel/framework/src/Illuminate/Http/Middleware/ValidatePostSize.php(27): Illuminate\\Pipeline\\Pipeline->Illuminate\\Pipeline\\{closure}(Object(Illuminate\\Http\\Request))
#47 /Users/aleksandr/projects/btf/vendor/laravel/framework/src/Illuminate/Pipeline/Pipeline.php(209): Illuminate\\Http\\Middleware\\ValidatePostSize->handle(Object(Illuminate\\Http\\Request), Object(Closure))
#48 /Users/aleksandr/projects/btf/vendor/laravel/framework/src/Illuminate/Foundation/Http/Middleware/PreventRequestsDuringMaintenance.php(110): Illuminate\\Pipeline\\Pipeline->Illuminate\\Pipeline\\{closure}(Object(Illuminate\\Http\\Request))
#49 /Users/aleksandr/projects/btf/vendor/laravel/framework/src/Illuminate/Pipeline/Pipeline.php(209): Illuminate\\Foundation\\Http\\Middleware\\PreventRequestsDuringMaintenance->handle(Object(Illuminate\\Http\\Request), Object(Closure))
#50 /Users/aleksandr/projects/btf/vendor/laravel/framework/src/Illuminate/Http/Middleware/HandleCors.php(62): Illuminate\\Pipeline\\Pipeline->Illuminate\\Pipeline\\{closure}(Object(Illuminate\\Http\\Request))
#51 /Users/aleksandr/projects/btf/vendor/laravel/framework/src/Illuminate/Pipeline/Pipeline.php(209): Illuminate\\Http\\Middleware\\HandleCors->handle(Object(Illuminate\\Http\\Request), Object(Closure))
#52 /Users/aleksandr/projects/btf/vendor/laravel/framework/src/Illuminate/Http/Middleware/TrustProxies.php(58): Illuminate\\Pipeline\\Pipeline->Illuminate\\Pipeline\\{closure}(Object(Illuminate\\Http\\Request))
#53 /Users/aleksandr/projects/btf/vendor/laravel/framework/src/Illuminate/Pipeline/Pipeline.php(209): Illuminate\\Http\\Middleware\\TrustProxies->handle(Object(Illuminate\\Http\\Request), Object(Closure))
#54 /Users/aleksandr/projects/btf/vendor/laravel/framework/src/Illuminate/Pipeline/Pipeline.php(127): Illuminate\\Pipeline\\Pipeline->Illuminate\\Pipeline\\{closure}(Object(Illuminate\\Http\\Request))
#55 /Users/aleksandr/projects/btf/vendor/laravel/framework/src/Illuminate/Foundation/Http/Kernel.php(176): Illuminate\\Pipeline\\Pipeline->then(Object(Closure))
#56 /Users/aleksandr/projects/btf/vendor/laravel/framework/src/Illuminate/Foundation/Http/Kernel.php(145): Illuminate\\Foundation\\Http\\Kernel->sendRequestThroughRouter(Object(Illuminate\\Http\\Request))
#57 /Users/aleksandr/projects/btf/public/index.php(50): Illuminate\\Foundation\\Http\\Kernel->handle(Object(Illuminate\\Http\\Request))
#58 /Users/aleksandr/projects/btf/vendor/laravel/framework/src/Illuminate/Foundation/resources/server.php(23): require_once('/Users/aleksand...')
#59 {main}
"} 
[2025-05-04 15:20:10] production.ERROR: Method App\Http\Controllers\Backend\PostsController::destroy does not exist. {"userId":1,"exception":"[object] (BadMethodCallException(code: 0): Method App\\Http\\Controllers\\Backend\\PostsController::destroy does not exist. at /Users/aleksandr/projects/btf/vendor/laravel/framework/src/Illuminate/Routing/Controller.php:68)
[stacktrace]
#0 /Users/aleksandr/projects/btf/vendor/laravel/framework/src/Illuminate/Routing/Controller.php(54): Illuminate\\Routing\\Controller->__call('destroy', Array)
#1 /Users/aleksandr/projects/btf/vendor/laravel/framework/src/Illuminate/Routing/ControllerDispatcher.php(44): Illuminate\\Routing\\Controller->callAction('destroy', Array)
#2 /Users/aleksandr/projects/btf/vendor/laravel/framework/src/Illuminate/Routing/Route.php(266): Illuminate\\Routing\\ControllerDispatcher->dispatch(Object(Illuminate\\Routing\\Route), Object(App\\Http\\Controllers\\Backend\\PostsController), 'destroy')
#3 /Users/aleksandr/projects/btf/vendor/laravel/framework/src/Illuminate/Routing/Route.php(212): Illuminate\\Routing\\Route->runController()
#4 /Users/aleksandr/projects/btf/vendor/laravel/framework/src/Illuminate/Routing/Router.php(808): Illuminate\\Routing\\Route->run()
#5 /Users/aleksandr/projects/btf/vendor/laravel/framework/src/Illuminate/Pipeline/Pipeline.php(170): Illuminate\\Routing\\Router->Illuminate\\Routing\\{closure}(Object(Illuminate\\Http\\Request))
#6 /Users/aleksandr/projects/btf/app/Http/Middleware/AdminCheck.php(15): Illuminate\\Pipeline\\Pipeline->Illuminate\\Pipeline\\{closure}(Object(Illuminate\\Http\\Request))
#7 /Users/aleksandr/projects/btf/vendor/laravel/framework/src/Illuminate/Pipeline/Pipeline.php(209): App\\Http\\Middleware\\AdminCheck->handle(Object(Illuminate\\Http\\Request), Object(Closure))
#8 /Users/aleksandr/projects/btf/vendor/barryvdh/laravel-debugbar/src/Middleware/InjectDebugbar.php(66): Illuminate\\Pipeline\\Pipeline->Illuminate\\Pipeline\\{closure}(Object(Illuminate\\Http\\Request))
#9 /Users/aleksandr/projects/btf/vendor/laravel/framework/src/Illuminate/Pipeline/Pipeline.php(209): Barryvdh\\Debugbar\\Middleware\\InjectDebugbar->handle(Object(Illuminate\\Http\\Request), Object(Closure))
#10 /Users/aleksandr/projects/btf/app/Http/Middleware/UserActivity.php(20): Illuminate\\Pipeline\\Pipeline->Illuminate\\Pipeline\\{closure}(Object(Illuminate\\Http\\Request))
#11 /Users/aleksandr/projects/btf/vendor/laravel/framework/src/Illuminate/Pipeline/Pipeline.php(209): App\\Http\\Middleware\\UserActivity->handle(Object(Illuminate\\Http\\Request), Object(Closure))
#12 /Users/aleksandr/projects/btf/app/Http/Middleware/SetLocale.php(51): Illuminate\\Pipeline\\Pipeline->Illuminate\\Pipeline\\{closure}(Object(Illuminate\\Http\\Request))
#13 /Users/aleksandr/projects/btf/vendor/laravel/framework/src/Illuminate/Pipeline/Pipeline.php(209): App\\Http\\Middleware\\SetLocale->handle(Object(Illuminate\\Http\\Request), Object(Closure))
#14 /Users/aleksandr/projects/btf/vendor/erlandmuchasaj/laravel-gzip/src/Middleware/GzipEncodeResponse.php(19): Illuminate\\Pipeline\\Pipeline->Illuminate\\Pipeline\\{closure}(Object(Illuminate\\Http\\Request))
#15 /Users/aleksandr/projects/btf/vendor/laravel/framework/src/Illuminate/Pipeline/Pipeline.php(209): ErlandMuchasaj\\LaravelGzip\\Middleware\\GzipEncodeResponse->handle(Object(Illuminate\\Http\\Request), Object(Closure))
#16 /Users/aleksandr/projects/btf/vendor/laravel/framework/src/Illuminate/Routing/Middleware/SubstituteBindings.php(51): Illuminate\\Pipeline\\Pipeline->Illuminate\\Pipeline\\{closure}(Object(Illuminate\\Http\\Request))
#17 /Users/aleksandr/projects/btf/vendor/laravel/framework/src/Illuminate/Pipeline/Pipeline.php(209): Illuminate\\Routing\\Middleware\\SubstituteBindings->handle(Object(Illuminate\\Http\\Request), Object(Closure))
#18 /Users/aleksandr/projects/btf/vendor/laravel/framework/src/Illuminate/Auth/Middleware/Authenticate.php(64): Illuminate\\Pipeline\\Pipeline->Illuminate\\Pipeline\\{closure}(Object(Illuminate\\Http\\Request))
#19 /Users/aleksandr/projects/btf/vendor/laravel/framework/src/Illuminate/Pipeline/Pipeline.php(209): Illuminate\\Auth\\Middleware\\Authenticate->handle(Object(Illuminate\\Http\\Request), Object(Closure))
#20 /Users/aleksandr/projects/btf/vendor/laravel/framework/src/Illuminate/Foundation/Http/Middleware/VerifyCsrfToken.php(88): Illuminate\\Pipeline\\Pipeline->Illuminate\\Pipeline\\{closure}(Object(Illuminate\\Http\\Request))
#21 /Users/aleksandr/projects/btf/vendor/laravel/framework/src/Illuminate/Pipeline/Pipeline.php(209): Illuminate\\Foundation\\Http\\Middleware\\VerifyCsrfToken->handle(Object(Illuminate\\Http\\Request), Object(Closure))
#22 /Users/aleksandr/projects/btf/vendor/laravel/framework/src/Illuminate/View/Middleware/ShareErrorsFromSession.php(49): Illuminate\\Pipeline\\Pipeline->Illuminate\\Pipeline\\{closure}(Object(Illuminate\\Http\\Request))
#23 /Users/aleksandr/projects/btf/vendor/laravel/framework/src/Illuminate/Pipeline/Pipeline.php(209): Illuminate\\View\\Middleware\\ShareErrorsFromSession->handle(Object(Illuminate\\Http\\Request), Object(Closure))
#24 /Users/aleksandr/projects/btf/vendor/laravel/framework/src/Illuminate/Session/Middleware/StartSession.php(121): Illuminate\\Pipeline\\Pipeline->Illuminate\\Pipeline\\{closure}(Object(Illuminate\\Http\\Request))
#25 /Users/aleksandr/projects/btf/vendor/laravel/framework/src/Illuminate/Session/Middleware/StartSession.php(64): Illuminate\\Session\\Middleware\\StartSession->handleStatefulRequest(Object(Illuminate\\Http\\Request), Object(Illuminate\\Session\\Store), Object(Closure))
#26 /Users/aleksandr/projects/btf/vendor/laravel/framework/src/Illuminate/Pipeline/Pipeline.php(209): Illuminate\\Session\\Middleware\\StartSession->handle(Object(Illuminate\\Http\\Request), Object(Closure))
#27 /Users/aleksandr/projects/btf/vendor/laravel/framework/src/Illuminate/Cookie/Middleware/AddQueuedCookiesToResponse.php(37): Illuminate\\Pipeline\\Pipeline->Illuminate\\Pipeline\\{closure}(Object(Illuminate\\Http\\Request))
#28 /Users/aleksandr/projects/btf/vendor/laravel/framework/src/Illuminate/Pipeline/Pipeline.php(209): Illuminate\\Cookie\\Middleware\\AddQueuedCookiesToResponse->handle(Object(Illuminate\\Http\\Request), Object(Closure))
#29 /Users/aleksandr/projects/btf/vendor/laravel/framework/src/Illuminate/Cookie/Middleware/EncryptCookies.php(75): Illuminate\\Pipeline\\Pipeline->Illuminate\\Pipeline\\{closure}(Object(Illuminate\\Http\\Request))
#30 /Users/aleksandr/projects/btf/vendor/laravel/framework/src/Illuminate/Pipeline/Pipeline.php(209): Illuminate\\Cookie\\Middleware\\EncryptCookies->handle(Object(Illuminate\\Http\\Request), Object(Closure))
#31 /Users/aleksandr/projects/btf/vendor/laravel/framework/src/Illuminate/Pipeline/Pipeline.php(127): Illuminate\\Pipeline\\Pipeline->Illuminate\\Pipeline\\{closure}(Object(Illuminate\\Http\\Request))
#32 /Users/aleksandr/projects/btf/vendor/laravel/framework/src/Illuminate/Routing/Router.php(807): Illuminate\\Pipeline\\Pipeline->then(Object(Closure))
#33 /Users/aleksandr/projects/btf/vendor/laravel/framework/src/Illuminate/Routing/Router.php(786): Illuminate\\Routing\\Router->runRouteWithinStack(Object(Illuminate\\Routing\\Route), Object(Illuminate\\Http\\Request))
#34 /Users/aleksandr/projects/btf/vendor/laravel/framework/src/Illuminate/Routing/Router.php(750): Illuminate\\Routing\\Router->runRoute(Object(Illuminate\\Http\\Request), Object(Illuminate\\Routing\\Route))
#35 /Users/aleksandr/projects/btf/vendor/laravel/framework/src/Illuminate/Routing/Router.php(739): Illuminate\\Routing\\Router->dispatchToRoute(Object(Illuminate\\Http\\Request))
#36 /Users/aleksandr/projects/btf/vendor/laravel/framework/src/Illuminate/Foundation/Http/Kernel.php(201): Illuminate\\Routing\\Router->dispatch(Object(Illuminate\\Http\\Request))
#37 /Users/aleksandr/projects/btf/vendor/laravel/framework/src/Illuminate/Pipeline/Pipeline.php(170): Illuminate\\Foundation\\Http\\Kernel->Illuminate\\Foundation\\Http\\{closure}(Object(Illuminate\\Http\\Request))
#38 /Users/aleksandr/projects/btf/vendor/barryvdh/laravel-debugbar/src/Middleware/InjectDebugbar.php(66): Illuminate\\Pipeline\\Pipeline->Illuminate\\Pipeline\\{closure}(Object(Illuminate\\Http\\Request))
#39 /Users/aleksandr/projects/btf/vendor/laravel/framework/src/Illuminate/Pipeline/Pipeline.php(209): Barryvdh\\Debugbar\\Middleware\\InjectDebugbar->handle(Object(Illuminate\\Http\\Request), Object(Closure))
#40 /Users/aleksandr/projects/btf/vendor/laravel/framework/src/Illuminate/Foundation/Http/Middleware/TransformsRequest.php(21): Illuminate\\Pipeline\\Pipeline->Illuminate\\Pipeline\\{closure}(Object(Illuminate\\Http\\Request))
#41 /Users/aleksandr/projects/btf/vendor/laravel/framework/src/Illuminate/Foundation/Http/Middleware/ConvertEmptyStringsToNull.php(31): Illuminate\\Foundation\\Http\\Middleware\\TransformsRequest->handle(Object(Illuminate\\Http\\Request), Object(Closure))
#42 /Users/aleksandr/projects/btf/vendor/laravel/framework/src/Illuminate/Pipeline/Pipeline.php(209): Illuminate\\Foundation\\Http\\Middleware\\ConvertEmptyStringsToNull->handle(Object(Illuminate\\Http\\Request), Object(Closure))
#43 /Users/aleksandr/projects/btf/vendor/laravel/framework/src/Illuminate/Foundation/Http/Middleware/TransformsRequest.php(21): Illuminate\\Pipeline\\Pipeline->Illuminate\\Pipeline\\{closure}(Object(Illuminate\\Http\\Request))
#44 /Users/aleksandr/projects/btf/vendor/laravel/framework/src/Illuminate/Foundation/Http/Middleware/TrimStrings.php(51): Illuminate\\Foundation\\Http\\Middleware\\TransformsRequest->handle(Object(Illuminate\\Http\\Request), Object(Closure))
#45 /Users/aleksandr/projects/btf/vendor/laravel/framework/src/Illuminate/Pipeline/Pipeline.php(209): Illuminate\\Foundation\\Http\\Middleware\\TrimStrings->handle(Object(Illuminate\\Http\\Request), Object(Closure))
#46 /Users/aleksandr/projects/btf/vendor/laravel/framework/src/Illuminate/Http/Middleware/ValidatePostSize.php(27): Illuminate\\Pipeline\\Pipeline->Illuminate\\Pipeline\\{closure}(Object(Illuminate\\Http\\Request))
#47 /Users/aleksandr/projects/btf/vendor/laravel/framework/src/Illuminate/Pipeline/Pipeline.php(209): Illuminate\\Http\\Middleware\\ValidatePostSize->handle(Object(Illuminate\\Http\\Request), Object(Closure))
#48 /Users/aleksandr/projects/btf/vendor/laravel/framework/src/Illuminate/Foundation/Http/Middleware/PreventRequestsDuringMaintenance.php(110): Illuminate\\Pipeline\\Pipeline->Illuminate\\Pipeline\\{closure}(Object(Illuminate\\Http\\Request))
#49 /Users/aleksandr/projects/btf/vendor/laravel/framework/src/Illuminate/Pipeline/Pipeline.php(209): Illuminate\\Foundation\\Http\\Middleware\\PreventRequestsDuringMaintenance->handle(Object(Illuminate\\Http\\Request), Object(Closure))
#50 /Users/aleksandr/projects/btf/vendor/laravel/framework/src/Illuminate/Http/Middleware/HandleCors.php(62): Illuminate\\Pipeline\\Pipeline->Illuminate\\Pipeline\\{closure}(Object(Illuminate\\Http\\Request))
#51 /Users/aleksandr/projects/btf/vendor/laravel/framework/src/Illuminate/Pipeline/Pipeline.php(209): Illuminate\\Http\\Middleware\\HandleCors->handle(Object(Illuminate\\Http\\Request), Object(Closure))
#52 /Users/aleksandr/projects/btf/vendor/laravel/framework/src/Illuminate/Http/Middleware/TrustProxies.php(58): Illuminate\\Pipeline\\Pipeline->Illuminate\\Pipeline\\{closure}(Object(Illuminate\\Http\\Request))
#53 /Users/aleksandr/projects/btf/vendor/laravel/framework/src/Illuminate/Pipeline/Pipeline.php(209): Illuminate\\Http\\Middleware\\TrustProxies->handle(Object(Illuminate\\Http\\Request), Object(Closure))
#54 /Users/aleksandr/projects/btf/vendor/laravel/framework/src/Illuminate/Pipeline/Pipeline.php(127): Illuminate\\Pipeline\\Pipeline->Illuminate\\Pipeline\\{closure}(Object(Illuminate\\Http\\Request))
#55 /Users/aleksandr/projects/btf/vendor/laravel/framework/src/Illuminate/Foundation/Http/Kernel.php(176): Illuminate\\Pipeline\\Pipeline->then(Object(Closure))
#56 /Users/aleksandr/projects/btf/vendor/laravel/framework/src/Illuminate/Foundation/Http/Kernel.php(145): Illuminate\\Foundation\\Http\\Kernel->sendRequestThroughRouter(Object(Illuminate\\Http\\Request))
#57 /Users/aleksandr/projects/btf/public/index.php(50): Illuminate\\Foundation\\Http\\Kernel->handle(Object(Illuminate\\Http\\Request))
#58 /Users/aleksandr/projects/btf/vendor/laravel/framework/src/Illuminate/Foundation/resources/server.php(23): require_once('/Users/aleksand...')
#59 {main}
"} 
[2025-05-04 15:33:33] production.ERROR: Attempt to read property "preview" on null {"userId":1,"exception":"[object] (ErrorException(code: 0): Attempt to read property \"preview\" on null at /Users/aleksandr/projects/btf/app/Http/Controllers/Backend/PostsController.php:283)
[stacktrace]
#0 /Users/aleksandr/projects/btf/vendor/laravel/framework/src/Illuminate/Foundation/Bootstrap/HandleExceptions.php(256): Illuminate\\Foundation\\Bootstrap\\HandleExceptions->handleError(2, 'Attempt to read...', '/Users/aleksand...', 283)
#1 /Users/aleksandr/projects/btf/app/Http/Controllers/Backend/PostsController.php(283): Illuminate\\Foundation\\Bootstrap\\HandleExceptions->Illuminate\\Foundation\\Bootstrap\\{closure}(2, 'Attempt to read...', '/Users/aleksand...', 283)
#2 /Users/aleksandr/projects/btf/vendor/laravel/framework/src/Illuminate/Routing/Controller.php(54): App\\Http\\Controllers\\Backend\\PostsController->destroy('[object Object]')
#3 /Users/aleksandr/projects/btf/vendor/laravel/framework/src/Illuminate/Routing/ControllerDispatcher.php(44): Illuminate\\Routing\\Controller->callAction('destroy', Array)
#4 /Users/aleksandr/projects/btf/vendor/laravel/framework/src/Illuminate/Routing/Route.php(266): Illuminate\\Routing\\ControllerDispatcher->dispatch(Object(Illuminate\\Routing\\Route), Object(App\\Http\\Controllers\\Backend\\PostsController), 'destroy')
#5 /Users/aleksandr/projects/btf/vendor/laravel/framework/src/Illuminate/Routing/Route.php(212): Illuminate\\Routing\\Route->runController()
#6 /Users/aleksandr/projects/btf/vendor/laravel/framework/src/Illuminate/Routing/Router.php(808): Illuminate\\Routing\\Route->run()
#7 /Users/aleksandr/projects/btf/vendor/laravel/framework/src/Illuminate/Pipeline/Pipeline.php(170): Illuminate\\Routing\\Router->Illuminate\\Routing\\{closure}(Object(Illuminate\\Http\\Request))
#8 /Users/aleksandr/projects/btf/app/Http/Middleware/AdminCheck.php(15): Illuminate\\Pipeline\\Pipeline->Illuminate\\Pipeline\\{closure}(Object(Illuminate\\Http\\Request))
#9 /Users/aleksandr/projects/btf/vendor/laravel/framework/src/Illuminate/Pipeline/Pipeline.php(209): App\\Http\\Middleware\\AdminCheck->handle(Object(Illuminate\\Http\\Request), Object(Closure))
#10 /Users/aleksandr/projects/btf/vendor/barryvdh/laravel-debugbar/src/Middleware/InjectDebugbar.php(66): Illuminate\\Pipeline\\Pipeline->Illuminate\\Pipeline\\{closure}(Object(Illuminate\\Http\\Request))
#11 /Users/aleksandr/projects/btf/vendor/laravel/framework/src/Illuminate/Pipeline/Pipeline.php(209): Barryvdh\\Debugbar\\Middleware\\InjectDebugbar->handle(Object(Illuminate\\Http\\Request), Object(Closure))
#12 /Users/aleksandr/projects/btf/app/Http/Middleware/UserActivity.php(20): Illuminate\\Pipeline\\Pipeline->Illuminate\\Pipeline\\{closure}(Object(Illuminate\\Http\\Request))
#13 /Users/aleksandr/projects/btf/vendor/laravel/framework/src/Illuminate/Pipeline/Pipeline.php(209): App\\Http\\Middleware\\UserActivity->handle(Object(Illuminate\\Http\\Request), Object(Closure))
#14 /Users/aleksandr/projects/btf/app/Http/Middleware/SetLocale.php(51): Illuminate\\Pipeline\\Pipeline->Illuminate\\Pipeline\\{closure}(Object(Illuminate\\Http\\Request))
#15 /Users/aleksandr/projects/btf/vendor/laravel/framework/src/Illuminate/Pipeline/Pipeline.php(209): App\\Http\\Middleware\\SetLocale->handle(Object(Illuminate\\Http\\Request), Object(Closure))
#16 /Users/aleksandr/projects/btf/vendor/erlandmuchasaj/laravel-gzip/src/Middleware/GzipEncodeResponse.php(19): Illuminate\\Pipeline\\Pipeline->Illuminate\\Pipeline\\{closure}(Object(Illuminate\\Http\\Request))
#17 /Users/aleksandr/projects/btf/vendor/laravel/framework/src/Illuminate/Pipeline/Pipeline.php(209): ErlandMuchasaj\\LaravelGzip\\Middleware\\GzipEncodeResponse->handle(Object(Illuminate\\Http\\Request), Object(Closure))
#18 /Users/aleksandr/projects/btf/vendor/laravel/framework/src/Illuminate/Routing/Middleware/SubstituteBindings.php(51): Illuminate\\Pipeline\\Pipeline->Illuminate\\Pipeline\\{closure}(Object(Illuminate\\Http\\Request))
#19 /Users/aleksandr/projects/btf/vendor/laravel/framework/src/Illuminate/Pipeline/Pipeline.php(209): Illuminate\\Routing\\Middleware\\SubstituteBindings->handle(Object(Illuminate\\Http\\Request), Object(Closure))
#20 /Users/aleksandr/projects/btf/vendor/laravel/framework/src/Illuminate/Auth/Middleware/Authenticate.php(64): Illuminate\\Pipeline\\Pipeline->Illuminate\\Pipeline\\{closure}(Object(Illuminate\\Http\\Request))
#21 /Users/aleksandr/projects/btf/vendor/laravel/framework/src/Illuminate/Pipeline/Pipeline.php(209): Illuminate\\Auth\\Middleware\\Authenticate->handle(Object(Illuminate\\Http\\Request), Object(Closure))
#22 /Users/aleksandr/projects/btf/vendor/laravel/framework/src/Illuminate/Foundation/Http/Middleware/VerifyCsrfToken.php(88): Illuminate\\Pipeline\\Pipeline->Illuminate\\Pipeline\\{closure}(Object(Illuminate\\Http\\Request))
#23 /Users/aleksandr/projects/btf/vendor/laravel/framework/src/Illuminate/Pipeline/Pipeline.php(209): Illuminate\\Foundation\\Http\\Middleware\\VerifyCsrfToken->handle(Object(Illuminate\\Http\\Request), Object(Closure))
#24 /Users/aleksandr/projects/btf/vendor/laravel/framework/src/Illuminate/View/Middleware/ShareErrorsFromSession.php(49): Illuminate\\Pipeline\\Pipeline->Illuminate\\Pipeline\\{closure}(Object(Illuminate\\Http\\Request))
#25 /Users/aleksandr/projects/btf/vendor/laravel/framework/src/Illuminate/Pipeline/Pipeline.php(209): Illuminate\\View\\Middleware\\ShareErrorsFromSession->handle(Object(Illuminate\\Http\\Request), Object(Closure))
#26 /Users/aleksandr/projects/btf/vendor/laravel/framework/src/Illuminate/Session/Middleware/StartSession.php(121): Illuminate\\Pipeline\\Pipeline->Illuminate\\Pipeline\\{closure}(Object(Illuminate\\Http\\Request))
#27 /Users/aleksandr/projects/btf/vendor/laravel/framework/src/Illuminate/Session/Middleware/StartSession.php(64): Illuminate\\Session\\Middleware\\StartSession->handleStatefulRequest(Object(Illuminate\\Http\\Request), Object(Illuminate\\Session\\Store), Object(Closure))
#28 /Users/aleksandr/projects/btf/vendor/laravel/framework/src/Illuminate/Pipeline/Pipeline.php(209): Illuminate\\Session\\Middleware\\StartSession->handle(Object(Illuminate\\Http\\Request), Object(Closure))
#29 /Users/aleksandr/projects/btf/vendor/laravel/framework/src/Illuminate/Cookie/Middleware/AddQueuedCookiesToResponse.php(37): Illuminate\\Pipeline\\Pipeline->Illuminate\\Pipeline\\{closure}(Object(Illuminate\\Http\\Request))
#30 /Users/aleksandr/projects/btf/vendor/laravel/framework/src/Illuminate/Pipeline/Pipeline.php(209): Illuminate\\Cookie\\Middleware\\AddQueuedCookiesToResponse->handle(Object(Illuminate\\Http\\Request), Object(Closure))
#31 /Users/aleksandr/projects/btf/vendor/laravel/framework/src/Illuminate/Cookie/Middleware/EncryptCookies.php(75): Illuminate\\Pipeline\\Pipeline->Illuminate\\Pipeline\\{closure}(Object(Illuminate\\Http\\Request))
#32 /Users/aleksandr/projects/btf/vendor/laravel/framework/src/Illuminate/Pipeline/Pipeline.php(209): Illuminate\\Cookie\\Middleware\\EncryptCookies->handle(Object(Illuminate\\Http\\Request), Object(Closure))
#33 /Users/aleksandr/projects/btf/vendor/laravel/framework/src/Illuminate/Pipeline/Pipeline.php(127): Illuminate\\Pipeline\\Pipeline->Illuminate\\Pipeline\\{closure}(Object(Illuminate\\Http\\Request))
#34 /Users/aleksandr/projects/btf/vendor/laravel/framework/src/Illuminate/Routing/Router.php(807): Illuminate\\Pipeline\\Pipeline->then(Object(Closure))
#35 /Users/aleksandr/projects/btf/vendor/laravel/framework/src/Illuminate/Routing/Router.php(786): Illuminate\\Routing\\Router->runRouteWithinStack(Object(Illuminate\\Routing\\Route), Object(Illuminate\\Http\\Request))
#36 /Users/aleksandr/projects/btf/vendor/laravel/framework/src/Illuminate/Routing/Router.php(750): Illuminate\\Routing\\Router->runRoute(Object(Illuminate\\Http\\Request), Object(Illuminate\\Routing\\Route))
#37 /Users/aleksandr/projects/btf/vendor/laravel/framework/src/Illuminate/Routing/Router.php(739): Illuminate\\Routing\\Router->dispatchToRoute(Object(Illuminate\\Http\\Request))
#38 /Users/aleksandr/projects/btf/vendor/laravel/framework/src/Illuminate/Foundation/Http/Kernel.php(201): Illuminate\\Routing\\Router->dispatch(Object(Illuminate\\Http\\Request))
#39 /Users/aleksandr/projects/btf/vendor/laravel/framework/src/Illuminate/Pipeline/Pipeline.php(170): Illuminate\\Foundation\\Http\\Kernel->Illuminate\\Foundation\\Http\\{closure}(Object(Illuminate\\Http\\Request))
#40 /Users/aleksandr/projects/btf/vendor/barryvdh/laravel-debugbar/src/Middleware/InjectDebugbar.php(66): Illuminate\\Pipeline\\Pipeline->Illuminate\\Pipeline\\{closure}(Object(Illuminate\\Http\\Request))
#41 /Users/aleksandr/projects/btf/vendor/laravel/framework/src/Illuminate/Pipeline/Pipeline.php(209): Barryvdh\\Debugbar\\Middleware\\InjectDebugbar->handle(Object(Illuminate\\Http\\Request), Object(Closure))
#42 /Users/aleksandr/projects/btf/vendor/laravel/framework/src/Illuminate/Foundation/Http/Middleware/TransformsRequest.php(21): Illuminate\\Pipeline\\Pipeline->Illuminate\\Pipeline\\{closure}(Object(Illuminate\\Http\\Request))
#43 /Users/aleksandr/projects/btf/vendor/laravel/framework/src/Illuminate/Foundation/Http/Middleware/ConvertEmptyStringsToNull.php(31): Illuminate\\Foundation\\Http\\Middleware\\TransformsRequest->handle(Object(Illuminate\\Http\\Request), Object(Closure))
#44 /Users/aleksandr/projects/btf/vendor/laravel/framework/src/Illuminate/Pipeline/Pipeline.php(209): Illuminate\\Foundation\\Http\\Middleware\\ConvertEmptyStringsToNull->handle(Object(Illuminate\\Http\\Request), Object(Closure))
#45 /Users/aleksandr/projects/btf/vendor/laravel/framework/src/Illuminate/Foundation/Http/Middleware/TransformsRequest.php(21): Illuminate\\Pipeline\\Pipeline->Illuminate\\Pipeline\\{closure}(Object(Illuminate\\Http\\Request))
#46 /Users/aleksandr/projects/btf/vendor/laravel/framework/src/Illuminate/Foundation/Http/Middleware/TrimStrings.php(51): Illuminate\\Foundation\\Http\\Middleware\\TransformsRequest->handle(Object(Illuminate\\Http\\Request), Object(Closure))
#47 /Users/aleksandr/projects/btf/vendor/laravel/framework/src/Illuminate/Pipeline/Pipeline.php(209): Illuminate\\Foundation\\Http\\Middleware\\TrimStrings->handle(Object(Illuminate\\Http\\Request), Object(Closure))
#48 /Users/aleksandr/projects/btf/vendor/laravel/framework/src/Illuminate/Http/Middleware/ValidatePostSize.php(27): Illuminate\\Pipeline\\Pipeline->Illuminate\\Pipeline\\{closure}(Object(Illuminate\\Http\\Request))
#49 /Users/aleksandr/projects/btf/vendor/laravel/framework/src/Illuminate/Pipeline/Pipeline.php(209): Illuminate\\Http\\Middleware\\ValidatePostSize->handle(Object(Illuminate\\Http\\Request), Object(Closure))
#50 /Users/aleksandr/projects/btf/vendor/laravel/framework/src/Illuminate/Foundation/Http/Middleware/PreventRequestsDuringMaintenance.php(110): Illuminate\\Pipeline\\Pipeline->Illuminate\\Pipeline\\{closure}(Object(Illuminate\\Http\\Request))
#51 /Users/aleksandr/projects/btf/vendor/laravel/framework/src/Illuminate/Pipeline/Pipeline.php(209): Illuminate\\Foundation\\Http\\Middleware\\PreventRequestsDuringMaintenance->handle(Object(Illuminate\\Http\\Request), Object(Closure))
#52 /Users/aleksandr/projects/btf/vendor/laravel/framework/src/Illuminate/Http/Middleware/HandleCors.php(62): Illuminate\\Pipeline\\Pipeline->Illuminate\\Pipeline\\{closure}(Object(Illuminate\\Http\\Request))
#53 /Users/aleksandr/projects/btf/vendor/laravel/framework/src/Illuminate/Pipeline/Pipeline.php(209): Illuminate\\Http\\Middleware\\HandleCors->handle(Object(Illuminate\\Http\\Request), Object(Closure))
#54 /Users/aleksandr/projects/btf/vendor/laravel/framework/src/Illuminate/Http/Middleware/TrustProxies.php(58): Illuminate\\Pipeline\\Pipeline->Illuminate\\Pipeline\\{closure}(Object(Illuminate\\Http\\Request))
#55 /Users/aleksandr/projects/btf/vendor/laravel/framework/src/Illuminate/Pipeline/Pipeline.php(209): Illuminate\\Http\\Middleware\\TrustProxies->handle(Object(Illuminate\\Http\\Request), Object(Closure))
#56 /Users/aleksandr/projects/btf/vendor/laravel/framework/src/Illuminate/Pipeline/Pipeline.php(127): Illuminate\\Pipeline\\Pipeline->Illuminate\\Pipeline\\{closure}(Object(Illuminate\\Http\\Request))
#57 /Users/aleksandr/projects/btf/vendor/laravel/framework/src/Illuminate/Foundation/Http/Kernel.php(176): Illuminate\\Pipeline\\Pipeline->then(Object(Closure))
#58 /Users/aleksandr/projects/btf/vendor/laravel/framework/src/Illuminate/Foundation/Http/Kernel.php(145): Illuminate\\Foundation\\Http\\Kernel->sendRequestThroughRouter(Object(Illuminate\\Http\\Request))
#59 /Users/aleksandr/projects/btf/public/index.php(50): Illuminate\\Foundation\\Http\\Kernel->handle(Object(Illuminate\\Http\\Request))
#60 /Users/aleksandr/projects/btf/vendor/laravel/framework/src/Illuminate/Foundation/resources/server.php(23): require_once('/Users/aleksand...')
#61 {main}
"} 
[2025-05-04 17:20:25] production.ERROR: Method App\Http\Controllers\Backend\PostsController::show does not exist. {"userId":1,"exception":"[object] (BadMethodCallException(code: 0): Method App\\Http\\Controllers\\Backend\\PostsController::show does not exist. at /Users/aleksandr/projects/btf/vendor/laravel/framework/src/Illuminate/Routing/Controller.php:68)
[stacktrace]
#0 /Users/aleksandr/projects/btf/vendor/laravel/framework/src/Illuminate/Routing/Controller.php(54): Illuminate\\Routing\\Controller->__call('show', Array)
#1 /Users/aleksandr/projects/btf/vendor/laravel/framework/src/Illuminate/Routing/ControllerDispatcher.php(44): Illuminate\\Routing\\Controller->callAction('show', Array)
#2 /Users/aleksandr/projects/btf/vendor/laravel/framework/src/Illuminate/Routing/Route.php(266): Illuminate\\Routing\\ControllerDispatcher->dispatch(Object(Illuminate\\Routing\\Route), Object(App\\Http\\Controllers\\Backend\\PostsController), 'show')
#3 /Users/aleksandr/projects/btf/vendor/laravel/framework/src/Illuminate/Routing/Route.php(212): Illuminate\\Routing\\Route->runController()
#4 /Users/aleksandr/projects/btf/vendor/laravel/framework/src/Illuminate/Routing/Router.php(808): Illuminate\\Routing\\Route->run()
#5 /Users/aleksandr/projects/btf/vendor/laravel/framework/src/Illuminate/Pipeline/Pipeline.php(170): Illuminate\\Routing\\Router->Illuminate\\Routing\\{closure}(Object(Illuminate\\Http\\Request))
#6 /Users/aleksandr/projects/btf/app/Http/Middleware/AdminCheck.php(15): Illuminate\\Pipeline\\Pipeline->Illuminate\\Pipeline\\{closure}(Object(Illuminate\\Http\\Request))
#7 /Users/aleksandr/projects/btf/vendor/laravel/framework/src/Illuminate/Pipeline/Pipeline.php(209): App\\Http\\Middleware\\AdminCheck->handle(Object(Illuminate\\Http\\Request), Object(Closure))
#8 /Users/aleksandr/projects/btf/vendor/barryvdh/laravel-debugbar/src/Middleware/InjectDebugbar.php(66): Illuminate\\Pipeline\\Pipeline->Illuminate\\Pipeline\\{closure}(Object(Illuminate\\Http\\Request))
#9 /Users/aleksandr/projects/btf/vendor/laravel/framework/src/Illuminate/Pipeline/Pipeline.php(209): Barryvdh\\Debugbar\\Middleware\\InjectDebugbar->handle(Object(Illuminate\\Http\\Request), Object(Closure))
#10 /Users/aleksandr/projects/btf/app/Http/Middleware/UserActivity.php(20): Illuminate\\Pipeline\\Pipeline->Illuminate\\Pipeline\\{closure}(Object(Illuminate\\Http\\Request))
#11 /Users/aleksandr/projects/btf/vendor/laravel/framework/src/Illuminate/Pipeline/Pipeline.php(209): App\\Http\\Middleware\\UserActivity->handle(Object(Illuminate\\Http\\Request), Object(Closure))
#12 /Users/aleksandr/projects/btf/app/Http/Middleware/SetLocale.php(51): Illuminate\\Pipeline\\Pipeline->Illuminate\\Pipeline\\{closure}(Object(Illuminate\\Http\\Request))
#13 /Users/aleksandr/projects/btf/vendor/laravel/framework/src/Illuminate/Pipeline/Pipeline.php(209): App\\Http\\Middleware\\SetLocale->handle(Object(Illuminate\\Http\\Request), Object(Closure))
#14 /Users/aleksandr/projects/btf/vendor/erlandmuchasaj/laravel-gzip/src/Middleware/GzipEncodeResponse.php(19): Illuminate\\Pipeline\\Pipeline->Illuminate\\Pipeline\\{closure}(Object(Illuminate\\Http\\Request))
#15 /Users/aleksandr/projects/btf/vendor/laravel/framework/src/Illuminate/Pipeline/Pipeline.php(209): ErlandMuchasaj\\LaravelGzip\\Middleware\\GzipEncodeResponse->handle(Object(Illuminate\\Http\\Request), Object(Closure))
#16 /Users/aleksandr/projects/btf/vendor/laravel/framework/src/Illuminate/Routing/Middleware/SubstituteBindings.php(51): Illuminate\\Pipeline\\Pipeline->Illuminate\\Pipeline\\{closure}(Object(Illuminate\\Http\\Request))
#17 /Users/aleksandr/projects/btf/vendor/laravel/framework/src/Illuminate/Pipeline/Pipeline.php(209): Illuminate\\Routing\\Middleware\\SubstituteBindings->handle(Object(Illuminate\\Http\\Request), Object(Closure))
#18 /Users/aleksandr/projects/btf/vendor/laravel/framework/src/Illuminate/Auth/Middleware/Authenticate.php(64): Illuminate\\Pipeline\\Pipeline->Illuminate\\Pipeline\\{closure}(Object(Illuminate\\Http\\Request))
#19 /Users/aleksandr/projects/btf/vendor/laravel/framework/src/Illuminate/Pipeline/Pipeline.php(209): Illuminate\\Auth\\Middleware\\Authenticate->handle(Object(Illuminate\\Http\\Request), Object(Closure))
#20 /Users/aleksandr/projects/btf/vendor/laravel/framework/src/Illuminate/Foundation/Http/Middleware/VerifyCsrfToken.php(88): Illuminate\\Pipeline\\Pipeline->Illuminate\\Pipeline\\{closure}(Object(Illuminate\\Http\\Request))
#21 /Users/aleksandr/projects/btf/vendor/laravel/framework/src/Illuminate/Pipeline/Pipeline.php(209): Illuminate\\Foundation\\Http\\Middleware\\VerifyCsrfToken->handle(Object(Illuminate\\Http\\Request), Object(Closure))
#22 /Users/aleksandr/projects/btf/vendor/laravel/framework/src/Illuminate/View/Middleware/ShareErrorsFromSession.php(49): Illuminate\\Pipeline\\Pipeline->Illuminate\\Pipeline\\{closure}(Object(Illuminate\\Http\\Request))
#23 /Users/aleksandr/projects/btf/vendor/laravel/framework/src/Illuminate/Pipeline/Pipeline.php(209): Illuminate\\View\\Middleware\\ShareErrorsFromSession->handle(Object(Illuminate\\Http\\Request), Object(Closure))
#24 /Users/aleksandr/projects/btf/vendor/laravel/framework/src/Illuminate/Session/Middleware/StartSession.php(121): Illuminate\\Pipeline\\Pipeline->Illuminate\\Pipeline\\{closure}(Object(Illuminate\\Http\\Request))
#25 /Users/aleksandr/projects/btf/vendor/laravel/framework/src/Illuminate/Session/Middleware/StartSession.php(64): Illuminate\\Session\\Middleware\\StartSession->handleStatefulRequest(Object(Illuminate\\Http\\Request), Object(Illuminate\\Session\\Store), Object(Closure))
#26 /Users/aleksandr/projects/btf/vendor/laravel/framework/src/Illuminate/Pipeline/Pipeline.php(209): Illuminate\\Session\\Middleware\\StartSession->handle(Object(Illuminate\\Http\\Request), Object(Closure))
#27 /Users/aleksandr/projects/btf/vendor/laravel/framework/src/Illuminate/Cookie/Middleware/AddQueuedCookiesToResponse.php(37): Illuminate\\Pipeline\\Pipeline->Illuminate\\Pipeline\\{closure}(Object(Illuminate\\Http\\Request))
#28 /Users/aleksandr/projects/btf/vendor/laravel/framework/src/Illuminate/Pipeline/Pipeline.php(209): Illuminate\\Cookie\\Middleware\\AddQueuedCookiesToResponse->handle(Object(Illuminate\\Http\\Request), Object(Closure))
#29 /Users/aleksandr/projects/btf/vendor/laravel/framework/src/Illuminate/Cookie/Middleware/EncryptCookies.php(75): Illuminate\\Pipeline\\Pipeline->Illuminate\\Pipeline\\{closure}(Object(Illuminate\\Http\\Request))
#30 /Users/aleksandr/projects/btf/vendor/laravel/framework/src/Illuminate/Pipeline/Pipeline.php(209): Illuminate\\Cookie\\Middleware\\EncryptCookies->handle(Object(Illuminate\\Http\\Request), Object(Closure))
#31 /Users/aleksandr/projects/btf/vendor/laravel/framework/src/Illuminate/Pipeline/Pipeline.php(127): Illuminate\\Pipeline\\Pipeline->Illuminate\\Pipeline\\{closure}(Object(Illuminate\\Http\\Request))
#32 /Users/aleksandr/projects/btf/vendor/laravel/framework/src/Illuminate/Routing/Router.php(807): Illuminate\\Pipeline\\Pipeline->then(Object(Closure))
#33 /Users/aleksandr/projects/btf/vendor/laravel/framework/src/Illuminate/Routing/Router.php(786): Illuminate\\Routing\\Router->runRouteWithinStack(Object(Illuminate\\Routing\\Route), Object(Illuminate\\Http\\Request))
#34 /Users/aleksandr/projects/btf/vendor/laravel/framework/src/Illuminate/Routing/Router.php(750): Illuminate\\Routing\\Router->runRoute(Object(Illuminate\\Http\\Request), Object(Illuminate\\Routing\\Route))
#35 /Users/aleksandr/projects/btf/vendor/laravel/framework/src/Illuminate/Routing/Router.php(739): Illuminate\\Routing\\Router->dispatchToRoute(Object(Illuminate\\Http\\Request))
#36 /Users/aleksandr/projects/btf/vendor/laravel/framework/src/Illuminate/Foundation/Http/Kernel.php(201): Illuminate\\Routing\\Router->dispatch(Object(Illuminate\\Http\\Request))
#37 /Users/aleksandr/projects/btf/vendor/laravel/framework/src/Illuminate/Pipeline/Pipeline.php(170): Illuminate\\Foundation\\Http\\Kernel->Illuminate\\Foundation\\Http\\{closure}(Object(Illuminate\\Http\\Request))
#38 /Users/aleksandr/projects/btf/vendor/barryvdh/laravel-debugbar/src/Middleware/InjectDebugbar.php(66): Illuminate\\Pipeline\\Pipeline->Illuminate\\Pipeline\\{closure}(Object(Illuminate\\Http\\Request))
#39 /Users/aleksandr/projects/btf/vendor/laravel/framework/src/Illuminate/Pipeline/Pipeline.php(209): Barryvdh\\Debugbar\\Middleware\\InjectDebugbar->handle(Object(Illuminate\\Http\\Request), Object(Closure))
#40 /Users/aleksandr/projects/btf/vendor/laravel/framework/src/Illuminate/Foundation/Http/Middleware/TransformsRequest.php(21): Illuminate\\Pipeline\\Pipeline->Illuminate\\Pipeline\\{closure}(Object(Illuminate\\Http\\Request))
#41 /Users/aleksandr/projects/btf/vendor/laravel/framework/src/Illuminate/Foundation/Http/Middleware/ConvertEmptyStringsToNull.php(31): Illuminate\\Foundation\\Http\\Middleware\\TransformsRequest->handle(Object(Illuminate\\Http\\Request), Object(Closure))
#42 /Users/aleksandr/projects/btf/vendor/laravel/framework/src/Illuminate/Pipeline/Pipeline.php(209): Illuminate\\Foundation\\Http\\Middleware\\ConvertEmptyStringsToNull->handle(Object(Illuminate\\Http\\Request), Object(Closure))
#43 /Users/aleksandr/projects/btf/vendor/laravel/framework/src/Illuminate/Foundation/Http/Middleware/TransformsRequest.php(21): Illuminate\\Pipeline\\Pipeline->Illuminate\\Pipeline\\{closure}(Object(Illuminate\\Http\\Request))
#44 /Users/aleksandr/projects/btf/vendor/laravel/framework/src/Illuminate/Foundation/Http/Middleware/TrimStrings.php(51): Illuminate\\Foundation\\Http\\Middleware\\TransformsRequest->handle(Object(Illuminate\\Http\\Request), Object(Closure))
#45 /Users/aleksandr/projects/btf/vendor/laravel/framework/src/Illuminate/Pipeline/Pipeline.php(209): Illuminate\\Foundation\\Http\\Middleware\\TrimStrings->handle(Object(Illuminate\\Http\\Request), Object(Closure))
#46 /Users/aleksandr/projects/btf/vendor/laravel/framework/src/Illuminate/Http/Middleware/ValidatePostSize.php(27): Illuminate\\Pipeline\\Pipeline->Illuminate\\Pipeline\\{closure}(Object(Illuminate\\Http\\Request))
#47 /Users/aleksandr/projects/btf/vendor/laravel/framework/src/Illuminate/Pipeline/Pipeline.php(209): Illuminate\\Http\\Middleware\\ValidatePostSize->handle(Object(Illuminate\\Http\\Request), Object(Closure))
#48 /Users/aleksandr/projects/btf/vendor/laravel/framework/src/Illuminate/Foundation/Http/Middleware/PreventRequestsDuringMaintenance.php(110): Illuminate\\Pipeline\\Pipeline->Illuminate\\Pipeline\\{closure}(Object(Illuminate\\Http\\Request))
#49 /Users/aleksandr/projects/btf/vendor/laravel/framework/src/Illuminate/Pipeline/Pipeline.php(209): Illuminate\\Foundation\\Http\\Middleware\\PreventRequestsDuringMaintenance->handle(Object(Illuminate\\Http\\Request), Object(Closure))
#50 /Users/aleksandr/projects/btf/vendor/laravel/framework/src/Illuminate/Http/Middleware/HandleCors.php(62): Illuminate\\Pipeline\\Pipeline->Illuminate\\Pipeline\\{closure}(Object(Illuminate\\Http\\Request))
#51 /Users/aleksandr/projects/btf/vendor/laravel/framework/src/Illuminate/Pipeline/Pipeline.php(209): Illuminate\\Http\\Middleware\\HandleCors->handle(Object(Illuminate\\Http\\Request), Object(Closure))
#52 /Users/aleksandr/projects/btf/vendor/laravel/framework/src/Illuminate/Http/Middleware/TrustProxies.php(58): Illuminate\\Pipeline\\Pipeline->Illuminate\\Pipeline\\{closure}(Object(Illuminate\\Http\\Request))
#53 /Users/aleksandr/projects/btf/vendor/laravel/framework/src/Illuminate/Pipeline/Pipeline.php(209): Illuminate\\Http\\Middleware\\TrustProxies->handle(Object(Illuminate\\Http\\Request), Object(Closure))
#54 /Users/aleksandr/projects/btf/vendor/laravel/framework/src/Illuminate/Pipeline/Pipeline.php(127): Illuminate\\Pipeline\\Pipeline->Illuminate\\Pipeline\\{closure}(Object(Illuminate\\Http\\Request))
#55 /Users/aleksandr/projects/btf/vendor/laravel/framework/src/Illuminate/Foundation/Http/Kernel.php(176): Illuminate\\Pipeline\\Pipeline->then(Object(Closure))
#56 /Users/aleksandr/projects/btf/vendor/laravel/framework/src/Illuminate/Foundation/Http/Kernel.php(145): Illuminate\\Foundation\\Http\\Kernel->sendRequestThroughRouter(Object(Illuminate\\Http\\Request))
#57 /Users/aleksandr/projects/btf/public/index.php(50): Illuminate\\Foundation\\Http\\Kernel->handle(Object(Illuminate\\Http\\Request))
#58 /Users/aleksandr/projects/btf/vendor/laravel/framework/src/Illuminate/Foundation/resources/server.php(23): require_once('/Users/aleksand...')
#59 {main}
"} 
[2025-05-04 17:20:38] production.ERROR: Method App\Http\Controllers\Backend\PostsController::show does not exist. {"userId":1,"exception":"[object] (BadMethodCallException(code: 0): Method App\\Http\\Controllers\\Backend\\PostsController::show does not exist. at /Users/aleksandr/projects/btf/vendor/laravel/framework/src/Illuminate/Routing/Controller.php:68)
[stacktrace]
#0 /Users/aleksandr/projects/btf/vendor/laravel/framework/src/Illuminate/Routing/Controller.php(54): Illuminate\\Routing\\Controller->__call('show', Array)
#1 /Users/aleksandr/projects/btf/vendor/laravel/framework/src/Illuminate/Routing/ControllerDispatcher.php(44): Illuminate\\Routing\\Controller->callAction('show', Array)
#2 /Users/aleksandr/projects/btf/vendor/laravel/framework/src/Illuminate/Routing/Route.php(266): Illuminate\\Routing\\ControllerDispatcher->dispatch(Object(Illuminate\\Routing\\Route), Object(App\\Http\\Controllers\\Backend\\PostsController), 'show')
#3 /Users/aleksandr/projects/btf/vendor/laravel/framework/src/Illuminate/Routing/Route.php(212): Illuminate\\Routing\\Route->runController()
#4 /Users/aleksandr/projects/btf/vendor/laravel/framework/src/Illuminate/Routing/Router.php(808): Illuminate\\Routing\\Route->run()
#5 /Users/aleksandr/projects/btf/vendor/laravel/framework/src/Illuminate/Pipeline/Pipeline.php(170): Illuminate\\Routing\\Router->Illuminate\\Routing\\{closure}(Object(Illuminate\\Http\\Request))
#6 /Users/aleksandr/projects/btf/app/Http/Middleware/AdminCheck.php(15): Illuminate\\Pipeline\\Pipeline->Illuminate\\Pipeline\\{closure}(Object(Illuminate\\Http\\Request))
#7 /Users/aleksandr/projects/btf/vendor/laravel/framework/src/Illuminate/Pipeline/Pipeline.php(209): App\\Http\\Middleware\\AdminCheck->handle(Object(Illuminate\\Http\\Request), Object(Closure))
#8 /Users/aleksandr/projects/btf/vendor/barryvdh/laravel-debugbar/src/Middleware/InjectDebugbar.php(66): Illuminate\\Pipeline\\Pipeline->Illuminate\\Pipeline\\{closure}(Object(Illuminate\\Http\\Request))
#9 /Users/aleksandr/projects/btf/vendor/laravel/framework/src/Illuminate/Pipeline/Pipeline.php(209): Barryvdh\\Debugbar\\Middleware\\InjectDebugbar->handle(Object(Illuminate\\Http\\Request), Object(Closure))
#10 /Users/aleksandr/projects/btf/app/Http/Middleware/UserActivity.php(20): Illuminate\\Pipeline\\Pipeline->Illuminate\\Pipeline\\{closure}(Object(Illuminate\\Http\\Request))
#11 /Users/aleksandr/projects/btf/vendor/laravel/framework/src/Illuminate/Pipeline/Pipeline.php(209): App\\Http\\Middleware\\UserActivity->handle(Object(Illuminate\\Http\\Request), Object(Closure))
#12 /Users/aleksandr/projects/btf/app/Http/Middleware/SetLocale.php(51): Illuminate\\Pipeline\\Pipeline->Illuminate\\Pipeline\\{closure}(Object(Illuminate\\Http\\Request))
#13 /Users/aleksandr/projects/btf/vendor/laravel/framework/src/Illuminate/Pipeline/Pipeline.php(209): App\\Http\\Middleware\\SetLocale->handle(Object(Illuminate\\Http\\Request), Object(Closure))
#14 /Users/aleksandr/projects/btf/vendor/erlandmuchasaj/laravel-gzip/src/Middleware/GzipEncodeResponse.php(19): Illuminate\\Pipeline\\Pipeline->Illuminate\\Pipeline\\{closure}(Object(Illuminate\\Http\\Request))
#15 /Users/aleksandr/projects/btf/vendor/laravel/framework/src/Illuminate/Pipeline/Pipeline.php(209): ErlandMuchasaj\\LaravelGzip\\Middleware\\GzipEncodeResponse->handle(Object(Illuminate\\Http\\Request), Object(Closure))
#16 /Users/aleksandr/projects/btf/vendor/laravel/framework/src/Illuminate/Routing/Middleware/SubstituteBindings.php(51): Illuminate\\Pipeline\\Pipeline->Illuminate\\Pipeline\\{closure}(Object(Illuminate\\Http\\Request))
#17 /Users/aleksandr/projects/btf/vendor/laravel/framework/src/Illuminate/Pipeline/Pipeline.php(209): Illuminate\\Routing\\Middleware\\SubstituteBindings->handle(Object(Illuminate\\Http\\Request), Object(Closure))
#18 /Users/aleksandr/projects/btf/vendor/laravel/framework/src/Illuminate/Auth/Middleware/Authenticate.php(64): Illuminate\\Pipeline\\Pipeline->Illuminate\\Pipeline\\{closure}(Object(Illuminate\\Http\\Request))
#19 /Users/aleksandr/projects/btf/vendor/laravel/framework/src/Illuminate/Pipeline/Pipeline.php(209): Illuminate\\Auth\\Middleware\\Authenticate->handle(Object(Illuminate\\Http\\Request), Object(Closure))
#20 /Users/aleksandr/projects/btf/vendor/laravel/framework/src/Illuminate/Foundation/Http/Middleware/VerifyCsrfToken.php(88): Illuminate\\Pipeline\\Pipeline->Illuminate\\Pipeline\\{closure}(Object(Illuminate\\Http\\Request))
#21 /Users/aleksandr/projects/btf/vendor/laravel/framework/src/Illuminate/Pipeline/Pipeline.php(209): Illuminate\\Foundation\\Http\\Middleware\\VerifyCsrfToken->handle(Object(Illuminate\\Http\\Request), Object(Closure))
#22 /Users/aleksandr/projects/btf/vendor/laravel/framework/src/Illuminate/View/Middleware/ShareErrorsFromSession.php(49): Illuminate\\Pipeline\\Pipeline->Illuminate\\Pipeline\\{closure}(Object(Illuminate\\Http\\Request))
#23 /Users/aleksandr/projects/btf/vendor/laravel/framework/src/Illuminate/Pipeline/Pipeline.php(209): Illuminate\\View\\Middleware\\ShareErrorsFromSession->handle(Object(Illuminate\\Http\\Request), Object(Closure))
#24 /Users/aleksandr/projects/btf/vendor/laravel/framework/src/Illuminate/Session/Middleware/StartSession.php(121): Illuminate\\Pipeline\\Pipeline->Illuminate\\Pipeline\\{closure}(Object(Illuminate\\Http\\Request))
#25 /Users/aleksandr/projects/btf/vendor/laravel/framework/src/Illuminate/Session/Middleware/StartSession.php(64): Illuminate\\Session\\Middleware\\StartSession->handleStatefulRequest(Object(Illuminate\\Http\\Request), Object(Illuminate\\Session\\Store), Object(Closure))
#26 /Users/aleksandr/projects/btf/vendor/laravel/framework/src/Illuminate/Pipeline/Pipeline.php(209): Illuminate\\Session\\Middleware\\StartSession->handle(Object(Illuminate\\Http\\Request), Object(Closure))
#27 /Users/aleksandr/projects/btf/vendor/laravel/framework/src/Illuminate/Cookie/Middleware/AddQueuedCookiesToResponse.php(37): Illuminate\\Pipeline\\Pipeline->Illuminate\\Pipeline\\{closure}(Object(Illuminate\\Http\\Request))
#28 /Users/aleksandr/projects/btf/vendor/laravel/framework/src/Illuminate/Pipeline/Pipeline.php(209): Illuminate\\Cookie\\Middleware\\AddQueuedCookiesToResponse->handle(Object(Illuminate\\Http\\Request), Object(Closure))
#29 /Users/aleksandr/projects/btf/vendor/laravel/framework/src/Illuminate/Cookie/Middleware/EncryptCookies.php(75): Illuminate\\Pipeline\\Pipeline->Illuminate\\Pipeline\\{closure}(Object(Illuminate\\Http\\Request))
#30 /Users/aleksandr/projects/btf/vendor/laravel/framework/src/Illuminate/Pipeline/Pipeline.php(209): Illuminate\\Cookie\\Middleware\\EncryptCookies->handle(Object(Illuminate\\Http\\Request), Object(Closure))
#31 /Users/aleksandr/projects/btf/vendor/laravel/framework/src/Illuminate/Pipeline/Pipeline.php(127): Illuminate\\Pipeline\\Pipeline->Illuminate\\Pipeline\\{closure}(Object(Illuminate\\Http\\Request))
#32 /Users/aleksandr/projects/btf/vendor/laravel/framework/src/Illuminate/Routing/Router.php(807): Illuminate\\Pipeline\\Pipeline->then(Object(Closure))
#33 /Users/aleksandr/projects/btf/vendor/laravel/framework/src/Illuminate/Routing/Router.php(786): Illuminate\\Routing\\Router->runRouteWithinStack(Object(Illuminate\\Routing\\Route), Object(Illuminate\\Http\\Request))
#34 /Users/aleksandr/projects/btf/vendor/laravel/framework/src/Illuminate/Routing/Router.php(750): Illuminate\\Routing\\Router->runRoute(Object(Illuminate\\Http\\Request), Object(Illuminate\\Routing\\Route))
#35 /Users/aleksandr/projects/btf/vendor/laravel/framework/src/Illuminate/Routing/Router.php(739): Illuminate\\Routing\\Router->dispatchToRoute(Object(Illuminate\\Http\\Request))
#36 /Users/aleksandr/projects/btf/vendor/laravel/framework/src/Illuminate/Foundation/Http/Kernel.php(201): Illuminate\\Routing\\Router->dispatch(Object(Illuminate\\Http\\Request))
#37 /Users/aleksandr/projects/btf/vendor/laravel/framework/src/Illuminate/Pipeline/Pipeline.php(170): Illuminate\\Foundation\\Http\\Kernel->Illuminate\\Foundation\\Http\\{closure}(Object(Illuminate\\Http\\Request))
#38 /Users/aleksandr/projects/btf/vendor/barryvdh/laravel-debugbar/src/Middleware/InjectDebugbar.php(66): Illuminate\\Pipeline\\Pipeline->Illuminate\\Pipeline\\{closure}(Object(Illuminate\\Http\\Request))
#39 /Users/aleksandr/projects/btf/vendor/laravel/framework/src/Illuminate/Pipeline/Pipeline.php(209): Barryvdh\\Debugbar\\Middleware\\InjectDebugbar->handle(Object(Illuminate\\Http\\Request), Object(Closure))
#40 /Users/aleksandr/projects/btf/vendor/laravel/framework/src/Illuminate/Foundation/Http/Middleware/TransformsRequest.php(21): Illuminate\\Pipeline\\Pipeline->Illuminate\\Pipeline\\{closure}(Object(Illuminate\\Http\\Request))
#41 /Users/aleksandr/projects/btf/vendor/laravel/framework/src/Illuminate/Foundation/Http/Middleware/ConvertEmptyStringsToNull.php(31): Illuminate\\Foundation\\Http\\Middleware\\TransformsRequest->handle(Object(Illuminate\\Http\\Request), Object(Closure))
#42 /Users/aleksandr/projects/btf/vendor/laravel/framework/src/Illuminate/Pipeline/Pipeline.php(209): Illuminate\\Foundation\\Http\\Middleware\\ConvertEmptyStringsToNull->handle(Object(Illuminate\\Http\\Request), Object(Closure))
#43 /Users/aleksandr/projects/btf/vendor/laravel/framework/src/Illuminate/Foundation/Http/Middleware/TransformsRequest.php(21): Illuminate\\Pipeline\\Pipeline->Illuminate\\Pipeline\\{closure}(Object(Illuminate\\Http\\Request))
#44 /Users/aleksandr/projects/btf/vendor/laravel/framework/src/Illuminate/Foundation/Http/Middleware/TrimStrings.php(51): Illuminate\\Foundation\\Http\\Middleware\\TransformsRequest->handle(Object(Illuminate\\Http\\Request), Object(Closure))
#45 /Users/aleksandr/projects/btf/vendor/laravel/framework/src/Illuminate/Pipeline/Pipeline.php(209): Illuminate\\Foundation\\Http\\Middleware\\TrimStrings->handle(Object(Illuminate\\Http\\Request), Object(Closure))
#46 /Users/aleksandr/projects/btf/vendor/laravel/framework/src/Illuminate/Http/Middleware/ValidatePostSize.php(27): Illuminate\\Pipeline\\Pipeline->Illuminate\\Pipeline\\{closure}(Object(Illuminate\\Http\\Request))
#47 /Users/aleksandr/projects/btf/vendor/laravel/framework/src/Illuminate/Pipeline/Pipeline.php(209): Illuminate\\Http\\Middleware\\ValidatePostSize->handle(Object(Illuminate\\Http\\Request), Object(Closure))
#48 /Users/aleksandr/projects/btf/vendor/laravel/framework/src/Illuminate/Foundation/Http/Middleware/PreventRequestsDuringMaintenance.php(110): Illuminate\\Pipeline\\Pipeline->Illuminate\\Pipeline\\{closure}(Object(Illuminate\\Http\\Request))
#49 /Users/aleksandr/projects/btf/vendor/laravel/framework/src/Illuminate/Pipeline/Pipeline.php(209): Illuminate\\Foundation\\Http\\Middleware\\PreventRequestsDuringMaintenance->handle(Object(Illuminate\\Http\\Request), Object(Closure))
#50 /Users/aleksandr/projects/btf/vendor/laravel/framework/src/Illuminate/Http/Middleware/HandleCors.php(62): Illuminate\\Pipeline\\Pipeline->Illuminate\\Pipeline\\{closure}(Object(Illuminate\\Http\\Request))
#51 /Users/aleksandr/projects/btf/vendor/laravel/framework/src/Illuminate/Pipeline/Pipeline.php(209): Illuminate\\Http\\Middleware\\HandleCors->handle(Object(Illuminate\\Http\\Request), Object(Closure))
#52 /Users/aleksandr/projects/btf/vendor/laravel/framework/src/Illuminate/Http/Middleware/TrustProxies.php(58): Illuminate\\Pipeline\\Pipeline->Illuminate\\Pipeline\\{closure}(Object(Illuminate\\Http\\Request))
#53 /Users/aleksandr/projects/btf/vendor/laravel/framework/src/Illuminate/Pipeline/Pipeline.php(209): Illuminate\\Http\\Middleware\\TrustProxies->handle(Object(Illuminate\\Http\\Request), Object(Closure))
#54 /Users/aleksandr/projects/btf/vendor/laravel/framework/src/Illuminate/Pipeline/Pipeline.php(127): Illuminate\\Pipeline\\Pipeline->Illuminate\\Pipeline\\{closure}(Object(Illuminate\\Http\\Request))
#55 /Users/aleksandr/projects/btf/vendor/laravel/framework/src/Illuminate/Foundation/Http/Kernel.php(176): Illuminate\\Pipeline\\Pipeline->then(Object(Closure))
#56 /Users/aleksandr/projects/btf/vendor/laravel/framework/src/Illuminate/Foundation/Http/Kernel.php(145): Illuminate\\Foundation\\Http\\Kernel->sendRequestThroughRouter(Object(Illuminate\\Http\\Request))
#57 /Users/aleksandr/projects/btf/public/index.php(50): Illuminate\\Foundation\\Http\\Kernel->handle(Object(Illuminate\\Http\\Request))
#58 /Users/aleksandr/projects/btf/vendor/laravel/framework/src/Illuminate/Foundation/resources/server.php(23): require_once('/Users/aleksand...')
#59 {main}
"} 
[2025-05-04 17:20:58] production.ERROR: Method App\Http\Controllers\Backend\PostsController::show does not exist. {"userId":1,"exception":"[object] (BadMethodCallException(code: 0): Method App\\Http\\Controllers\\Backend\\PostsController::show does not exist. at /Users/aleksandr/projects/btf/vendor/laravel/framework/src/Illuminate/Routing/Controller.php:68)
[stacktrace]
#0 /Users/aleksandr/projects/btf/vendor/laravel/framework/src/Illuminate/Routing/Controller.php(54): Illuminate\\Routing\\Controller->__call('show', Array)
#1 /Users/aleksandr/projects/btf/vendor/laravel/framework/src/Illuminate/Routing/ControllerDispatcher.php(44): Illuminate\\Routing\\Controller->callAction('show', Array)
#2 /Users/aleksandr/projects/btf/vendor/laravel/framework/src/Illuminate/Routing/Route.php(266): Illuminate\\Routing\\ControllerDispatcher->dispatch(Object(Illuminate\\Routing\\Route), Object(App\\Http\\Controllers\\Backend\\PostsController), 'show')
#3 /Users/aleksandr/projects/btf/vendor/laravel/framework/src/Illuminate/Routing/Route.php(212): Illuminate\\Routing\\Route->runController()
#4 /Users/aleksandr/projects/btf/vendor/laravel/framework/src/Illuminate/Routing/Router.php(808): Illuminate\\Routing\\Route->run()
#5 /Users/aleksandr/projects/btf/vendor/laravel/framework/src/Illuminate/Pipeline/Pipeline.php(170): Illuminate\\Routing\\Router->Illuminate\\Routing\\{closure}(Object(Illuminate\\Http\\Request))
#6 /Users/aleksandr/projects/btf/app/Http/Middleware/AdminCheck.php(15): Illuminate\\Pipeline\\Pipeline->Illuminate\\Pipeline\\{closure}(Object(Illuminate\\Http\\Request))
#7 /Users/aleksandr/projects/btf/vendor/laravel/framework/src/Illuminate/Pipeline/Pipeline.php(209): App\\Http\\Middleware\\AdminCheck->handle(Object(Illuminate\\Http\\Request), Object(Closure))
#8 /Users/aleksandr/projects/btf/vendor/barryvdh/laravel-debugbar/src/Middleware/InjectDebugbar.php(66): Illuminate\\Pipeline\\Pipeline->Illuminate\\Pipeline\\{closure}(Object(Illuminate\\Http\\Request))
#9 /Users/aleksandr/projects/btf/vendor/laravel/framework/src/Illuminate/Pipeline/Pipeline.php(209): Barryvdh\\Debugbar\\Middleware\\InjectDebugbar->handle(Object(Illuminate\\Http\\Request), Object(Closure))
#10 /Users/aleksandr/projects/btf/app/Http/Middleware/UserActivity.php(20): Illuminate\\Pipeline\\Pipeline->Illuminate\\Pipeline\\{closure}(Object(Illuminate\\Http\\Request))
#11 /Users/aleksandr/projects/btf/vendor/laravel/framework/src/Illuminate/Pipeline/Pipeline.php(209): App\\Http\\Middleware\\UserActivity->handle(Object(Illuminate\\Http\\Request), Object(Closure))
#12 /Users/aleksandr/projects/btf/app/Http/Middleware/SetLocale.php(51): Illuminate\\Pipeline\\Pipeline->Illuminate\\Pipeline\\{closure}(Object(Illuminate\\Http\\Request))
#13 /Users/aleksandr/projects/btf/vendor/laravel/framework/src/Illuminate/Pipeline/Pipeline.php(209): App\\Http\\Middleware\\SetLocale->handle(Object(Illuminate\\Http\\Request), Object(Closure))
#14 /Users/aleksandr/projects/btf/vendor/erlandmuchasaj/laravel-gzip/src/Middleware/GzipEncodeResponse.php(19): Illuminate\\Pipeline\\Pipeline->Illuminate\\Pipeline\\{closure}(Object(Illuminate\\Http\\Request))
#15 /Users/aleksandr/projects/btf/vendor/laravel/framework/src/Illuminate/Pipeline/Pipeline.php(209): ErlandMuchasaj\\LaravelGzip\\Middleware\\GzipEncodeResponse->handle(Object(Illuminate\\Http\\Request), Object(Closure))
#16 /Users/aleksandr/projects/btf/vendor/laravel/framework/src/Illuminate/Routing/Middleware/SubstituteBindings.php(51): Illuminate\\Pipeline\\Pipeline->Illuminate\\Pipeline\\{closure}(Object(Illuminate\\Http\\Request))
#17 /Users/aleksandr/projects/btf/vendor/laravel/framework/src/Illuminate/Pipeline/Pipeline.php(209): Illuminate\\Routing\\Middleware\\SubstituteBindings->handle(Object(Illuminate\\Http\\Request), Object(Closure))
#18 /Users/aleksandr/projects/btf/vendor/laravel/framework/src/Illuminate/Auth/Middleware/Authenticate.php(64): Illuminate\\Pipeline\\Pipeline->Illuminate\\Pipeline\\{closure}(Object(Illuminate\\Http\\Request))
#19 /Users/aleksandr/projects/btf/vendor/laravel/framework/src/Illuminate/Pipeline/Pipeline.php(209): Illuminate\\Auth\\Middleware\\Authenticate->handle(Object(Illuminate\\Http\\Request), Object(Closure))
#20 /Users/aleksandr/projects/btf/vendor/laravel/framework/src/Illuminate/Foundation/Http/Middleware/VerifyCsrfToken.php(88): Illuminate\\Pipeline\\Pipeline->Illuminate\\Pipeline\\{closure}(Object(Illuminate\\Http\\Request))
#21 /Users/aleksandr/projects/btf/vendor/laravel/framework/src/Illuminate/Pipeline/Pipeline.php(209): Illuminate\\Foundation\\Http\\Middleware\\VerifyCsrfToken->handle(Object(Illuminate\\Http\\Request), Object(Closure))
#22 /Users/aleksandr/projects/btf/vendor/laravel/framework/src/Illuminate/View/Middleware/ShareErrorsFromSession.php(49): Illuminate\\Pipeline\\Pipeline->Illuminate\\Pipeline\\{closure}(Object(Illuminate\\Http\\Request))
#23 /Users/aleksandr/projects/btf/vendor/laravel/framework/src/Illuminate/Pipeline/Pipeline.php(209): Illuminate\\View\\Middleware\\ShareErrorsFromSession->handle(Object(Illuminate\\Http\\Request), Object(Closure))
#24 /Users/aleksandr/projects/btf/vendor/laravel/framework/src/Illuminate/Session/Middleware/StartSession.php(121): Illuminate\\Pipeline\\Pipeline->Illuminate\\Pipeline\\{closure}(Object(Illuminate\\Http\\Request))
#25 /Users/aleksandr/projects/btf/vendor/laravel/framework/src/Illuminate/Session/Middleware/StartSession.php(64): Illuminate\\Session\\Middleware\\StartSession->handleStatefulRequest(Object(Illuminate\\Http\\Request), Object(Illuminate\\Session\\Store), Object(Closure))
#26 /Users/aleksandr/projects/btf/vendor/laravel/framework/src/Illuminate/Pipeline/Pipeline.php(209): Illuminate\\Session\\Middleware\\StartSession->handle(Object(Illuminate\\Http\\Request), Object(Closure))
#27 /Users/aleksandr/projects/btf/vendor/laravel/framework/src/Illuminate/Cookie/Middleware/AddQueuedCookiesToResponse.php(37): Illuminate\\Pipeline\\Pipeline->Illuminate\\Pipeline\\{closure}(Object(Illuminate\\Http\\Request))
#28 /Users/aleksandr/projects/btf/vendor/laravel/framework/src/Illuminate/Pipeline/Pipeline.php(209): Illuminate\\Cookie\\Middleware\\AddQueuedCookiesToResponse->handle(Object(Illuminate\\Http\\Request), Object(Closure))
#29 /Users/aleksandr/projects/btf/vendor/laravel/framework/src/Illuminate/Cookie/Middleware/EncryptCookies.php(75): Illuminate\\Pipeline\\Pipeline->Illuminate\\Pipeline\\{closure}(Object(Illuminate\\Http\\Request))
#30 /Users/aleksandr/projects/btf/vendor/laravel/framework/src/Illuminate/Pipeline/Pipeline.php(209): Illuminate\\Cookie\\Middleware\\EncryptCookies->handle(Object(Illuminate\\Http\\Request), Object(Closure))
#31 /Users/aleksandr/projects/btf/vendor/laravel/framework/src/Illuminate/Pipeline/Pipeline.php(127): Illuminate\\Pipeline\\Pipeline->Illuminate\\Pipeline\\{closure}(Object(Illuminate\\Http\\Request))
#32 /Users/aleksandr/projects/btf/vendor/laravel/framework/src/Illuminate/Routing/Router.php(807): Illuminate\\Pipeline\\Pipeline->then(Object(Closure))
#33 /Users/aleksandr/projects/btf/vendor/laravel/framework/src/Illuminate/Routing/Router.php(786): Illuminate\\Routing\\Router->runRouteWithinStack(Object(Illuminate\\Routing\\Route), Object(Illuminate\\Http\\Request))
#34 /Users/aleksandr/projects/btf/vendor/laravel/framework/src/Illuminate/Routing/Router.php(750): Illuminate\\Routing\\Router->runRoute(Object(Illuminate\\Http\\Request), Object(Illuminate\\Routing\\Route))
#35 /Users/aleksandr/projects/btf/vendor/laravel/framework/src/Illuminate/Routing/Router.php(739): Illuminate\\Routing\\Router->dispatchToRoute(Object(Illuminate\\Http\\Request))
#36 /Users/aleksandr/projects/btf/vendor/laravel/framework/src/Illuminate/Foundation/Http/Kernel.php(201): Illuminate\\Routing\\Router->dispatch(Object(Illuminate\\Http\\Request))
#37 /Users/aleksandr/projects/btf/vendor/laravel/framework/src/Illuminate/Pipeline/Pipeline.php(170): Illuminate\\Foundation\\Http\\Kernel->Illuminate\\Foundation\\Http\\{closure}(Object(Illuminate\\Http\\Request))
#38 /Users/aleksandr/projects/btf/vendor/barryvdh/laravel-debugbar/src/Middleware/InjectDebugbar.php(66): Illuminate\\Pipeline\\Pipeline->Illuminate\\Pipeline\\{closure}(Object(Illuminate\\Http\\Request))
#39 /Users/aleksandr/projects/btf/vendor/laravel/framework/src/Illuminate/Pipeline/Pipeline.php(209): Barryvdh\\Debugbar\\Middleware\\InjectDebugbar->handle(Object(Illuminate\\Http\\Request), Object(Closure))
#40 /Users/aleksandr/projects/btf/vendor/laravel/framework/src/Illuminate/Foundation/Http/Middleware/TransformsRequest.php(21): Illuminate\\Pipeline\\Pipeline->Illuminate\\Pipeline\\{closure}(Object(Illuminate\\Http\\Request))
#41 /Users/aleksandr/projects/btf/vendor/laravel/framework/src/Illuminate/Foundation/Http/Middleware/ConvertEmptyStringsToNull.php(31): Illuminate\\Foundation\\Http\\Middleware\\TransformsRequest->handle(Object(Illuminate\\Http\\Request), Object(Closure))
#42 /Users/aleksandr/projects/btf/vendor/laravel/framework/src/Illuminate/Pipeline/Pipeline.php(209): Illuminate\\Foundation\\Http\\Middleware\\ConvertEmptyStringsToNull->handle(Object(Illuminate\\Http\\Request), Object(Closure))
#43 /Users/aleksandr/projects/btf/vendor/laravel/framework/src/Illuminate/Foundation/Http/Middleware/TransformsRequest.php(21): Illuminate\\Pipeline\\Pipeline->Illuminate\\Pipeline\\{closure}(Object(Illuminate\\Http\\Request))
#44 /Users/aleksandr/projects/btf/vendor/laravel/framework/src/Illuminate/Foundation/Http/Middleware/TrimStrings.php(51): Illuminate\\Foundation\\Http\\Middleware\\TransformsRequest->handle(Object(Illuminate\\Http\\Request), Object(Closure))
#45 /Users/aleksandr/projects/btf/vendor/laravel/framework/src/Illuminate/Pipeline/Pipeline.php(209): Illuminate\\Foundation\\Http\\Middleware\\TrimStrings->handle(Object(Illuminate\\Http\\Request), Object(Closure))
#46 /Users/aleksandr/projects/btf/vendor/laravel/framework/src/Illuminate/Http/Middleware/ValidatePostSize.php(27): Illuminate\\Pipeline\\Pipeline->Illuminate\\Pipeline\\{closure}(Object(Illuminate\\Http\\Request))
#47 /Users/aleksandr/projects/btf/vendor/laravel/framework/src/Illuminate/Pipeline/Pipeline.php(209): Illuminate\\Http\\Middleware\\ValidatePostSize->handle(Object(Illuminate\\Http\\Request), Object(Closure))
#48 /Users/aleksandr/projects/btf/vendor/laravel/framework/src/Illuminate/Foundation/Http/Middleware/PreventRequestsDuringMaintenance.php(110): Illuminate\\Pipeline\\Pipeline->Illuminate\\Pipeline\\{closure}(Object(Illuminate\\Http\\Request))
#49 /Users/aleksandr/projects/btf/vendor/laravel/framework/src/Illuminate/Pipeline/Pipeline.php(209): Illuminate\\Foundation\\Http\\Middleware\\PreventRequestsDuringMaintenance->handle(Object(Illuminate\\Http\\Request), Object(Closure))
#50 /Users/aleksandr/projects/btf/vendor/laravel/framework/src/Illuminate/Http/Middleware/HandleCors.php(62): Illuminate\\Pipeline\\Pipeline->Illuminate\\Pipeline\\{closure}(Object(Illuminate\\Http\\Request))
#51 /Users/aleksandr/projects/btf/vendor/laravel/framework/src/Illuminate/Pipeline/Pipeline.php(209): Illuminate\\Http\\Middleware\\HandleCors->handle(Object(Illuminate\\Http\\Request), Object(Closure))
#52 /Users/aleksandr/projects/btf/vendor/laravel/framework/src/Illuminate/Http/Middleware/TrustProxies.php(58): Illuminate\\Pipeline\\Pipeline->Illuminate\\Pipeline\\{closure}(Object(Illuminate\\Http\\Request))
#53 /Users/aleksandr/projects/btf/vendor/laravel/framework/src/Illuminate/Pipeline/Pipeline.php(209): Illuminate\\Http\\Middleware\\TrustProxies->handle(Object(Illuminate\\Http\\Request), Object(Closure))
#54 /Users/aleksandr/projects/btf/vendor/laravel/framework/src/Illuminate/Pipeline/Pipeline.php(127): Illuminate\\Pipeline\\Pipeline->Illuminate\\Pipeline\\{closure}(Object(Illuminate\\Http\\Request))
#55 /Users/aleksandr/projects/btf/vendor/laravel/framework/src/Illuminate/Foundation/Http/Kernel.php(176): Illuminate\\Pipeline\\Pipeline->then(Object(Closure))
#56 /Users/aleksandr/projects/btf/vendor/laravel/framework/src/Illuminate/Foundation/Http/Kernel.php(145): Illuminate\\Foundation\\Http\\Kernel->sendRequestThroughRouter(Object(Illuminate\\Http\\Request))
#57 /Users/aleksandr/projects/btf/public/index.php(50): Illuminate\\Foundation\\Http\\Kernel->handle(Object(Illuminate\\Http\\Request))
#58 /Users/aleksandr/projects/btf/vendor/laravel/framework/src/Illuminate/Foundation/resources/server.php(23): require_once('/Users/aleksand...')
#59 {main}
"} 
[2025-05-04 17:21:24] production.ERROR: Method App\Http\Controllers\Backend\PostsController::show does not exist. {"userId":1,"exception":"[object] (BadMethodCallException(code: 0): Method App\\Http\\Controllers\\Backend\\PostsController::show does not exist. at /Users/aleksandr/projects/btf/vendor/laravel/framework/src/Illuminate/Routing/Controller.php:68)
[stacktrace]
#0 /Users/aleksandr/projects/btf/vendor/laravel/framework/src/Illuminate/Routing/Controller.php(54): Illuminate\\Routing\\Controller->__call('show', Array)
#1 /Users/aleksandr/projects/btf/vendor/laravel/framework/src/Illuminate/Routing/ControllerDispatcher.php(44): Illuminate\\Routing\\Controller->callAction('show', Array)
#2 /Users/aleksandr/projects/btf/vendor/laravel/framework/src/Illuminate/Routing/Route.php(266): Illuminate\\Routing\\ControllerDispatcher->dispatch(Object(Illuminate\\Routing\\Route), Object(App\\Http\\Controllers\\Backend\\PostsController), 'show')
#3 /Users/aleksandr/projects/btf/vendor/laravel/framework/src/Illuminate/Routing/Route.php(212): Illuminate\\Routing\\Route->runController()
#4 /Users/aleksandr/projects/btf/vendor/laravel/framework/src/Illuminate/Routing/Router.php(808): Illuminate\\Routing\\Route->run()
#5 /Users/aleksandr/projects/btf/vendor/laravel/framework/src/Illuminate/Pipeline/Pipeline.php(170): Illuminate\\Routing\\Router->Illuminate\\Routing\\{closure}(Object(Illuminate\\Http\\Request))
#6 /Users/aleksandr/projects/btf/app/Http/Middleware/AdminCheck.php(15): Illuminate\\Pipeline\\Pipeline->Illuminate\\Pipeline\\{closure}(Object(Illuminate\\Http\\Request))
#7 /Users/aleksandr/projects/btf/vendor/laravel/framework/src/Illuminate/Pipeline/Pipeline.php(209): App\\Http\\Middleware\\AdminCheck->handle(Object(Illuminate\\Http\\Request), Object(Closure))
#8 /Users/aleksandr/projects/btf/vendor/barryvdh/laravel-debugbar/src/Middleware/InjectDebugbar.php(66): Illuminate\\Pipeline\\Pipeline->Illuminate\\Pipeline\\{closure}(Object(Illuminate\\Http\\Request))
#9 /Users/aleksandr/projects/btf/vendor/laravel/framework/src/Illuminate/Pipeline/Pipeline.php(209): Barryvdh\\Debugbar\\Middleware\\InjectDebugbar->handle(Object(Illuminate\\Http\\Request), Object(Closure))
#10 /Users/aleksandr/projects/btf/app/Http/Middleware/UserActivity.php(20): Illuminate\\Pipeline\\Pipeline->Illuminate\\Pipeline\\{closure}(Object(Illuminate\\Http\\Request))
#11 /Users/aleksandr/projects/btf/vendor/laravel/framework/src/Illuminate/Pipeline/Pipeline.php(209): App\\Http\\Middleware\\UserActivity->handle(Object(Illuminate\\Http\\Request), Object(Closure))
#12 /Users/aleksandr/projects/btf/app/Http/Middleware/SetLocale.php(51): Illuminate\\Pipeline\\Pipeline->Illuminate\\Pipeline\\{closure}(Object(Illuminate\\Http\\Request))
#13 /Users/aleksandr/projects/btf/vendor/laravel/framework/src/Illuminate/Pipeline/Pipeline.php(209): App\\Http\\Middleware\\SetLocale->handle(Object(Illuminate\\Http\\Request), Object(Closure))
#14 /Users/aleksandr/projects/btf/vendor/erlandmuchasaj/laravel-gzip/src/Middleware/GzipEncodeResponse.php(19): Illuminate\\Pipeline\\Pipeline->Illuminate\\Pipeline\\{closure}(Object(Illuminate\\Http\\Request))
#15 /Users/aleksandr/projects/btf/vendor/laravel/framework/src/Illuminate/Pipeline/Pipeline.php(209): ErlandMuchasaj\\LaravelGzip\\Middleware\\GzipEncodeResponse->handle(Object(Illuminate\\Http\\Request), Object(Closure))
#16 /Users/aleksandr/projects/btf/vendor/laravel/framework/src/Illuminate/Routing/Middleware/SubstituteBindings.php(51): Illuminate\\Pipeline\\Pipeline->Illuminate\\Pipeline\\{closure}(Object(Illuminate\\Http\\Request))
#17 /Users/aleksandr/projects/btf/vendor/laravel/framework/src/Illuminate/Pipeline/Pipeline.php(209): Illuminate\\Routing\\Middleware\\SubstituteBindings->handle(Object(Illuminate\\Http\\Request), Object(Closure))
#18 /Users/aleksandr/projects/btf/vendor/laravel/framework/src/Illuminate/Auth/Middleware/Authenticate.php(64): Illuminate\\Pipeline\\Pipeline->Illuminate\\Pipeline\\{closure}(Object(Illuminate\\Http\\Request))
#19 /Users/aleksandr/projects/btf/vendor/laravel/framework/src/Illuminate/Pipeline/Pipeline.php(209): Illuminate\\Auth\\Middleware\\Authenticate->handle(Object(Illuminate\\Http\\Request), Object(Closure))
#20 /Users/aleksandr/projects/btf/vendor/laravel/framework/src/Illuminate/Foundation/Http/Middleware/VerifyCsrfToken.php(88): Illuminate\\Pipeline\\Pipeline->Illuminate\\Pipeline\\{closure}(Object(Illuminate\\Http\\Request))
#21 /Users/aleksandr/projects/btf/vendor/laravel/framework/src/Illuminate/Pipeline/Pipeline.php(209): Illuminate\\Foundation\\Http\\Middleware\\VerifyCsrfToken->handle(Object(Illuminate\\Http\\Request), Object(Closure))
#22 /Users/aleksandr/projects/btf/vendor/laravel/framework/src/Illuminate/View/Middleware/ShareErrorsFromSession.php(49): Illuminate\\Pipeline\\Pipeline->Illuminate\\Pipeline\\{closure}(Object(Illuminate\\Http\\Request))
#23 /Users/aleksandr/projects/btf/vendor/laravel/framework/src/Illuminate/Pipeline/Pipeline.php(209): Illuminate\\View\\Middleware\\ShareErrorsFromSession->handle(Object(Illuminate\\Http\\Request), Object(Closure))
#24 /Users/aleksandr/projects/btf/vendor/laravel/framework/src/Illuminate/Session/Middleware/StartSession.php(121): Illuminate\\Pipeline\\Pipeline->Illuminate\\Pipeline\\{closure}(Object(Illuminate\\Http\\Request))
#25 /Users/aleksandr/projects/btf/vendor/laravel/framework/src/Illuminate/Session/Middleware/StartSession.php(64): Illuminate\\Session\\Middleware\\StartSession->handleStatefulRequest(Object(Illuminate\\Http\\Request), Object(Illuminate\\Session\\Store), Object(Closure))
#26 /Users/aleksandr/projects/btf/vendor/laravel/framework/src/Illuminate/Pipeline/Pipeline.php(209): Illuminate\\Session\\Middleware\\StartSession->handle(Object(Illuminate\\Http\\Request), Object(Closure))
#27 /Users/aleksandr/projects/btf/vendor/laravel/framework/src/Illuminate/Cookie/Middleware/AddQueuedCookiesToResponse.php(37): Illuminate\\Pipeline\\Pipeline->Illuminate\\Pipeline\\{closure}(Object(Illuminate\\Http\\Request))
#28 /Users/aleksandr/projects/btf/vendor/laravel/framework/src/Illuminate/Pipeline/Pipeline.php(209): Illuminate\\Cookie\\Middleware\\AddQueuedCookiesToResponse->handle(Object(Illuminate\\Http\\Request), Object(Closure))
#29 /Users/aleksandr/projects/btf/vendor/laravel/framework/src/Illuminate/Cookie/Middleware/EncryptCookies.php(75): Illuminate\\Pipeline\\Pipeline->Illuminate\\Pipeline\\{closure}(Object(Illuminate\\Http\\Request))
#30 /Users/aleksandr/projects/btf/vendor/laravel/framework/src/Illuminate/Pipeline/Pipeline.php(209): Illuminate\\Cookie\\Middleware\\EncryptCookies->handle(Object(Illuminate\\Http\\Request), Object(Closure))
#31 /Users/aleksandr/projects/btf/vendor/laravel/framework/src/Illuminate/Pipeline/Pipeline.php(127): Illuminate\\Pipeline\\Pipeline->Illuminate\\Pipeline\\{closure}(Object(Illuminate\\Http\\Request))
#32 /Users/aleksandr/projects/btf/vendor/laravel/framework/src/Illuminate/Routing/Router.php(807): Illuminate\\Pipeline\\Pipeline->then(Object(Closure))
#33 /Users/aleksandr/projects/btf/vendor/laravel/framework/src/Illuminate/Routing/Router.php(786): Illuminate\\Routing\\Router->runRouteWithinStack(Object(Illuminate\\Routing\\Route), Object(Illuminate\\Http\\Request))
#34 /Users/aleksandr/projects/btf/vendor/laravel/framework/src/Illuminate/Routing/Router.php(750): Illuminate\\Routing\\Router->runRoute(Object(Illuminate\\Http\\Request), Object(Illuminate\\Routing\\Route))
#35 /Users/aleksandr/projects/btf/vendor/laravel/framework/src/Illuminate/Routing/Router.php(739): Illuminate\\Routing\\Router->dispatchToRoute(Object(Illuminate\\Http\\Request))
#36 /Users/aleksandr/projects/btf/vendor/laravel/framework/src/Illuminate/Foundation/Http/Kernel.php(201): Illuminate\\Routing\\Router->dispatch(Object(Illuminate\\Http\\Request))
#37 /Users/aleksandr/projects/btf/vendor/laravel/framework/src/Illuminate/Pipeline/Pipeline.php(170): Illuminate\\Foundation\\Http\\Kernel->Illuminate\\Foundation\\Http\\{closure}(Object(Illuminate\\Http\\Request))
#38 /Users/aleksandr/projects/btf/vendor/barryvdh/laravel-debugbar/src/Middleware/InjectDebugbar.php(66): Illuminate\\Pipeline\\Pipeline->Illuminate\\Pipeline\\{closure}(Object(Illuminate\\Http\\Request))
#39 /Users/aleksandr/projects/btf/vendor/laravel/framework/src/Illuminate/Pipeline/Pipeline.php(209): Barryvdh\\Debugbar\\Middleware\\InjectDebugbar->handle(Object(Illuminate\\Http\\Request), Object(Closure))
#40 /Users/aleksandr/projects/btf/vendor/laravel/framework/src/Illuminate/Foundation/Http/Middleware/TransformsRequest.php(21): Illuminate\\Pipeline\\Pipeline->Illuminate\\Pipeline\\{closure}(Object(Illuminate\\Http\\Request))
#41 /Users/aleksandr/projects/btf/vendor/laravel/framework/src/Illuminate/Foundation/Http/Middleware/ConvertEmptyStringsToNull.php(31): Illuminate\\Foundation\\Http\\Middleware\\TransformsRequest->handle(Object(Illuminate\\Http\\Request), Object(Closure))
#42 /Users/aleksandr/projects/btf/vendor/laravel/framework/src/Illuminate/Pipeline/Pipeline.php(209): Illuminate\\Foundation\\Http\\Middleware\\ConvertEmptyStringsToNull->handle(Object(Illuminate\\Http\\Request), Object(Closure))
#43 /Users/aleksandr/projects/btf/vendor/laravel/framework/src/Illuminate/Foundation/Http/Middleware/TransformsRequest.php(21): Illuminate\\Pipeline\\Pipeline->Illuminate\\Pipeline\\{closure}(Object(Illuminate\\Http\\Request))
#44 /Users/aleksandr/projects/btf/vendor/laravel/framework/src/Illuminate/Foundation/Http/Middleware/TrimStrings.php(51): Illuminate\\Foundation\\Http\\Middleware\\TransformsRequest->handle(Object(Illuminate\\Http\\Request), Object(Closure))
#45 /Users/aleksandr/projects/btf/vendor/laravel/framework/src/Illuminate/Pipeline/Pipeline.php(209): Illuminate\\Foundation\\Http\\Middleware\\TrimStrings->handle(Object(Illuminate\\Http\\Request), Object(Closure))
#46 /Users/aleksandr/projects/btf/vendor/laravel/framework/src/Illuminate/Http/Middleware/ValidatePostSize.php(27): Illuminate\\Pipeline\\Pipeline->Illuminate\\Pipeline\\{closure}(Object(Illuminate\\Http\\Request))
#47 /Users/aleksandr/projects/btf/vendor/laravel/framework/src/Illuminate/Pipeline/Pipeline.php(209): Illuminate\\Http\\Middleware\\ValidatePostSize->handle(Object(Illuminate\\Http\\Request), Object(Closure))
#48 /Users/aleksandr/projects/btf/vendor/laravel/framework/src/Illuminate/Foundation/Http/Middleware/PreventRequestsDuringMaintenance.php(110): Illuminate\\Pipeline\\Pipeline->Illuminate\\Pipeline\\{closure}(Object(Illuminate\\Http\\Request))
#49 /Users/aleksandr/projects/btf/vendor/laravel/framework/src/Illuminate/Pipeline/Pipeline.php(209): Illuminate\\Foundation\\Http\\Middleware\\PreventRequestsDuringMaintenance->handle(Object(Illuminate\\Http\\Request), Object(Closure))
#50 /Users/aleksandr/projects/btf/vendor/laravel/framework/src/Illuminate/Http/Middleware/HandleCors.php(62): Illuminate\\Pipeline\\Pipeline->Illuminate\\Pipeline\\{closure}(Object(Illuminate\\Http\\Request))
#51 /Users/aleksandr/projects/btf/vendor/laravel/framework/src/Illuminate/Pipeline/Pipeline.php(209): Illuminate\\Http\\Middleware\\HandleCors->handle(Object(Illuminate\\Http\\Request), Object(Closure))
#52 /Users/aleksandr/projects/btf/vendor/laravel/framework/src/Illuminate/Http/Middleware/TrustProxies.php(58): Illuminate\\Pipeline\\Pipeline->Illuminate\\Pipeline\\{closure}(Object(Illuminate\\Http\\Request))
#53 /Users/aleksandr/projects/btf/vendor/laravel/framework/src/Illuminate/Pipeline/Pipeline.php(209): Illuminate\\Http\\Middleware\\TrustProxies->handle(Object(Illuminate\\Http\\Request), Object(Closure))
#54 /Users/aleksandr/projects/btf/vendor/laravel/framework/src/Illuminate/Pipeline/Pipeline.php(127): Illuminate\\Pipeline\\Pipeline->Illuminate\\Pipeline\\{closure}(Object(Illuminate\\Http\\Request))
#55 /Users/aleksandr/projects/btf/vendor/laravel/framework/src/Illuminate/Foundation/Http/Kernel.php(176): Illuminate\\Pipeline\\Pipeline->then(Object(Closure))
#56 /Users/aleksandr/projects/btf/vendor/laravel/framework/src/Illuminate/Foundation/Http/Kernel.php(145): Illuminate\\Foundation\\Http\\Kernel->sendRequestThroughRouter(Object(Illuminate\\Http\\Request))
#57 /Users/aleksandr/projects/btf/public/index.php(50): Illuminate\\Foundation\\Http\\Kernel->handle(Object(Illuminate\\Http\\Request))
#58 /Users/aleksandr/projects/btf/vendor/laravel/framework/src/Illuminate/Foundation/resources/server.php(23): require_once('/Users/aleksand...')
#59 {main}
"} 
[2025-05-04 17:21:44] production.ERROR: Method App\Http\Controllers\Backend\PostsController::show does not exist. {"userId":1,"exception":"[object] (BadMethodCallException(code: 0): Method App\\Http\\Controllers\\Backend\\PostsController::show does not exist. at /Users/aleksandr/projects/btf/vendor/laravel/framework/src/Illuminate/Routing/Controller.php:68)
[stacktrace]
#0 /Users/aleksandr/projects/btf/vendor/laravel/framework/src/Illuminate/Routing/Controller.php(54): Illuminate\\Routing\\Controller->__call('show', Array)
#1 /Users/aleksandr/projects/btf/vendor/laravel/framework/src/Illuminate/Routing/ControllerDispatcher.php(44): Illuminate\\Routing\\Controller->callAction('show', Array)
#2 /Users/aleksandr/projects/btf/vendor/laravel/framework/src/Illuminate/Routing/Route.php(266): Illuminate\\Routing\\ControllerDispatcher->dispatch(Object(Illuminate\\Routing\\Route), Object(App\\Http\\Controllers\\Backend\\PostsController), 'show')
#3 /Users/aleksandr/projects/btf/vendor/laravel/framework/src/Illuminate/Routing/Route.php(212): Illuminate\\Routing\\Route->runController()
#4 /Users/aleksandr/projects/btf/vendor/laravel/framework/src/Illuminate/Routing/Router.php(808): Illuminate\\Routing\\Route->run()
#5 /Users/aleksandr/projects/btf/vendor/laravel/framework/src/Illuminate/Pipeline/Pipeline.php(170): Illuminate\\Routing\\Router->Illuminate\\Routing\\{closure}(Object(Illuminate\\Http\\Request))
#6 /Users/aleksandr/projects/btf/app/Http/Middleware/AdminCheck.php(15): Illuminate\\Pipeline\\Pipeline->Illuminate\\Pipeline\\{closure}(Object(Illuminate\\Http\\Request))
#7 /Users/aleksandr/projects/btf/vendor/laravel/framework/src/Illuminate/Pipeline/Pipeline.php(209): App\\Http\\Middleware\\AdminCheck->handle(Object(Illuminate\\Http\\Request), Object(Closure))
#8 /Users/aleksandr/projects/btf/vendor/barryvdh/laravel-debugbar/src/Middleware/InjectDebugbar.php(66): Illuminate\\Pipeline\\Pipeline->Illuminate\\Pipeline\\{closure}(Object(Illuminate\\Http\\Request))
#9 /Users/aleksandr/projects/btf/vendor/laravel/framework/src/Illuminate/Pipeline/Pipeline.php(209): Barryvdh\\Debugbar\\Middleware\\InjectDebugbar->handle(Object(Illuminate\\Http\\Request), Object(Closure))
#10 /Users/aleksandr/projects/btf/app/Http/Middleware/UserActivity.php(20): Illuminate\\Pipeline\\Pipeline->Illuminate\\Pipeline\\{closure}(Object(Illuminate\\Http\\Request))
#11 /Users/aleksandr/projects/btf/vendor/laravel/framework/src/Illuminate/Pipeline/Pipeline.php(209): App\\Http\\Middleware\\UserActivity->handle(Object(Illuminate\\Http\\Request), Object(Closure))
#12 /Users/aleksandr/projects/btf/app/Http/Middleware/SetLocale.php(51): Illuminate\\Pipeline\\Pipeline->Illuminate\\Pipeline\\{closure}(Object(Illuminate\\Http\\Request))
#13 /Users/aleksandr/projects/btf/vendor/laravel/framework/src/Illuminate/Pipeline/Pipeline.php(209): App\\Http\\Middleware\\SetLocale->handle(Object(Illuminate\\Http\\Request), Object(Closure))
#14 /Users/aleksandr/projects/btf/vendor/erlandmuchasaj/laravel-gzip/src/Middleware/GzipEncodeResponse.php(19): Illuminate\\Pipeline\\Pipeline->Illuminate\\Pipeline\\{closure}(Object(Illuminate\\Http\\Request))
#15 /Users/aleksandr/projects/btf/vendor/laravel/framework/src/Illuminate/Pipeline/Pipeline.php(209): ErlandMuchasaj\\LaravelGzip\\Middleware\\GzipEncodeResponse->handle(Object(Illuminate\\Http\\Request), Object(Closure))
#16 /Users/aleksandr/projects/btf/vendor/laravel/framework/src/Illuminate/Routing/Middleware/SubstituteBindings.php(51): Illuminate\\Pipeline\\Pipeline->Illuminate\\Pipeline\\{closure}(Object(Illuminate\\Http\\Request))
#17 /Users/aleksandr/projects/btf/vendor/laravel/framework/src/Illuminate/Pipeline/Pipeline.php(209): Illuminate\\Routing\\Middleware\\SubstituteBindings->handle(Object(Illuminate\\Http\\Request), Object(Closure))
#18 /Users/aleksandr/projects/btf/vendor/laravel/framework/src/Illuminate/Auth/Middleware/Authenticate.php(64): Illuminate\\Pipeline\\Pipeline->Illuminate\\Pipeline\\{closure}(Object(Illuminate\\Http\\Request))
#19 /Users/aleksandr/projects/btf/vendor/laravel/framework/src/Illuminate/Pipeline/Pipeline.php(209): Illuminate\\Auth\\Middleware\\Authenticate->handle(Object(Illuminate\\Http\\Request), Object(Closure))
#20 /Users/aleksandr/projects/btf/vendor/laravel/framework/src/Illuminate/Foundation/Http/Middleware/VerifyCsrfToken.php(88): Illuminate\\Pipeline\\Pipeline->Illuminate\\Pipeline\\{closure}(Object(Illuminate\\Http\\Request))
#21 /Users/aleksandr/projects/btf/vendor/laravel/framework/src/Illuminate/Pipeline/Pipeline.php(209): Illuminate\\Foundation\\Http\\Middleware\\VerifyCsrfToken->handle(Object(Illuminate\\Http\\Request), Object(Closure))
#22 /Users/aleksandr/projects/btf/vendor/laravel/framework/src/Illuminate/View/Middleware/ShareErrorsFromSession.php(49): Illuminate\\Pipeline\\Pipeline->Illuminate\\Pipeline\\{closure}(Object(Illuminate\\Http\\Request))
#23 /Users/aleksandr/projects/btf/vendor/laravel/framework/src/Illuminate/Pipeline/Pipeline.php(209): Illuminate\\View\\Middleware\\ShareErrorsFromSession->handle(Object(Illuminate\\Http\\Request), Object(Closure))
#24 /Users/aleksandr/projects/btf/vendor/laravel/framework/src/Illuminate/Session/Middleware/StartSession.php(121): Illuminate\\Pipeline\\Pipeline->Illuminate\\Pipeline\\{closure}(Object(Illuminate\\Http\\Request))
#25 /Users/aleksandr/projects/btf/vendor/laravel/framework/src/Illuminate/Session/Middleware/StartSession.php(64): Illuminate\\Session\\Middleware\\StartSession->handleStatefulRequest(Object(Illuminate\\Http\\Request), Object(Illuminate\\Session\\Store), Object(Closure))
#26 /Users/aleksandr/projects/btf/vendor/laravel/framework/src/Illuminate/Pipeline/Pipeline.php(209): Illuminate\\Session\\Middleware\\StartSession->handle(Object(Illuminate\\Http\\Request), Object(Closure))
#27 /Users/aleksandr/projects/btf/vendor/laravel/framework/src/Illuminate/Cookie/Middleware/AddQueuedCookiesToResponse.php(37): Illuminate\\Pipeline\\Pipeline->Illuminate\\Pipeline\\{closure}(Object(Illuminate\\Http\\Request))
#28 /Users/aleksandr/projects/btf/vendor/laravel/framework/src/Illuminate/Pipeline/Pipeline.php(209): Illuminate\\Cookie\\Middleware\\AddQueuedCookiesToResponse->handle(Object(Illuminate\\Http\\Request), Object(Closure))
#29 /Users/aleksandr/projects/btf/vendor/laravel/framework/src/Illuminate/Cookie/Middleware/EncryptCookies.php(75): Illuminate\\Pipeline\\Pipeline->Illuminate\\Pipeline\\{closure}(Object(Illuminate\\Http\\Request))
#30 /Users/aleksandr/projects/btf/vendor/laravel/framework/src/Illuminate/Pipeline/Pipeline.php(209): Illuminate\\Cookie\\Middleware\\EncryptCookies->handle(Object(Illuminate\\Http\\Request), Object(Closure))
#31 /Users/aleksandr/projects/btf/vendor/laravel/framework/src/Illuminate/Pipeline/Pipeline.php(127): Illuminate\\Pipeline\\Pipeline->Illuminate\\Pipeline\\{closure}(Object(Illuminate\\Http\\Request))
#32 /Users/aleksandr/projects/btf/vendor/laravel/framework/src/Illuminate/Routing/Router.php(807): Illuminate\\Pipeline\\Pipeline->then(Object(Closure))
#33 /Users/aleksandr/projects/btf/vendor/laravel/framework/src/Illuminate/Routing/Router.php(786): Illuminate\\Routing\\Router->runRouteWithinStack(Object(Illuminate\\Routing\\Route), Object(Illuminate\\Http\\Request))
#34 /Users/aleksandr/projects/btf/vendor/laravel/framework/src/Illuminate/Routing/Router.php(750): Illuminate\\Routing\\Router->runRoute(Object(Illuminate\\Http\\Request), Object(Illuminate\\Routing\\Route))
#35 /Users/aleksandr/projects/btf/vendor/laravel/framework/src/Illuminate/Routing/Router.php(739): Illuminate\\Routing\\Router->dispatchToRoute(Object(Illuminate\\Http\\Request))
#36 /Users/aleksandr/projects/btf/vendor/laravel/framework/src/Illuminate/Foundation/Http/Kernel.php(201): Illuminate\\Routing\\Router->dispatch(Object(Illuminate\\Http\\Request))
#37 /Users/aleksandr/projects/btf/vendor/laravel/framework/src/Illuminate/Pipeline/Pipeline.php(170): Illuminate\\Foundation\\Http\\Kernel->Illuminate\\Foundation\\Http\\{closure}(Object(Illuminate\\Http\\Request))
#38 /Users/aleksandr/projects/btf/vendor/barryvdh/laravel-debugbar/src/Middleware/InjectDebugbar.php(66): Illuminate\\Pipeline\\Pipeline->Illuminate\\Pipeline\\{closure}(Object(Illuminate\\Http\\Request))
#39 /Users/aleksandr/projects/btf/vendor/laravel/framework/src/Illuminate/Pipeline/Pipeline.php(209): Barryvdh\\Debugbar\\Middleware\\InjectDebugbar->handle(Object(Illuminate\\Http\\Request), Object(Closure))
#40 /Users/aleksandr/projects/btf/vendor/laravel/framework/src/Illuminate/Foundation/Http/Middleware/TransformsRequest.php(21): Illuminate\\Pipeline\\Pipeline->Illuminate\\Pipeline\\{closure}(Object(Illuminate\\Http\\Request))
#41 /Users/aleksandr/projects/btf/vendor/laravel/framework/src/Illuminate/Foundation/Http/Middleware/ConvertEmptyStringsToNull.php(31): Illuminate\\Foundation\\Http\\Middleware\\TransformsRequest->handle(Object(Illuminate\\Http\\Request), Object(Closure))
#42 /Users/aleksandr/projects/btf/vendor/laravel/framework/src/Illuminate/Pipeline/Pipeline.php(209): Illuminate\\Foundation\\Http\\Middleware\\ConvertEmptyStringsToNull->handle(Object(Illuminate\\Http\\Request), Object(Closure))
#43 /Users/aleksandr/projects/btf/vendor/laravel/framework/src/Illuminate/Foundation/Http/Middleware/TransformsRequest.php(21): Illuminate\\Pipeline\\Pipeline->Illuminate\\Pipeline\\{closure}(Object(Illuminate\\Http\\Request))
#44 /Users/aleksandr/projects/btf/vendor/laravel/framework/src/Illuminate/Foundation/Http/Middleware/TrimStrings.php(51): Illuminate\\Foundation\\Http\\Middleware\\TransformsRequest->handle(Object(Illuminate\\Http\\Request), Object(Closure))
#45 /Users/aleksandr/projects/btf/vendor/laravel/framework/src/Illuminate/Pipeline/Pipeline.php(209): Illuminate\\Foundation\\Http\\Middleware\\TrimStrings->handle(Object(Illuminate\\Http\\Request), Object(Closure))
#46 /Users/aleksandr/projects/btf/vendor/laravel/framework/src/Illuminate/Http/Middleware/ValidatePostSize.php(27): Illuminate\\Pipeline\\Pipeline->Illuminate\\Pipeline\\{closure}(Object(Illuminate\\Http\\Request))
#47 /Users/aleksandr/projects/btf/vendor/laravel/framework/src/Illuminate/Pipeline/Pipeline.php(209): Illuminate\\Http\\Middleware\\ValidatePostSize->handle(Object(Illuminate\\Http\\Request), Object(Closure))
#48 /Users/aleksandr/projects/btf/vendor/laravel/framework/src/Illuminate/Foundation/Http/Middleware/PreventRequestsDuringMaintenance.php(110): Illuminate\\Pipeline\\Pipeline->Illuminate\\Pipeline\\{closure}(Object(Illuminate\\Http\\Request))
#49 /Users/aleksandr/projects/btf/vendor/laravel/framework/src/Illuminate/Pipeline/Pipeline.php(209): Illuminate\\Foundation\\Http\\Middleware\\PreventRequestsDuringMaintenance->handle(Object(Illuminate\\Http\\Request), Object(Closure))
#50 /Users/aleksandr/projects/btf/vendor/laravel/framework/src/Illuminate/Http/Middleware/HandleCors.php(62): Illuminate\\Pipeline\\Pipeline->Illuminate\\Pipeline\\{closure}(Object(Illuminate\\Http\\Request))
#51 /Users/aleksandr/projects/btf/vendor/laravel/framework/src/Illuminate/Pipeline/Pipeline.php(209): Illuminate\\Http\\Middleware\\HandleCors->handle(Object(Illuminate\\Http\\Request), Object(Closure))
#52 /Users/aleksandr/projects/btf/vendor/laravel/framework/src/Illuminate/Http/Middleware/TrustProxies.php(58): Illuminate\\Pipeline\\Pipeline->Illuminate\\Pipeline\\{closure}(Object(Illuminate\\Http\\Request))
#53 /Users/aleksandr/projects/btf/vendor/laravel/framework/src/Illuminate/Pipeline/Pipeline.php(209): Illuminate\\Http\\Middleware\\TrustProxies->handle(Object(Illuminate\\Http\\Request), Object(Closure))
#54 /Users/aleksandr/projects/btf/vendor/laravel/framework/src/Illuminate/Pipeline/Pipeline.php(127): Illuminate\\Pipeline\\Pipeline->Illuminate\\Pipeline\\{closure}(Object(Illuminate\\Http\\Request))
#55 /Users/aleksandr/projects/btf/vendor/laravel/framework/src/Illuminate/Foundation/Http/Kernel.php(176): Illuminate\\Pipeline\\Pipeline->then(Object(Closure))
#56 /Users/aleksandr/projects/btf/vendor/laravel/framework/src/Illuminate/Foundation/Http/Kernel.php(145): Illuminate\\Foundation\\Http\\Kernel->sendRequestThroughRouter(Object(Illuminate\\Http\\Request))
#57 /Users/aleksandr/projects/btf/public/index.php(50): Illuminate\\Foundation\\Http\\Kernel->handle(Object(Illuminate\\Http\\Request))
#58 /Users/aleksandr/projects/btf/vendor/laravel/framework/src/Illuminate/Foundation/resources/server.php(23): require_once('/Users/aleksand...')
#59 {main}
"} 
[2025-05-04 17:21:47] production.ERROR: Method App\Http\Controllers\Backend\PostsController::show does not exist. {"userId":1,"exception":"[object] (BadMethodCallException(code: 0): Method App\\Http\\Controllers\\Backend\\PostsController::show does not exist. at /Users/aleksandr/projects/btf/vendor/laravel/framework/src/Illuminate/Routing/Controller.php:68)
[stacktrace]
#0 /Users/aleksandr/projects/btf/vendor/laravel/framework/src/Illuminate/Routing/Controller.php(54): Illuminate\\Routing\\Controller->__call('show', Array)
#1 /Users/aleksandr/projects/btf/vendor/laravel/framework/src/Illuminate/Routing/ControllerDispatcher.php(44): Illuminate\\Routing\\Controller->callAction('show', Array)
#2 /Users/aleksandr/projects/btf/vendor/laravel/framework/src/Illuminate/Routing/Route.php(266): Illuminate\\Routing\\ControllerDispatcher->dispatch(Object(Illuminate\\Routing\\Route), Object(App\\Http\\Controllers\\Backend\\PostsController), 'show')
#3 /Users/aleksandr/projects/btf/vendor/laravel/framework/src/Illuminate/Routing/Route.php(212): Illuminate\\Routing\\Route->runController()
#4 /Users/aleksandr/projects/btf/vendor/laravel/framework/src/Illuminate/Routing/Router.php(808): Illuminate\\Routing\\Route->run()
#5 /Users/aleksandr/projects/btf/vendor/laravel/framework/src/Illuminate/Pipeline/Pipeline.php(170): Illuminate\\Routing\\Router->Illuminate\\Routing\\{closure}(Object(Illuminate\\Http\\Request))
#6 /Users/aleksandr/projects/btf/app/Http/Middleware/AdminCheck.php(15): Illuminate\\Pipeline\\Pipeline->Illuminate\\Pipeline\\{closure}(Object(Illuminate\\Http\\Request))
#7 /Users/aleksandr/projects/btf/vendor/laravel/framework/src/Illuminate/Pipeline/Pipeline.php(209): App\\Http\\Middleware\\AdminCheck->handle(Object(Illuminate\\Http\\Request), Object(Closure))
#8 /Users/aleksandr/projects/btf/vendor/barryvdh/laravel-debugbar/src/Middleware/InjectDebugbar.php(66): Illuminate\\Pipeline\\Pipeline->Illuminate\\Pipeline\\{closure}(Object(Illuminate\\Http\\Request))
#9 /Users/aleksandr/projects/btf/vendor/laravel/framework/src/Illuminate/Pipeline/Pipeline.php(209): Barryvdh\\Debugbar\\Middleware\\InjectDebugbar->handle(Object(Illuminate\\Http\\Request), Object(Closure))
#10 /Users/aleksandr/projects/btf/app/Http/Middleware/UserActivity.php(20): Illuminate\\Pipeline\\Pipeline->Illuminate\\Pipeline\\{closure}(Object(Illuminate\\Http\\Request))
#11 /Users/aleksandr/projects/btf/vendor/laravel/framework/src/Illuminate/Pipeline/Pipeline.php(209): App\\Http\\Middleware\\UserActivity->handle(Object(Illuminate\\Http\\Request), Object(Closure))
#12 /Users/aleksandr/projects/btf/app/Http/Middleware/SetLocale.php(51): Illuminate\\Pipeline\\Pipeline->Illuminate\\Pipeline\\{closure}(Object(Illuminate\\Http\\Request))
#13 /Users/aleksandr/projects/btf/vendor/laravel/framework/src/Illuminate/Pipeline/Pipeline.php(209): App\\Http\\Middleware\\SetLocale->handle(Object(Illuminate\\Http\\Request), Object(Closure))
#14 /Users/aleksandr/projects/btf/vendor/erlandmuchasaj/laravel-gzip/src/Middleware/GzipEncodeResponse.php(19): Illuminate\\Pipeline\\Pipeline->Illuminate\\Pipeline\\{closure}(Object(Illuminate\\Http\\Request))
#15 /Users/aleksandr/projects/btf/vendor/laravel/framework/src/Illuminate/Pipeline/Pipeline.php(209): ErlandMuchasaj\\LaravelGzip\\Middleware\\GzipEncodeResponse->handle(Object(Illuminate\\Http\\Request), Object(Closure))
#16 /Users/aleksandr/projects/btf/vendor/laravel/framework/src/Illuminate/Routing/Middleware/SubstituteBindings.php(51): Illuminate\\Pipeline\\Pipeline->Illuminate\\Pipeline\\{closure}(Object(Illuminate\\Http\\Request))
#17 /Users/aleksandr/projects/btf/vendor/laravel/framework/src/Illuminate/Pipeline/Pipeline.php(209): Illuminate\\Routing\\Middleware\\SubstituteBindings->handle(Object(Illuminate\\Http\\Request), Object(Closure))
#18 /Users/aleksandr/projects/btf/vendor/laravel/framework/src/Illuminate/Auth/Middleware/Authenticate.php(64): Illuminate\\Pipeline\\Pipeline->Illuminate\\Pipeline\\{closure}(Object(Illuminate\\Http\\Request))
#19 /Users/aleksandr/projects/btf/vendor/laravel/framework/src/Illuminate/Pipeline/Pipeline.php(209): Illuminate\\Auth\\Middleware\\Authenticate->handle(Object(Illuminate\\Http\\Request), Object(Closure))
#20 /Users/aleksandr/projects/btf/vendor/laravel/framework/src/Illuminate/Foundation/Http/Middleware/VerifyCsrfToken.php(88): Illuminate\\Pipeline\\Pipeline->Illuminate\\Pipeline\\{closure}(Object(Illuminate\\Http\\Request))
#21 /Users/aleksandr/projects/btf/vendor/laravel/framework/src/Illuminate/Pipeline/Pipeline.php(209): Illuminate\\Foundation\\Http\\Middleware\\VerifyCsrfToken->handle(Object(Illuminate\\Http\\Request), Object(Closure))
#22 /Users/aleksandr/projects/btf/vendor/laravel/framework/src/Illuminate/View/Middleware/ShareErrorsFromSession.php(49): Illuminate\\Pipeline\\Pipeline->Illuminate\\Pipeline\\{closure}(Object(Illuminate\\Http\\Request))
#23 /Users/aleksandr/projects/btf/vendor/laravel/framework/src/Illuminate/Pipeline/Pipeline.php(209): Illuminate\\View\\Middleware\\ShareErrorsFromSession->handle(Object(Illuminate\\Http\\Request), Object(Closure))
#24 /Users/aleksandr/projects/btf/vendor/laravel/framework/src/Illuminate/Session/Middleware/StartSession.php(121): Illuminate\\Pipeline\\Pipeline->Illuminate\\Pipeline\\{closure}(Object(Illuminate\\Http\\Request))
#25 /Users/aleksandr/projects/btf/vendor/laravel/framework/src/Illuminate/Session/Middleware/StartSession.php(64): Illuminate\\Session\\Middleware\\StartSession->handleStatefulRequest(Object(Illuminate\\Http\\Request), Object(Illuminate\\Session\\Store), Object(Closure))
#26 /Users/aleksandr/projects/btf/vendor/laravel/framework/src/Illuminate/Pipeline/Pipeline.php(209): Illuminate\\Session\\Middleware\\StartSession->handle(Object(Illuminate\\Http\\Request), Object(Closure))
#27 /Users/aleksandr/projects/btf/vendor/laravel/framework/src/Illuminate/Cookie/Middleware/AddQueuedCookiesToResponse.php(37): Illuminate\\Pipeline\\Pipeline->Illuminate\\Pipeline\\{closure}(Object(Illuminate\\Http\\Request))
#28 /Users/aleksandr/projects/btf/vendor/laravel/framework/src/Illuminate/Pipeline/Pipeline.php(209): Illuminate\\Cookie\\Middleware\\AddQueuedCookiesToResponse->handle(Object(Illuminate\\Http\\Request), Object(Closure))
#29 /Users/aleksandr/projects/btf/vendor/laravel/framework/src/Illuminate/Cookie/Middleware/EncryptCookies.php(75): Illuminate\\Pipeline\\Pipeline->Illuminate\\Pipeline\\{closure}(Object(Illuminate\\Http\\Request))
#30 /Users/aleksandr/projects/btf/vendor/laravel/framework/src/Illuminate/Pipeline/Pipeline.php(209): Illuminate\\Cookie\\Middleware\\EncryptCookies->handle(Object(Illuminate\\Http\\Request), Object(Closure))
#31 /Users/aleksandr/projects/btf/vendor/laravel/framework/src/Illuminate/Pipeline/Pipeline.php(127): Illuminate\\Pipeline\\Pipeline->Illuminate\\Pipeline\\{closure}(Object(Illuminate\\Http\\Request))
#32 /Users/aleksandr/projects/btf/vendor/laravel/framework/src/Illuminate/Routing/Router.php(807): Illuminate\\Pipeline\\Pipeline->then(Object(Closure))
#33 /Users/aleksandr/projects/btf/vendor/laravel/framework/src/Illuminate/Routing/Router.php(786): Illuminate\\Routing\\Router->runRouteWithinStack(Object(Illuminate\\Routing\\Route), Object(Illuminate\\Http\\Request))
#34 /Users/aleksandr/projects/btf/vendor/laravel/framework/src/Illuminate/Routing/Router.php(750): Illuminate\\Routing\\Router->runRoute(Object(Illuminate\\Http\\Request), Object(Illuminate\\Routing\\Route))
#35 /Users/aleksandr/projects/btf/vendor/laravel/framework/src/Illuminate/Routing/Router.php(739): Illuminate\\Routing\\Router->dispatchToRoute(Object(Illuminate\\Http\\Request))
#36 /Users/aleksandr/projects/btf/vendor/laravel/framework/src/Illuminate/Foundation/Http/Kernel.php(201): Illuminate\\Routing\\Router->dispatch(Object(Illuminate\\Http\\Request))
#37 /Users/aleksandr/projects/btf/vendor/laravel/framework/src/Illuminate/Pipeline/Pipeline.php(170): Illuminate\\Foundation\\Http\\Kernel->Illuminate\\Foundation\\Http\\{closure}(Object(Illuminate\\Http\\Request))
#38 /Users/aleksandr/projects/btf/vendor/barryvdh/laravel-debugbar/src/Middleware/InjectDebugbar.php(66): Illuminate\\Pipeline\\Pipeline->Illuminate\\Pipeline\\{closure}(Object(Illuminate\\Http\\Request))
#39 /Users/aleksandr/projects/btf/vendor/laravel/framework/src/Illuminate/Pipeline/Pipeline.php(209): Barryvdh\\Debugbar\\Middleware\\InjectDebugbar->handle(Object(Illuminate\\Http\\Request), Object(Closure))
#40 /Users/aleksandr/projects/btf/vendor/laravel/framework/src/Illuminate/Foundation/Http/Middleware/TransformsRequest.php(21): Illuminate\\Pipeline\\Pipeline->Illuminate\\Pipeline\\{closure}(Object(Illuminate\\Http\\Request))
#41 /Users/aleksandr/projects/btf/vendor/laravel/framework/src/Illuminate/Foundation/Http/Middleware/ConvertEmptyStringsToNull.php(31): Illuminate\\Foundation\\Http\\Middleware\\TransformsRequest->handle(Object(Illuminate\\Http\\Request), Object(Closure))
#42 /Users/aleksandr/projects/btf/vendor/laravel/framework/src/Illuminate/Pipeline/Pipeline.php(209): Illuminate\\Foundation\\Http\\Middleware\\ConvertEmptyStringsToNull->handle(Object(Illuminate\\Http\\Request), Object(Closure))
#43 /Users/aleksandr/projects/btf/vendor/laravel/framework/src/Illuminate/Foundation/Http/Middleware/TransformsRequest.php(21): Illuminate\\Pipeline\\Pipeline->Illuminate\\Pipeline\\{closure}(Object(Illuminate\\Http\\Request))
#44 /Users/aleksandr/projects/btf/vendor/laravel/framework/src/Illuminate/Foundation/Http/Middleware/TrimStrings.php(51): Illuminate\\Foundation\\Http\\Middleware\\TransformsRequest->handle(Object(Illuminate\\Http\\Request), Object(Closure))
#45 /Users/aleksandr/projects/btf/vendor/laravel/framework/src/Illuminate/Pipeline/Pipeline.php(209): Illuminate\\Foundation\\Http\\Middleware\\TrimStrings->handle(Object(Illuminate\\Http\\Request), Object(Closure))
#46 /Users/aleksandr/projects/btf/vendor/laravel/framework/src/Illuminate/Http/Middleware/ValidatePostSize.php(27): Illuminate\\Pipeline\\Pipeline->Illuminate\\Pipeline\\{closure}(Object(Illuminate\\Http\\Request))
#47 /Users/aleksandr/projects/btf/vendor/laravel/framework/src/Illuminate/Pipeline/Pipeline.php(209): Illuminate\\Http\\Middleware\\ValidatePostSize->handle(Object(Illuminate\\Http\\Request), Object(Closure))
#48 /Users/aleksandr/projects/btf/vendor/laravel/framework/src/Illuminate/Foundation/Http/Middleware/PreventRequestsDuringMaintenance.php(110): Illuminate\\Pipeline\\Pipeline->Illuminate\\Pipeline\\{closure}(Object(Illuminate\\Http\\Request))
#49 /Users/aleksandr/projects/btf/vendor/laravel/framework/src/Illuminate/Pipeline/Pipeline.php(209): Illuminate\\Foundation\\Http\\Middleware\\PreventRequestsDuringMaintenance->handle(Object(Illuminate\\Http\\Request), Object(Closure))
#50 /Users/aleksandr/projects/btf/vendor/laravel/framework/src/Illuminate/Http/Middleware/HandleCors.php(62): Illuminate\\Pipeline\\Pipeline->Illuminate\\Pipeline\\{closure}(Object(Illuminate\\Http\\Request))
#51 /Users/aleksandr/projects/btf/vendor/laravel/framework/src/Illuminate/Pipeline/Pipeline.php(209): Illuminate\\Http\\Middleware\\HandleCors->handle(Object(Illuminate\\Http\\Request), Object(Closure))
#52 /Users/aleksandr/projects/btf/vendor/laravel/framework/src/Illuminate/Http/Middleware/TrustProxies.php(58): Illuminate\\Pipeline\\Pipeline->Illuminate\\Pipeline\\{closure}(Object(Illuminate\\Http\\Request))
#53 /Users/aleksandr/projects/btf/vendor/laravel/framework/src/Illuminate/Pipeline/Pipeline.php(209): Illuminate\\Http\\Middleware\\TrustProxies->handle(Object(Illuminate\\Http\\Request), Object(Closure))
#54 /Users/aleksandr/projects/btf/vendor/laravel/framework/src/Illuminate/Pipeline/Pipeline.php(127): Illuminate\\Pipeline\\Pipeline->Illuminate\\Pipeline\\{closure}(Object(Illuminate\\Http\\Request))
#55 /Users/aleksandr/projects/btf/vendor/laravel/framework/src/Illuminate/Foundation/Http/Kernel.php(176): Illuminate\\Pipeline\\Pipeline->then(Object(Closure))
#56 /Users/aleksandr/projects/btf/vendor/laravel/framework/src/Illuminate/Foundation/Http/Kernel.php(145): Illuminate\\Foundation\\Http\\Kernel->sendRequestThroughRouter(Object(Illuminate\\Http\\Request))
#57 /Users/aleksandr/projects/btf/public/index.php(50): Illuminate\\Foundation\\Http\\Kernel->handle(Object(Illuminate\\Http\\Request))
#58 /Users/aleksandr/projects/btf/vendor/laravel/framework/src/Illuminate/Foundation/resources/server.php(23): require_once('/Users/aleksand...')
#59 {main}
"} 
[2025-05-04 17:21:48] production.ERROR: Method App\Http\Controllers\Backend\PostsController::show does not exist. {"userId":1,"exception":"[object] (BadMethodCallException(code: 0): Method App\\Http\\Controllers\\Backend\\PostsController::show does not exist. at /Users/aleksandr/projects/btf/vendor/laravel/framework/src/Illuminate/Routing/Controller.php:68)
[stacktrace]
#0 /Users/aleksandr/projects/btf/vendor/laravel/framework/src/Illuminate/Routing/Controller.php(54): Illuminate\\Routing\\Controller->__call('show', Array)
#1 /Users/aleksandr/projects/btf/vendor/laravel/framework/src/Illuminate/Routing/ControllerDispatcher.php(44): Illuminate\\Routing\\Controller->callAction('show', Array)
#2 /Users/aleksandr/projects/btf/vendor/laravel/framework/src/Illuminate/Routing/Route.php(266): Illuminate\\Routing\\ControllerDispatcher->dispatch(Object(Illuminate\\Routing\\Route), Object(App\\Http\\Controllers\\Backend\\PostsController), 'show')
#3 /Users/aleksandr/projects/btf/vendor/laravel/framework/src/Illuminate/Routing/Route.php(212): Illuminate\\Routing\\Route->runController()
#4 /Users/aleksandr/projects/btf/vendor/laravel/framework/src/Illuminate/Routing/Router.php(808): Illuminate\\Routing\\Route->run()
#5 /Users/aleksandr/projects/btf/vendor/laravel/framework/src/Illuminate/Pipeline/Pipeline.php(170): Illuminate\\Routing\\Router->Illuminate\\Routing\\{closure}(Object(Illuminate\\Http\\Request))
#6 /Users/aleksandr/projects/btf/app/Http/Middleware/AdminCheck.php(15): Illuminate\\Pipeline\\Pipeline->Illuminate\\Pipeline\\{closure}(Object(Illuminate\\Http\\Request))
#7 /Users/aleksandr/projects/btf/vendor/laravel/framework/src/Illuminate/Pipeline/Pipeline.php(209): App\\Http\\Middleware\\AdminCheck->handle(Object(Illuminate\\Http\\Request), Object(Closure))
#8 /Users/aleksandr/projects/btf/vendor/barryvdh/laravel-debugbar/src/Middleware/InjectDebugbar.php(66): Illuminate\\Pipeline\\Pipeline->Illuminate\\Pipeline\\{closure}(Object(Illuminate\\Http\\Request))
#9 /Users/aleksandr/projects/btf/vendor/laravel/framework/src/Illuminate/Pipeline/Pipeline.php(209): Barryvdh\\Debugbar\\Middleware\\InjectDebugbar->handle(Object(Illuminate\\Http\\Request), Object(Closure))
#10 /Users/aleksandr/projects/btf/app/Http/Middleware/UserActivity.php(20): Illuminate\\Pipeline\\Pipeline->Illuminate\\Pipeline\\{closure}(Object(Illuminate\\Http\\Request))
#11 /Users/aleksandr/projects/btf/vendor/laravel/framework/src/Illuminate/Pipeline/Pipeline.php(209): App\\Http\\Middleware\\UserActivity->handle(Object(Illuminate\\Http\\Request), Object(Closure))
#12 /Users/aleksandr/projects/btf/app/Http/Middleware/SetLocale.php(51): Illuminate\\Pipeline\\Pipeline->Illuminate\\Pipeline\\{closure}(Object(Illuminate\\Http\\Request))
#13 /Users/aleksandr/projects/btf/vendor/laravel/framework/src/Illuminate/Pipeline/Pipeline.php(209): App\\Http\\Middleware\\SetLocale->handle(Object(Illuminate\\Http\\Request), Object(Closure))
#14 /Users/aleksandr/projects/btf/vendor/erlandmuchasaj/laravel-gzip/src/Middleware/GzipEncodeResponse.php(19): Illuminate\\Pipeline\\Pipeline->Illuminate\\Pipeline\\{closure}(Object(Illuminate\\Http\\Request))
#15 /Users/aleksandr/projects/btf/vendor/laravel/framework/src/Illuminate/Pipeline/Pipeline.php(209): ErlandMuchasaj\\LaravelGzip\\Middleware\\GzipEncodeResponse->handle(Object(Illuminate\\Http\\Request), Object(Closure))
#16 /Users/aleksandr/projects/btf/vendor/laravel/framework/src/Illuminate/Routing/Middleware/SubstituteBindings.php(51): Illuminate\\Pipeline\\Pipeline->Illuminate\\Pipeline\\{closure}(Object(Illuminate\\Http\\Request))
#17 /Users/aleksandr/projects/btf/vendor/laravel/framework/src/Illuminate/Pipeline/Pipeline.php(209): Illuminate\\Routing\\Middleware\\SubstituteBindings->handle(Object(Illuminate\\Http\\Request), Object(Closure))
#18 /Users/aleksandr/projects/btf/vendor/laravel/framework/src/Illuminate/Auth/Middleware/Authenticate.php(64): Illuminate\\Pipeline\\Pipeline->Illuminate\\Pipeline\\{closure}(Object(Illuminate\\Http\\Request))
#19 /Users/aleksandr/projects/btf/vendor/laravel/framework/src/Illuminate/Pipeline/Pipeline.php(209): Illuminate\\Auth\\Middleware\\Authenticate->handle(Object(Illuminate\\Http\\Request), Object(Closure))
#20 /Users/aleksandr/projects/btf/vendor/laravel/framework/src/Illuminate/Foundation/Http/Middleware/VerifyCsrfToken.php(88): Illuminate\\Pipeline\\Pipeline->Illuminate\\Pipeline\\{closure}(Object(Illuminate\\Http\\Request))
#21 /Users/aleksandr/projects/btf/vendor/laravel/framework/src/Illuminate/Pipeline/Pipeline.php(209): Illuminate\\Foundation\\Http\\Middleware\\VerifyCsrfToken->handle(Object(Illuminate\\Http\\Request), Object(Closure))
#22 /Users/aleksandr/projects/btf/vendor/laravel/framework/src/Illuminate/View/Middleware/ShareErrorsFromSession.php(49): Illuminate\\Pipeline\\Pipeline->Illuminate\\Pipeline\\{closure}(Object(Illuminate\\Http\\Request))
#23 /Users/aleksandr/projects/btf/vendor/laravel/framework/src/Illuminate/Pipeline/Pipeline.php(209): Illuminate\\View\\Middleware\\ShareErrorsFromSession->handle(Object(Illuminate\\Http\\Request), Object(Closure))
#24 /Users/aleksandr/projects/btf/vendor/laravel/framework/src/Illuminate/Session/Middleware/StartSession.php(121): Illuminate\\Pipeline\\Pipeline->Illuminate\\Pipeline\\{closure}(Object(Illuminate\\Http\\Request))
#25 /Users/aleksandr/projects/btf/vendor/laravel/framework/src/Illuminate/Session/Middleware/StartSession.php(64): Illuminate\\Session\\Middleware\\StartSession->handleStatefulRequest(Object(Illuminate\\Http\\Request), Object(Illuminate\\Session\\Store), Object(Closure))
#26 /Users/aleksandr/projects/btf/vendor/laravel/framework/src/Illuminate/Pipeline/Pipeline.php(209): Illuminate\\Session\\Middleware\\StartSession->handle(Object(Illuminate\\Http\\Request), Object(Closure))
#27 /Users/aleksandr/projects/btf/vendor/laravel/framework/src/Illuminate/Cookie/Middleware/AddQueuedCookiesToResponse.php(37): Illuminate\\Pipeline\\Pipeline->Illuminate\\Pipeline\\{closure}(Object(Illuminate\\Http\\Request))
#28 /Users/aleksandr/projects/btf/vendor/laravel/framework/src/Illuminate/Pipeline/Pipeline.php(209): Illuminate\\Cookie\\Middleware\\AddQueuedCookiesToResponse->handle(Object(Illuminate\\Http\\Request), Object(Closure))
#29 /Users/aleksandr/projects/btf/vendor/laravel/framework/src/Illuminate/Cookie/Middleware/EncryptCookies.php(75): Illuminate\\Pipeline\\Pipeline->Illuminate\\Pipeline\\{closure}(Object(Illuminate\\Http\\Request))
#30 /Users/aleksandr/projects/btf/vendor/laravel/framework/src/Illuminate/Pipeline/Pipeline.php(209): Illuminate\\Cookie\\Middleware\\EncryptCookies->handle(Object(Illuminate\\Http\\Request), Object(Closure))
#31 /Users/aleksandr/projects/btf/vendor/laravel/framework/src/Illuminate/Pipeline/Pipeline.php(127): Illuminate\\Pipeline\\Pipeline->Illuminate\\Pipeline\\{closure}(Object(Illuminate\\Http\\Request))
#32 /Users/aleksandr/projects/btf/vendor/laravel/framework/src/Illuminate/Routing/Router.php(807): Illuminate\\Pipeline\\Pipeline->then(Object(Closure))
#33 /Users/aleksandr/projects/btf/vendor/laravel/framework/src/Illuminate/Routing/Router.php(786): Illuminate\\Routing\\Router->runRouteWithinStack(Object(Illuminate\\Routing\\Route), Object(Illuminate\\Http\\Request))
#34 /Users/aleksandr/projects/btf/vendor/laravel/framework/src/Illuminate/Routing/Router.php(750): Illuminate\\Routing\\Router->runRoute(Object(Illuminate\\Http\\Request), Object(Illuminate\\Routing\\Route))
#35 /Users/aleksandr/projects/btf/vendor/laravel/framework/src/Illuminate/Routing/Router.php(739): Illuminate\\Routing\\Router->dispatchToRoute(Object(Illuminate\\Http\\Request))
#36 /Users/aleksandr/projects/btf/vendor/laravel/framework/src/Illuminate/Foundation/Http/Kernel.php(201): Illuminate\\Routing\\Router->dispatch(Object(Illuminate\\Http\\Request))
#37 /Users/aleksandr/projects/btf/vendor/laravel/framework/src/Illuminate/Pipeline/Pipeline.php(170): Illuminate\\Foundation\\Http\\Kernel->Illuminate\\Foundation\\Http\\{closure}(Object(Illuminate\\Http\\Request))
#38 /Users/aleksandr/projects/btf/vendor/barryvdh/laravel-debugbar/src/Middleware/InjectDebugbar.php(66): Illuminate\\Pipeline\\Pipeline->Illuminate\\Pipeline\\{closure}(Object(Illuminate\\Http\\Request))
#39 /Users/aleksandr/projects/btf/vendor/laravel/framework/src/Illuminate/Pipeline/Pipeline.php(209): Barryvdh\\Debugbar\\Middleware\\InjectDebugbar->handle(Object(Illuminate\\Http\\Request), Object(Closure))
#40 /Users/aleksandr/projects/btf/vendor/laravel/framework/src/Illuminate/Foundation/Http/Middleware/TransformsRequest.php(21): Illuminate\\Pipeline\\Pipeline->Illuminate\\Pipeline\\{closure}(Object(Illuminate\\Http\\Request))
#41 /Users/aleksandr/projects/btf/vendor/laravel/framework/src/Illuminate/Foundation/Http/Middleware/ConvertEmptyStringsToNull.php(31): Illuminate\\Foundation\\Http\\Middleware\\TransformsRequest->handle(Object(Illuminate\\Http\\Request), Object(Closure))
#42 /Users/aleksandr/projects/btf/vendor/laravel/framework/src/Illuminate/Pipeline/Pipeline.php(209): Illuminate\\Foundation\\Http\\Middleware\\ConvertEmptyStringsToNull->handle(Object(Illuminate\\Http\\Request), Object(Closure))
#43 /Users/aleksandr/projects/btf/vendor/laravel/framework/src/Illuminate/Foundation/Http/Middleware/TransformsRequest.php(21): Illuminate\\Pipeline\\Pipeline->Illuminate\\Pipeline\\{closure}(Object(Illuminate\\Http\\Request))
#44 /Users/aleksandr/projects/btf/vendor/laravel/framework/src/Illuminate/Foundation/Http/Middleware/TrimStrings.php(51): Illuminate\\Foundation\\Http\\Middleware\\TransformsRequest->handle(Object(Illuminate\\Http\\Request), Object(Closure))
#45 /Users/aleksandr/projects/btf/vendor/laravel/framework/src/Illuminate/Pipeline/Pipeline.php(209): Illuminate\\Foundation\\Http\\Middleware\\TrimStrings->handle(Object(Illuminate\\Http\\Request), Object(Closure))
#46 /Users/aleksandr/projects/btf/vendor/laravel/framework/src/Illuminate/Http/Middleware/ValidatePostSize.php(27): Illuminate\\Pipeline\\Pipeline->Illuminate\\Pipeline\\{closure}(Object(Illuminate\\Http\\Request))
#47 /Users/aleksandr/projects/btf/vendor/laravel/framework/src/Illuminate/Pipeline/Pipeline.php(209): Illuminate\\Http\\Middleware\\ValidatePostSize->handle(Object(Illuminate\\Http\\Request), Object(Closure))
#48 /Users/aleksandr/projects/btf/vendor/laravel/framework/src/Illuminate/Foundation/Http/Middleware/PreventRequestsDuringMaintenance.php(110): Illuminate\\Pipeline\\Pipeline->Illuminate\\Pipeline\\{closure}(Object(Illuminate\\Http\\Request))
#49 /Users/aleksandr/projects/btf/vendor/laravel/framework/src/Illuminate/Pipeline/Pipeline.php(209): Illuminate\\Foundation\\Http\\Middleware\\PreventRequestsDuringMaintenance->handle(Object(Illuminate\\Http\\Request), Object(Closure))
#50 /Users/aleksandr/projects/btf/vendor/laravel/framework/src/Illuminate/Http/Middleware/HandleCors.php(62): Illuminate\\Pipeline\\Pipeline->Illuminate\\Pipeline\\{closure}(Object(Illuminate\\Http\\Request))
#51 /Users/aleksandr/projects/btf/vendor/laravel/framework/src/Illuminate/Pipeline/Pipeline.php(209): Illuminate\\Http\\Middleware\\HandleCors->handle(Object(Illuminate\\Http\\Request), Object(Closure))
#52 /Users/aleksandr/projects/btf/vendor/laravel/framework/src/Illuminate/Http/Middleware/TrustProxies.php(58): Illuminate\\Pipeline\\Pipeline->Illuminate\\Pipeline\\{closure}(Object(Illuminate\\Http\\Request))
#53 /Users/aleksandr/projects/btf/vendor/laravel/framework/src/Illuminate/Pipeline/Pipeline.php(209): Illuminate\\Http\\Middleware\\TrustProxies->handle(Object(Illuminate\\Http\\Request), Object(Closure))
#54 /Users/aleksandr/projects/btf/vendor/laravel/framework/src/Illuminate/Pipeline/Pipeline.php(127): Illuminate\\Pipeline\\Pipeline->Illuminate\\Pipeline\\{closure}(Object(Illuminate\\Http\\Request))
#55 /Users/aleksandr/projects/btf/vendor/laravel/framework/src/Illuminate/Foundation/Http/Kernel.php(176): Illuminate\\Pipeline\\Pipeline->then(Object(Closure))
#56 /Users/aleksandr/projects/btf/vendor/laravel/framework/src/Illuminate/Foundation/Http/Kernel.php(145): Illuminate\\Foundation\\Http\\Kernel->sendRequestThroughRouter(Object(Illuminate\\Http\\Request))
#57 /Users/aleksandr/projects/btf/public/index.php(50): Illuminate\\Foundation\\Http\\Kernel->handle(Object(Illuminate\\Http\\Request))
#58 /Users/aleksandr/projects/btf/vendor/laravel/framework/src/Illuminate/Foundation/resources/server.php(23): require_once('/Users/aleksand...')
#59 {main}
"} 
[2025-05-04 17:24:24] production.ERROR: Method App\Http\Controllers\Backend\PostsController::show does not exist. {"userId":1,"exception":"[object] (BadMethodCallException(code: 0): Method App\\Http\\Controllers\\Backend\\PostsController::show does not exist. at /Users/aleksandr/projects/btf/vendor/laravel/framework/src/Illuminate/Routing/Controller.php:68)
[stacktrace]
#0 /Users/aleksandr/projects/btf/vendor/laravel/framework/src/Illuminate/Routing/Controller.php(54): Illuminate\\Routing\\Controller->__call('show', Array)
#1 /Users/aleksandr/projects/btf/vendor/laravel/framework/src/Illuminate/Routing/ControllerDispatcher.php(44): Illuminate\\Routing\\Controller->callAction('show', Array)
#2 /Users/aleksandr/projects/btf/vendor/laravel/framework/src/Illuminate/Routing/Route.php(266): Illuminate\\Routing\\ControllerDispatcher->dispatch(Object(Illuminate\\Routing\\Route), Object(App\\Http\\Controllers\\Backend\\PostsController), 'show')
#3 /Users/aleksandr/projects/btf/vendor/laravel/framework/src/Illuminate/Routing/Route.php(212): Illuminate\\Routing\\Route->runController()
#4 /Users/aleksandr/projects/btf/vendor/laravel/framework/src/Illuminate/Routing/Router.php(808): Illuminate\\Routing\\Route->run()
#5 /Users/aleksandr/projects/btf/vendor/laravel/framework/src/Illuminate/Pipeline/Pipeline.php(170): Illuminate\\Routing\\Router->Illuminate\\Routing\\{closure}(Object(Illuminate\\Http\\Request))
#6 /Users/aleksandr/projects/btf/app/Http/Middleware/AdminCheck.php(15): Illuminate\\Pipeline\\Pipeline->Illuminate\\Pipeline\\{closure}(Object(Illuminate\\Http\\Request))
#7 /Users/aleksandr/projects/btf/vendor/laravel/framework/src/Illuminate/Pipeline/Pipeline.php(209): App\\Http\\Middleware\\AdminCheck->handle(Object(Illuminate\\Http\\Request), Object(Closure))
#8 /Users/aleksandr/projects/btf/vendor/barryvdh/laravel-debugbar/src/Middleware/InjectDebugbar.php(66): Illuminate\\Pipeline\\Pipeline->Illuminate\\Pipeline\\{closure}(Object(Illuminate\\Http\\Request))
#9 /Users/aleksandr/projects/btf/vendor/laravel/framework/src/Illuminate/Pipeline/Pipeline.php(209): Barryvdh\\Debugbar\\Middleware\\InjectDebugbar->handle(Object(Illuminate\\Http\\Request), Object(Closure))
#10 /Users/aleksandr/projects/btf/app/Http/Middleware/UserActivity.php(20): Illuminate\\Pipeline\\Pipeline->Illuminate\\Pipeline\\{closure}(Object(Illuminate\\Http\\Request))
#11 /Users/aleksandr/projects/btf/vendor/laravel/framework/src/Illuminate/Pipeline/Pipeline.php(209): App\\Http\\Middleware\\UserActivity->handle(Object(Illuminate\\Http\\Request), Object(Closure))
#12 /Users/aleksandr/projects/btf/app/Http/Middleware/SetLocale.php(51): Illuminate\\Pipeline\\Pipeline->Illuminate\\Pipeline\\{closure}(Object(Illuminate\\Http\\Request))
#13 /Users/aleksandr/projects/btf/vendor/laravel/framework/src/Illuminate/Pipeline/Pipeline.php(209): App\\Http\\Middleware\\SetLocale->handle(Object(Illuminate\\Http\\Request), Object(Closure))
#14 /Users/aleksandr/projects/btf/vendor/erlandmuchasaj/laravel-gzip/src/Middleware/GzipEncodeResponse.php(19): Illuminate\\Pipeline\\Pipeline->Illuminate\\Pipeline\\{closure}(Object(Illuminate\\Http\\Request))
#15 /Users/aleksandr/projects/btf/vendor/laravel/framework/src/Illuminate/Pipeline/Pipeline.php(209): ErlandMuchasaj\\LaravelGzip\\Middleware\\GzipEncodeResponse->handle(Object(Illuminate\\Http\\Request), Object(Closure))
#16 /Users/aleksandr/projects/btf/vendor/laravel/framework/src/Illuminate/Routing/Middleware/SubstituteBindings.php(51): Illuminate\\Pipeline\\Pipeline->Illuminate\\Pipeline\\{closure}(Object(Illuminate\\Http\\Request))
#17 /Users/aleksandr/projects/btf/vendor/laravel/framework/src/Illuminate/Pipeline/Pipeline.php(209): Illuminate\\Routing\\Middleware\\SubstituteBindings->handle(Object(Illuminate\\Http\\Request), Object(Closure))
#18 /Users/aleksandr/projects/btf/vendor/laravel/framework/src/Illuminate/Auth/Middleware/Authenticate.php(64): Illuminate\\Pipeline\\Pipeline->Illuminate\\Pipeline\\{closure}(Object(Illuminate\\Http\\Request))
#19 /Users/aleksandr/projects/btf/vendor/laravel/framework/src/Illuminate/Pipeline/Pipeline.php(209): Illuminate\\Auth\\Middleware\\Authenticate->handle(Object(Illuminate\\Http\\Request), Object(Closure))
#20 /Users/aleksandr/projects/btf/vendor/laravel/framework/src/Illuminate/Foundation/Http/Middleware/VerifyCsrfToken.php(88): Illuminate\\Pipeline\\Pipeline->Illuminate\\Pipeline\\{closure}(Object(Illuminate\\Http\\Request))
#21 /Users/aleksandr/projects/btf/vendor/laravel/framework/src/Illuminate/Pipeline/Pipeline.php(209): Illuminate\\Foundation\\Http\\Middleware\\VerifyCsrfToken->handle(Object(Illuminate\\Http\\Request), Object(Closure))
#22 /Users/aleksandr/projects/btf/vendor/laravel/framework/src/Illuminate/View/Middleware/ShareErrorsFromSession.php(49): Illuminate\\Pipeline\\Pipeline->Illuminate\\Pipeline\\{closure}(Object(Illuminate\\Http\\Request))
#23 /Users/aleksandr/projects/btf/vendor/laravel/framework/src/Illuminate/Pipeline/Pipeline.php(209): Illuminate\\View\\Middleware\\ShareErrorsFromSession->handle(Object(Illuminate\\Http\\Request), Object(Closure))
#24 /Users/aleksandr/projects/btf/vendor/laravel/framework/src/Illuminate/Session/Middleware/StartSession.php(121): Illuminate\\Pipeline\\Pipeline->Illuminate\\Pipeline\\{closure}(Object(Illuminate\\Http\\Request))
#25 /Users/aleksandr/projects/btf/vendor/laravel/framework/src/Illuminate/Session/Middleware/StartSession.php(64): Illuminate\\Session\\Middleware\\StartSession->handleStatefulRequest(Object(Illuminate\\Http\\Request), Object(Illuminate\\Session\\Store), Object(Closure))
#26 /Users/aleksandr/projects/btf/vendor/laravel/framework/src/Illuminate/Pipeline/Pipeline.php(209): Illuminate\\Session\\Middleware\\StartSession->handle(Object(Illuminate\\Http\\Request), Object(Closure))
#27 /Users/aleksandr/projects/btf/vendor/laravel/framework/src/Illuminate/Cookie/Middleware/AddQueuedCookiesToResponse.php(37): Illuminate\\Pipeline\\Pipeline->Illuminate\\Pipeline\\{closure}(Object(Illuminate\\Http\\Request))
#28 /Users/aleksandr/projects/btf/vendor/laravel/framework/src/Illuminate/Pipeline/Pipeline.php(209): Illuminate\\Cookie\\Middleware\\AddQueuedCookiesToResponse->handle(Object(Illuminate\\Http\\Request), Object(Closure))
#29 /Users/aleksandr/projects/btf/vendor/laravel/framework/src/Illuminate/Cookie/Middleware/EncryptCookies.php(75): Illuminate\\Pipeline\\Pipeline->Illuminate\\Pipeline\\{closure}(Object(Illuminate\\Http\\Request))
#30 /Users/aleksandr/projects/btf/vendor/laravel/framework/src/Illuminate/Pipeline/Pipeline.php(209): Illuminate\\Cookie\\Middleware\\EncryptCookies->handle(Object(Illuminate\\Http\\Request), Object(Closure))
#31 /Users/aleksandr/projects/btf/vendor/laravel/framework/src/Illuminate/Pipeline/Pipeline.php(127): Illuminate\\Pipeline\\Pipeline->Illuminate\\Pipeline\\{closure}(Object(Illuminate\\Http\\Request))
#32 /Users/aleksandr/projects/btf/vendor/laravel/framework/src/Illuminate/Routing/Router.php(807): Illuminate\\Pipeline\\Pipeline->then(Object(Closure))
#33 /Users/aleksandr/projects/btf/vendor/laravel/framework/src/Illuminate/Routing/Router.php(786): Illuminate\\Routing\\Router->runRouteWithinStack(Object(Illuminate\\Routing\\Route), Object(Illuminate\\Http\\Request))
#34 /Users/aleksandr/projects/btf/vendor/laravel/framework/src/Illuminate/Routing/Router.php(750): Illuminate\\Routing\\Router->runRoute(Object(Illuminate\\Http\\Request), Object(Illuminate\\Routing\\Route))
#35 /Users/aleksandr/projects/btf/vendor/laravel/framework/src/Illuminate/Routing/Router.php(739): Illuminate\\Routing\\Router->dispatchToRoute(Object(Illuminate\\Http\\Request))
#36 /Users/aleksandr/projects/btf/vendor/laravel/framework/src/Illuminate/Foundation/Http/Kernel.php(201): Illuminate\\Routing\\Router->dispatch(Object(Illuminate\\Http\\Request))
#37 /Users/aleksandr/projects/btf/vendor/laravel/framework/src/Illuminate/Pipeline/Pipeline.php(170): Illuminate\\Foundation\\Http\\Kernel->Illuminate\\Foundation\\Http\\{closure}(Object(Illuminate\\Http\\Request))
#38 /Users/aleksandr/projects/btf/vendor/barryvdh/laravel-debugbar/src/Middleware/InjectDebugbar.php(66): Illuminate\\Pipeline\\Pipeline->Illuminate\\Pipeline\\{closure}(Object(Illuminate\\Http\\Request))
#39 /Users/aleksandr/projects/btf/vendor/laravel/framework/src/Illuminate/Pipeline/Pipeline.php(209): Barryvdh\\Debugbar\\Middleware\\InjectDebugbar->handle(Object(Illuminate\\Http\\Request), Object(Closure))
#40 /Users/aleksandr/projects/btf/vendor/laravel/framework/src/Illuminate/Foundation/Http/Middleware/TransformsRequest.php(21): Illuminate\\Pipeline\\Pipeline->Illuminate\\Pipeline\\{closure}(Object(Illuminate\\Http\\Request))
#41 /Users/aleksandr/projects/btf/vendor/laravel/framework/src/Illuminate/Foundation/Http/Middleware/ConvertEmptyStringsToNull.php(31): Illuminate\\Foundation\\Http\\Middleware\\TransformsRequest->handle(Object(Illuminate\\Http\\Request), Object(Closure))
#42 /Users/aleksandr/projects/btf/vendor/laravel/framework/src/Illuminate/Pipeline/Pipeline.php(209): Illuminate\\Foundation\\Http\\Middleware\\ConvertEmptyStringsToNull->handle(Object(Illuminate\\Http\\Request), Object(Closure))
#43 /Users/aleksandr/projects/btf/vendor/laravel/framework/src/Illuminate/Foundation/Http/Middleware/TransformsRequest.php(21): Illuminate\\Pipeline\\Pipeline->Illuminate\\Pipeline\\{closure}(Object(Illuminate\\Http\\Request))
#44 /Users/aleksandr/projects/btf/vendor/laravel/framework/src/Illuminate/Foundation/Http/Middleware/TrimStrings.php(51): Illuminate\\Foundation\\Http\\Middleware\\TransformsRequest->handle(Object(Illuminate\\Http\\Request), Object(Closure))
#45 /Users/aleksandr/projects/btf/vendor/laravel/framework/src/Illuminate/Pipeline/Pipeline.php(209): Illuminate\\Foundation\\Http\\Middleware\\TrimStrings->handle(Object(Illuminate\\Http\\Request), Object(Closure))
#46 /Users/aleksandr/projects/btf/vendor/laravel/framework/src/Illuminate/Http/Middleware/ValidatePostSize.php(27): Illuminate\\Pipeline\\Pipeline->Illuminate\\Pipeline\\{closure}(Object(Illuminate\\Http\\Request))
#47 /Users/aleksandr/projects/btf/vendor/laravel/framework/src/Illuminate/Pipeline/Pipeline.php(209): Illuminate\\Http\\Middleware\\ValidatePostSize->handle(Object(Illuminate\\Http\\Request), Object(Closure))
#48 /Users/aleksandr/projects/btf/vendor/laravel/framework/src/Illuminate/Foundation/Http/Middleware/PreventRequestsDuringMaintenance.php(110): Illuminate\\Pipeline\\Pipeline->Illuminate\\Pipeline\\{closure}(Object(Illuminate\\Http\\Request))
#49 /Users/aleksandr/projects/btf/vendor/laravel/framework/src/Illuminate/Pipeline/Pipeline.php(209): Illuminate\\Foundation\\Http\\Middleware\\PreventRequestsDuringMaintenance->handle(Object(Illuminate\\Http\\Request), Object(Closure))
#50 /Users/aleksandr/projects/btf/vendor/laravel/framework/src/Illuminate/Http/Middleware/HandleCors.php(62): Illuminate\\Pipeline\\Pipeline->Illuminate\\Pipeline\\{closure}(Object(Illuminate\\Http\\Request))
#51 /Users/aleksandr/projects/btf/vendor/laravel/framework/src/Illuminate/Pipeline/Pipeline.php(209): Illuminate\\Http\\Middleware\\HandleCors->handle(Object(Illuminate\\Http\\Request), Object(Closure))
#52 /Users/aleksandr/projects/btf/vendor/laravel/framework/src/Illuminate/Http/Middleware/TrustProxies.php(58): Illuminate\\Pipeline\\Pipeline->Illuminate\\Pipeline\\{closure}(Object(Illuminate\\Http\\Request))
#53 /Users/aleksandr/projects/btf/vendor/laravel/framework/src/Illuminate/Pipeline/Pipeline.php(209): Illuminate\\Http\\Middleware\\TrustProxies->handle(Object(Illuminate\\Http\\Request), Object(Closure))
#54 /Users/aleksandr/projects/btf/vendor/laravel/framework/src/Illuminate/Pipeline/Pipeline.php(127): Illuminate\\Pipeline\\Pipeline->Illuminate\\Pipeline\\{closure}(Object(Illuminate\\Http\\Request))
#55 /Users/aleksandr/projects/btf/vendor/laravel/framework/src/Illuminate/Foundation/Http/Kernel.php(176): Illuminate\\Pipeline\\Pipeline->then(Object(Closure))
#56 /Users/aleksandr/projects/btf/vendor/laravel/framework/src/Illuminate/Foundation/Http/Kernel.php(145): Illuminate\\Foundation\\Http\\Kernel->sendRequestThroughRouter(Object(Illuminate\\Http\\Request))
#57 /Users/aleksandr/projects/btf/public/index.php(50): Illuminate\\Foundation\\Http\\Kernel->handle(Object(Illuminate\\Http\\Request))
#58 /Users/aleksandr/projects/btf/vendor/laravel/framework/src/Illuminate/Foundation/resources/server.php(23): require_once('/Users/aleksand...')
#59 {main}
"} 
[2025-05-04 17:29:07] production.ERROR: Method App\Http\Controllers\Backend\PostsController::show does not exist. {"userId":1,"exception":"[object] (BadMethodCallException(code: 0): Method App\\Http\\Controllers\\Backend\\PostsController::show does not exist. at /Users/aleksandr/projects/btf/vendor/laravel/framework/src/Illuminate/Routing/Controller.php:68)
[stacktrace]
#0 /Users/aleksandr/projects/btf/vendor/laravel/framework/src/Illuminate/Routing/Controller.php(54): Illuminate\\Routing\\Controller->__call('show', Array)
#1 /Users/aleksandr/projects/btf/vendor/laravel/framework/src/Illuminate/Routing/ControllerDispatcher.php(44): Illuminate\\Routing\\Controller->callAction('show', Array)
#2 /Users/aleksandr/projects/btf/vendor/laravel/framework/src/Illuminate/Routing/Route.php(266): Illuminate\\Routing\\ControllerDispatcher->dispatch(Object(Illuminate\\Routing\\Route), Object(App\\Http\\Controllers\\Backend\\PostsController), 'show')
#3 /Users/aleksandr/projects/btf/vendor/laravel/framework/src/Illuminate/Routing/Route.php(212): Illuminate\\Routing\\Route->runController()
#4 /Users/aleksandr/projects/btf/vendor/laravel/framework/src/Illuminate/Routing/Router.php(808): Illuminate\\Routing\\Route->run()
#5 /Users/aleksandr/projects/btf/vendor/laravel/framework/src/Illuminate/Pipeline/Pipeline.php(170): Illuminate\\Routing\\Router->Illuminate\\Routing\\{closure}(Object(Illuminate\\Http\\Request))
#6 /Users/aleksandr/projects/btf/app/Http/Middleware/AdminCheck.php(15): Illuminate\\Pipeline\\Pipeline->Illuminate\\Pipeline\\{closure}(Object(Illuminate\\Http\\Request))
#7 /Users/aleksandr/projects/btf/vendor/laravel/framework/src/Illuminate/Pipeline/Pipeline.php(209): App\\Http\\Middleware\\AdminCheck->handle(Object(Illuminate\\Http\\Request), Object(Closure))
#8 /Users/aleksandr/projects/btf/vendor/barryvdh/laravel-debugbar/src/Middleware/InjectDebugbar.php(66): Illuminate\\Pipeline\\Pipeline->Illuminate\\Pipeline\\{closure}(Object(Illuminate\\Http\\Request))
#9 /Users/aleksandr/projects/btf/vendor/laravel/framework/src/Illuminate/Pipeline/Pipeline.php(209): Barryvdh\\Debugbar\\Middleware\\InjectDebugbar->handle(Object(Illuminate\\Http\\Request), Object(Closure))
#10 /Users/aleksandr/projects/btf/app/Http/Middleware/UserActivity.php(20): Illuminate\\Pipeline\\Pipeline->Illuminate\\Pipeline\\{closure}(Object(Illuminate\\Http\\Request))
#11 /Users/aleksandr/projects/btf/vendor/laravel/framework/src/Illuminate/Pipeline/Pipeline.php(209): App\\Http\\Middleware\\UserActivity->handle(Object(Illuminate\\Http\\Request), Object(Closure))
#12 /Users/aleksandr/projects/btf/app/Http/Middleware/SetLocale.php(51): Illuminate\\Pipeline\\Pipeline->Illuminate\\Pipeline\\{closure}(Object(Illuminate\\Http\\Request))
#13 /Users/aleksandr/projects/btf/vendor/laravel/framework/src/Illuminate/Pipeline/Pipeline.php(209): App\\Http\\Middleware\\SetLocale->handle(Object(Illuminate\\Http\\Request), Object(Closure))
#14 /Users/aleksandr/projects/btf/vendor/erlandmuchasaj/laravel-gzip/src/Middleware/GzipEncodeResponse.php(19): Illuminate\\Pipeline\\Pipeline->Illuminate\\Pipeline\\{closure}(Object(Illuminate\\Http\\Request))
#15 /Users/aleksandr/projects/btf/vendor/laravel/framework/src/Illuminate/Pipeline/Pipeline.php(209): ErlandMuchasaj\\LaravelGzip\\Middleware\\GzipEncodeResponse->handle(Object(Illuminate\\Http\\Request), Object(Closure))
#16 /Users/aleksandr/projects/btf/vendor/laravel/framework/src/Illuminate/Routing/Middleware/SubstituteBindings.php(51): Illuminate\\Pipeline\\Pipeline->Illuminate\\Pipeline\\{closure}(Object(Illuminate\\Http\\Request))
#17 /Users/aleksandr/projects/btf/vendor/laravel/framework/src/Illuminate/Pipeline/Pipeline.php(209): Illuminate\\Routing\\Middleware\\SubstituteBindings->handle(Object(Illuminate\\Http\\Request), Object(Closure))
#18 /Users/aleksandr/projects/btf/vendor/laravel/framework/src/Illuminate/Auth/Middleware/Authenticate.php(64): Illuminate\\Pipeline\\Pipeline->Illuminate\\Pipeline\\{closure}(Object(Illuminate\\Http\\Request))
#19 /Users/aleksandr/projects/btf/vendor/laravel/framework/src/Illuminate/Pipeline/Pipeline.php(209): Illuminate\\Auth\\Middleware\\Authenticate->handle(Object(Illuminate\\Http\\Request), Object(Closure))
#20 /Users/aleksandr/projects/btf/vendor/laravel/framework/src/Illuminate/Foundation/Http/Middleware/VerifyCsrfToken.php(88): Illuminate\\Pipeline\\Pipeline->Illuminate\\Pipeline\\{closure}(Object(Illuminate\\Http\\Request))
#21 /Users/aleksandr/projects/btf/vendor/laravel/framework/src/Illuminate/Pipeline/Pipeline.php(209): Illuminate\\Foundation\\Http\\Middleware\\VerifyCsrfToken->handle(Object(Illuminate\\Http\\Request), Object(Closure))
#22 /Users/aleksandr/projects/btf/vendor/laravel/framework/src/Illuminate/View/Middleware/ShareErrorsFromSession.php(49): Illuminate\\Pipeline\\Pipeline->Illuminate\\Pipeline\\{closure}(Object(Illuminate\\Http\\Request))
#23 /Users/aleksandr/projects/btf/vendor/laravel/framework/src/Illuminate/Pipeline/Pipeline.php(209): Illuminate\\View\\Middleware\\ShareErrorsFromSession->handle(Object(Illuminate\\Http\\Request), Object(Closure))
#24 /Users/aleksandr/projects/btf/vendor/laravel/framework/src/Illuminate/Session/Middleware/StartSession.php(121): Illuminate\\Pipeline\\Pipeline->Illuminate\\Pipeline\\{closure}(Object(Illuminate\\Http\\Request))
#25 /Users/aleksandr/projects/btf/vendor/laravel/framework/src/Illuminate/Session/Middleware/StartSession.php(64): Illuminate\\Session\\Middleware\\StartSession->handleStatefulRequest(Object(Illuminate\\Http\\Request), Object(Illuminate\\Session\\Store), Object(Closure))
#26 /Users/aleksandr/projects/btf/vendor/laravel/framework/src/Illuminate/Pipeline/Pipeline.php(209): Illuminate\\Session\\Middleware\\StartSession->handle(Object(Illuminate\\Http\\Request), Object(Closure))
#27 /Users/aleksandr/projects/btf/vendor/laravel/framework/src/Illuminate/Cookie/Middleware/AddQueuedCookiesToResponse.php(37): Illuminate\\Pipeline\\Pipeline->Illuminate\\Pipeline\\{closure}(Object(Illuminate\\Http\\Request))
#28 /Users/aleksandr/projects/btf/vendor/laravel/framework/src/Illuminate/Pipeline/Pipeline.php(209): Illuminate\\Cookie\\Middleware\\AddQueuedCookiesToResponse->handle(Object(Illuminate\\Http\\Request), Object(Closure))
#29 /Users/aleksandr/projects/btf/vendor/laravel/framework/src/Illuminate/Cookie/Middleware/EncryptCookies.php(75): Illuminate\\Pipeline\\Pipeline->Illuminate\\Pipeline\\{closure}(Object(Illuminate\\Http\\Request))
#30 /Users/aleksandr/projects/btf/vendor/laravel/framework/src/Illuminate/Pipeline/Pipeline.php(209): Illuminate\\Cookie\\Middleware\\EncryptCookies->handle(Object(Illuminate\\Http\\Request), Object(Closure))
#31 /Users/aleksandr/projects/btf/vendor/laravel/framework/src/Illuminate/Pipeline/Pipeline.php(127): Illuminate\\Pipeline\\Pipeline->Illuminate\\Pipeline\\{closure}(Object(Illuminate\\Http\\Request))
#32 /Users/aleksandr/projects/btf/vendor/laravel/framework/src/Illuminate/Routing/Router.php(807): Illuminate\\Pipeline\\Pipeline->then(Object(Closure))
#33 /Users/aleksandr/projects/btf/vendor/laravel/framework/src/Illuminate/Routing/Router.php(786): Illuminate\\Routing\\Router->runRouteWithinStack(Object(Illuminate\\Routing\\Route), Object(Illuminate\\Http\\Request))
#34 /Users/aleksandr/projects/btf/vendor/laravel/framework/src/Illuminate/Routing/Router.php(750): Illuminate\\Routing\\Router->runRoute(Object(Illuminate\\Http\\Request), Object(Illuminate\\Routing\\Route))
#35 /Users/aleksandr/projects/btf/vendor/laravel/framework/src/Illuminate/Routing/Router.php(739): Illuminate\\Routing\\Router->dispatchToRoute(Object(Illuminate\\Http\\Request))
#36 /Users/aleksandr/projects/btf/vendor/laravel/framework/src/Illuminate/Foundation/Http/Kernel.php(201): Illuminate\\Routing\\Router->dispatch(Object(Illuminate\\Http\\Request))
#37 /Users/aleksandr/projects/btf/vendor/laravel/framework/src/Illuminate/Pipeline/Pipeline.php(170): Illuminate\\Foundation\\Http\\Kernel->Illuminate\\Foundation\\Http\\{closure}(Object(Illuminate\\Http\\Request))
#38 /Users/aleksandr/projects/btf/vendor/barryvdh/laravel-debugbar/src/Middleware/InjectDebugbar.php(66): Illuminate\\Pipeline\\Pipeline->Illuminate\\Pipeline\\{closure}(Object(Illuminate\\Http\\Request))
#39 /Users/aleksandr/projects/btf/vendor/laravel/framework/src/Illuminate/Pipeline/Pipeline.php(209): Barryvdh\\Debugbar\\Middleware\\InjectDebugbar->handle(Object(Illuminate\\Http\\Request), Object(Closure))
#40 /Users/aleksandr/projects/btf/vendor/laravel/framework/src/Illuminate/Foundation/Http/Middleware/TransformsRequest.php(21): Illuminate\\Pipeline\\Pipeline->Illuminate\\Pipeline\\{closure}(Object(Illuminate\\Http\\Request))
#41 /Users/aleksandr/projects/btf/vendor/laravel/framework/src/Illuminate/Foundation/Http/Middleware/ConvertEmptyStringsToNull.php(31): Illuminate\\Foundation\\Http\\Middleware\\TransformsRequest->handle(Object(Illuminate\\Http\\Request), Object(Closure))
#42 /Users/aleksandr/projects/btf/vendor/laravel/framework/src/Illuminate/Pipeline/Pipeline.php(209): Illuminate\\Foundation\\Http\\Middleware\\ConvertEmptyStringsToNull->handle(Object(Illuminate\\Http\\Request), Object(Closure))
#43 /Users/aleksandr/projects/btf/vendor/laravel/framework/src/Illuminate/Foundation/Http/Middleware/TransformsRequest.php(21): Illuminate\\Pipeline\\Pipeline->Illuminate\\Pipeline\\{closure}(Object(Illuminate\\Http\\Request))
#44 /Users/aleksandr/projects/btf/vendor/laravel/framework/src/Illuminate/Foundation/Http/Middleware/TrimStrings.php(51): Illuminate\\Foundation\\Http\\Middleware\\TransformsRequest->handle(Object(Illuminate\\Http\\Request), Object(Closure))
#45 /Users/aleksandr/projects/btf/vendor/laravel/framework/src/Illuminate/Pipeline/Pipeline.php(209): Illuminate\\Foundation\\Http\\Middleware\\TrimStrings->handle(Object(Illuminate\\Http\\Request), Object(Closure))
#46 /Users/aleksandr/projects/btf/vendor/laravel/framework/src/Illuminate/Http/Middleware/ValidatePostSize.php(27): Illuminate\\Pipeline\\Pipeline->Illuminate\\Pipeline\\{closure}(Object(Illuminate\\Http\\Request))
#47 /Users/aleksandr/projects/btf/vendor/laravel/framework/src/Illuminate/Pipeline/Pipeline.php(209): Illuminate\\Http\\Middleware\\ValidatePostSize->handle(Object(Illuminate\\Http\\Request), Object(Closure))
#48 /Users/aleksandr/projects/btf/vendor/laravel/framework/src/Illuminate/Foundation/Http/Middleware/PreventRequestsDuringMaintenance.php(110): Illuminate\\Pipeline\\Pipeline->Illuminate\\Pipeline\\{closure}(Object(Illuminate\\Http\\Request))
#49 /Users/aleksandr/projects/btf/vendor/laravel/framework/src/Illuminate/Pipeline/Pipeline.php(209): Illuminate\\Foundation\\Http\\Middleware\\PreventRequestsDuringMaintenance->handle(Object(Illuminate\\Http\\Request), Object(Closure))
#50 /Users/aleksandr/projects/btf/vendor/laravel/framework/src/Illuminate/Http/Middleware/HandleCors.php(62): Illuminate\\Pipeline\\Pipeline->Illuminate\\Pipeline\\{closure}(Object(Illuminate\\Http\\Request))
#51 /Users/aleksandr/projects/btf/vendor/laravel/framework/src/Illuminate/Pipeline/Pipeline.php(209): Illuminate\\Http\\Middleware\\HandleCors->handle(Object(Illuminate\\Http\\Request), Object(Closure))
#52 /Users/aleksandr/projects/btf/vendor/laravel/framework/src/Illuminate/Http/Middleware/TrustProxies.php(58): Illuminate\\Pipeline\\Pipeline->Illuminate\\Pipeline\\{closure}(Object(Illuminate\\Http\\Request))
#53 /Users/aleksandr/projects/btf/vendor/laravel/framework/src/Illuminate/Pipeline/Pipeline.php(209): Illuminate\\Http\\Middleware\\TrustProxies->handle(Object(Illuminate\\Http\\Request), Object(Closure))
#54 /Users/aleksandr/projects/btf/vendor/laravel/framework/src/Illuminate/Pipeline/Pipeline.php(127): Illuminate\\Pipeline\\Pipeline->Illuminate\\Pipeline\\{closure}(Object(Illuminate\\Http\\Request))
#55 /Users/aleksandr/projects/btf/vendor/laravel/framework/src/Illuminate/Foundation/Http/Kernel.php(176): Illuminate\\Pipeline\\Pipeline->then(Object(Closure))
#56 /Users/aleksandr/projects/btf/vendor/laravel/framework/src/Illuminate/Foundation/Http/Kernel.php(145): Illuminate\\Foundation\\Http\\Kernel->sendRequestThroughRouter(Object(Illuminate\\Http\\Request))
#57 /Users/aleksandr/projects/btf/public/index.php(50): Illuminate\\Foundation\\Http\\Kernel->handle(Object(Illuminate\\Http\\Request))
#58 /Users/aleksandr/projects/btf/vendor/laravel/framework/src/Illuminate/Foundation/resources/server.php(23): require_once('/Users/aleksand...')
#59 {main}
"} 
[2025-05-04 22:51:20] production.ERROR: SQLSTATE[22007]: Invalid datetime format: 1366 Incorrect integer value: 'Test' for column `btf`.`posts`.`rubric_id` at row 1 (Connection: mysql, SQL: update `posts` set `rubric_id` = Test, `status` = 1, `posts`.`updated_at` = 2025-05-04 22:51:20 where `id` = 1) {"userId":1,"exception":"[object] (Illuminate\\Database\\QueryException(code: 22007): SQLSTATE[22007]: Invalid datetime format: 1366 Incorrect integer value: 'Test' for column `btf`.`posts`.`rubric_id` at row 1 (Connection: mysql, SQL: update `posts` set `rubric_id` = Test, `status` = 1, `posts`.`updated_at` = 2025-05-04 22:51:20 where `id` = 1) at /Users/aleksandr/projects/btf/vendor/laravel/framework/src/Illuminate/Database/Connection.php:825)
[stacktrace]
#0 /Users/aleksandr/projects/btf/vendor/laravel/framework/src/Illuminate/Database/Connection.php(779): Illuminate\\Database\\Connection->runQueryCallback('update `posts` ...', Array, Object(Closure))
#1 /Users/aleksandr/projects/btf/vendor/laravel/framework/src/Illuminate/Database/Connection.php(584): Illuminate\\Database\\Connection->run('update `posts` ...', Array, Object(Closure))
#2 /Users/aleksandr/projects/btf/vendor/laravel/framework/src/Illuminate/Database/Connection.php(536): Illuminate\\Database\\Connection->affectingStatement('update `posts` ...', Array)
#3 /Users/aleksandr/projects/btf/vendor/laravel/framework/src/Illuminate/Database/Query/Builder.php(3830): Illuminate\\Database\\Connection->update('update `posts` ...', Array)
#4 /Users/aleksandr/projects/btf/vendor/laravel/framework/src/Illuminate/Database/Eloquent/Builder.php(1175): Illuminate\\Database\\Query\\Builder->update(Object(Illuminate\\Support\\Collection))
#5 /Users/aleksandr/projects/btf/vendor/laravel/framework/src/Illuminate/Database/Eloquent/Model.php(1239): Illuminate\\Database\\Eloquent\\Builder->update(Array)
#6 /Users/aleksandr/projects/btf/vendor/laravel/framework/src/Illuminate/Database/Eloquent/Model.php(1156): Illuminate\\Database\\Eloquent\\Model->performUpdate(Object(Illuminate\\Database\\Eloquent\\Builder))
#7 /Users/aleksandr/projects/btf/app/Http/Controllers/Backend/PostsController.php(242): Illuminate\\Database\\Eloquent\\Model->save()
#8 /Users/aleksandr/projects/btf/vendor/laravel/framework/src/Illuminate/Routing/Controller.php(54): App\\Http\\Controllers\\Backend\\PostsController->update(Object(Illuminate\\Http\\Request), '1')
#9 /Users/aleksandr/projects/btf/vendor/laravel/framework/src/Illuminate/Routing/ControllerDispatcher.php(44): Illuminate\\Routing\\Controller->callAction('update', Array)
#10 /Users/aleksandr/projects/btf/vendor/laravel/framework/src/Illuminate/Routing/Route.php(266): Illuminate\\Routing\\ControllerDispatcher->dispatch(Object(Illuminate\\Routing\\Route), Object(App\\Http\\Controllers\\Backend\\PostsController), 'update')
#11 /Users/aleksandr/projects/btf/vendor/laravel/framework/src/Illuminate/Routing/Route.php(212): Illuminate\\Routing\\Route->runController()
#12 /Users/aleksandr/projects/btf/vendor/laravel/framework/src/Illuminate/Routing/Router.php(808): Illuminate\\Routing\\Route->run()
#13 /Users/aleksandr/projects/btf/vendor/laravel/framework/src/Illuminate/Pipeline/Pipeline.php(170): Illuminate\\Routing\\Router->Illuminate\\Routing\\{closure}(Object(Illuminate\\Http\\Request))
#14 /Users/aleksandr/projects/btf/app/Http/Middleware/AdminCheck.php(15): Illuminate\\Pipeline\\Pipeline->Illuminate\\Pipeline\\{closure}(Object(Illuminate\\Http\\Request))
#15 /Users/aleksandr/projects/btf/vendor/laravel/framework/src/Illuminate/Pipeline/Pipeline.php(209): App\\Http\\Middleware\\AdminCheck->handle(Object(Illuminate\\Http\\Request), Object(Closure))
#16 /Users/aleksandr/projects/btf/vendor/barryvdh/laravel-debugbar/src/Middleware/InjectDebugbar.php(66): Illuminate\\Pipeline\\Pipeline->Illuminate\\Pipeline\\{closure}(Object(Illuminate\\Http\\Request))
#17 /Users/aleksandr/projects/btf/vendor/laravel/framework/src/Illuminate/Pipeline/Pipeline.php(209): Barryvdh\\Debugbar\\Middleware\\InjectDebugbar->handle(Object(Illuminate\\Http\\Request), Object(Closure))
#18 /Users/aleksandr/projects/btf/app/Http/Middleware/UserActivity.php(20): Illuminate\\Pipeline\\Pipeline->Illuminate\\Pipeline\\{closure}(Object(Illuminate\\Http\\Request))
#19 /Users/aleksandr/projects/btf/vendor/laravel/framework/src/Illuminate/Pipeline/Pipeline.php(209): App\\Http\\Middleware\\UserActivity->handle(Object(Illuminate\\Http\\Request), Object(Closure))
#20 /Users/aleksandr/projects/btf/app/Http/Middleware/SetLocale.php(51): Illuminate\\Pipeline\\Pipeline->Illuminate\\Pipeline\\{closure}(Object(Illuminate\\Http\\Request))
#21 /Users/aleksandr/projects/btf/vendor/laravel/framework/src/Illuminate/Pipeline/Pipeline.php(209): App\\Http\\Middleware\\SetLocale->handle(Object(Illuminate\\Http\\Request), Object(Closure))
#22 /Users/aleksandr/projects/btf/vendor/erlandmuchasaj/laravel-gzip/src/Middleware/GzipEncodeResponse.php(19): Illuminate\\Pipeline\\Pipeline->Illuminate\\Pipeline\\{closure}(Object(Illuminate\\Http\\Request))
#23 /Users/aleksandr/projects/btf/vendor/laravel/framework/src/Illuminate/Pipeline/Pipeline.php(209): ErlandMuchasaj\\LaravelGzip\\Middleware\\GzipEncodeResponse->handle(Object(Illuminate\\Http\\Request), Object(Closure))
#24 /Users/aleksandr/projects/btf/vendor/laravel/framework/src/Illuminate/Routing/Middleware/SubstituteBindings.php(51): Illuminate\\Pipeline\\Pipeline->Illuminate\\Pipeline\\{closure}(Object(Illuminate\\Http\\Request))
#25 /Users/aleksandr/projects/btf/vendor/laravel/framework/src/Illuminate/Pipeline/Pipeline.php(209): Illuminate\\Routing\\Middleware\\SubstituteBindings->handle(Object(Illuminate\\Http\\Request), Object(Closure))
#26 /Users/aleksandr/projects/btf/vendor/laravel/framework/src/Illuminate/Auth/Middleware/Authenticate.php(64): Illuminate\\Pipeline\\Pipeline->Illuminate\\Pipeline\\{closure}(Object(Illuminate\\Http\\Request))
#27 /Users/aleksandr/projects/btf/vendor/laravel/framework/src/Illuminate/Pipeline/Pipeline.php(209): Illuminate\\Auth\\Middleware\\Authenticate->handle(Object(Illuminate\\Http\\Request), Object(Closure))
#28 /Users/aleksandr/projects/btf/vendor/laravel/framework/src/Illuminate/Foundation/Http/Middleware/VerifyCsrfToken.php(88): Illuminate\\Pipeline\\Pipeline->Illuminate\\Pipeline\\{closure}(Object(Illuminate\\Http\\Request))
#29 /Users/aleksandr/projects/btf/vendor/laravel/framework/src/Illuminate/Pipeline/Pipeline.php(209): Illuminate\\Foundation\\Http\\Middleware\\VerifyCsrfToken->handle(Object(Illuminate\\Http\\Request), Object(Closure))
#30 /Users/aleksandr/projects/btf/vendor/laravel/framework/src/Illuminate/View/Middleware/ShareErrorsFromSession.php(49): Illuminate\\Pipeline\\Pipeline->Illuminate\\Pipeline\\{closure}(Object(Illuminate\\Http\\Request))
#31 /Users/aleksandr/projects/btf/vendor/laravel/framework/src/Illuminate/Pipeline/Pipeline.php(209): Illuminate\\View\\Middleware\\ShareErrorsFromSession->handle(Object(Illuminate\\Http\\Request), Object(Closure))
#32 /Users/aleksandr/projects/btf/vendor/laravel/framework/src/Illuminate/Session/Middleware/StartSession.php(121): Illuminate\\Pipeline\\Pipeline->Illuminate\\Pipeline\\{closure}(Object(Illuminate\\Http\\Request))
#33 /Users/aleksandr/projects/btf/vendor/laravel/framework/src/Illuminate/Session/Middleware/StartSession.php(64): Illuminate\\Session\\Middleware\\StartSession->handleStatefulRequest(Object(Illuminate\\Http\\Request), Object(Illuminate\\Session\\Store), Object(Closure))
#34 /Users/aleksandr/projects/btf/vendor/laravel/framework/src/Illuminate/Pipeline/Pipeline.php(209): Illuminate\\Session\\Middleware\\StartSession->handle(Object(Illuminate\\Http\\Request), Object(Closure))
#35 /Users/aleksandr/projects/btf/vendor/laravel/framework/src/Illuminate/Cookie/Middleware/AddQueuedCookiesToResponse.php(37): Illuminate\\Pipeline\\Pipeline->Illuminate\\Pipeline\\{closure}(Object(Illuminate\\Http\\Request))
#36 /Users/aleksandr/projects/btf/vendor/laravel/framework/src/Illuminate/Pipeline/Pipeline.php(209): Illuminate\\Cookie\\Middleware\\AddQueuedCookiesToResponse->handle(Object(Illuminate\\Http\\Request), Object(Closure))
#37 /Users/aleksandr/projects/btf/vendor/laravel/framework/src/Illuminate/Cookie/Middleware/EncryptCookies.php(75): Illuminate\\Pipeline\\Pipeline->Illuminate\\Pipeline\\{closure}(Object(Illuminate\\Http\\Request))
#38 /Users/aleksandr/projects/btf/vendor/laravel/framework/src/Illuminate/Pipeline/Pipeline.php(209): Illuminate\\Cookie\\Middleware\\EncryptCookies->handle(Object(Illuminate\\Http\\Request), Object(Closure))
#39 /Users/aleksandr/projects/btf/vendor/laravel/framework/src/Illuminate/Pipeline/Pipeline.php(127): Illuminate\\Pipeline\\Pipeline->Illuminate\\Pipeline\\{closure}(Object(Illuminate\\Http\\Request))
#40 /Users/aleksandr/projects/btf/vendor/laravel/framework/src/Illuminate/Routing/Router.php(807): Illuminate\\Pipeline\\Pipeline->then(Object(Closure))
#41 /Users/aleksandr/projects/btf/vendor/laravel/framework/src/Illuminate/Routing/Router.php(786): Illuminate\\Routing\\Router->runRouteWithinStack(Object(Illuminate\\Routing\\Route), Object(Illuminate\\Http\\Request))
#42 /Users/aleksandr/projects/btf/vendor/laravel/framework/src/Illuminate/Routing/Router.php(750): Illuminate\\Routing\\Router->runRoute(Object(Illuminate\\Http\\Request), Object(Illuminate\\Routing\\Route))
#43 /Users/aleksandr/projects/btf/vendor/laravel/framework/src/Illuminate/Routing/Router.php(739): Illuminate\\Routing\\Router->dispatchToRoute(Object(Illuminate\\Http\\Request))
#44 /Users/aleksandr/projects/btf/vendor/laravel/framework/src/Illuminate/Foundation/Http/Kernel.php(201): Illuminate\\Routing\\Router->dispatch(Object(Illuminate\\Http\\Request))
#45 /Users/aleksandr/projects/btf/vendor/laravel/framework/src/Illuminate/Pipeline/Pipeline.php(170): Illuminate\\Foundation\\Http\\Kernel->Illuminate\\Foundation\\Http\\{closure}(Object(Illuminate\\Http\\Request))
#46 /Users/aleksandr/projects/btf/vendor/barryvdh/laravel-debugbar/src/Middleware/InjectDebugbar.php(66): Illuminate\\Pipeline\\Pipeline->Illuminate\\Pipeline\\{closure}(Object(Illuminate\\Http\\Request))
#47 /Users/aleksandr/projects/btf/vendor/laravel/framework/src/Illuminate/Pipeline/Pipeline.php(209): Barryvdh\\Debugbar\\Middleware\\InjectDebugbar->handle(Object(Illuminate\\Http\\Request), Object(Closure))
#48 /Users/aleksandr/projects/btf/vendor/laravel/framework/src/Illuminate/Foundation/Http/Middleware/TransformsRequest.php(21): Illuminate\\Pipeline\\Pipeline->Illuminate\\Pipeline\\{closure}(Object(Illuminate\\Http\\Request))
#49 /Users/aleksandr/projects/btf/vendor/laravel/framework/src/Illuminate/Foundation/Http/Middleware/ConvertEmptyStringsToNull.php(31): Illuminate\\Foundation\\Http\\Middleware\\TransformsRequest->handle(Object(Illuminate\\Http\\Request), Object(Closure))
#50 /Users/aleksandr/projects/btf/vendor/laravel/framework/src/Illuminate/Pipeline/Pipeline.php(209): Illuminate\\Foundation\\Http\\Middleware\\ConvertEmptyStringsToNull->handle(Object(Illuminate\\Http\\Request), Object(Closure))
#51 /Users/aleksandr/projects/btf/vendor/laravel/framework/src/Illuminate/Foundation/Http/Middleware/TransformsRequest.php(21): Illuminate\\Pipeline\\Pipeline->Illuminate\\Pipeline\\{closure}(Object(Illuminate\\Http\\Request))
#52 /Users/aleksandr/projects/btf/vendor/laravel/framework/src/Illuminate/Foundation/Http/Middleware/TrimStrings.php(51): Illuminate\\Foundation\\Http\\Middleware\\TransformsRequest->handle(Object(Illuminate\\Http\\Request), Object(Closure))
#53 /Users/aleksandr/projects/btf/vendor/laravel/framework/src/Illuminate/Pipeline/Pipeline.php(209): Illuminate\\Foundation\\Http\\Middleware\\TrimStrings->handle(Object(Illuminate\\Http\\Request), Object(Closure))
#54 /Users/aleksandr/projects/btf/vendor/laravel/framework/src/Illuminate/Http/Middleware/ValidatePostSize.php(27): Illuminate\\Pipeline\\Pipeline->Illuminate\\Pipeline\\{closure}(Object(Illuminate\\Http\\Request))
#55 /Users/aleksandr/projects/btf/vendor/laravel/framework/src/Illuminate/Pipeline/Pipeline.php(209): Illuminate\\Http\\Middleware\\ValidatePostSize->handle(Object(Illuminate\\Http\\Request), Object(Closure))
#56 /Users/aleksandr/projects/btf/vendor/laravel/framework/src/Illuminate/Foundation/Http/Middleware/PreventRequestsDuringMaintenance.php(110): Illuminate\\Pipeline\\Pipeline->Illuminate\\Pipeline\\{closure}(Object(Illuminate\\Http\\Request))
#57 /Users/aleksandr/projects/btf/vendor/laravel/framework/src/Illuminate/Pipeline/Pipeline.php(209): Illuminate\\Foundation\\Http\\Middleware\\PreventRequestsDuringMaintenance->handle(Object(Illuminate\\Http\\Request), Object(Closure))
#58 /Users/aleksandr/projects/btf/vendor/laravel/framework/src/Illuminate/Http/Middleware/HandleCors.php(62): Illuminate\\Pipeline\\Pipeline->Illuminate\\Pipeline\\{closure}(Object(Illuminate\\Http\\Request))
#59 /Users/aleksandr/projects/btf/vendor/laravel/framework/src/Illuminate/Pipeline/Pipeline.php(209): Illuminate\\Http\\Middleware\\HandleCors->handle(Object(Illuminate\\Http\\Request), Object(Closure))
#60 /Users/aleksandr/projects/btf/vendor/laravel/framework/src/Illuminate/Http/Middleware/TrustProxies.php(58): Illuminate\\Pipeline\\Pipeline->Illuminate\\Pipeline\\{closure}(Object(Illuminate\\Http\\Request))
#61 /Users/aleksandr/projects/btf/vendor/laravel/framework/src/Illuminate/Pipeline/Pipeline.php(209): Illuminate\\Http\\Middleware\\TrustProxies->handle(Object(Illuminate\\Http\\Request), Object(Closure))
#62 /Users/aleksandr/projects/btf/vendor/laravel/framework/src/Illuminate/Pipeline/Pipeline.php(127): Illuminate\\Pipeline\\Pipeline->Illuminate\\Pipeline\\{closure}(Object(Illuminate\\Http\\Request))
#63 /Users/aleksandr/projects/btf/vendor/laravel/framework/src/Illuminate/Foundation/Http/Kernel.php(176): Illuminate\\Pipeline\\Pipeline->then(Object(Closure))
#64 /Users/aleksandr/projects/btf/vendor/laravel/framework/src/Illuminate/Foundation/Http/Kernel.php(145): Illuminate\\Foundation\\Http\\Kernel->sendRequestThroughRouter(Object(Illuminate\\Http\\Request))
#65 /Users/aleksandr/projects/btf/public/index.php(50): Illuminate\\Foundation\\Http\\Kernel->handle(Object(Illuminate\\Http\\Request))
#66 /Users/aleksandr/projects/btf/vendor/laravel/framework/src/Illuminate/Foundation/resources/server.php(23): require_once('/Users/aleksand...')
#67 {main}

[previous exception] [object] (PDOException(code: 22007): SQLSTATE[22007]: Invalid datetime format: 1366 Incorrect integer value: 'Test' for column `btf`.`posts`.`rubric_id` at row 1 at /Users/aleksandr/projects/btf/vendor/laravel/framework/src/Illuminate/Database/Connection.php:596)
[stacktrace]
#0 /Users/aleksandr/projects/btf/vendor/laravel/framework/src/Illuminate/Database/Connection.php(596): PDOStatement->execute()
#1 /Users/aleksandr/projects/btf/vendor/laravel/framework/src/Illuminate/Database/Connection.php(812): Illuminate\\Database\\Connection->Illuminate\\Database\\{closure}('update `posts` ...', Array)
#2 /Users/aleksandr/projects/btf/vendor/laravel/framework/src/Illuminate/Database/Connection.php(779): Illuminate\\Database\\Connection->runQueryCallback('update `posts` ...', Array, Object(Closure))
#3 /Users/aleksandr/projects/btf/vendor/laravel/framework/src/Illuminate/Database/Connection.php(584): Illuminate\\Database\\Connection->run('update `posts` ...', Array, Object(Closure))
#4 /Users/aleksandr/projects/btf/vendor/laravel/framework/src/Illuminate/Database/Connection.php(536): Illuminate\\Database\\Connection->affectingStatement('update `posts` ...', Array)
#5 /Users/aleksandr/projects/btf/vendor/laravel/framework/src/Illuminate/Database/Query/Builder.php(3830): Illuminate\\Database\\Connection->update('update `posts` ...', Array)
#6 /Users/aleksandr/projects/btf/vendor/laravel/framework/src/Illuminate/Database/Eloquent/Builder.php(1175): Illuminate\\Database\\Query\\Builder->update(Object(Illuminate\\Support\\Collection))
#7 /Users/aleksandr/projects/btf/vendor/laravel/framework/src/Illuminate/Database/Eloquent/Model.php(1239): Illuminate\\Database\\Eloquent\\Builder->update(Array)
#8 /Users/aleksandr/projects/btf/vendor/laravel/framework/src/Illuminate/Database/Eloquent/Model.php(1156): Illuminate\\Database\\Eloquent\\Model->performUpdate(Object(Illuminate\\Database\\Eloquent\\Builder))
#9 /Users/aleksandr/projects/btf/app/Http/Controllers/Backend/PostsController.php(242): Illuminate\\Database\\Eloquent\\Model->save()
#10 /Users/aleksandr/projects/btf/vendor/laravel/framework/src/Illuminate/Routing/Controller.php(54): App\\Http\\Controllers\\Backend\\PostsController->update(Object(Illuminate\\Http\\Request), '1')
#11 /Users/aleksandr/projects/btf/vendor/laravel/framework/src/Illuminate/Routing/ControllerDispatcher.php(44): Illuminate\\Routing\\Controller->callAction('update', Array)
#12 /Users/aleksandr/projects/btf/vendor/laravel/framework/src/Illuminate/Routing/Route.php(266): Illuminate\\Routing\\ControllerDispatcher->dispatch(Object(Illuminate\\Routing\\Route), Object(App\\Http\\Controllers\\Backend\\PostsController), 'update')
#13 /Users/aleksandr/projects/btf/vendor/laravel/framework/src/Illuminate/Routing/Route.php(212): Illuminate\\Routing\\Route->runController()
#14 /Users/aleksandr/projects/btf/vendor/laravel/framework/src/Illuminate/Routing/Router.php(808): Illuminate\\Routing\\Route->run()
#15 /Users/aleksandr/projects/btf/vendor/laravel/framework/src/Illuminate/Pipeline/Pipeline.php(170): Illuminate\\Routing\\Router->Illuminate\\Routing\\{closure}(Object(Illuminate\\Http\\Request))
#16 /Users/aleksandr/projects/btf/app/Http/Middleware/AdminCheck.php(15): Illuminate\\Pipeline\\Pipeline->Illuminate\\Pipeline\\{closure}(Object(Illuminate\\Http\\Request))
#17 /Users/aleksandr/projects/btf/vendor/laravel/framework/src/Illuminate/Pipeline/Pipeline.php(209): App\\Http\\Middleware\\AdminCheck->handle(Object(Illuminate\\Http\\Request), Object(Closure))
#18 /Users/aleksandr/projects/btf/vendor/barryvdh/laravel-debugbar/src/Middleware/InjectDebugbar.php(66): Illuminate\\Pipeline\\Pipeline->Illuminate\\Pipeline\\{closure}(Object(Illuminate\\Http\\Request))
#19 /Users/aleksandr/projects/btf/vendor/laravel/framework/src/Illuminate/Pipeline/Pipeline.php(209): Barryvdh\\Debugbar\\Middleware\\InjectDebugbar->handle(Object(Illuminate\\Http\\Request), Object(Closure))
#20 /Users/aleksandr/projects/btf/app/Http/Middleware/UserActivity.php(20): Illuminate\\Pipeline\\Pipeline->Illuminate\\Pipeline\\{closure}(Object(Illuminate\\Http\\Request))
#21 /Users/aleksandr/projects/btf/vendor/laravel/framework/src/Illuminate/Pipeline/Pipeline.php(209): App\\Http\\Middleware\\UserActivity->handle(Object(Illuminate\\Http\\Request), Object(Closure))
#22 /Users/aleksandr/projects/btf/app/Http/Middleware/SetLocale.php(51): Illuminate\\Pipeline\\Pipeline->Illuminate\\Pipeline\\{closure}(Object(Illuminate\\Http\\Request))
#23 /Users/aleksandr/projects/btf/vendor/laravel/framework/src/Illuminate/Pipeline/Pipeline.php(209): App\\Http\\Middleware\\SetLocale->handle(Object(Illuminate\\Http\\Request), Object(Closure))
#24 /Users/aleksandr/projects/btf/vendor/erlandmuchasaj/laravel-gzip/src/Middleware/GzipEncodeResponse.php(19): Illuminate\\Pipeline\\Pipeline->Illuminate\\Pipeline\\{closure}(Object(Illuminate\\Http\\Request))
#25 /Users/aleksandr/projects/btf/vendor/laravel/framework/src/Illuminate/Pipeline/Pipeline.php(209): ErlandMuchasaj\\LaravelGzip\\Middleware\\GzipEncodeResponse->handle(Object(Illuminate\\Http\\Request), Object(Closure))
#26 /Users/aleksandr/projects/btf/vendor/laravel/framework/src/Illuminate/Routing/Middleware/SubstituteBindings.php(51): Illuminate\\Pipeline\\Pipeline->Illuminate\\Pipeline\\{closure}(Object(Illuminate\\Http\\Request))
#27 /Users/aleksandr/projects/btf/vendor/laravel/framework/src/Illuminate/Pipeline/Pipeline.php(209): Illuminate\\Routing\\Middleware\\SubstituteBindings->handle(Object(Illuminate\\Http\\Request), Object(Closure))
#28 /Users/aleksandr/projects/btf/vendor/laravel/framework/src/Illuminate/Auth/Middleware/Authenticate.php(64): Illuminate\\Pipeline\\Pipeline->Illuminate\\Pipeline\\{closure}(Object(Illuminate\\Http\\Request))
#29 /Users/aleksandr/projects/btf/vendor/laravel/framework/src/Illuminate/Pipeline/Pipeline.php(209): Illuminate\\Auth\\Middleware\\Authenticate->handle(Object(Illuminate\\Http\\Request), Object(Closure))
#30 /Users/aleksandr/projects/btf/vendor/laravel/framework/src/Illuminate/Foundation/Http/Middleware/VerifyCsrfToken.php(88): Illuminate\\Pipeline\\Pipeline->Illuminate\\Pipeline\\{closure}(Object(Illuminate\\Http\\Request))
#31 /Users/aleksandr/projects/btf/vendor/laravel/framework/src/Illuminate/Pipeline/Pipeline.php(209): Illuminate\\Foundation\\Http\\Middleware\\VerifyCsrfToken->handle(Object(Illuminate\\Http\\Request), Object(Closure))
#32 /Users/aleksandr/projects/btf/vendor/laravel/framework/src/Illuminate/View/Middleware/ShareErrorsFromSession.php(49): Illuminate\\Pipeline\\Pipeline->Illuminate\\Pipeline\\{closure}(Object(Illuminate\\Http\\Request))
#33 /Users/aleksandr/projects/btf/vendor/laravel/framework/src/Illuminate/Pipeline/Pipeline.php(209): Illuminate\\View\\Middleware\\ShareErrorsFromSession->handle(Object(Illuminate\\Http\\Request), Object(Closure))
#34 /Users/aleksandr/projects/btf/vendor/laravel/framework/src/Illuminate/Session/Middleware/StartSession.php(121): Illuminate\\Pipeline\\Pipeline->Illuminate\\Pipeline\\{closure}(Object(Illuminate\\Http\\Request))
#35 /Users/aleksandr/projects/btf/vendor/laravel/framework/src/Illuminate/Session/Middleware/StartSession.php(64): Illuminate\\Session\\Middleware\\StartSession->handleStatefulRequest(Object(Illuminate\\Http\\Request), Object(Illuminate\\Session\\Store), Object(Closure))
#36 /Users/aleksandr/projects/btf/vendor/laravel/framework/src/Illuminate/Pipeline/Pipeline.php(209): Illuminate\\Session\\Middleware\\StartSession->handle(Object(Illuminate\\Http\\Request), Object(Closure))
#37 /Users/aleksandr/projects/btf/vendor/laravel/framework/src/Illuminate/Cookie/Middleware/AddQueuedCookiesToResponse.php(37): Illuminate\\Pipeline\\Pipeline->Illuminate\\Pipeline\\{closure}(Object(Illuminate\\Http\\Request))
#38 /Users/aleksandr/projects/btf/vendor/laravel/framework/src/Illuminate/Pipeline/Pipeline.php(209): Illuminate\\Cookie\\Middleware\\AddQueuedCookiesToResponse->handle(Object(Illuminate\\Http\\Request), Object(Closure))
#39 /Users/aleksandr/projects/btf/vendor/laravel/framework/src/Illuminate/Cookie/Middleware/EncryptCookies.php(75): Illuminate\\Pipeline\\Pipeline->Illuminate\\Pipeline\\{closure}(Object(Illuminate\\Http\\Request))
#40 /Users/aleksandr/projects/btf/vendor/laravel/framework/src/Illuminate/Pipeline/Pipeline.php(209): Illuminate\\Cookie\\Middleware\\EncryptCookies->handle(Object(Illuminate\\Http\\Request), Object(Closure))
#41 /Users/aleksandr/projects/btf/vendor/laravel/framework/src/Illuminate/Pipeline/Pipeline.php(127): Illuminate\\Pipeline\\Pipeline->Illuminate\\Pipeline\\{closure}(Object(Illuminate\\Http\\Request))
#42 /Users/aleksandr/projects/btf/vendor/laravel/framework/src/Illuminate/Routing/Router.php(807): Illuminate\\Pipeline\\Pipeline->then(Object(Closure))
#43 /Users/aleksandr/projects/btf/vendor/laravel/framework/src/Illuminate/Routing/Router.php(786): Illuminate\\Routing\\Router->runRouteWithinStack(Object(Illuminate\\Routing\\Route), Object(Illuminate\\Http\\Request))
#44 /Users/aleksandr/projects/btf/vendor/laravel/framework/src/Illuminate/Routing/Router.php(750): Illuminate\\Routing\\Router->runRoute(Object(Illuminate\\Http\\Request), Object(Illuminate\\Routing\\Route))
#45 /Users/aleksandr/projects/btf/vendor/laravel/framework/src/Illuminate/Routing/Router.php(739): Illuminate\\Routing\\Router->dispatchToRoute(Object(Illuminate\\Http\\Request))
#46 /Users/aleksandr/projects/btf/vendor/laravel/framework/src/Illuminate/Foundation/Http/Kernel.php(201): Illuminate\\Routing\\Router->dispatch(Object(Illuminate\\Http\\Request))
#47 /Users/aleksandr/projects/btf/vendor/laravel/framework/src/Illuminate/Pipeline/Pipeline.php(170): Illuminate\\Foundation\\Http\\Kernel->Illuminate\\Foundation\\Http\\{closure}(Object(Illuminate\\Http\\Request))
#48 /Users/aleksandr/projects/btf/vendor/barryvdh/laravel-debugbar/src/Middleware/InjectDebugbar.php(66): Illuminate\\Pipeline\\Pipeline->Illuminate\\Pipeline\\{closure}(Object(Illuminate\\Http\\Request))
#49 /Users/aleksandr/projects/btf/vendor/laravel/framework/src/Illuminate/Pipeline/Pipeline.php(209): Barryvdh\\Debugbar\\Middleware\\InjectDebugbar->handle(Object(Illuminate\\Http\\Request), Object(Closure))
#50 /Users/aleksandr/projects/btf/vendor/laravel/framework/src/Illuminate/Foundation/Http/Middleware/TransformsRequest.php(21): Illuminate\\Pipeline\\Pipeline->Illuminate\\Pipeline\\{closure}(Object(Illuminate\\Http\\Request))
#51 /Users/aleksandr/projects/btf/vendor/laravel/framework/src/Illuminate/Foundation/Http/Middleware/ConvertEmptyStringsToNull.php(31): Illuminate\\Foundation\\Http\\Middleware\\TransformsRequest->handle(Object(Illuminate\\Http\\Request), Object(Closure))
#52 /Users/aleksandr/projects/btf/vendor/laravel/framework/src/Illuminate/Pipeline/Pipeline.php(209): Illuminate\\Foundation\\Http\\Middleware\\ConvertEmptyStringsToNull->handle(Object(Illuminate\\Http\\Request), Object(Closure))
#53 /Users/aleksandr/projects/btf/vendor/laravel/framework/src/Illuminate/Foundation/Http/Middleware/TransformsRequest.php(21): Illuminate\\Pipeline\\Pipeline->Illuminate\\Pipeline\\{closure}(Object(Illuminate\\Http\\Request))
#54 /Users/aleksandr/projects/btf/vendor/laravel/framework/src/Illuminate/Foundation/Http/Middleware/TrimStrings.php(51): Illuminate\\Foundation\\Http\\Middleware\\TransformsRequest->handle(Object(Illuminate\\Http\\Request), Object(Closure))
#55 /Users/aleksandr/projects/btf/vendor/laravel/framework/src/Illuminate/Pipeline/Pipeline.php(209): Illuminate\\Foundation\\Http\\Middleware\\TrimStrings->handle(Object(Illuminate\\Http\\Request), Object(Closure))
#56 /Users/aleksandr/projects/btf/vendor/laravel/framework/src/Illuminate/Http/Middleware/ValidatePostSize.php(27): Illuminate\\Pipeline\\Pipeline->Illuminate\\Pipeline\\{closure}(Object(Illuminate\\Http\\Request))
#57 /Users/aleksandr/projects/btf/vendor/laravel/framework/src/Illuminate/Pipeline/Pipeline.php(209): Illuminate\\Http\\Middleware\\ValidatePostSize->handle(Object(Illuminate\\Http\\Request), Object(Closure))
#58 /Users/aleksandr/projects/btf/vendor/laravel/framework/src/Illuminate/Foundation/Http/Middleware/PreventRequestsDuringMaintenance.php(110): Illuminate\\Pipeline\\Pipeline->Illuminate\\Pipeline\\{closure}(Object(Illuminate\\Http\\Request))
#59 /Users/aleksandr/projects/btf/vendor/laravel/framework/src/Illuminate/Pipeline/Pipeline.php(209): Illuminate\\Foundation\\Http\\Middleware\\PreventRequestsDuringMaintenance->handle(Object(Illuminate\\Http\\Request), Object(Closure))
#60 /Users/aleksandr/projects/btf/vendor/laravel/framework/src/Illuminate/Http/Middleware/HandleCors.php(62): Illuminate\\Pipeline\\Pipeline->Illuminate\\Pipeline\\{closure}(Object(Illuminate\\Http\\Request))
#61 /Users/aleksandr/projects/btf/vendor/laravel/framework/src/Illuminate/Pipeline/Pipeline.php(209): Illuminate\\Http\\Middleware\\HandleCors->handle(Object(Illuminate\\Http\\Request), Object(Closure))
#62 /Users/aleksandr/projects/btf/vendor/laravel/framework/src/Illuminate/Http/Middleware/TrustProxies.php(58): Illuminate\\Pipeline\\Pipeline->Illuminate\\Pipeline\\{closure}(Object(Illuminate\\Http\\Request))
#63 /Users/aleksandr/projects/btf/vendor/laravel/framework/src/Illuminate/Pipeline/Pipeline.php(209): Illuminate\\Http\\Middleware\\TrustProxies->handle(Object(Illuminate\\Http\\Request), Object(Closure))
#64 /Users/aleksandr/projects/btf/vendor/laravel/framework/src/Illuminate/Pipeline/Pipeline.php(127): Illuminate\\Pipeline\\Pipeline->Illuminate\\Pipeline\\{closure}(Object(Illuminate\\Http\\Request))
#65 /Users/aleksandr/projects/btf/vendor/laravel/framework/src/Illuminate/Foundation/Http/Kernel.php(176): Illuminate\\Pipeline\\Pipeline->then(Object(Closure))
#66 /Users/aleksandr/projects/btf/vendor/laravel/framework/src/Illuminate/Foundation/Http/Kernel.php(145): Illuminate\\Foundation\\Http\\Kernel->sendRequestThroughRouter(Object(Illuminate\\Http\\Request))
#67 /Users/aleksandr/projects/btf/public/index.php(50): Illuminate\\Foundation\\Http\\Kernel->handle(Object(Illuminate\\Http\\Request))
#68 /Users/aleksandr/projects/btf/vendor/laravel/framework/src/Illuminate/Foundation/resources/server.php(23): require_once('/Users/aleksand...')
#69 {main}
"} 
