[2024-11-25 03:04:38] production.ERROR: array_unique(): Argument #1 ($array) must be of type array, Illuminate\Support\Collection given {"exception":"[object] (TypeError(code: 0): array_unique(): Argument #1 ($array) must be of type array, Illuminate\\Support\\Collection given at /home/c/ce85862/dev/public_html/app/Http/Controllers/PagesController.php:58)
[stacktrace]
#0 /home/c/ce85862/dev/public_html/app/Http/Controllers/PagesController.php(58): array_unique(Object(Illuminate\\Support\\Collection))
#1 /home/c/ce85862/dev/public_html/vendor/laravel/framework/src/Illuminate/Routing/Controller.php(54): App\\Http\\Controllers\\PagesController->distributors()
#2 /home/c/ce85862/dev/public_html/vendor/laravel/framework/src/Illuminate/Routing/ControllerDispatcher.php(43): Illuminate\\Routing\\Controller->callAction('distributors', Array)
#3 /home/c/ce85862/dev/public_html/vendor/laravel/framework/src/Illuminate/Routing/Route.php(260): Illuminate\\Routing\\ControllerDispatcher->dispatch(Object(Illuminate\\Routing\\Route), Object(App\\Http\\Controllers\\PagesController), 'distributors')
#4 /home/c/ce85862/dev/public_html/vendor/laravel/framework/src/Illuminate/Routing/Route.php(206): Illuminate\\Routing\\Route->runController()
#5 /home/c/ce85862/dev/public_html/vendor/laravel/framework/src/Illuminate/Routing/Router.php(806): Illuminate\\Routing\\Route->run()
#6 /home/c/ce85862/dev/public_html/vendor/laravel/framework/src/Illuminate/Pipeline/Pipeline.php(144): Illuminate\\Routing\\Router->Illuminate\\Routing\\{closure}(Object(Illuminate\\Http\\Request))
#7 /home/c/ce85862/dev/public_html/app/Http/Middleware/UserActivity.php(20): Illuminate\\Pipeline\\Pipeline->Illuminate\\Pipeline\\{closure}(Object(Illuminate\\Http\\Request))
#8 /home/c/ce85862/dev/public_html/vendor/laravel/framework/src/Illuminate/Pipeline/Pipeline.php(183): App\\Http\\Middleware\\UserActivity->handle(Object(Illuminate\\Http\\Request), Object(Closure))
#9 /home/c/ce85862/dev/public_html/app/Http/Middleware/SetLocale.php(51): Illuminate\\Pipeline\\Pipeline->Illuminate\\Pipeline\\{closure}(Object(Illuminate\\Http\\Request))
#10 /home/c/ce85862/dev/public_html/vendor/laravel/framework/src/Illuminate/Pipeline/Pipeline.php(183): App\\Http\\Middleware\\SetLocale->handle(Object(Illuminate\\Http\\Request), Object(Closure))
#11 /home/c/ce85862/dev/public_html/vendor/erlandmuchasaj/laravel-gzip/src/Middleware/GzipEncodeResponse.php(19): Illuminate\\Pipeline\\Pipeline->Illuminate\\Pipeline\\{closure}(Object(Illuminate\\Http\\Request))
#12 /home/c/ce85862/dev/public_html/vendor/laravel/framework/src/Illuminate/Pipeline/Pipeline.php(183): ErlandMuchasaj\\LaravelGzip\\Middleware\\GzipEncodeResponse->handle(Object(Illuminate\\Http\\Request), Object(Closure))
#13 /home/c/ce85862/dev/public_html/vendor/laravel/framework/src/Illuminate/Routing/Middleware/SubstituteBindings.php(50): Illuminate\\Pipeline\\Pipeline->Illuminate\\Pipeline\\{closure}(Object(Illuminate\\Http\\Request))
#14 /home/c/ce85862/dev/public_html/vendor/laravel/framework/src/Illuminate/Pipeline/Pipeline.php(183): Illuminate\\Routing\\Middleware\\SubstituteBindings->handle(Object(Illuminate\\Http\\Request), Object(Closure))
#15 /home/c/ce85862/dev/public_html/vendor/laravel/framework/src/Illuminate/Foundation/Http/Middleware/VerifyCsrfToken.php(88): Illuminate\\Pipeline\\Pipeline->Illuminate\\Pipeline\\{closure}(Object(Illuminate\\Http\\Request))
#16 /home/c/ce85862/dev/public_html/vendor/laravel/framework/src/Illuminate/Pipeline/Pipeline.php(183): Illuminate\\Foundation\\Http\\Middleware\\VerifyCsrfToken->handle(Object(Illuminate\\Http\\Request), Object(Closure))
#17 /home/c/ce85862/dev/public_html/vendor/laravel/framework/src/Illuminate/View/Middleware/ShareErrorsFromSession.php(49): Illuminate\\Pipeline\\Pipeline->Illuminate\\Pipeline\\{closure}(Object(Illuminate\\Http\\Request))
#18 /home/c/ce85862/dev/public_html/vendor/laravel/framework/src/Illuminate/Pipeline/Pipeline.php(183): Illuminate\\View\\Middleware\\ShareErrorsFromSession->handle(Object(Illuminate\\Http\\Request), Object(Closure))
#19 /home/c/ce85862/dev/public_html/vendor/laravel/framework/src/Illuminate/Session/Middleware/StartSession.php(121): Illuminate\\Pipeline\\Pipeline->Illuminate\\Pipeline\\{closure}(Object(Illuminate\\Http\\Request))
#20 /home/c/ce85862/dev/public_html/vendor/laravel/framework/src/Illuminate/Session/Middleware/StartSession.php(64): Illuminate\\Session\\Middleware\\StartSession->handleStatefulRequest(Object(Illuminate\\Http\\Request), Object(Illuminate\\Session\\Store), Object(Closure))
#21 /home/c/ce85862/dev/public_html/vendor/laravel/framework/src/Illuminate/Pipeline/Pipeline.php(183): Illuminate\\Session\\Middleware\\StartSession->handle(Object(Illuminate\\Http\\Request), Object(Closure))
#22 /home/c/ce85862/dev/public_html/vendor/laravel/framework/src/Illuminate/Cookie/Middleware/AddQueuedCookiesToResponse.php(37): Illuminate\\Pipeline\\Pipeline->Illuminate\\Pipeline\\{closure}(Object(Illuminate\\Http\\Request))
#23 /home/c/ce85862/dev/public_html/vendor/laravel/framework/src/Illuminate/Pipeline/Pipeline.php(183): Illuminate\\Cookie\\Middleware\\AddQueuedCookiesToResponse->handle(Object(Illuminate\\Http\\Request), Object(Closure))
#24 /home/c/ce85862/dev/public_html/vendor/laravel/framework/src/Illuminate/Cookie/Middleware/EncryptCookies.php(75): Illuminate\\Pipeline\\Pipeline->Illuminate\\Pipeline\\{closure}(Object(Illuminate\\Http\\Request))
#25 /home/c/ce85862/dev/public_html/vendor/laravel/framework/src/Illuminate/Pipeline/Pipeline.php(183): Illuminate\\Cookie\\Middleware\\EncryptCookies->handle(Object(Illuminate\\Http\\Request), Object(Closure))
#26 /home/c/ce85862/dev/public_html/vendor/laravel/framework/src/Illuminate/Pipeline/Pipeline.php(119): Illuminate\\Pipeline\\Pipeline->Illuminate\\Pipeline\\{closure}(Object(Illuminate\\Http\\Request))
#27 /home/c/ce85862/dev/public_html/vendor/laravel/framework/src/Illuminate/Routing/Router.php(805): Illuminate\\Pipeline\\Pipeline->then(Object(Closure))
#28 /home/c/ce85862/dev/public_html/vendor/laravel/framework/src/Illuminate/Routing/Router.php(784): Illuminate\\Routing\\Router->runRouteWithinStack(Object(Illuminate\\Routing\\Route), Object(Illuminate\\Http\\Request))
#29 /home/c/ce85862/dev/public_html/vendor/laravel/framework/src/Illuminate/Routing/Router.php(748): Illuminate\\Routing\\Router->runRoute(Object(Illuminate\\Http\\Request), Object(Illuminate\\Routing\\Route))
#30 /home/c/ce85862/dev/public_html/vendor/laravel/framework/src/Illuminate/Routing/Router.php(737): Illuminate\\Routing\\Router->dispatchToRoute(Object(Illuminate\\Http\\Request))
#31 /home/c/ce85862/dev/public_html/vendor/laravel/framework/src/Illuminate/Foundation/Http/Kernel.php(200): Illuminate\\Routing\\Router->dispatch(Object(Illuminate\\Http\\Request))
#32 /home/c/ce85862/dev/public_html/vendor/laravel/framework/src/Illuminate/Pipeline/Pipeline.php(144): Illuminate\\Foundation\\Http\\Kernel->Illuminate\\Foundation\\Http\\{closure}(Object(Illuminate\\Http\\Request))
#33 /home/c/ce85862/dev/public_html/vendor/barryvdh/laravel-debugbar/src/Middleware/InjectDebugbar.php(66): Illuminate\\Pipeline\\Pipeline->Illuminate\\Pipeline\\{closure}(Object(Illuminate\\Http\\Request))
#34 /home/c/ce85862/dev/public_html/vendor/laravel/framework/src/Illuminate/Pipeline/Pipeline.php(183): Barryvdh\\Debugbar\\Middleware\\InjectDebugbar->handle(Object(Illuminate\\Http\\Request), Object(Closure))
#35 /home/c/ce85862/dev/public_html/vendor/laravel/framework/src/Illuminate/Foundation/Http/Middleware/TransformsRequest.php(21): Illuminate\\Pipeline\\Pipeline->Illuminate\\Pipeline\\{closure}(Object(Illuminate\\Http\\Request))
#36 /home/c/ce85862/dev/public_html/vendor/laravel/framework/src/Illuminate/Foundation/Http/Middleware/ConvertEmptyStringsToNull.php(31): Illuminate\\Foundation\\Http\\Middleware\\TransformsRequest->handle(Object(Illuminate\\Http\\Request), Object(Closure))
#37 /home/c/ce85862/dev/public_html/vendor/laravel/framework/src/Illuminate/Pipeline/Pipeline.php(183): Illuminate\\Foundation\\Http\\Middleware\\ConvertEmptyStringsToNull->handle(Object(Illuminate\\Http\\Request), Object(Closure))
#38 /home/c/ce85862/dev/public_html/vendor/laravel/framework/src/Illuminate/Foundation/Http/Middleware/TransformsRequest.php(21): Illuminate\\Pipeline\\Pipeline->Illuminate\\Pipeline\\{closure}(Object(Illuminate\\Http\\Request))
#39 /home/c/ce85862/dev/public_html/vendor/laravel/framework/src/Illuminate/Foundation/Http/Middleware/TrimStrings.php(51): Illuminate\\Foundation\\Http\\Middleware\\TransformsRequest->handle(Object(Illuminate\\Http\\Request), Object(Closure))
#40 /home/c/ce85862/dev/public_html/vendor/laravel/framework/src/Illuminate/Pipeline/Pipeline.php(183): Illuminate\\Foundation\\Http\\Middleware\\TrimStrings->handle(Object(Illuminate\\Http\\Request), Object(Closure))
#41 /home/c/ce85862/dev/public_html/vendor/laravel/framework/src/Illuminate/Http/Middleware/ValidatePostSize.php(27): Illuminate\\Pipeline\\Pipeline->Illuminate\\Pipeline\\{closure}(Object(Illuminate\\Http\\Request))
#42 /home/c/ce85862/dev/public_html/vendor/laravel/framework/src/Illuminate/Pipeline/Pipeline.php(183): Illuminate\\Http\\Middleware\\ValidatePostSize->handle(Object(Illuminate\\Http\\Request), Object(Closure))
#43 /home/c/ce85862/dev/public_html/vendor/laravel/framework/src/Illuminate/Foundation/Http/Middleware/PreventRequestsDuringMaintenance.php(110): Illuminate\\Pipeline\\Pipeline->Illuminate\\Pipeline\\{closure}(Object(Illuminate\\Http\\Request))
#44 /home/c/ce85862/dev/public_html/vendor/laravel/framework/src/Illuminate/Pipeline/Pipeline.php(183): Illuminate\\Foundation\\Http\\Middleware\\PreventRequestsDuringMaintenance->handle(Object(Illuminate\\Http\\Request), Object(Closure))
#45 /home/c/ce85862/dev/public_html/vendor/laravel/framework/src/Illuminate/Http/Middleware/HandleCors.php(49): Illuminate\\Pipeline\\Pipeline->Illuminate\\Pipeline\\{closure}(Object(Illuminate\\Http\\Request))
#46 /home/c/ce85862/dev/public_html/vendor/laravel/framework/src/Illuminate/Pipeline/Pipeline.php(183): Illuminate\\Http\\Middleware\\HandleCors->handle(Object(Illuminate\\Http\\Request), Object(Closure))
#47 /home/c/ce85862/dev/public_html/vendor/laravel/framework/src/Illuminate/Http/Middleware/TrustProxies.php(57): Illuminate\\Pipeline\\Pipeline->Illuminate\\Pipeline\\{closure}(Object(Illuminate\\Http\\Request))
#48 /home/c/ce85862/dev/public_html/vendor/laravel/framework/src/Illuminate/Pipeline/Pipeline.php(183): Illuminate\\Http\\Middleware\\TrustProxies->handle(Object(Illuminate\\Http\\Request), Object(Closure))
#49 /home/c/ce85862/dev/public_html/vendor/laravel/framework/src/Illuminate/Pipeline/Pipeline.php(119): Illuminate\\Pipeline\\Pipeline->Illuminate\\Pipeline\\{closure}(Object(Illuminate\\Http\\Request))
#50 /home/c/ce85862/dev/public_html/vendor/laravel/framework/src/Illuminate/Foundation/Http/Kernel.php(175): Illuminate\\Pipeline\\Pipeline->then(Object(Closure))
#51 /home/c/ce85862/dev/public_html/vendor/laravel/framework/src/Illuminate/Foundation/Http/Kernel.php(144): Illuminate\\Foundation\\Http\\Kernel->sendRequestThroughRouter(Object(Illuminate\\Http\\Request))
#52 /home/c/ce85862/dev/public_html/public/index.php(50): Illuminate\\Foundation\\Http\\Kernel->handle(Object(Illuminate\\Http\\Request))
#53 {main}
"} 
[2024-11-25 03:10:19] production.ERROR: Call to a member function isNotEmpty() on array {"view":{"view":"/home/c/ce85862/dev/public_html/resources/views/pages/distributors.blade.php","data":{"your_ip":"<pre class=sf-dump id=sf-dump-1549774370 data-indent-pad=\"  \">\"<span class=sf-dump-str title=\"13 characters\">192.168.0.102</span>\"
</pre><script>Sfdump(\"sf-dump-1549774370\", {\"maxDepth\":3,\"maxStringLength\":160})</script>
","your_location":"<pre class=sf-dump id=sf-dump-1916919755 data-indent-pad=\"  \">\"<span class=sf-dump-str title=\"19 characters\">Kaliningrad, Russia</span>\"
</pre><script>Sfdump(\"sf-dump-1916919755\", {\"maxDepth\":3,\"maxStringLength\":160})</script>
","errors":"<pre class=sf-dump id=sf-dump-1164588322 data-indent-pad=\"  \"><span class=sf-dump-note>Illuminate\\Support\\ViewErrorBag</span> {<a class=sf-dump-ref>#1974</a><samp data-depth=1 class=sf-dump-expanded>
  #<span class=sf-dump-protected title=\"Protected property\">bags</span>: []
</samp>}
</pre><script>Sfdump(\"sf-dump-1164588322\", {\"maxDepth\":3,\"maxStringLength\":160})</script>
","page":"<pre class=sf-dump id=sf-dump-731548307 data-indent-pad=\"  \">{<a class=sf-dump-ref>#2012</a><samp data-depth=1 class=sf-dump-expanded>
  +\"<span class=sf-dump-public title=\"Runtime added dynamic property\">id</span>\": <span class=sf-dump-num>3</span>
  +\"<span class=sf-dump-public title=\"Runtime added dynamic property\">parent_id</span>\": <span class=sf-dump-const>null</span>
  +\"<span class=sf-dump-public title=\"Runtime added dynamic property\">metatitle</span>\": <span class=sf-dump-const>null</span>
  +\"<span class=sf-dump-public title=\"Runtime added dynamic property\">keywords</span>\": <span class=sf-dump-const>null</span>
  +\"<span class=sf-dump-public title=\"Runtime added dynamic property\">description</span>\": <span class=sf-dump-const>null</span>
  +\"<span class=sf-dump-public title=\"Runtime added dynamic property\">robots</span>\": <span class=sf-dump-const>null</span>
  +\"<span class=sf-dump-public title=\"Runtime added dynamic property\">title</span>\": \"<span class=sf-dump-str title=\"13 characters\">&#1044;&#1080;&#1089;&#1090;&#1088;&#1080;&#1073;&#1100;&#1102;&#1090;&#1086;&#1088;&#1099;</span>\"
  +\"<span class=sf-dump-public title=\"Runtime added dynamic property\">slug</span>\": \"<span class=sf-dump-str title=\"12 characters\">distributors</span>\"
  +\"<span class=sf-dump-public title=\"Runtime added dynamic property\">subtitle</span>\": \"<span class=sf-dump-str title=\"15 characters\">&#1057;&#1090;&#1072;&#1090;&#1100; &#1087;&#1072;&#1088;&#1090;&#1085;&#1077;&#1088;&#1086;&#1084;</span>\"
  +\"<span class=sf-dump-public title=\"Runtime added dynamic property\">text</span>\": \"\"\"
    <span class=sf-dump-str title=\"242 characters\">&lt;p&gt;&#1055;&#1088;&#1080;&#1075;&#1083;&#1072;&#1096;&#1072;&#1077;&#1084;<span class=sf-dump-default>\\u{A0}</span>&#1074;&#1072;&#1089;<span class=sf-dump-default>\\u{A0}</span>&#1089;&#1090;&#1072;&#1090;&#1100;<span class=sf-dump-default>\\u{A0}</span>&#1086;&#1092;&#1080;&#1094;&#1080;&#1072;&#1083;&#1100;&#1085;&#1099;&#1084;<span class=sf-dump-default>\\u{A0}</span>&#1076;&#1080;&#1089;&#1090;&#1088;&#1080;&#1073;&#1100;&#1102;&#1090;&#1086;&#1088;&#1086;&#1084;<span class=sf-dump-default>\\u{A0}</span>&#1085;&#1072;&#1096;&#1077;&#1081;<span class=sf-dump-default>\\u{A0}</span>&#1090;&#1072;&#1073;&#1072;&#1095;&#1085;&#1086;&#1081;<span class=sf-dump-default>\\u{A0}</span>&#1092;&#1072;&#1073;&#1088;&#1080;&#1082;&#1080;<span class=sf-dump-default>\\u{A0}</span>&#1080;<span class=sf-dump-default>\\u{A0}</span>&#1088;&#1072;&#1089;&#1096;&#1080;&#1088;&#1080;&#1090;&#1100;<span class=sf-dump-default>\\u{A0}</span>&#1089;&#1074;&#1086;&#1081;<span class=sf-dump-default>\\u{A0}</span>&#1073;&#1080;&#1079;&#1085;&#1077;&#1089;<span class=sf-dump-default>\\u{A0}</span>&#1089; &lt;br&gt;<span class=\"sf-dump-default sf-dump-ns\">\\r\\n</span></span>
    <span class=sf-dump-str title=\"242 characters\">&#1087;&#1086;&#1084;&#1086;&#1097;&#1100;&#1102;<span class=sf-dump-default>\\u{A0}</span>&#1082;&#1072;&#1095;&#1077;&#1089;&#1090;&#1074;&#1077;&#1085;&#1085;&#1099;&#1093;<span class=sf-dump-default>\\u{A0}</span>&#1080;<span class=sf-dump-default>\\u{A0}</span>&#1074;&#1086;&#1089;&#1090;&#1088;&#1077;&#1073;&#1086;&#1074;&#1072;&#1085;&#1085;&#1099;&#1093;<span class=sf-dump-default>\\u{A0}</span>&#1090;&#1086;&#1074;&#1072;&#1088;&#1086;&#1074;. &#1047;&#1072;&#1087;&#1086;&#1083;&#1085;&#1080;&#1090;&#1077; &#1092;&#1086;&#1088;&#1084;&#1091; &#1080; &#1085;&#1072;&#1096; &#1086;&#1076;&#1080;&#1085; &#1080;&#1079; &#1058;&#1086;&#1088;&#1075;&#1086;&#1074;&#1099;&#1093; &#1044;&#1086;&#1084;&#1086;&#1074; &#1080;&#1083;&#1080; &lt;br&gt; &#1076;&#1080;&#1089;&#1090;&#1088;&#1080;&#1073;&#1100;&#1102;&#1090;&#1086;&#1088;&#1086;&#1074; &#1089;&#1074;&#1103;&#1078;&#1077;&#1090;&#1089;&#1103; &#1089; &#1074;&#1072;&#1084;&#1080;!&lt;/p&gt;</span>
    \"\"\"
  +\"<span class=sf-dump-public title=\"Runtime added dynamic property\">image</span>\": <span class=sf-dump-const>null</span>
  +\"<span class=sf-dump-public title=\"Runtime added dynamic property\">custom</span>\": \"\"
  +\"<span class=sf-dump-public title=\"Runtime added dynamic property\">lang</span>\": \"<span class=sf-dump-str title=\"2 characters\">ru</span>\"
  +\"<span class=sf-dump-public title=\"Runtime added dynamic property\">sort</span>\": <span class=sf-dump-num>3</span>
  +\"<span class=sf-dump-public title=\"Runtime added dynamic property\">status</span>\": <span class=sf-dump-num>1</span>
  +\"<span class=sf-dump-public title=\"Runtime added dynamic property\">created_at</span>\": \"<span class=sf-dump-str title=\"19 characters\">2023-11-20 11:30:19</span>\"
  +\"<span class=sf-dump-public title=\"Runtime added dynamic property\">updated_at</span>\": \"<span class=sf-dump-str title=\"19 characters\">2024-11-14 14:59:11</span>\"
</samp>}
</pre><script>Sfdump(\"sf-dump-731548307\", {\"maxDepth\":3,\"maxStringLength\":160})</script>
","distributors":"<pre class=sf-dump id=sf-dump-452629489 data-indent-pad=\"  \"><span class=sf-dump-note>Illuminate\\Support\\Collection</span> {<a class=sf-dump-ref>#2013</a><samp data-depth=1 class=sf-dump-expanded>
  #<span class=sf-dump-protected title=\"Protected property\">items</span>: <span class=sf-dump-note>array:19</span> [<samp data-depth=2 class=sf-dump-compact>
    <span class=sf-dump-index>0</span> => {<a class=sf-dump-ref>#2011</a><samp data-depth=3 class=sf-dump-compact>
      +\"<span class=sf-dump-public title=\"Runtime added dynamic property\">id</span>\": <span class=sf-dump-num>2</span>
      +\"<span class=sf-dump-public title=\"Runtime added dynamic property\">name</span>\": <span class=sf-dump-const>null</span>
      +\"<span class=sf-dump-public title=\"Runtime added dynamic property\">surname</span>\": <span class=sf-dump-const>null</span>
      +\"<span class=sf-dump-public title=\"Runtime added dynamic property\">email</span>\": \"<span class=sf-dump-str title=\"21 characters\">alemurashov@yandex.ru</span>\"
      +\"<span class=sf-dump-public title=\"Runtime added dynamic property\">phone</span>\": \"<span class=sf-dump-str title=\"16 characters\">8(4012) 45-37-69</span>\"
      +\"<span class=sf-dump-public title=\"Runtime added dynamic property\">company</span>\": \"<span class=sf-dump-str title=\"27 characters\">&#1054;&#1054;&#1054; &#171;&#1060;&#1086;&#1088;&#1090;-&#1055;&#1086;&#1089;&#1090; &#1050;&#1072;&#1083;&#1080;&#1085;&#1080;&#1085;&#1075;&#1088;&#1072;&#1076;&#187;</span>\"
      +\"<span class=sf-dump-public title=\"Runtime added dynamic property\">city</span>\": \"<span class=sf-dump-str title=\"11 characters\">&#1050;&#1072;&#1083;&#1080;&#1085;&#1080;&#1085;&#1075;&#1088;&#1072;&#1076;</span>\"
      +\"<span class=sf-dump-public title=\"Runtime added dynamic property\">address</span>\": \"<span class=sf-dump-str title=\"61 characters\">236006, &#1075;. &#1050;&#1072;&#1083;&#1080;&#1085;&#1080;&#1085;&#1075;&#1088;&#1072;&#1076;, &#1091;&#1083;. &#1055;&#1088;&#1072;&#1074;&#1072;&#1103; &#1053;&#1072;&#1073;&#1077;&#1088;&#1077;&#1078;&#1085;&#1072;&#1103;, &#1076;. 10, &#1083;&#1080;&#1090;&#1077;&#1088; &#1040;</span>\"
      +\"<span class=sf-dump-public title=\"Runtime added dynamic property\">coordinates</span>\": <span class=sf-dump-const>null</span>
      +\"<span class=sf-dump-public title=\"Runtime added dynamic property\">site</span>\": <span class=sf-dump-const>null</span>
      +\"<span class=sf-dump-public title=\"Runtime added dynamic property\">schedule</span>\": <span class=sf-dump-const>null</span>
      +\"<span class=sf-dump-public title=\"Runtime added dynamic property\">picture</span>\": <span class=sf-dump-const>null</span>
      +\"<span class=sf-dump-public title=\"Runtime added dynamic property\">order_by</span>\": <span class=sf-dump-num>1</span>
      +\"<span class=sf-dump-public title=\"Runtime added dynamic property\">status</span>\": <span class=sf-dump-num>1</span>
      +\"<span class=sf-dump-public title=\"Runtime added dynamic property\">created_at</span>\": \"<span class=sf-dump-str title=\"19 characters\">2024-11-18 02:54:50</span>\"
      +\"<span class=sf-dump-public title=\"Runtime added dynamic property\">updated_at</span>\": \"<span class=sf-dump-str title=\"19 characters\">2024-11-19 13:56:40</span>\"
    </samp>}
    <span class=sf-dump-index>1</span> => {<a class=sf-dump-ref>#2031</a><samp data-depth=3 class=sf-dump-compact>
      +\"<span class=sf-dump-public title=\"Runtime added dynamic property\">id</span>\": <span class=sf-dump-num>3</span>
      +\"<span class=sf-dump-public title=\"Runtime added dynamic property\">name</span>\": <span class=sf-dump-const>null</span>
      +\"<span class=sf-dump-public title=\"Runtime added dynamic property\">surname</span>\": <span class=sf-dump-const>null</span>
      +\"<span class=sf-dump-public title=\"Runtime added dynamic property\">email</span>\": \"<span class=sf-dump-str title=\"19 characters\">gelios06_dt@mail.ru</span>\"
      +\"<span class=sf-dump-public title=\"Runtime added dynamic property\">phone</span>\": \"<span class=sf-dump-str title=\"15 characters\">8-8793-31-63-43</span>\"
      +\"<span class=sf-dump-public title=\"Runtime added dynamic property\">company</span>\": \"<span class=sf-dump-str title=\"38 characters\">&#1054;&#1054;&#1054; &#171;&#1057;&#1090;&#1072;&#1074;&#1088;&#1086;&#1087;&#1086;&#1083;&#1100;&#1089;&#1082;&#1072;&#1103; &#1090;&#1072;&#1073;&#1072;&#1095;&#1085;&#1072;&#1103; &#1082;&#1086;&#1084;&#1087;&#1072;&#1085;&#1080;&#1103;&#187;</span>\"
      +\"<span class=sf-dump-public title=\"Runtime added dynamic property\">city</span>\": \"<span class=sf-dump-str title=\"9 characters\">&#1055;&#1103;&#1090;&#1080;&#1075;&#1086;&#1088;&#1089;&#1082;</span>\"
      +\"<span class=sf-dump-public title=\"Runtime added dynamic property\">address</span>\": \"<span class=sf-dump-str title=\"41 characters\">&#1055;&#1103;&#1090;&#1080;&#1075;&#1086;&#1088;&#1089;&#1082;, &#1091;&#1083;. &#1040;&#1076;&#1084;&#1080;&#1088;&#1072;&#1083;&#1100;&#1089;&#1082;&#1086;&#1075;&#1086;, 2, &#1082;&#1086;&#1088;&#1087;&#1091;&#1089; 2</span>\"
      +\"<span class=sf-dump-public title=\"Runtime added dynamic property\">coordinates</span>\": <span class=sf-dump-const>null</span>
      +\"<span class=sf-dump-public title=\"Runtime added dynamic property\">site</span>\": <span class=sf-dump-const>null</span>
      +\"<span class=sf-dump-public title=\"Runtime added dynamic property\">schedule</span>\": <span class=sf-dump-const>null</span>
      +\"<span class=sf-dump-public title=\"Runtime added dynamic property\">picture</span>\": <span class=sf-dump-const>null</span>
      +\"<span class=sf-dump-public title=\"Runtime added dynamic property\">order_by</span>\": <span class=sf-dump-num>2</span>
      +\"<span class=sf-dump-public title=\"Runtime added dynamic property\">status</span>\": <span class=sf-dump-num>1</span>
      +\"<span class=sf-dump-public title=\"Runtime added dynamic property\">created_at</span>\": \"<span class=sf-dump-str title=\"19 characters\">2024-11-18 03:09:16</span>\"
      +\"<span class=sf-dump-public title=\"Runtime added dynamic property\">updated_at</span>\": \"<span class=sf-dump-str title=\"19 characters\">2024-11-19 13:58:25</span>\"
    </samp>}
    <span class=sf-dump-index>2</span> => {<a class=sf-dump-ref>#2009</a><samp data-depth=3 class=sf-dump-compact>
      +\"<span class=sf-dump-public title=\"Runtime added dynamic property\">id</span>\": <span class=sf-dump-num>4</span>
      +\"<span class=sf-dump-public title=\"Runtime added dynamic property\">name</span>\": <span class=sf-dump-const>null</span>
      +\"<span class=sf-dump-public title=\"Runtime added dynamic property\">surname</span>\": <span class=sf-dump-const>null</span>
      +\"<span class=sf-dump-public title=\"Runtime added dynamic property\">email</span>\": \"<span class=sf-dump-str title=\"16 characters\">kvinta97@mail.ru</span>\"
      +\"<span class=sf-dump-public title=\"Runtime added dynamic property\">phone</span>\": \"<span class=sf-dump-str title=\"14 characters\">(8652)99-20-02</span>\"
      +\"<span class=sf-dump-public title=\"Runtime added dynamic property\">company</span>\": \"<span class=sf-dump-str title=\"12 characters\">&#1054;&#1054;&#1054; &#171;&#1050;&#1074;&#1080;&#1085;&#1090;&#1072;&#187;</span>\"
      +\"<span class=sf-dump-public title=\"Runtime added dynamic property\">city</span>\": \"<span class=sf-dump-str title=\"10 characters\">&#1057;&#1090;&#1072;&#1074;&#1088;&#1086;&#1087;&#1086;&#1083;&#1100;</span>\"
      +\"<span class=sf-dump-public title=\"Runtime added dynamic property\">address</span>\": \"<span class=sf-dump-str title=\"48 characters\">355035 &#1075;. &#1057;&#1090;&#1072;&#1074;&#1088;&#1086;&#1087;&#1086;&#1083;&#1100; &#1087;&#1077;&#1088;. &#1058;&#1086;&#1088;&#1075;&#1086;&#1074;&#1099;&#1081; ,4/1, &#1086;&#1092;&#1080;&#1089; 29</span>\"
      +\"<span class=sf-dump-public title=\"Runtime added dynamic property\">coordinates</span>\": <span class=sf-dump-const>null</span>
      +\"<span class=sf-dump-public title=\"Runtime added dynamic property\">site</span>\": <span class=sf-dump-const>null</span>
      +\"<span class=sf-dump-public title=\"Runtime added dynamic property\">schedule</span>\": <span class=sf-dump-const>null</span>
      +\"<span class=sf-dump-public title=\"Runtime added dynamic property\">picture</span>\": <span class=sf-dump-const>null</span>
      +\"<span class=sf-dump-public title=\"Runtime added dynamic property\">order_by</span>\": <span class=sf-dump-num>3</span>
      +\"<span class=sf-dump-public title=\"Runtime added dynamic property\">status</span>\": <span class=sf-dump-num>1</span>
      +\"<span class=sf-dump-public title=\"Runtime added dynamic property\">created_at</span>\": \"<span class=sf-dump-str title=\"19 characters\">2024-11-18 03:10:42</span>\"
      +\"<span class=sf-dump-public title=\"Runtime added dynamic property\">updated_at</span>\": \"<span class=sf-dump-str title=\"19 characters\">2024-11-19 13:59:47</span>\"
    </samp>}
    <span class=sf-dump-index>3</span> => {<a class=sf-dump-ref>#2007</a><samp data-depth=3 class=sf-dump-compact>
      +\"<span class=sf-dump-public title=\"Runtime added dynamic property\">id</span>\": <span class=sf-dump-num>5</span>
      +\"<span class=sf-dump-public title=\"Runtime added dynamic property\">name</span>\": <span class=sf-dump-const>null</span>
      +\"<span class=sf-dump-public title=\"Runtime added dynamic property\">surname</span>\": <span class=sf-dump-const>null</span>
      +\"<span class=sf-dump-public title=\"Runtime added dynamic property\">email</span>\": <span class=sf-dump-const>null</span>
      +\"<span class=sf-dump-public title=\"Runtime added dynamic property\">phone</span>\": \"<span class=sf-dump-str title=\"17 characters\">8 (86137) 7-33-98</span>\"
      +\"<span class=sf-dump-public title=\"Runtime added dynamic property\">company</span>\": \"<span class=sf-dump-str title=\"17 characters\">&#1054;&#1054;&#1054; &#171;&#1040;&#1074;&#1077;&#1088;&#1089;-&#1058;&#1072;&#1073;&#1072;&#1082;&#187;</span>\"
      +\"<span class=sf-dump-public title=\"Runtime added dynamic property\">city</span>\": \"<span class=sf-dump-str title=\"7 characters\">&#1040;&#1088;&#1084;&#1072;&#1074;&#1080;&#1088;</span>\"
      +\"<span class=sf-dump-public title=\"Runtime added dynamic property\">address</span>\": \"<span class=sf-dump-str title=\"59 characters\">352915, &#1050;&#1088;&#1072;&#1089;&#1085;&#1086;&#1076;&#1072;&#1088;&#1089;&#1082;&#1080;&#1081; &#1082;&#1088;&#1072;&#1081;, &#1075;. &#1040;&#1088;&#1084;&#1072;&#1074;&#1080;&#1088; &#1091;&#1083;. &#1055;&#1086;&#1074;&#1077;&#1090;&#1082;&#1080;&#1085;&#1072;, 180/1</span>\"
      +\"<span class=sf-dump-public title=\"Runtime added dynamic property\">coordinates</span>\": <span class=sf-dump-const>null</span>
      +\"<span class=sf-dump-public title=\"Runtime added dynamic property\">site</span>\": <span class=sf-dump-const>null</span>
      +\"<span class=sf-dump-public title=\"Runtime added dynamic property\">schedule</span>\": <span class=sf-dump-const>null</span>
      +\"<span class=sf-dump-public title=\"Runtime added dynamic property\">picture</span>\": <span class=sf-dump-const>null</span>
      +\"<span class=sf-dump-public title=\"Runtime added dynamic property\">order_by</span>\": <span class=sf-dump-num>4</span>
      +\"<span class=sf-dump-public title=\"Runtime added dynamic property\">status</span>\": <span class=sf-dump-num>1</span>
      +\"<span class=sf-dump-public title=\"Runtime added dynamic property\">created_at</span>\": \"<span class=sf-dump-str title=\"19 characters\">2024-11-18 03:12:10</span>\"
      +\"<span class=sf-dump-public title=\"Runtime added dynamic property\">updated_at</span>\": \"<span class=sf-dump-str title=\"19 characters\">2024-11-19 14:00:33</span>\"
    </samp>}
    <span class=sf-dump-index>4</span> => {<a class=sf-dump-ref>#2028</a><samp data-depth=3 class=sf-dump-compact>
      +\"<span class=sf-dump-public title=\"Runtime added dynamic property\">id</span>\": <span class=sf-dump-num>8</span>
      +\"<span class=sf-dump-public title=\"Runtime added dynamic property\">name</span>\": <span class=sf-dump-const>null</span>
      +\"<span class=sf-dump-public title=\"Runtime added dynamic property\">surname</span>\": <span class=sf-dump-const>null</span>
      +\"<span class=sf-dump-public title=\"Runtime added dynamic property\">email</span>\": \"<span class=sf-dump-str title=\"19 characters\">south_polus@mail.ru</span>\"
      +\"<span class=sf-dump-public title=\"Runtime added dynamic property\">phone</span>\": \"<span class=sf-dump-str title=\"15 characters\">8(861)231-22-77</span>\"
      +\"<span class=sf-dump-public title=\"Runtime added dynamic property\">company</span>\": \"<span class=sf-dump-str title=\"17 characters\">&#1054;&#1054;&#1054; &#171;&#1070;&#1078;&#1085;&#1099;&#1081; &#1087;&#1086;&#1083;&#1102;&#1089;&#187;</span>\"
      +\"<span class=sf-dump-public title=\"Runtime added dynamic property\">city</span>\": \"<span class=sf-dump-str title=\"9 characters\">&#1050;&#1088;&#1072;&#1089;&#1085;&#1086;&#1076;&#1072;&#1088;</span>\"
      +\"<span class=sf-dump-public title=\"Runtime added dynamic property\">address</span>\": \"<span class=sf-dump-str title=\"52 characters\">&#1075;.<span class=sf-dump-default>\\u{A0}</span>&#1050;&#1088;&#1072;&#1089;&#1085;&#1086;&#1076;&#1072;&#1088;, &#1091;&#1083;. &#1053;&#1086;&#1074;&#1086;&#1088;&#1086;&#1089;&#1089;&#1080;&#1081;&#1089;&#1082;&#1072;&#1103; 210,&#1051;&#1080;&#1090;&#1077;&#1088; &#1050;, &#1086;&#1092;.8,9</span>\"
      +\"<span class=sf-dump-public title=\"Runtime added dynamic property\">coordinates</span>\": <span class=sf-dump-const>null</span>
      +\"<span class=sf-dump-public title=\"Runtime added dynamic property\">site</span>\": <span class=sf-dump-const>null</span>
      +\"<span class=sf-dump-public title=\"Runtime added dynamic property\">schedule</span>\": <span class=sf-dump-const>null</span>
      +\"<span class=sf-dump-public title=\"Runtime added dynamic property\">picture</span>\": <span class=sf-dump-const>null</span>
      +\"<span class=sf-dump-public title=\"Runtime added dynamic property\">order_by</span>\": <span class=sf-dump-num>7</span>
      +\"<span class=sf-dump-public title=\"Runtime added dynamic property\">status</span>\": <span class=sf-dump-num>1</span>
      +\"<span class=sf-dump-public title=\"Runtime added dynamic property\">created_at</span>\": \"<span class=sf-dump-str title=\"19 characters\">2024-11-19 06:37:45</span>\"
      +\"<span class=sf-dump-public title=\"Runtime added dynamic property\">updated_at</span>\": \"<span class=sf-dump-str title=\"19 characters\">2024-11-19 14:02:15</span>\"
    </samp>}
    <span class=sf-dump-index>5</span> => {<a class=sf-dump-ref>#2030</a><samp data-depth=3 class=sf-dump-compact>
      +\"<span class=sf-dump-public title=\"Runtime added dynamic property\">id</span>\": <span class=sf-dump-num>9</span>
      +\"<span class=sf-dump-public title=\"Runtime added dynamic property\">name</span>\": <span class=sf-dump-const>null</span>
      +\"<span class=sf-dump-public title=\"Runtime added dynamic property\">surname</span>\": <span class=sf-dump-const>null</span>
      +\"<span class=sf-dump-public title=\"Runtime added dynamic property\">email</span>\": \"<span class=sf-dump-str title=\"24 characters\">Business.class15@mail.ru</span>\"
      +\"<span class=sf-dump-public title=\"Runtime added dynamic property\">phone</span>\": \"<span class=sf-dump-str title=\"15 characters\">8-962-433-35-89</span>\"
      +\"<span class=sf-dump-public title=\"Runtime added dynamic property\">company</span>\": \"<span class=sf-dump-str title=\"18 characters\">&#1054;&#1054;&#1054; &#171;&#1041;&#1080;&#1079;&#1085;&#1077;&#1089; &#1050;&#1083;&#1072;&#1089;&#1089;&#187;</span>\"
      +\"<span class=sf-dump-public title=\"Runtime added dynamic property\">city</span>\": \"<span class=sf-dump-str title=\"6 characters\">&#1056;&#1086;&#1089;&#1090;&#1086;&#1074;</span>\"
      +\"<span class=sf-dump-public title=\"Runtime added dynamic property\">address</span>\": \"<span class=sf-dump-str title=\"112 characters\">346715, &#1056;&#1086;&#1089;&#1090;&#1086;&#1074;&#1089;&#1082;&#1072;&#1103; &#1086;&#1073;&#1083;&#1072;&#1089;&#1090;&#1100;, &#1040;&#1082;&#1089;&#1072;&#1081;&#1089;&#1082;&#1080;&#1081; &#1088;&#1072;&#1081;&#1086;&#1085;, &#1087;. &#1071;&#1085;&#1090;&#1072;&#1088;&#1085;&#1099;&#1081;, &#1091;&#1083;. &#1052;&#1072;&#1083;&#1086;&#1077; &#1047;&#1077;&#1083;&#1077;&#1085;&#1086;&#1077; &#1050;&#1086;&#1083;&#1100;&#1094;&#1086;, &#1076;&#1086;&#1084; 3, &#1058;&#1062; &#171;&#1040;&#1083;&#1100;&#1090;&#1091;&#1089;&#187;, &#1086;&#1092;&#1080;&#1089; 316</span>\"
      +\"<span class=sf-dump-public title=\"Runtime added dynamic property\">coordinates</span>\": <span class=sf-dump-const>null</span>
      +\"<span class=sf-dump-public title=\"Runtime added dynamic property\">site</span>\": <span class=sf-dump-const>null</span>
      +\"<span class=sf-dump-public title=\"Runtime added dynamic property\">schedule</span>\": <span class=sf-dump-const>null</span>
      +\"<span class=sf-dump-public title=\"Runtime added dynamic property\">picture</span>\": <span class=sf-dump-const>null</span>
      +\"<span class=sf-dump-public title=\"Runtime added dynamic property\">order_by</span>\": <span class=sf-dump-num>9</span>
      +\"<span class=sf-dump-public title=\"Runtime added dynamic property\">status</span>\": <span class=sf-dump-num>1</span>
      +\"<span class=sf-dump-public title=\"Runtime added dynamic property\">created_at</span>\": \"<span class=sf-dump-str title=\"19 characters\">2024-11-19 06:37:58</span>\"
      +\"<span class=sf-dump-public title=\"Runtime added dynamic property\">updated_at</span>\": \"<span class=sf-dump-str title=\"19 characters\">2024-11-19 14:03:53</span>\"
    </samp>}
    <span class=sf-dump-index>6</span> => {<a class=sf-dump-ref>#2029</a><samp data-depth=3 class=sf-dump-compact>
      +\"<span class=sf-dump-public title=\"Runtime added dynamic property\">id</span>\": <span class=sf-dump-num>10</span>
      +\"<span class=sf-dump-public title=\"Runtime added dynamic property\">name</span>\": <span class=sf-dump-const>null</span>
      +\"<span class=sf-dump-public title=\"Runtime added dynamic property\">surname</span>\": <span class=sf-dump-const>null</span>
      +\"<span class=sf-dump-public title=\"Runtime added dynamic property\">email</span>\": \"<span class=sf-dump-str title=\"16 characters\">info@agrofart.ru</span>\"
      +\"<span class=sf-dump-public title=\"Runtime added dynamic property\">phone</span>\": \"<span class=sf-dump-str title=\"15 characters\">(8442) 49-36-36</span>\"
      +\"<span class=sf-dump-public title=\"Runtime added dynamic property\">company</span>\": \"<span class=sf-dump-str title=\"14 characters\">&#1054;&#1054;&#1054; &#171;&#1040;&#1043;&#1056;&#1054;&#1060;&#1040;&#1056;&#1058;&#187;</span>\"
      +\"<span class=sf-dump-public title=\"Runtime added dynamic property\">city</span>\": \"<span class=sf-dump-str title=\"9 characters\">&#1042;&#1086;&#1083;&#1075;&#1086;&#1075;&#1088;&#1072;&#1076;</span>\"
      +\"<span class=sf-dump-public title=\"Runtime added dynamic property\">address</span>\": \"<span class=sf-dump-str title=\"69 characters\">400011, &#1042;&#1086;&#1083;&#1075;&#1086;&#1075;&#1088;&#1072;&#1076;&#1089;&#1082;&#1072;&#1103; &#1086;&#1073;&#1083;&#1072;&#1089;&#1090;&#1100;, &#1075;. &#1042;&#1086;&#1083;&#1075;&#1086;&#1075;&#1088;&#1072;&#1076;, &#1091;&#1083;. &#1069;&#1083;&#1077;&#1082;&#1090;&#1088;&#1086;&#1083;&#1077;&#1089;&#1086;&#1074;&#1089;&#1082;&#1072;&#1103;, 43</span>\"
      +\"<span class=sf-dump-public title=\"Runtime added dynamic property\">coordinates</span>\": <span class=sf-dump-const>null</span>
      +\"<span class=sf-dump-public title=\"Runtime added dynamic property\">site</span>\": <span class=sf-dump-const>null</span>
      +\"<span class=sf-dump-public title=\"Runtime added dynamic property\">schedule</span>\": <span class=sf-dump-const>null</span>
      +\"<span class=sf-dump-public title=\"Runtime added dynamic property\">picture</span>\": <span class=sf-dump-const>null</span>
      +\"<span class=sf-dump-public title=\"Runtime added dynamic property\">order_by</span>\": <span class=sf-dump-num>10</span>
      +\"<span class=sf-dump-public title=\"Runtime added dynamic property\">status</span>\": <span class=sf-dump-num>1</span>
      +\"<span class=sf-dump-public title=\"Runtime added dynamic property\">created_at</span>\": \"<span class=sf-dump-str title=\"19 characters\">2024-11-19 06:39:23</span>\"
      +\"<span class=sf-dump-public title=\"Runtime added dynamic property\">updated_at</span>\": \"<span class=sf-dump-str title=\"19 characters\">2024-11-19 14:05:03</span>\"
    </samp>}
    <span class=sf-dump-index>7</span> => {<a class=sf-dump-ref>#2027</a><samp data-depth=3 class=sf-dump-compact>
      +\"<span class=sf-dump-public title=\"Runtime added dynamic property\">id</span>\": <span class=sf-dump-num>11</span>
      +\"<span class=sf-dump-public title=\"Runtime added dynamic property\">name</span>\": <span class=sf-dump-const>null</span>
      +\"<span class=sf-dump-public title=\"Runtime added dynamic property\">surname</span>\": <span class=sf-dump-const>null</span>
      +\"<span class=sf-dump-public title=\"Runtime added dynamic property\">email</span>\": \"<span class=sf-dump-str title=\"14 characters\">Lifa74@mail.ru</span>\"
      +\"<span class=sf-dump-public title=\"Runtime added dynamic property\">phone</span>\": \"<span class=sf-dump-str title=\"11 characters\">89220130555</span>\"
      +\"<span class=sf-dump-public title=\"Runtime added dynamic property\">company</span>\": \"<span class=sf-dump-str title=\"12 characters\">&#1054;&#1054;&#1054; &#171;&#1041;&#1077;&#1088;&#1083;&#1077;&#1081;&#187;</span>\"
      +\"<span class=sf-dump-public title=\"Runtime added dynamic property\">city</span>\": \"<span class=sf-dump-str title=\"9 characters\">&#1063;&#1077;&#1083;&#1103;&#1073;&#1080;&#1085;&#1089;&#1082;</span>\"
      +\"<span class=sf-dump-public title=\"Runtime added dynamic property\">address</span>\": \"<span class=sf-dump-str title=\"91 characters\">456512, &#1063;&#1077;&#1083;&#1103;&#1073;&#1080;&#1085;&#1089;&#1082;&#1072;&#1103; &#1086;&#1073;&#1083;&#1072;&#1089;&#1090;&#1100;, &#1057;&#1086;&#1089;&#1085;&#1086;&#1074;&#1089;&#1082;&#1080;&#1081; &#1088;&#1072;&#1081;&#1086;&#1085;, &#1087;. &#1050;&#1088;&#1072;&#1089;&#1085;&#1086;&#1077; &#1087;&#1086;&#1083;&#1077;, &#1091;&#1083;. &#1043;&#1088;&#1072;&#1085;&#1080;&#1090;&#1085;&#1072;&#1103;, &#1076;. 5, &#1086;&#1092;&#1080;&#1089; 7</span>\"
      +\"<span class=sf-dump-public title=\"Runtime added dynamic property\">coordinates</span>\": <span class=sf-dump-const>null</span>
      +\"<span class=sf-dump-public title=\"Runtime added dynamic property\">site</span>\": <span class=sf-dump-const>null</span>
      +\"<span class=sf-dump-public title=\"Runtime added dynamic property\">schedule</span>\": <span class=sf-dump-const>null</span>
      +\"<span class=sf-dump-public title=\"Runtime added dynamic property\">picture</span>\": <span class=sf-dump-const>null</span>
      +\"<span class=sf-dump-public title=\"Runtime added dynamic property\">order_by</span>\": <span class=sf-dump-num>11</span>
      +\"<span class=sf-dump-public title=\"Runtime added dynamic property\">status</span>\": <span class=sf-dump-num>1</span>
      +\"<span class=sf-dump-public title=\"Runtime added dynamic property\">created_at</span>\": \"<span class=sf-dump-str title=\"19 characters\">2024-11-19 14:06:16</span>\"
      +\"<span class=sf-dump-public title=\"Runtime added dynamic property\">updated_at</span>\": \"<span class=sf-dump-str title=\"19 characters\">2024-11-19 14:06:38</span>\"
    </samp>}
    <span class=sf-dump-index>8</span> => {<a class=sf-dump-ref>#2026</a><samp data-depth=3 class=sf-dump-compact>
      +\"<span class=sf-dump-public title=\"Runtime added dynamic property\">id</span>\": <span class=sf-dump-num>12</span>
      +\"<span class=sf-dump-public title=\"Runtime added dynamic property\">name</span>\": <span class=sf-dump-const>null</span>
      +\"<span class=sf-dump-public title=\"Runtime added dynamic property\">surname</span>\": <span class=sf-dump-const>null</span>
      +\"<span class=sf-dump-public title=\"Runtime added dynamic property\">email</span>\": \"<span class=sf-dump-str title=\"14 characters\">lifa64@mail.ru</span>\"
      +\"<span class=sf-dump-public title=\"Runtime added dynamic property\">phone</span>\": \"<span class=sf-dump-str title=\"16 characters\">+7-987-369-46-27</span>\"
      +\"<span class=sf-dump-public title=\"Runtime added dynamic property\">company</span>\": \"<span class=sf-dump-str title=\"12 characters\">&#1054;&#1054;&#1054; &#171;&#1040;&#1047;&#1048;&#1052;&#1059;&#1058;&#187;</span>\"
      +\"<span class=sf-dump-public title=\"Runtime added dynamic property\">city</span>\": \"<span class=sf-dump-str title=\"7 characters\">&#1057;&#1072;&#1088;&#1072;&#1090;&#1086;&#1074;</span>\"
      +\"<span class=sf-dump-public title=\"Runtime added dynamic property\">address</span>\": \"<span class=sf-dump-str title=\"28 characters\">&#1057;&#1072;&#1088;&#1072;&#1090;&#1086;&#1074; &#1091;&#1083;. &#1055;&#1080;&#1086;&#1085;&#1077;&#1088;&#1089;&#1082;&#1072;&#1103; &#1076;. 32</span>\"
      +\"<span class=sf-dump-public title=\"Runtime added dynamic property\">coordinates</span>\": \"<span class=sf-dump-str title=\"16 characters\">+7-987-369-46-27</span>\"
      +\"<span class=sf-dump-public title=\"Runtime added dynamic property\">site</span>\": <span class=sf-dump-const>null</span>
      +\"<span class=sf-dump-public title=\"Runtime added dynamic property\">schedule</span>\": <span class=sf-dump-const>null</span>
      +\"<span class=sf-dump-public title=\"Runtime added dynamic property\">picture</span>\": <span class=sf-dump-const>null</span>
      +\"<span class=sf-dump-public title=\"Runtime added dynamic property\">order_by</span>\": <span class=sf-dump-num>12</span>
      +\"<span class=sf-dump-public title=\"Runtime added dynamic property\">status</span>\": <span class=sf-dump-num>1</span>
      +\"<span class=sf-dump-public title=\"Runtime added dynamic property\">created_at</span>\": \"<span class=sf-dump-str title=\"19 characters\">2024-11-19 14:07:58</span>\"
      +\"<span class=sf-dump-public title=\"Runtime added dynamic property\">updated_at</span>\": \"<span class=sf-dump-str title=\"19 characters\">2024-11-19 14:07:58</span>\"
    </samp>}
    <span class=sf-dump-index>9</span> => {<a class=sf-dump-ref>#2025</a><samp data-depth=3 class=sf-dump-compact>
      +\"<span class=sf-dump-public title=\"Runtime added dynamic property\">id</span>\": <span class=sf-dump-num>13</span>
      +\"<span class=sf-dump-public title=\"Runtime added dynamic property\">name</span>\": <span class=sf-dump-const>null</span>
      +\"<span class=sf-dump-public title=\"Runtime added dynamic property\">surname</span>\": <span class=sf-dump-const>null</span>
      +\"<span class=sf-dump-public title=\"Runtime added dynamic property\">email</span>\": \"<span class=sf-dump-str title=\"19 characters\">Galion.63@yandex.ru</span>\"
      +\"<span class=sf-dump-public title=\"Runtime added dynamic property\">phone</span>\": \"<span class=sf-dump-str title=\"11 characters\">89277347473</span>\"
      +\"<span class=sf-dump-public title=\"Runtime added dynamic property\">company</span>\": \"<span class=sf-dump-str title=\"12 characters\">&#1054;&#1054;&#1054; &#171;&#1057;&#1080;&#1088;&#1080;&#1091;&#1089;&#187;</span>\"
      +\"<span class=sf-dump-public title=\"Runtime added dynamic property\">city</span>\": \"<span class=sf-dump-str title=\"6 characters\">&#1057;&#1072;&#1084;&#1072;&#1088;&#1072;</span>\"
      +\"<span class=sf-dump-public title=\"Runtime added dynamic property\">address</span>\": \"<span class=sf-dump-str title=\"25 characters\">&#1057;&#1072;&#1084;&#1072;&#1088;&#1072; 22 &#1087;&#1072;&#1088;&#1090;&#1089;&#1098;&#1077;&#1079;&#1076;&#1072; 10 &#1040;</span>\"
      +\"<span class=sf-dump-public title=\"Runtime added dynamic property\">coordinates</span>\": <span class=sf-dump-const>null</span>
      +\"<span class=sf-dump-public title=\"Runtime added dynamic property\">site</span>\": <span class=sf-dump-const>null</span>
      +\"<span class=sf-dump-public title=\"Runtime added dynamic property\">schedule</span>\": <span class=sf-dump-const>null</span>
      +\"<span class=sf-dump-public title=\"Runtime added dynamic property\">picture</span>\": <span class=sf-dump-const>null</span>
      +\"<span class=sf-dump-public title=\"Runtime added dynamic property\">order_by</span>\": <span class=sf-dump-num>13</span>
      +\"<span class=sf-dump-public title=\"Runtime added dynamic property\">status</span>\": <span class=sf-dump-num>1</span>
      +\"<span class=sf-dump-public title=\"Runtime added dynamic property\">created_at</span>\": \"<span class=sf-dump-str title=\"19 characters\">2024-11-19 14:10:07</span>\"
      +\"<span class=sf-dump-public title=\"Runtime added dynamic property\">updated_at</span>\": \"<span class=sf-dump-str title=\"19 characters\">2024-11-19 14:10:07</span>\"
    </samp>}
    <span class=sf-dump-index>10</span> => {<a class=sf-dump-ref>#2024</a><samp data-depth=3 class=sf-dump-compact>
      +\"<span class=sf-dump-public title=\"Runtime added dynamic property\">id</span>\": <span class=sf-dump-num>14</span>
      +\"<span class=sf-dump-public title=\"Runtime added dynamic property\">name</span>\": <span class=sf-dump-const>null</span>
      +\"<span class=sf-dump-public title=\"Runtime added dynamic property\">surname</span>\": <span class=sf-dump-const>null</span>
      +\"<span class=sf-dump-public title=\"Runtime added dynamic property\">email</span>\": \"<span class=sf-dump-str title=\"13 characters\">btknn@mail.ru</span>\"
      +\"<span class=sf-dump-public title=\"Runtime added dynamic property\">phone</span>\": \"<span class=sf-dump-str title=\"16 characters\">+7-915-944-60-04</span>\"
      +\"<span class=sf-dump-public title=\"Runtime added dynamic property\">company</span>\": \"<span class=sf-dump-str title=\"12 characters\">&#1054;&#1054;&#1054; &#171;&#1040;&#1042;&#1056;&#1054;&#1056;&#1040;&#187;</span>\"
      +\"<span class=sf-dump-public title=\"Runtime added dynamic property\">city</span>\": \"<span class=sf-dump-str title=\"15 characters\">&#1053;&#1080;&#1078;&#1085;&#1080;&#1081; &#1053;&#1086;&#1074;&#1075;&#1086;&#1088;&#1086;&#1076;</span>\"
      +\"<span class=sf-dump-public title=\"Runtime added dynamic property\">address</span>\": \"<span class=sf-dump-str title=\"72 characters\">603092, &#1075;. &#1053;&#1080;&#1078;&#1085;&#1080;&#1081; &#1053;&#1086;&#1074;&#1075;&#1086;&#1088;&#1086;&#1076;, &#1091;&#1083;&#1080;&#1094;&#1072; &#1052;&#1086;&#1089;&#1082;&#1086;&#1074;&#1089;&#1082;&#1086;&#1077; &#1096;&#1086;&#1089;&#1089;&#1077;, &#1076;. 302&#1042;, &#1087;&#1086;&#1084;&#1077;&#1097;&#1077;&#1085;&#1080;&#1077;<span class=sf-dump-default>\\u{A0}</span>5</span>\"
      +\"<span class=sf-dump-public title=\"Runtime added dynamic property\">coordinates</span>\": <span class=sf-dump-const>null</span>
      +\"<span class=sf-dump-public title=\"Runtime added dynamic property\">site</span>\": <span class=sf-dump-const>null</span>
      +\"<span class=sf-dump-public title=\"Runtime added dynamic property\">schedule</span>\": <span class=sf-dump-const>null</span>
      +\"<span class=sf-dump-public title=\"Runtime added dynamic property\">picture</span>\": <span class=sf-dump-const>null</span>
      +\"<span class=sf-dump-public title=\"Runtime added dynamic property\">order_by</span>\": <span class=sf-dump-num>14</span>
      +\"<span class=sf-dump-public title=\"Runtime added dynamic property\">status</span>\": <span class=sf-dump-num>1</span>
      +\"<span class=sf-dump-public title=\"Runtime added dynamic property\">created_at</span>\": \"<span class=sf-dump-str title=\"19 characters\">2024-11-19 14:11:24</span>\"
      +\"<span class=sf-dump-public title=\"Runtime added dynamic property\">updated_at</span>\": \"<span class=sf-dump-str title=\"19 characters\">2024-11-19 14:11:24</span>\"
    </samp>}
    <span class=sf-dump-index>11</span> => {<a class=sf-dump-ref>#2023</a><samp data-depth=3 class=sf-dump-compact>
      +\"<span class=sf-dump-public title=\"Runtime added dynamic property\">id</span>\": <span class=sf-dump-num>15</span>
      +\"<span class=sf-dump-public title=\"Runtime added dynamic property\">name</span>\": <span class=sf-dump-const>null</span>
      +\"<span class=sf-dump-public title=\"Runtime added dynamic property\">surname</span>\": <span class=sf-dump-const>null</span>
      +\"<span class=sf-dump-public title=\"Runtime added dynamic property\">email</span>\": \"<span class=sf-dump-str title=\"20 characters\">brigantina.v@mail.ru</span>\"
      +\"<span class=sf-dump-public title=\"Runtime added dynamic property\">phone</span>\": \"<span class=sf-dump-str title=\"18 characters\">+7 (905) 658-80-81</span>\"
      +\"<span class=sf-dump-public title=\"Runtime added dynamic property\">company</span>\": \"<span class=sf-dump-str title=\"16 characters\">&#1054;&#1054;&#1054; &#171;&#1041;&#1088;&#1080;&#1075;&#1072;&#1085;&#1090;&#1080;&#1085;&#1072;&#187;</span>\"
      +\"<span class=sf-dump-public title=\"Runtime added dynamic property\">city</span>\": \"<span class=sf-dump-str title=\"7 characters\">&#1042;&#1086;&#1088;&#1086;&#1085;&#1077;&#1078;</span>\"
      +\"<span class=sf-dump-public title=\"Runtime added dynamic property\">address</span>\": \"<span class=sf-dump-str title=\"61 characters\">394028, &#1042;&#1086;&#1088;&#1086;&#1085;&#1077;&#1078;&#1089;&#1082;&#1072;&#1103; &#1086;&#1073;&#1083;., &#1075;. &#1042;&#1086;&#1088;&#1086;&#1085;&#1077;&#1078;, &#1091;&#1083;. &#1042;&#1086;&#1083;&#1075;&#1086;&#1075;&#1088;&#1072;&#1076;&#1089;&#1082;&#1072;&#1103;, &#1076;.30</span>\"
      +\"<span class=sf-dump-public title=\"Runtime added dynamic property\">coordinates</span>\": <span class=sf-dump-const>null</span>
      +\"<span class=sf-dump-public title=\"Runtime added dynamic property\">site</span>\": <span class=sf-dump-const>null</span>
      +\"<span class=sf-dump-public title=\"Runtime added dynamic property\">schedule</span>\": <span class=sf-dump-const>null</span>
      +\"<span class=sf-dump-public title=\"Runtime added dynamic property\">picture</span>\": <span class=sf-dump-const>null</span>
      +\"<span class=sf-dump-public title=\"Runtime added dynamic property\">order_by</span>\": <span class=sf-dump-num>15</span>
      +\"<span class=sf-dump-public title=\"Runtime added dynamic property\">status</span>\": <span class=sf-dump-num>1</span>
      +\"<span class=sf-dump-public title=\"Runtime added dynamic property\">created_at</span>\": \"<span class=sf-dump-str title=\"19 characters\">2024-11-19 14:12:50</span>\"
      +\"<span class=sf-dump-public title=\"Runtime added dynamic property\">updated_at</span>\": \"<span class=sf-dump-str title=\"19 characters\">2024-11-19 14:12:50</span>\"
    </samp>}
    <span class=sf-dump-index>12</span> => {<a class=sf-dump-ref>#2022</a><samp data-depth=3 class=sf-dump-compact>
      +\"<span class=sf-dump-public title=\"Runtime added dynamic property\">id</span>\": <span class=sf-dump-num>16</span>
      +\"<span class=sf-dump-public title=\"Runtime added dynamic property\">name</span>\": <span class=sf-dump-const>null</span>
      +\"<span class=sf-dump-public title=\"Runtime added dynamic property\">surname</span>\": <span class=sf-dump-const>null</span>
      +\"<span class=sf-dump-public title=\"Runtime added dynamic property\">email</span>\": \"<span class=sf-dump-str title=\"17 characters\">btkmoscow@mail.ru</span>\"
      +\"<span class=sf-dump-public title=\"Runtime added dynamic property\">phone</span>\": \"<span class=sf-dump-str title=\"17 characters\">7 (901) 333-81-13</span>\"
      +\"<span class=sf-dump-public title=\"Runtime added dynamic property\">company</span>\": \"<span class=sf-dump-str title=\"34 characters\">&#1054;&#1054;&#1054; &#171;&#1041;&#1072;&#1083;&#1090;&#1080;&#1081;&#1089;&#1082;&#1072;&#1103; &#1058;&#1072;&#1073;&#1072;&#1095;&#1085;&#1072;&#1103; &#1050;&#1086;&#1084;&#1087;&#1072;&#1085;&#1080;&#1103;&#187;</span>\"
      +\"<span class=sf-dump-public title=\"Runtime added dynamic property\">city</span>\": \"<span class=sf-dump-str title=\"6 characters\">&#1052;&#1086;&#1089;&#1082;&#1074;&#1072;</span>\"
      +\"<span class=sf-dump-public title=\"Runtime added dynamic property\">address</span>\": \"<span class=sf-dump-str title=\"71 characters\">143405, &#1052;&#1086;&#1089;&#1082;&#1086;&#1074;&#1089;&#1082;&#1072;&#1103; &#1086;&#1073;&#1083;, &#1050;&#1088;&#1072;&#1089;&#1085;&#1086;&#1075;&#1086;&#1088;&#1089;&#1082; &#1075;, &#1062;&#1077;&#1085;&#1090;&#1088;&#1072;&#1083;&#1100;&#1085;&#1072;&#1103; &#1091;&#1083;, &#1076;&#1086;&#1084; 3&#1040;, &#1083;&#1080;&#1090;&#1077;&#1088; &#1040;2</span>\"
      +\"<span class=sf-dump-public title=\"Runtime added dynamic property\">coordinates</span>\": <span class=sf-dump-const>null</span>
      +\"<span class=sf-dump-public title=\"Runtime added dynamic property\">site</span>\": <span class=sf-dump-const>null</span>
      +\"<span class=sf-dump-public title=\"Runtime added dynamic property\">schedule</span>\": <span class=sf-dump-const>null</span>
      +\"<span class=sf-dump-public title=\"Runtime added dynamic property\">picture</span>\": <span class=sf-dump-const>null</span>
      +\"<span class=sf-dump-public title=\"Runtime added dynamic property\">order_by</span>\": <span class=sf-dump-num>16</span>
      +\"<span class=sf-dump-public title=\"Runtime added dynamic property\">status</span>\": <span class=sf-dump-num>1</span>
      +\"<span class=sf-dump-public title=\"Runtime added dynamic property\">created_at</span>\": \"<span class=sf-dump-str title=\"19 characters\">2024-11-19 14:14:39</span>\"
      +\"<span class=sf-dump-public title=\"Runtime added dynamic property\">updated_at</span>\": \"<span class=sf-dump-str title=\"19 characters\">2024-11-19 14:14:39</span>\"
    </samp>}
    <span class=sf-dump-index>13</span> => {<a class=sf-dump-ref>#2021</a><samp data-depth=3 class=sf-dump-compact>
      +\"<span class=sf-dump-public title=\"Runtime added dynamic property\">id</span>\": <span class=sf-dump-num>17</span>
      +\"<span class=sf-dump-public title=\"Runtime added dynamic property\">name</span>\": <span class=sf-dump-const>null</span>
      +\"<span class=sf-dump-public title=\"Runtime added dynamic property\">surname</span>\": <span class=sf-dump-const>null</span>
      +\"<span class=sf-dump-public title=\"Runtime added dynamic property\">email</span>\": \"<span class=sf-dump-str title=\"19 characters\">baltiktabak@mail.ru</span>\"
      +\"<span class=sf-dump-public title=\"Runtime added dynamic property\">phone</span>\": \"<span class=sf-dump-str title=\"14 characters\">8-963-946-6575</span>\"
      +\"<span class=sf-dump-public title=\"Runtime added dynamic property\">company</span>\": \"<span class=sf-dump-str title=\"18 characters\">&#1054;&#1054;&#1054; &#171;&#1041;&#1072;&#1083;&#1090;&#1080;&#1082;-&#1058;&#1072;&#1073;&#1072;&#1082;&#187;</span>\"
      +\"<span class=sf-dump-public title=\"Runtime added dynamic property\">city</span>\": \"<span class=sf-dump-str title=\"11 characters\">&#1053;&#1086;&#1074;&#1086;&#1089;&#1080;&#1073;&#1080;&#1088;&#1089;&#1082;</span>\"
      +\"<span class=sf-dump-public title=\"Runtime added dynamic property\">address</span>\": \"<span class=sf-dump-str title=\"71 characters\">630001, &#1053;&#1086;&#1074;&#1086;&#1089;&#1080;&#1073;&#1080;&#1088;&#1089;&#1082;&#1072;&#1103; &#1086;&#1073;&#1083;., &#1075;. &#1053;&#1086;&#1074;&#1086;&#1089;&#1080;&#1073;&#1080;&#1088;&#1089;&#1082;, &#1091;&#1083;.&#1057;&#1091;&#1093;&#1072;&#1088;&#1085;&#1072;&#1103; 35,  &#1082;&#1086;&#1088;&#1087;&#1091;&#1089; 13&#1072;</span>\"
      +\"<span class=sf-dump-public title=\"Runtime added dynamic property\">coordinates</span>\": <span class=sf-dump-const>null</span>
      +\"<span class=sf-dump-public title=\"Runtime added dynamic property\">site</span>\": <span class=sf-dump-const>null</span>
      +\"<span class=sf-dump-public title=\"Runtime added dynamic property\">schedule</span>\": <span class=sf-dump-const>null</span>
      +\"<span class=sf-dump-public title=\"Runtime added dynamic property\">picture</span>\": <span class=sf-dump-const>null</span>
      +\"<span class=sf-dump-public title=\"Runtime added dynamic property\">order_by</span>\": <span class=sf-dump-num>17</span>
      +\"<span class=sf-dump-public title=\"Runtime added dynamic property\">status</span>\": <span class=sf-dump-num>1</span>
      +\"<span class=sf-dump-public title=\"Runtime added dynamic property\">created_at</span>\": \"<span class=sf-dump-str title=\"19 characters\">2024-11-19 14:15:47</span>\"
      +\"<span class=sf-dump-public title=\"Runtime added dynamic property\">updated_at</span>\": \"<span class=sf-dump-str title=\"19 characters\">2024-11-19 14:15:47</span>\"
    </samp>}
    <span class=sf-dump-index>14</span> => {<a class=sf-dump-ref>#2020</a><samp data-depth=3 class=sf-dump-compact>
      +\"<span class=sf-dump-public title=\"Runtime added dynamic property\">id</span>\": <span class=sf-dump-num>18</span>
      +\"<span class=sf-dump-public title=\"Runtime added dynamic property\">name</span>\": <span class=sf-dump-const>null</span>
      +\"<span class=sf-dump-public title=\"Runtime added dynamic property\">surname</span>\": <span class=sf-dump-const>null</span>
      +\"<span class=sf-dump-public title=\"Runtime added dynamic property\">email</span>\": \"<span class=sf-dump-str title=\"20 characters\">eurobalt16@gmail.com</span>\"
      +\"<span class=sf-dump-public title=\"Runtime added dynamic property\">phone</span>\": \"<span class=sf-dump-str title=\"15 characters\">8-987-271-58-05</span>\"
      +\"<span class=sf-dump-public title=\"Runtime added dynamic property\">company</span>\": \"<span class=sf-dump-str title=\"14 characters\">&#1054;&#1054;&#1054; &quot;&#1045;&#1074;&#1088;&#1086;&#1073;&#1072;&#1083;&#1090;&quot;</span>\"
      +\"<span class=sf-dump-public title=\"Runtime added dynamic property\">city</span>\": \"<span class=sf-dump-str title=\"6 characters\">&#1050;&#1072;&#1079;&#1072;&#1085;&#1100;</span>\"
      +\"<span class=sf-dump-public title=\"Runtime added dynamic property\">address</span>\": \"<span class=sf-dump-str title=\"66 characters\">&#1056;&#1077;&#1089;&#1087;&#1091;&#1073;&#1083;&#1080;&#1082;&#1072; &#1058;&#1072;&#1090;&#1072;&#1088;&#1089;&#1090;&#1072;&#1085;, &#1075;. &#1050;&#1072;&#1079;&#1072;&#1085;&#1100;, &#1091;&#1083;. &#1058;&#1080;&#1093;&#1086;&#1088;&#1077;&#1094;&#1082;&#1072;&#1103;, &#1076;. 7 &#1082;.6, &#1086;&#1092;. 210</span>\"
      +\"<span class=sf-dump-public title=\"Runtime added dynamic property\">coordinates</span>\": <span class=sf-dump-const>null</span>
      +\"<span class=sf-dump-public title=\"Runtime added dynamic property\">site</span>\": <span class=sf-dump-const>null</span>
      +\"<span class=sf-dump-public title=\"Runtime added dynamic property\">schedule</span>\": <span class=sf-dump-const>null</span>
      +\"<span class=sf-dump-public title=\"Runtime added dynamic property\">picture</span>\": <span class=sf-dump-const>null</span>
      +\"<span class=sf-dump-public title=\"Runtime added dynamic property\">order_by</span>\": <span class=sf-dump-num>18</span>
      +\"<span class=sf-dump-public title=\"Runtime added dynamic property\">status</span>\": <span class=sf-dump-num>1</span>
      +\"<span class=sf-dump-public title=\"Runtime added dynamic property\">created_at</span>\": \"<span class=sf-dump-str title=\"19 characters\">2024-11-19 14:16:43</span>\"
      +\"<span class=sf-dump-public title=\"Runtime added dynamic property\">updated_at</span>\": \"<span class=sf-dump-str title=\"19 characters\">2024-11-19 14:16:43</span>\"
    </samp>}
    <span class=sf-dump-index>15</span> => {<a class=sf-dump-ref>#2019</a><samp data-depth=3 class=sf-dump-compact>
      +\"<span class=sf-dump-public title=\"Runtime added dynamic property\">id</span>\": <span class=sf-dump-num>19</span>
      +\"<span class=sf-dump-public title=\"Runtime added dynamic property\">name</span>\": <span class=sf-dump-const>null</span>
      +\"<span class=sf-dump-public title=\"Runtime added dynamic property\">surname</span>\": <span class=sf-dump-const>null</span>
      +\"<span class=sf-dump-public title=\"Runtime added dynamic property\">email</span>\": \"<span class=sf-dump-str title=\"19 characters\">Btf-rubin@yandex.ru</span>\"
      +\"<span class=sf-dump-public title=\"Runtime added dynamic property\">phone</span>\": \"<span class=sf-dump-str title=\"12 characters\">+79328443337</span>\"
      +\"<span class=sf-dump-public title=\"Runtime added dynamic property\">company</span>\": \"<span class=sf-dump-str title=\"11 characters\">&#1054;&#1054;&#1054; &#171;&#1056;&#1091;&#1073;&#1080;&#1085;&#187;</span>\"
      +\"<span class=sf-dump-public title=\"Runtime added dynamic property\">city</span>\": \"<span class=sf-dump-str title=\"8 characters\">&#1054;&#1088;&#1077;&#1085;&#1073;&#1091;&#1088;&#1075;</span>\"
      +\"<span class=sf-dump-public title=\"Runtime added dynamic property\">address</span>\": \"<span class=sf-dump-str title=\"30 characters\">&#1054;&#1088;&#1077;&#1085;&#1073;&#1091;&#1088;&#1075; &#1087;&#1077;&#1088;. &#1057;&#1077;&#1083;&#1080;&#1074;&#1072;&#1085;&#1086;&#1074;&#1089;&#1082;&#1080;&#1081; 58</span>\"
      +\"<span class=sf-dump-public title=\"Runtime added dynamic property\">coordinates</span>\": <span class=sf-dump-const>null</span>
      +\"<span class=sf-dump-public title=\"Runtime added dynamic property\">site</span>\": <span class=sf-dump-const>null</span>
      +\"<span class=sf-dump-public title=\"Runtime added dynamic property\">schedule</span>\": <span class=sf-dump-const>null</span>
      +\"<span class=sf-dump-public title=\"Runtime added dynamic property\">picture</span>\": <span class=sf-dump-const>null</span>
      +\"<span class=sf-dump-public title=\"Runtime added dynamic property\">order_by</span>\": <span class=sf-dump-num>19</span>
      +\"<span class=sf-dump-public title=\"Runtime added dynamic property\">status</span>\": <span class=sf-dump-num>1</span>
      +\"<span class=sf-dump-public title=\"Runtime added dynamic property\">created_at</span>\": \"<span class=sf-dump-str title=\"19 characters\">2024-11-19 14:17:41</span>\"
      +\"<span class=sf-dump-public title=\"Runtime added dynamic property\">updated_at</span>\": \"<span class=sf-dump-str title=\"19 characters\">2024-11-19 14:17:41</span>\"
    </samp>}
    <span class=sf-dump-index>16</span> => {<a class=sf-dump-ref>#2018</a><samp data-depth=3 class=sf-dump-compact>
      +\"<span class=sf-dump-public title=\"Runtime added dynamic property\">id</span>\": <span class=sf-dump-num>20</span>
      +\"<span class=sf-dump-public title=\"Runtime added dynamic property\">name</span>\": <span class=sf-dump-const>null</span>
      +\"<span class=sf-dump-public title=\"Runtime added dynamic property\">surname</span>\": <span class=sf-dump-const>null</span>
      +\"<span class=sf-dump-public title=\"Runtime added dynamic property\">email</span>\": \"<span class=sf-dump-str title=\"24 characters\">Officetab52020@gmail.com</span>\"
      +\"<span class=sf-dump-public title=\"Runtime added dynamic property\">phone</span>\": \"<span class=sf-dump-str title=\"11 characters\">79595566026</span>\"
      +\"<span class=sf-dump-public title=\"Runtime added dynamic property\">company</span>\": \"<span class=sf-dump-str title=\"15 characters\">&#1054;&#1054;&#1054; &#171;&#1044;&#1077;&#1082;&#1072;&#1084;&#1077;&#1088;&#1086;&#1085;&#187;</span>\"
      +\"<span class=sf-dump-public title=\"Runtime added dynamic property\">city</span>\": \"<span class=sf-dump-str title=\"7 characters\">&#1051;&#1091;&#1075;&#1072;&#1085;&#1089;&#1082;</span>\"
      +\"<span class=sf-dump-public title=\"Runtime added dynamic property\">address</span>\": \"<span class=sf-dump-str title=\"41 characters\">291016, &#1051;&#1091;&#1075;&#1072;&#1085;&#1089;&#1082;, &#1091;&#1083;. &#1055;&#1072;&#1074;&#1083;&#1072; &#1057;&#1086;&#1088;&#1086;&#1082;&#1080;, 16&#1040;/17</span>\"
      +\"<span class=sf-dump-public title=\"Runtime added dynamic property\">coordinates</span>\": <span class=sf-dump-const>null</span>
      +\"<span class=sf-dump-public title=\"Runtime added dynamic property\">site</span>\": <span class=sf-dump-const>null</span>
      +\"<span class=sf-dump-public title=\"Runtime added dynamic property\">schedule</span>\": <span class=sf-dump-const>null</span>
      +\"<span class=sf-dump-public title=\"Runtime added dynamic property\">picture</span>\": <span class=sf-dump-const>null</span>
      +\"<span class=sf-dump-public title=\"Runtime added dynamic property\">order_by</span>\": <span class=sf-dump-num>20</span>
      +\"<span class=sf-dump-public title=\"Runtime added dynamic property\">status</span>\": <span class=sf-dump-num>1</span>
      +\"<span class=sf-dump-public title=\"Runtime added dynamic property\">created_at</span>\": \"<span class=sf-dump-str title=\"19 characters\">2024-11-19 14:19:23</span>\"
      +\"<span class=sf-dump-public title=\"Runtime added dynamic property\">updated_at</span>\": \"<span class=sf-dump-str title=\"19 characters\">2024-11-19 14:19:23</span>\"
    </samp>}
    <span class=sf-dump-index>17</span> => {<a class=sf-dump-ref>#2017</a><samp data-depth=3 class=sf-dump-compact>
      +\"<span class=sf-dump-public title=\"Runtime added dynamic property\">id</span>\": <span class=sf-dump-num>21</span>
      +\"<span class=sf-dump-public title=\"Runtime added dynamic property\">name</span>\": <span class=sf-dump-const>null</span>
      +\"<span class=sf-dump-public title=\"Runtime added dynamic property\">surname</span>\": <span class=sf-dump-const>null</span>
      +\"<span class=sf-dump-public title=\"Runtime added dynamic property\">email</span>\": \"<span class=sf-dump-str title=\"17 characters\">01byron05@mail.ru</span>\"
      +\"<span class=sf-dump-public title=\"Runtime added dynamic property\">phone</span>\": \"<span class=sf-dump-str title=\"16 characters\">8(812) 677-56-00</span>\"
      +\"<span class=sf-dump-public title=\"Runtime added dynamic property\">company</span>\": \"<span class=sf-dump-str title=\"12 characters\">&#1054;&#1054;&#1054; &#171;&#1041;&#1072;&#1081;&#1088;&#1086;&#1085;&#187;</span>\"
      +\"<span class=sf-dump-public title=\"Runtime added dynamic property\">city</span>\": \"<span class=sf-dump-str title=\"15 characters\">&#1057;&#1072;&#1085;&#1082;&#1090;-&#1055;&#1077;&#1090;&#1077;&#1088;&#1073;&#1091;&#1088;&#1075;</span>\"
      +\"<span class=sf-dump-public title=\"Runtime added dynamic property\">address</span>\": \"<span class=sf-dump-str title=\"74 characters\">192102, &#1075;. &#1057;&#1072;&#1085;&#1082;&#1090;-&#1055;&#1077;&#1090;&#1077;&#1088;&#1073;&#1091;&#1088;&#1075;, &#1091;&#1083;. &#1057;&#1086;&#1092;&#1080;&#1081;&#1089;&#1082;&#1072;&#1103; &#1076;.4 , &#1051;&#1080;&#1090;. &#1040;, &#1087;&#1086;&#1084;. 10&#1053;, &#1086;&#1092;&#1080;&#1089; 222</span>\"
      +\"<span class=sf-dump-public title=\"Runtime added dynamic property\">coordinates</span>\": <span class=sf-dump-const>null</span>
      +\"<span class=sf-dump-public title=\"Runtime added dynamic property\">site</span>\": <span class=sf-dump-const>null</span>
      +\"<span class=sf-dump-public title=\"Runtime added dynamic property\">schedule</span>\": <span class=sf-dump-const>null</span>
      +\"<span class=sf-dump-public title=\"Runtime added dynamic property\">picture</span>\": <span class=sf-dump-const>null</span>
      +\"<span class=sf-dump-public title=\"Runtime added dynamic property\">order_by</span>\": <span class=sf-dump-num>21</span>
      +\"<span class=sf-dump-public title=\"Runtime added dynamic property\">status</span>\": <span class=sf-dump-num>1</span>
      +\"<span class=sf-dump-public title=\"Runtime added dynamic property\">created_at</span>\": \"<span class=sf-dump-str title=\"19 characters\">2024-11-19 14:20:22</span>\"
      +\"<span class=sf-dump-public title=\"Runtime added dynamic property\">updated_at</span>\": \"<span class=sf-dump-str title=\"19 characters\">2024-11-19 14:20:22</span>\"
    </samp>}
    <span class=sf-dump-index>18</span> => {<a class=sf-dump-ref>#2016</a><samp data-depth=3 class=sf-dump-compact>
      +\"<span class=sf-dump-public title=\"Runtime added dynamic property\">id</span>\": <span class=sf-dump-num>22</span>
      +\"<span class=sf-dump-public title=\"Runtime added dynamic property\">name</span>\": <span class=sf-dump-const>null</span>
      +\"<span class=sf-dump-public title=\"Runtime added dynamic property\">surname</span>\": <span class=sf-dump-const>null</span>
      +\"<span class=sf-dump-public title=\"Runtime added dynamic property\">email</span>\": \"<span class=sf-dump-str title=\"17 characters\">ktk.sibir@mail.ru</span>\"
      +\"<span class=sf-dump-public title=\"Runtime added dynamic property\">phone</span>\": \"<span class=sf-dump-str title=\"32 characters\">8-983-163-46-77, 8-923-292-19-74</span>\"
      +\"<span class=sf-dump-public title=\"Runtime added dynamic property\">company</span>\": \"<span class=sf-dump-str title=\"36 characters\">&#1054;&#1054;&#1054; &#171;&#1050;&#1088;&#1072;&#1089;&#1085;&#1086;&#1103;&#1088;&#1089;&#1082;&#1072;&#1103; &#1090;&#1072;&#1073;&#1072;&#1095;&#1085;&#1072;&#1103; &#1082;&#1086;&#1084;&#1087;&#1072;&#1085;&#1080;&#1103;&#187;</span>\"
      +\"<span class=sf-dump-public title=\"Runtime added dynamic property\">city</span>\": \"<span class=sf-dump-str title=\"10 characters\">&#1050;&#1088;&#1072;&#1089;&#1085;&#1086;&#1103;&#1088;&#1089;&#1082;</span>\"
      +\"<span class=sf-dump-public title=\"Runtime added dynamic property\">address</span>\": \"<span class=sf-dump-str title=\"54 characters\">&#1075;. &#1050;&#1088;&#1072;&#1089;&#1085;&#1086;&#1103;&#1088;&#1089;&#1082;, &#1091;&#1083;. &#1064;&#1072;&#1093;&#1090;&#1077;&#1088;&#1086;&#1074;, &#1079;&#1076;&#1072;&#1085;&#1080;&#1077; 35 &#1042;, &#1087;&#1086;&#1084;&#1077;&#1097;&#1077;&#1085;&#1080;&#1077; 15</span>\"
      +\"<span class=sf-dump-public title=\"Runtime added dynamic property\">coordinates</span>\": <span class=sf-dump-const>null</span>
      +\"<span class=sf-dump-public title=\"Runtime added dynamic property\">site</span>\": <span class=sf-dump-const>null</span>
      +\"<span class=sf-dump-public title=\"Runtime added dynamic property\">schedule</span>\": <span class=sf-dump-const>null</span>
      +\"<span class=sf-dump-public title=\"Runtime added dynamic property\">picture</span>\": <span class=sf-dump-const>null</span>
      +\"<span class=sf-dump-public title=\"Runtime added dynamic property\">order_by</span>\": <span class=sf-dump-num>22</span>
      +\"<span class=sf-dump-public title=\"Runtime added dynamic property\">status</span>\": <span class=sf-dump-num>1</span>
      +\"<span class=sf-dump-public title=\"Runtime added dynamic property\">created_at</span>\": \"<span class=sf-dump-str title=\"19 characters\">2024-11-19 14:22:01</span>\"
      +\"<span class=sf-dump-public title=\"Runtime added dynamic property\">updated_at</span>\": \"<span class=sf-dump-str title=\"19 characters\">2024-11-19 14:22:01</span>\"
    </samp>}
  </samp>]
  #<span class=sf-dump-protected title=\"Protected property\">escapeWhenCastingToString</span>: <span class=sf-dump-const>false</span>
</samp>}
</pre><script>Sfdump(\"sf-dump-452629489\", {\"maxDepth\":3,\"maxStringLength\":160})</script>
","distributorCities":"<pre class=sf-dump id=sf-dump-508658057 data-indent-pad=\"  \"><span class=sf-dump-note>array:19</span> [<samp data-depth=1 class=sf-dump-expanded>
  <span class=sf-dump-index>0</span> => \"<span class=sf-dump-str title=\"11 characters\">&#1050;&#1072;&#1083;&#1080;&#1085;&#1080;&#1085;&#1075;&#1088;&#1072;&#1076;</span>\"
  <span class=sf-dump-index>1</span> => \"<span class=sf-dump-str title=\"9 characters\">&#1055;&#1103;&#1090;&#1080;&#1075;&#1086;&#1088;&#1089;&#1082;</span>\"
  <span class=sf-dump-index>2</span> => \"<span class=sf-dump-str title=\"10 characters\">&#1057;&#1090;&#1072;&#1074;&#1088;&#1086;&#1087;&#1086;&#1083;&#1100;</span>\"
  <span class=sf-dump-index>3</span> => \"<span class=sf-dump-str title=\"7 characters\">&#1040;&#1088;&#1084;&#1072;&#1074;&#1080;&#1088;</span>\"
  <span class=sf-dump-index>4</span> => \"<span class=sf-dump-str title=\"9 characters\">&#1050;&#1088;&#1072;&#1089;&#1085;&#1086;&#1076;&#1072;&#1088;</span>\"
  <span class=sf-dump-index>5</span> => \"<span class=sf-dump-str title=\"6 characters\">&#1056;&#1086;&#1089;&#1090;&#1086;&#1074;</span>\"
  <span class=sf-dump-index>6</span> => \"<span class=sf-dump-str title=\"9 characters\">&#1042;&#1086;&#1083;&#1075;&#1086;&#1075;&#1088;&#1072;&#1076;</span>\"
  <span class=sf-dump-index>7</span> => \"<span class=sf-dump-str title=\"9 characters\">&#1063;&#1077;&#1083;&#1103;&#1073;&#1080;&#1085;&#1089;&#1082;</span>\"
  <span class=sf-dump-index>8</span> => \"<span class=sf-dump-str title=\"7 characters\">&#1057;&#1072;&#1088;&#1072;&#1090;&#1086;&#1074;</span>\"
  <span class=sf-dump-index>9</span> => \"<span class=sf-dump-str title=\"6 characters\">&#1057;&#1072;&#1084;&#1072;&#1088;&#1072;</span>\"
  <span class=sf-dump-index>10</span> => \"<span class=sf-dump-str title=\"15 characters\">&#1053;&#1080;&#1078;&#1085;&#1080;&#1081; &#1053;&#1086;&#1074;&#1075;&#1086;&#1088;&#1086;&#1076;</span>\"
  <span class=sf-dump-index>11</span> => \"<span class=sf-dump-str title=\"7 characters\">&#1042;&#1086;&#1088;&#1086;&#1085;&#1077;&#1078;</span>\"
  <span class=sf-dump-index>12</span> => \"<span class=sf-dump-str title=\"6 characters\">&#1052;&#1086;&#1089;&#1082;&#1074;&#1072;</span>\"
  <span class=sf-dump-index>13</span> => \"<span class=sf-dump-str title=\"11 characters\">&#1053;&#1086;&#1074;&#1086;&#1089;&#1080;&#1073;&#1080;&#1088;&#1089;&#1082;</span>\"
  <span class=sf-dump-index>14</span> => \"<span class=sf-dump-str title=\"6 characters\">&#1050;&#1072;&#1079;&#1072;&#1085;&#1100;</span>\"
  <span class=sf-dump-index>15</span> => \"<span class=sf-dump-str title=\"8 characters\">&#1054;&#1088;&#1077;&#1085;&#1073;&#1091;&#1088;&#1075;</span>\"
  <span class=sf-dump-index>16</span> => \"<span class=sf-dump-str title=\"7 characters\">&#1051;&#1091;&#1075;&#1072;&#1085;&#1089;&#1082;</span>\"
  <span class=sf-dump-index>17</span> => \"<span class=sf-dump-str title=\"15 characters\">&#1057;&#1072;&#1085;&#1082;&#1090;-&#1055;&#1077;&#1090;&#1077;&#1088;&#1073;&#1091;&#1088;&#1075;</span>\"
  <span class=sf-dump-index>18</span> => \"<span class=sf-dump-str title=\"10 characters\">&#1050;&#1088;&#1072;&#1089;&#1085;&#1086;&#1103;&#1088;&#1089;&#1082;</span>\"
</samp>]
</pre><script>Sfdump(\"sf-dump-508658057\", {\"maxDepth\":3,\"maxStringLength\":160})</script>
","settings":"<pre class=sf-dump id=sf-dump-523046087 data-indent-pad=\"  \"><span class=sf-dump-note>array:8</span> [<samp data-depth=1 class=sf-dump-expanded>
  \"<span class=sf-dump-key>phone</span>\" => \"<span class=sf-dump-str title=\"12 characters\">+74012313143</span>\"
  \"<span class=sf-dump-key>address</span>\" => \"<span class=sf-dump-str title=\"46 characters\">&#1075;. &#1050;&#1072;&#1083;&#1080;&#1085;&#1080;&#1085;&#1075;&#1088;&#1072;&#1076;, &#1085;&#1072;&#1073;&#1077;&#1088;&#1077;&#1078;&#1085;&#1072;&#1103; &#1055;&#1088;&#1072;&#1074;&#1072;&#1103;, 10, &#1083;&#1080;&#1090;&#1077;&#1088; &#1042;</span>\"
  \"<span class=sf-dump-key>schedule</span>\" => \"<span class=sf-dump-str title=\"89 characters\">&#1055;&#1085;-&#1055;&#1090;: 09:00 - 18:00, &lt;br class=&quot;d-md-none&quot;&gt; &#1055;&#1077;&#1088;&#1077;&#1088;&#1099;&#1074;: 13:00 - 14:00 &lt;br&gt; &#1057;&#1073;, &#1042;&#1089;: &#1042;&#1099;&#1093;&#1086;&#1076;&#1085;&#1086;&#1081;</span>\"
  \"<span class=sf-dump-key>coords</span>\" => \"<span class=sf-dump-str title=\"19 characters\">54.947113,20.159578</span>\"
  \"<span class=sf-dump-key>sitename</span>\" => \"<span class=sf-dump-str title=\"27 characters\">&#1041;&#1072;&#1083;&#1090;&#1080;&#1081;&#1089;&#1082;&#1072;&#1103; &#1090;&#1072;&#1073;&#1072;&#1095;&#1085;&#1072;&#1103; &#1092;&#1072;&#1073;&#1088;&#1080;&#1082;&#1072;</span>\"
  \"<span class=sf-dump-key>email</span>\" => \"<span class=sf-dump-str title=\"20 characters\">sekretar-kd@btf39.su</span>\"
  \"<span class=sf-dump-key>phone2</span>\" => \"<span class=sf-dump-str title=\"12 characters\">+74012313143</span>\"
  \"<span class=sf-dump-key>mobile</span>\" => \"<span class=sf-dump-str title=\"12 characters\">+79114547331</span>\"
</samp>]
</pre><script>Sfdump(\"sf-dump-523046087\", {\"maxDepth\":3,\"maxStringLength\":160})</script>
","currencySymbol":"<pre class=sf-dump id=sf-dump-1326589943 data-indent-pad=\"  \">\"<span class=sf-dump-str title=\"2 characters\">&#1088;.</span>\"
</pre><script>Sfdump(\"sf-dump-1326589943\", {\"maxDepth\":3,\"maxStringLength\":160})</script>
","currencies":"<pre class=sf-dump id=sf-dump-1352618796 data-indent-pad=\"  \"><span class=sf-dump-note>array:3</span> [<samp data-depth=1 class=sf-dump-expanded>
  \"<span class=sf-dump-key>RUB</span>\" => <span class=sf-dump-note title=\"App\\Models\\Currency
\"><span class=\"sf-dump-ellipsis sf-dump-ellipsis-note\">App\\Models</span><span class=\"sf-dump-ellipsis sf-dump-ellipsis-note\">\\</span>Currency</span> {<a class=sf-dump-ref>#2045</a><samp data-depth=2 class=sf-dump-compact>
    #<span class=sf-dump-protected title=\"Protected property\">connection</span>: \"<span class=sf-dump-str title=\"5 characters\">mysql</span>\"
    #<span class=sf-dump-protected title=\"Protected property\">table</span>: \"<span class=sf-dump-str title=\"10 characters\">currencies</span>\"
    #<span class=sf-dump-protected title=\"Protected property\">primaryKey</span>: \"<span class=sf-dump-str title=\"2 characters\">id</span>\"
    #<span class=sf-dump-protected title=\"Protected property\">keyType</span>: \"<span class=sf-dump-str title=\"3 characters\">int</span>\"
    +<span class=sf-dump-public title=\"Public property\">incrementing</span>: <span class=sf-dump-const>true</span>
    #<span class=sf-dump-protected title=\"Protected property\">with</span>: []
    #<span class=sf-dump-protected title=\"Protected property\">withCount</span>: []
    +<span class=sf-dump-public title=\"Public property\">preventsLazyLoading</span>: <span class=sf-dump-const>false</span>
    #<span class=sf-dump-protected title=\"Protected property\">perPage</span>: <span class=sf-dump-num>15</span>
    +<span class=sf-dump-public title=\"Public property\">exists</span>: <span class=sf-dump-const>true</span>
    +<span class=sf-dump-public title=\"Public property\">wasRecentlyCreated</span>: <span class=sf-dump-const>false</span>
    #<span class=sf-dump-protected title=\"Protected property\">escapeWhenCastingToString</span>: <span class=sf-dump-const>false</span>
    #<span class=sf-dump-protected title=\"Protected property\">attributes</span>: <span class=sf-dump-note>array:8</span> [<samp data-depth=3 class=sf-dump-compact>
      \"<span class=sf-dump-key>id</span>\" => <span class=sf-dump-num>1</span>
      \"<span class=sf-dump-key>code</span>\" => \"<span class=sf-dump-str title=\"3 characters\">RUB</span>\"
      \"<span class=sf-dump-key>name</span>\" => \"<span class=sf-dump-str title=\"5 characters\">&#1056;&#1091;&#1073;&#1083;&#1080;</span>\"
      \"<span class=sf-dump-key>symbol</span>\" => \"<span class=sf-dump-str>&#8381;</span>\"
      \"<span class=sf-dump-key>is_main</span>\" => <span class=sf-dump-num>1</span>
      \"<span class=sf-dump-key>rate</span>\" => <span class=sf-dump-num>1.0</span>
      \"<span class=sf-dump-key>created_at</span>\" => <span class=sf-dump-const>null</span>
      \"<span class=sf-dump-key>updated_at</span>\" => \"<span class=sf-dump-str title=\"19 characters\">2024-03-31 13:06:01</span>\"
    </samp>]
    #<span class=sf-dump-protected title=\"Protected property\">original</span>: <span class=sf-dump-note>array:8</span> [<samp data-depth=3 class=sf-dump-compact>
      \"<span class=sf-dump-key>id</span>\" => <span class=sf-dump-num>1</span>
      \"<span class=sf-dump-key>code</span>\" => \"<span class=sf-dump-str title=\"3 characters\">RUB</span>\"
      \"<span class=sf-dump-key>name</span>\" => \"<span class=sf-dump-str title=\"5 characters\">&#1056;&#1091;&#1073;&#1083;&#1080;</span>\"
      \"<span class=sf-dump-key>symbol</span>\" => \"<span class=sf-dump-str>&#8381;</span>\"
      \"<span class=sf-dump-key>is_main</span>\" => <span class=sf-dump-num>1</span>
      \"<span class=sf-dump-key>rate</span>\" => <span class=sf-dump-num>1.0</span>
      \"<span class=sf-dump-key>created_at</span>\" => <span class=sf-dump-const>null</span>
      \"<span class=sf-dump-key>updated_at</span>\" => \"<span class=sf-dump-str title=\"19 characters\">2024-03-31 13:06:01</span>\"
    </samp>]
    #<span class=sf-dump-protected title=\"Protected property\">changes</span>: []
    #<span class=sf-dump-protected title=\"Protected property\">casts</span>: []
    #<span class=sf-dump-protected title=\"Protected property\">classCastCache</span>: []
    #<span class=sf-dump-protected title=\"Protected property\">attributeCastCache</span>: []
    #<span class=sf-dump-protected title=\"Protected property\">dateFormat</span>: <span class=sf-dump-const>null</span>
    #<span class=sf-dump-protected title=\"Protected property\">appends</span>: []
    #<span class=sf-dump-protected title=\"Protected property\">dispatchesEvents</span>: []
    #<span class=sf-dump-protected title=\"Protected property\">observables</span>: []
    #<span class=sf-dump-protected title=\"Protected property\">relations</span>: []
    #<span class=sf-dump-protected title=\"Protected property\">touches</span>: []
    +<span class=sf-dump-public title=\"Public property\">timestamps</span>: <span class=sf-dump-const>true</span>
    +<span class=sf-dump-public title=\"Public property\">usesUniqueIds</span>: <span class=sf-dump-const>false</span>
    #<span class=sf-dump-protected title=\"Protected property\">hidden</span>: []
    #<span class=sf-dump-protected title=\"Protected property\">visible</span>: []
    #<span class=sf-dump-protected title=\"Protected property\">fillable</span>: <span class=sf-dump-note>array:1</span> [<samp data-depth=3 class=sf-dump-compact>
      <span class=sf-dump-index>0</span> => \"<span class=sf-dump-str title=\"4 characters\">rate</span>\"
    </samp>]
    #<span class=sf-dump-protected title=\"Protected property\">guarded</span>: <span class=sf-dump-note>array:1</span> [<samp data-depth=3 class=sf-dump-compact>
      <span class=sf-dump-index>0</span> => \"<span class=sf-dump-str>*</span>\"
    </samp>]
  </samp>}
  \"<span class=sf-dump-key>USD</span>\" => <span class=sf-dump-note title=\"App\\Models\\Currency
\"><span class=\"sf-dump-ellipsis sf-dump-ellipsis-note\">App\\Models</span><span class=\"sf-dump-ellipsis sf-dump-ellipsis-note\">\\</span>Currency</span> {<a class=sf-dump-ref>#2070</a><samp data-depth=2 class=sf-dump-compact>
    #<span class=sf-dump-protected title=\"Protected property\">connection</span>: \"<span class=sf-dump-str title=\"5 characters\">mysql</span>\"
    #<span class=sf-dump-protected title=\"Protected property\">table</span>: \"<span class=sf-dump-str title=\"10 characters\">currencies</span>\"
    #<span class=sf-dump-protected title=\"Protected property\">primaryKey</span>: \"<span class=sf-dump-str title=\"2 characters\">id</span>\"
    #<span class=sf-dump-protected title=\"Protected property\">keyType</span>: \"<span class=sf-dump-str title=\"3 characters\">int</span>\"
    +<span class=sf-dump-public title=\"Public property\">incrementing</span>: <span class=sf-dump-const>true</span>
    #<span class=sf-dump-protected title=\"Protected property\">with</span>: []
    #<span class=sf-dump-protected title=\"Protected property\">withCount</span>: []
    +<span class=sf-dump-public title=\"Public property\">preventsLazyLoading</span>: <span class=sf-dump-const>false</span>
    #<span class=sf-dump-protected title=\"Protected property\">perPage</span>: <span class=sf-dump-num>15</span>
    +<span class=sf-dump-public title=\"Public property\">exists</span>: <span class=sf-dump-const>true</span>
    +<span class=sf-dump-public title=\"Public property\">wasRecentlyCreated</span>: <span class=sf-dump-const>false</span>
    #<span class=sf-dump-protected title=\"Protected property\">escapeWhenCastingToString</span>: <span class=sf-dump-const>false</span>
    #<span class=sf-dump-protected title=\"Protected property\">attributes</span>: <span class=sf-dump-note>array:8</span> [<samp data-depth=3 class=sf-dump-compact>
      \"<span class=sf-dump-key>id</span>\" => <span class=sf-dump-num>2</span>
      \"<span class=sf-dump-key>code</span>\" => \"<span class=sf-dump-str title=\"3 characters\">USD</span>\"
      \"<span class=sf-dump-key>name</span>\" => \"<span class=sf-dump-str title=\"7 characters\">&#1044;&#1086;&#1083;&#1083;&#1072;&#1088;&#1099;</span>\"
      \"<span class=sf-dump-key>symbol</span>\" => \"<span class=sf-dump-str>$</span>\"
      \"<span class=sf-dump-key>is_main</span>\" => <span class=sf-dump-num>0</span>
      \"<span class=sf-dump-key>rate</span>\" => <span class=sf-dump-num>0.0108019931</span>
      \"<span class=sf-dump-key>created_at</span>\" => <span class=sf-dump-const>null</span>
      \"<span class=sf-dump-key>updated_at</span>\" => \"<span class=sf-dump-str title=\"19 characters\">2024-03-31 13:56:29</span>\"
    </samp>]
    #<span class=sf-dump-protected title=\"Protected property\">original</span>: <span class=sf-dump-note>array:8</span> [<samp data-depth=3 class=sf-dump-compact>
      \"<span class=sf-dump-key>id</span>\" => <span class=sf-dump-num>2</span>
      \"<span class=sf-dump-key>code</span>\" => \"<span class=sf-dump-str title=\"3 characters\">USD</span>\"
      \"<span class=sf-dump-key>name</span>\" => \"<span class=sf-dump-str title=\"7 characters\">&#1044;&#1086;&#1083;&#1083;&#1072;&#1088;&#1099;</span>\"
      \"<span class=sf-dump-key>symbol</span>\" => \"<span class=sf-dump-str>$</span>\"
      \"<span class=sf-dump-key>is_main</span>\" => <span class=sf-dump-num>0</span>
      \"<span class=sf-dump-key>rate</span>\" => <span class=sf-dump-num>0.0108019931</span>
      \"<span class=sf-dump-key>created_at</span>\" => <span class=sf-dump-const>null</span>
      \"<span class=sf-dump-key>updated_at</span>\" => \"<span class=sf-dump-str title=\"19 characters\">2024-03-31 13:56:29</span>\"
    </samp>]
    #<span class=sf-dump-protected title=\"Protected property\">changes</span>: []
    #<span class=sf-dump-protected title=\"Protected property\">casts</span>: []
    #<span class=sf-dump-protected title=\"Protected property\">classCastCache</span>: []
    #<span class=sf-dump-protected title=\"Protected property\">attributeCastCache</span>: []
    #<span class=sf-dump-protected title=\"Protected property\">dateFormat</span>: <span class=sf-dump-const>null</span>
    #<span class=sf-dump-protected title=\"Protected property\">appends</span>: []
    #<span class=sf-dump-protected title=\"Protected property\">dispatchesEvents</span>: []
    #<span class=sf-dump-protected title=\"Protected property\">observables</span>: []
    #<span class=sf-dump-protected title=\"Protected property\">relations</span>: []
    #<span class=sf-dump-protected title=\"Protected property\">touches</span>: []
    +<span class=sf-dump-public title=\"Public property\">timestamps</span>: <span class=sf-dump-const>true</span>
    +<span class=sf-dump-public title=\"Public property\">usesUniqueIds</span>: <span class=sf-dump-const>false</span>
    #<span class=sf-dump-protected title=\"Protected property\">hidden</span>: []
    #<span class=sf-dump-protected title=\"Protected property\">visible</span>: []
    #<span class=sf-dump-protected title=\"Protected property\">fillable</span>: <span class=sf-dump-note>array:1</span> [<samp data-depth=3 class=sf-dump-compact>
      <span class=sf-dump-index>0</span> => \"<span class=sf-dump-str title=\"4 characters\">rate</span>\"
    </samp>]
    #<span class=sf-dump-protected title=\"Protected property\">guarded</span>: <span class=sf-dump-note>array:1</span> [<samp data-depth=3 class=sf-dump-compact>
      <span class=sf-dump-index>0</span> => \"<span class=sf-dump-str>*</span>\"
    </samp>]
  </samp>}
  \"<span class=sf-dump-key>EUR</span>\" => <span class=sf-dump-note title=\"App\\Models\\Currency
\"><span class=\"sf-dump-ellipsis sf-dump-ellipsis-note\">App\\Models</span><span class=\"sf-dump-ellipsis sf-dump-ellipsis-note\">\\</span>Currency</span> {<a class=sf-dump-ref>#2069</a><samp data-depth=2 class=sf-dump-compact>
    #<span class=sf-dump-protected title=\"Protected property\">connection</span>: \"<span class=sf-dump-str title=\"5 characters\">mysql</span>\"
    #<span class=sf-dump-protected title=\"Protected property\">table</span>: \"<span class=sf-dump-str title=\"10 characters\">currencies</span>\"
    #<span class=sf-dump-protected title=\"Protected property\">primaryKey</span>: \"<span class=sf-dump-str title=\"2 characters\">id</span>\"
    #<span class=sf-dump-protected title=\"Protected property\">keyType</span>: \"<span class=sf-dump-str title=\"3 characters\">int</span>\"
    +<span class=sf-dump-public title=\"Public property\">incrementing</span>: <span class=sf-dump-const>true</span>
    #<span class=sf-dump-protected title=\"Protected property\">with</span>: []
    #<span class=sf-dump-protected title=\"Protected property\">withCount</span>: []
    +<span class=sf-dump-public title=\"Public property\">preventsLazyLoading</span>: <span class=sf-dump-const>false</span>
    #<span class=sf-dump-protected title=\"Protected property\">perPage</span>: <span class=sf-dump-num>15</span>
    +<span class=sf-dump-public title=\"Public property\">exists</span>: <span class=sf-dump-const>true</span>
    +<span class=sf-dump-public title=\"Public property\">wasRecentlyCreated</span>: <span class=sf-dump-const>false</span>
    #<span class=sf-dump-protected title=\"Protected property\">escapeWhenCastingToString</span>: <span class=sf-dump-const>false</span>
    #<span class=sf-dump-protected title=\"Protected property\">attributes</span>: <span class=sf-dump-note>array:8</span> [<samp data-depth=3 class=sf-dump-compact>
      \"<span class=sf-dump-key>id</span>\" => <span class=sf-dump-num>3</span>
      \"<span class=sf-dump-key>code</span>\" => \"<span class=sf-dump-str title=\"3 characters\">EUR</span>\"
      \"<span class=sf-dump-key>name</span>\" => \"<span class=sf-dump-str title=\"4 characters\">&#1045;&#1074;&#1088;&#1086;</span>\"
      \"<span class=sf-dump-key>symbol</span>\" => \"<span class=sf-dump-str>&#8364;</span>\"
      \"<span class=sf-dump-key>is_main</span>\" => <span class=sf-dump-num>0</span>
      \"<span class=sf-dump-key>rate</span>\" => <span class=sf-dump-num>0.0100045918</span>
      \"<span class=sf-dump-key>created_at</span>\" => <span class=sf-dump-const>null</span>
      \"<span class=sf-dump-key>updated_at</span>\" => \"<span class=sf-dump-str title=\"19 characters\">2024-03-31 13:56:29</span>\"
    </samp>]
    #<span class=sf-dump-protected title=\"Protected property\">original</span>: <span class=sf-dump-note>array:8</span> [<samp data-depth=3 class=sf-dump-compact>
      \"<span class=sf-dump-key>id</span>\" => <span class=sf-dump-num>3</span>
      \"<span class=sf-dump-key>code</span>\" => \"<span class=sf-dump-str title=\"3 characters\">EUR</span>\"
      \"<span class=sf-dump-key>name</span>\" => \"<span class=sf-dump-str title=\"4 characters\">&#1045;&#1074;&#1088;&#1086;</span>\"
      \"<span class=sf-dump-key>symbol</span>\" => \"<span class=sf-dump-str>&#8364;</span>\"
      \"<span class=sf-dump-key>is_main</span>\" => <span class=sf-dump-num>0</span>
      \"<span class=sf-dump-key>rate</span>\" => <span class=sf-dump-num>0.0100045918</span>
      \"<span class=sf-dump-key>created_at</span>\" => <span class=sf-dump-const>null</span>
      \"<span class=sf-dump-key>updated_at</span>\" => \"<span class=sf-dump-str title=\"19 characters\">2024-03-31 13:56:29</span>\"
    </samp>]
    #<span class=sf-dump-protected title=\"Protected property\">changes</span>: []
    #<span class=sf-dump-protected title=\"Protected property\">casts</span>: []
    #<span class=sf-dump-protected title=\"Protected property\">classCastCache</span>: []
    #<span class=sf-dump-protected title=\"Protected property\">attributeCastCache</span>: []
    #<span class=sf-dump-protected title=\"Protected property\">dateFormat</span>: <span class=sf-dump-const>null</span>
    #<span class=sf-dump-protected title=\"Protected property\">appends</span>: []
    #<span class=sf-dump-protected title=\"Protected property\">dispatchesEvents</span>: []
    #<span class=sf-dump-protected title=\"Protected property\">observables</span>: []
    #<span class=sf-dump-protected title=\"Protected property\">relations</span>: []
    #<span class=sf-dump-protected title=\"Protected property\">touches</span>: []
    +<span class=sf-dump-public title=\"Public property\">timestamps</span>: <span class=sf-dump-const>true</span>
    +<span class=sf-dump-public title=\"Public property\">usesUniqueIds</span>: <span class=sf-dump-const>false</span>
    #<span class=sf-dump-protected title=\"Protected property\">hidden</span>: []
    #<span class=sf-dump-protected title=\"Protected property\">visible</span>: []
    #<span class=sf-dump-protected title=\"Protected property\">fillable</span>: <span class=sf-dump-note>array:1</span> [<samp data-depth=3 class=sf-dump-compact>
      <span class=sf-dump-index>0</span> => \"<span class=sf-dump-str title=\"4 characters\">rate</span>\"
    </samp>]
    #<span class=sf-dump-protected title=\"Protected property\">guarded</span>: <span class=sf-dump-note>array:1</span> [<samp data-depth=3 class=sf-dump-compact>
      <span class=sf-dump-index>0</span> => \"<span class=sf-dump-str>*</span>\"
    </samp>]
  </samp>}
</samp>]
</pre><script>Sfdump(\"sf-dump-1352618796\", {\"maxDepth\":3,\"maxStringLength\":160})</script>
"}},"exception":"[object] (Spatie\\LaravelIgnition\\Exceptions\\ViewException(code: 0): Call to a member function isNotEmpty() on array at /home/c/ce85862/dev/public_html/resources/views/pages/distributors.blade.php:20)
[stacktrace]
#0 /home/c/ce85862/dev/public_html/vendor/laravel/framework/src/Illuminate/Filesystem/Filesystem.php(123): require()
#1 /home/c/ce85862/dev/public_html/vendor/laravel/framework/src/Illuminate/Filesystem/Filesystem.php(124): Illuminate\\Filesystem\\Filesystem::Illuminate\\Filesystem\\{closure}()
#2 /home/c/ce85862/dev/public_html/vendor/laravel/framework/src/Illuminate/View/Engines/PhpEngine.php(58): Illuminate\\Filesystem\\Filesystem->getRequire('/home/c/ce85862...', Array)
#3 /home/c/ce85862/dev/public_html/vendor/laravel/framework/src/Illuminate/View/Engines/CompilerEngine.php(73): Illuminate\\View\\Engines\\PhpEngine->evaluatePath('/home/c/ce85862...', Array)
#4 /home/c/ce85862/dev/public_html/vendor/laravel/framework/src/Illuminate/View/View.php(208): Illuminate\\View\\Engines\\CompilerEngine->get('/home/c/ce85862...', Array)
#5 /home/c/ce85862/dev/public_html/vendor/laravel/framework/src/Illuminate/View/View.php(191): Illuminate\\View\\View->getContents()
#6 /home/c/ce85862/dev/public_html/vendor/laravel/framework/src/Illuminate/View/View.php(160): Illuminate\\View\\View->renderContents()
#7 /home/c/ce85862/dev/public_html/vendor/laravel/framework/src/Illuminate/Http/Response.php(70): Illuminate\\View\\View->render()
#8 /home/c/ce85862/dev/public_html/vendor/laravel/framework/src/Illuminate/Http/Response.php(35): Illuminate\\Http\\Response->setContent(Object(Illuminate\\View\\View))
#9 /home/c/ce85862/dev/public_html/vendor/laravel/framework/src/Illuminate/Routing/Router.php(918): Illuminate\\Http\\Response->__construct(Object(Illuminate\\View\\View), 200, Array)
#10 /home/c/ce85862/dev/public_html/vendor/laravel/framework/src/Illuminate/Routing/Router.php(885): Illuminate\\Routing\\Router::toResponse(Object(Illuminate\\Http\\Request), Object(Illuminate\\View\\View))
#11 /home/c/ce85862/dev/public_html/vendor/laravel/framework/src/Illuminate/Routing/Router.php(805): Illuminate\\Routing\\Router->prepareResponse(Object(Illuminate\\Http\\Request), Object(Illuminate\\View\\View))
#12 /home/c/ce85862/dev/public_html/vendor/laravel/framework/src/Illuminate/Pipeline/Pipeline.php(144): Illuminate\\Routing\\Router->Illuminate\\Routing\\{closure}(Object(Illuminate\\Http\\Request))
#13 /home/c/ce85862/dev/public_html/app/Http/Middleware/UserActivity.php(20): Illuminate\\Pipeline\\Pipeline->Illuminate\\Pipeline\\{closure}(Object(Illuminate\\Http\\Request))
#14 /home/c/ce85862/dev/public_html/vendor/laravel/framework/src/Illuminate/Pipeline/Pipeline.php(183): App\\Http\\Middleware\\UserActivity->handle(Object(Illuminate\\Http\\Request), Object(Closure))
#15 /home/c/ce85862/dev/public_html/app/Http/Middleware/SetLocale.php(51): Illuminate\\Pipeline\\Pipeline->Illuminate\\Pipeline\\{closure}(Object(Illuminate\\Http\\Request))
#16 /home/c/ce85862/dev/public_html/vendor/laravel/framework/src/Illuminate/Pipeline/Pipeline.php(183): App\\Http\\Middleware\\SetLocale->handle(Object(Illuminate\\Http\\Request), Object(Closure))
#17 /home/c/ce85862/dev/public_html/vendor/erlandmuchasaj/laravel-gzip/src/Middleware/GzipEncodeResponse.php(19): Illuminate\\Pipeline\\Pipeline->Illuminate\\Pipeline\\{closure}(Object(Illuminate\\Http\\Request))
#18 /home/c/ce85862/dev/public_html/vendor/laravel/framework/src/Illuminate/Pipeline/Pipeline.php(183): ErlandMuchasaj\\LaravelGzip\\Middleware\\GzipEncodeResponse->handle(Object(Illuminate\\Http\\Request), Object(Closure))
#19 /home/c/ce85862/dev/public_html/vendor/laravel/framework/src/Illuminate/Routing/Middleware/SubstituteBindings.php(50): Illuminate\\Pipeline\\Pipeline->Illuminate\\Pipeline\\{closure}(Object(Illuminate\\Http\\Request))
#20 /home/c/ce85862/dev/public_html/vendor/laravel/framework/src/Illuminate/Pipeline/Pipeline.php(183): Illuminate\\Routing\\Middleware\\SubstituteBindings->handle(Object(Illuminate\\Http\\Request), Object(Closure))
#21 /home/c/ce85862/dev/public_html/vendor/laravel/framework/src/Illuminate/Foundation/Http/Middleware/VerifyCsrfToken.php(88): Illuminate\\Pipeline\\Pipeline->Illuminate\\Pipeline\\{closure}(Object(Illuminate\\Http\\Request))
#22 /home/c/ce85862/dev/public_html/vendor/laravel/framework/src/Illuminate/Pipeline/Pipeline.php(183): Illuminate\\Foundation\\Http\\Middleware\\VerifyCsrfToken->handle(Object(Illuminate\\Http\\Request), Object(Closure))
#23 /home/c/ce85862/dev/public_html/vendor/laravel/framework/src/Illuminate/View/Middleware/ShareErrorsFromSession.php(49): Illuminate\\Pipeline\\Pipeline->Illuminate\\Pipeline\\{closure}(Object(Illuminate\\Http\\Request))
#24 /home/c/ce85862/dev/public_html/vendor/laravel/framework/src/Illuminate/Pipeline/Pipeline.php(183): Illuminate\\View\\Middleware\\ShareErrorsFromSession->handle(Object(Illuminate\\Http\\Request), Object(Closure))
#25 /home/c/ce85862/dev/public_html/vendor/laravel/framework/src/Illuminate/Session/Middleware/StartSession.php(121): Illuminate\\Pipeline\\Pipeline->Illuminate\\Pipeline\\{closure}(Object(Illuminate\\Http\\Request))
#26 /home/c/ce85862/dev/public_html/vendor/laravel/framework/src/Illuminate/Session/Middleware/StartSession.php(64): Illuminate\\Session\\Middleware\\StartSession->handleStatefulRequest(Object(Illuminate\\Http\\Request), Object(Illuminate\\Session\\Store), Object(Closure))
#27 /home/c/ce85862/dev/public_html/vendor/laravel/framework/src/Illuminate/Pipeline/Pipeline.php(183): Illuminate\\Session\\Middleware\\StartSession->handle(Object(Illuminate\\Http\\Request), Object(Closure))
#28 /home/c/ce85862/dev/public_html/vendor/laravel/framework/src/Illuminate/Cookie/Middleware/AddQueuedCookiesToResponse.php(37): Illuminate\\Pipeline\\Pipeline->Illuminate\\Pipeline\\{closure}(Object(Illuminate\\Http\\Request))
#29 /home/c/ce85862/dev/public_html/vendor/laravel/framework/src/Illuminate/Pipeline/Pipeline.php(183): Illuminate\\Cookie\\Middleware\\AddQueuedCookiesToResponse->handle(Object(Illuminate\\Http\\Request), Object(Closure))
#30 /home/c/ce85862/dev/public_html/vendor/laravel/framework/src/Illuminate/Cookie/Middleware/EncryptCookies.php(75): Illuminate\\Pipeline\\Pipeline->Illuminate\\Pipeline\\{closure}(Object(Illuminate\\Http\\Request))
#31 /home/c/ce85862/dev/public_html/vendor/laravel/framework/src/Illuminate/Pipeline/Pipeline.php(183): Illuminate\\Cookie\\Middleware\\EncryptCookies->handle(Object(Illuminate\\Http\\Request), Object(Closure))
#32 /home/c/ce85862/dev/public_html/vendor/laravel/framework/src/Illuminate/Pipeline/Pipeline.php(119): Illuminate\\Pipeline\\Pipeline->Illuminate\\Pipeline\\{closure}(Object(Illuminate\\Http\\Request))
#33 /home/c/ce85862/dev/public_html/vendor/laravel/framework/src/Illuminate/Routing/Router.php(805): Illuminate\\Pipeline\\Pipeline->then(Object(Closure))
#34 /home/c/ce85862/dev/public_html/vendor/laravel/framework/src/Illuminate/Routing/Router.php(784): Illuminate\\Routing\\Router->runRouteWithinStack(Object(Illuminate\\Routing\\Route), Object(Illuminate\\Http\\Request))
#35 /home/c/ce85862/dev/public_html/vendor/laravel/framework/src/Illuminate/Routing/Router.php(748): Illuminate\\Routing\\Router->runRoute(Object(Illuminate\\Http\\Request), Object(Illuminate\\Routing\\Route))
#36 /home/c/ce85862/dev/public_html/vendor/laravel/framework/src/Illuminate/Routing/Router.php(737): Illuminate\\Routing\\Router->dispatchToRoute(Object(Illuminate\\Http\\Request))
#37 /home/c/ce85862/dev/public_html/vendor/laravel/framework/src/Illuminate/Foundation/Http/Kernel.php(200): Illuminate\\Routing\\Router->dispatch(Object(Illuminate\\Http\\Request))
#38 /home/c/ce85862/dev/public_html/vendor/laravel/framework/src/Illuminate/Pipeline/Pipeline.php(144): Illuminate\\Foundation\\Http\\Kernel->Illuminate\\Foundation\\Http\\{closure}(Object(Illuminate\\Http\\Request))
#39 /home/c/ce85862/dev/public_html/vendor/barryvdh/laravel-debugbar/src/Middleware/InjectDebugbar.php(66): Illuminate\\Pipeline\\Pipeline->Illuminate\\Pipeline\\{closure}(Object(Illuminate\\Http\\Request))
#40 /home/c/ce85862/dev/public_html/vendor/laravel/framework/src/Illuminate/Pipeline/Pipeline.php(183): Barryvdh\\Debugbar\\Middleware\\InjectDebugbar->handle(Object(Illuminate\\Http\\Request), Object(Closure))
#41 /home/c/ce85862/dev/public_html/vendor/laravel/framework/src/Illuminate/Foundation/Http/Middleware/TransformsRequest.php(21): Illuminate\\Pipeline\\Pipeline->Illuminate\\Pipeline\\{closure}(Object(Illuminate\\Http\\Request))
#42 /home/c/ce85862/dev/public_html/vendor/laravel/framework/src/Illuminate/Foundation/Http/Middleware/ConvertEmptyStringsToNull.php(31): Illuminate\\Foundation\\Http\\Middleware\\TransformsRequest->handle(Object(Illuminate\\Http\\Request), Object(Closure))
#43 /home/c/ce85862/dev/public_html/vendor/laravel/framework/src/Illuminate/Pipeline/Pipeline.php(183): Illuminate\\Foundation\\Http\\Middleware\\ConvertEmptyStringsToNull->handle(Object(Illuminate\\Http\\Request), Object(Closure))
#44 /home/c/ce85862/dev/public_html/vendor/laravel/framework/src/Illuminate/Foundation/Http/Middleware/TransformsRequest.php(21): Illuminate\\Pipeline\\Pipeline->Illuminate\\Pipeline\\{closure}(Object(Illuminate\\Http\\Request))
#45 /home/c/ce85862/dev/public_html/vendor/laravel/framework/src/Illuminate/Foundation/Http/Middleware/TrimStrings.php(51): Illuminate\\Foundation\\Http\\Middleware\\TransformsRequest->handle(Object(Illuminate\\Http\\Request), Object(Closure))
#46 /home/c/ce85862/dev/public_html/vendor/laravel/framework/src/Illuminate/Pipeline/Pipeline.php(183): Illuminate\\Foundation\\Http\\Middleware\\TrimStrings->handle(Object(Illuminate\\Http\\Request), Object(Closure))
#47 /home/c/ce85862/dev/public_html/vendor/laravel/framework/src/Illuminate/Http/Middleware/ValidatePostSize.php(27): Illuminate\\Pipeline\\Pipeline->Illuminate\\Pipeline\\{closure}(Object(Illuminate\\Http\\Request))
#48 /home/c/ce85862/dev/public_html/vendor/laravel/framework/src/Illuminate/Pipeline/Pipeline.php(183): Illuminate\\Http\\Middleware\\ValidatePostSize->handle(Object(Illuminate\\Http\\Request), Object(Closure))
#49 /home/c/ce85862/dev/public_html/vendor/laravel/framework/src/Illuminate/Foundation/Http/Middleware/PreventRequestsDuringMaintenance.php(110): Illuminate\\Pipeline\\Pipeline->Illuminate\\Pipeline\\{closure}(Object(Illuminate\\Http\\Request))
#50 /home/c/ce85862/dev/public_html/vendor/laravel/framework/src/Illuminate/Pipeline/Pipeline.php(183): Illuminate\\Foundation\\Http\\Middleware\\PreventRequestsDuringMaintenance->handle(Object(Illuminate\\Http\\Request), Object(Closure))
#51 /home/c/ce85862/dev/public_html/vendor/laravel/framework/src/Illuminate/Http/Middleware/HandleCors.php(49): Illuminate\\Pipeline\\Pipeline->Illuminate\\Pipeline\\{closure}(Object(Illuminate\\Http\\Request))
#52 /home/c/ce85862/dev/public_html/vendor/laravel/framework/src/Illuminate/Pipeline/Pipeline.php(183): Illuminate\\Http\\Middleware\\HandleCors->handle(Object(Illuminate\\Http\\Request), Object(Closure))
#53 /home/c/ce85862/dev/public_html/vendor/laravel/framework/src/Illuminate/Http/Middleware/TrustProxies.php(57): Illuminate\\Pipeline\\Pipeline->Illuminate\\Pipeline\\{closure}(Object(Illuminate\\Http\\Request))
#54 /home/c/ce85862/dev/public_html/vendor/laravel/framework/src/Illuminate/Pipeline/Pipeline.php(183): Illuminate\\Http\\Middleware\\TrustProxies->handle(Object(Illuminate\\Http\\Request), Object(Closure))
#55 /home/c/ce85862/dev/public_html/vendor/laravel/framework/src/Illuminate/Pipeline/Pipeline.php(119): Illuminate\\Pipeline\\Pipeline->Illuminate\\Pipeline\\{closure}(Object(Illuminate\\Http\\Request))
#56 /home/c/ce85862/dev/public_html/vendor/laravel/framework/src/Illuminate/Foundation/Http/Kernel.php(175): Illuminate\\Pipeline\\Pipeline->then(Object(Closure))
#57 /home/c/ce85862/dev/public_html/vendor/laravel/framework/src/Illuminate/Foundation/Http/Kernel.php(144): Illuminate\\Foundation\\Http\\Kernel->sendRequestThroughRouter(Object(Illuminate\\Http\\Request))
#58 /home/c/ce85862/dev/public_html/public/index.php(50): Illuminate\\Foundation\\Http\\Kernel->handle(Object(Illuminate\\Http\\Request))
#59 {main}

[previous exception] [object] (Error(code: 0): Call to a member function isNotEmpty() on array at /home/c/ce85862/dev/public_html/storage/framework/views/d3d9a8122ef9d37b10ab69b775513c1e.php:18)
[stacktrace]
#0 /home/c/ce85862/dev/public_html/vendor/laravel/framework/src/Illuminate/Filesystem/Filesystem.php(123): require()
#1 /home/c/ce85862/dev/public_html/vendor/laravel/framework/src/Illuminate/Filesystem/Filesystem.php(124): Illuminate\\Filesystem\\Filesystem::Illuminate\\Filesystem\\{closure}()
#2 /home/c/ce85862/dev/public_html/vendor/laravel/framework/src/Illuminate/View/Engines/PhpEngine.php(58): Illuminate\\Filesystem\\Filesystem->getRequire('/home/c/ce85862...', Array)
#3 /home/c/ce85862/dev/public_html/vendor/laravel/framework/src/Illuminate/View/Engines/CompilerEngine.php(73): Illuminate\\View\\Engines\\PhpEngine->evaluatePath('/home/c/ce85862...', Array)
#4 /home/c/ce85862/dev/public_html/vendor/laravel/framework/src/Illuminate/View/View.php(208): Illuminate\\View\\Engines\\CompilerEngine->get('/home/c/ce85862...', Array)
#5 /home/c/ce85862/dev/public_html/vendor/laravel/framework/src/Illuminate/View/View.php(191): Illuminate\\View\\View->getContents()
#6 /home/c/ce85862/dev/public_html/vendor/laravel/framework/src/Illuminate/View/View.php(160): Illuminate\\View\\View->renderContents()
#7 /home/c/ce85862/dev/public_html/vendor/laravel/framework/src/Illuminate/Http/Response.php(70): Illuminate\\View\\View->render()
#8 /home/c/ce85862/dev/public_html/vendor/laravel/framework/src/Illuminate/Http/Response.php(35): Illuminate\\Http\\Response->setContent(Object(Illuminate\\View\\View))
#9 /home/c/ce85862/dev/public_html/vendor/laravel/framework/src/Illuminate/Routing/Router.php(918): Illuminate\\Http\\Response->__construct(Object(Illuminate\\View\\View), 200, Array)
#10 /home/c/ce85862/dev/public_html/vendor/laravel/framework/src/Illuminate/Routing/Router.php(885): Illuminate\\Routing\\Router::toResponse(Object(Illuminate\\Http\\Request), Object(Illuminate\\View\\View))
#11 /home/c/ce85862/dev/public_html/vendor/laravel/framework/src/Illuminate/Routing/Router.php(805): Illuminate\\Routing\\Router->prepareResponse(Object(Illuminate\\Http\\Request), Object(Illuminate\\View\\View))
#12 /home/c/ce85862/dev/public_html/vendor/laravel/framework/src/Illuminate/Pipeline/Pipeline.php(144): Illuminate\\Routing\\Router->Illuminate\\Routing\\{closure}(Object(Illuminate\\Http\\Request))
#13 /home/c/ce85862/dev/public_html/app/Http/Middleware/UserActivity.php(20): Illuminate\\Pipeline\\Pipeline->Illuminate\\Pipeline\\{closure}(Object(Illuminate\\Http\\Request))
#14 /home/c/ce85862/dev/public_html/vendor/laravel/framework/src/Illuminate/Pipeline/Pipeline.php(183): App\\Http\\Middleware\\UserActivity->handle(Object(Illuminate\\Http\\Request), Object(Closure))
#15 /home/c/ce85862/dev/public_html/app/Http/Middleware/SetLocale.php(51): Illuminate\\Pipeline\\Pipeline->Illuminate\\Pipeline\\{closure}(Object(Illuminate\\Http\\Request))
#16 /home/c/ce85862/dev/public_html/vendor/laravel/framework/src/Illuminate/Pipeline/Pipeline.php(183): App\\Http\\Middleware\\SetLocale->handle(Object(Illuminate\\Http\\Request), Object(Closure))
#17 /home/c/ce85862/dev/public_html/vendor/erlandmuchasaj/laravel-gzip/src/Middleware/GzipEncodeResponse.php(19): Illuminate\\Pipeline\\Pipeline->Illuminate\\Pipeline\\{closure}(Object(Illuminate\\Http\\Request))
#18 /home/c/ce85862/dev/public_html/vendor/laravel/framework/src/Illuminate/Pipeline/Pipeline.php(183): ErlandMuchasaj\\LaravelGzip\\Middleware\\GzipEncodeResponse->handle(Object(Illuminate\\Http\\Request), Object(Closure))
#19 /home/c/ce85862/dev/public_html/vendor/laravel/framework/src/Illuminate/Routing/Middleware/SubstituteBindings.php(50): Illuminate\\Pipeline\\Pipeline->Illuminate\\Pipeline\\{closure}(Object(Illuminate\\Http\\Request))
#20 /home/c/ce85862/dev/public_html/vendor/laravel/framework/src/Illuminate/Pipeline/Pipeline.php(183): Illuminate\\Routing\\Middleware\\SubstituteBindings->handle(Object(Illuminate\\Http\\Request), Object(Closure))
#21 /home/c/ce85862/dev/public_html/vendor/laravel/framework/src/Illuminate/Foundation/Http/Middleware/VerifyCsrfToken.php(88): Illuminate\\Pipeline\\Pipeline->Illuminate\\Pipeline\\{closure}(Object(Illuminate\\Http\\Request))
#22 /home/c/ce85862/dev/public_html/vendor/laravel/framework/src/Illuminate/Pipeline/Pipeline.php(183): Illuminate\\Foundation\\Http\\Middleware\\VerifyCsrfToken->handle(Object(Illuminate\\Http\\Request), Object(Closure))
#23 /home/c/ce85862/dev/public_html/vendor/laravel/framework/src/Illuminate/View/Middleware/ShareErrorsFromSession.php(49): Illuminate\\Pipeline\\Pipeline->Illuminate\\Pipeline\\{closure}(Object(Illuminate\\Http\\Request))
#24 /home/c/ce85862/dev/public_html/vendor/laravel/framework/src/Illuminate/Pipeline/Pipeline.php(183): Illuminate\\View\\Middleware\\ShareErrorsFromSession->handle(Object(Illuminate\\Http\\Request), Object(Closure))
#25 /home/c/ce85862/dev/public_html/vendor/laravel/framework/src/Illuminate/Session/Middleware/StartSession.php(121): Illuminate\\Pipeline\\Pipeline->Illuminate\\Pipeline\\{closure}(Object(Illuminate\\Http\\Request))
#26 /home/c/ce85862/dev/public_html/vendor/laravel/framework/src/Illuminate/Session/Middleware/StartSession.php(64): Illuminate\\Session\\Middleware\\StartSession->handleStatefulRequest(Object(Illuminate\\Http\\Request), Object(Illuminate\\Session\\Store), Object(Closure))
#27 /home/c/ce85862/dev/public_html/vendor/laravel/framework/src/Illuminate/Pipeline/Pipeline.php(183): Illuminate\\Session\\Middleware\\StartSession->handle(Object(Illuminate\\Http\\Request), Object(Closure))
#28 /home/c/ce85862/dev/public_html/vendor/laravel/framework/src/Illuminate/Cookie/Middleware/AddQueuedCookiesToResponse.php(37): Illuminate\\Pipeline\\Pipeline->Illuminate\\Pipeline\\{closure}(Object(Illuminate\\Http\\Request))
#29 /home/c/ce85862/dev/public_html/vendor/laravel/framework/src/Illuminate/Pipeline/Pipeline.php(183): Illuminate\\Cookie\\Middleware\\AddQueuedCookiesToResponse->handle(Object(Illuminate\\Http\\Request), Object(Closure))
#30 /home/c/ce85862/dev/public_html/vendor/laravel/framework/src/Illuminate/Cookie/Middleware/EncryptCookies.php(75): Illuminate\\Pipeline\\Pipeline->Illuminate\\Pipeline\\{closure}(Object(Illuminate\\Http\\Request))
#31 /home/c/ce85862/dev/public_html/vendor/laravel/framework/src/Illuminate/Pipeline/Pipeline.php(183): Illuminate\\Cookie\\Middleware\\EncryptCookies->handle(Object(Illuminate\\Http\\Request), Object(Closure))
#32 /home/c/ce85862/dev/public_html/vendor/laravel/framework/src/Illuminate/Pipeline/Pipeline.php(119): Illuminate\\Pipeline\\Pipeline->Illuminate\\Pipeline\\{closure}(Object(Illuminate\\Http\\Request))
#33 /home/c/ce85862/dev/public_html/vendor/laravel/framework/src/Illuminate/Routing/Router.php(805): Illuminate\\Pipeline\\Pipeline->then(Object(Closure))
#34 /home/c/ce85862/dev/public_html/vendor/laravel/framework/src/Illuminate/Routing/Router.php(784): Illuminate\\Routing\\Router->runRouteWithinStack(Object(Illuminate\\Routing\\Route), Object(Illuminate\\Http\\Request))
#35 /home/c/ce85862/dev/public_html/vendor/laravel/framework/src/Illuminate/Routing/Router.php(748): Illuminate\\Routing\\Router->runRoute(Object(Illuminate\\Http\\Request), Object(Illuminate\\Routing\\Route))
#36 /home/c/ce85862/dev/public_html/vendor/laravel/framework/src/Illuminate/Routing/Router.php(737): Illuminate\\Routing\\Router->dispatchToRoute(Object(Illuminate\\Http\\Request))
#37 /home/c/ce85862/dev/public_html/vendor/laravel/framework/src/Illuminate/Foundation/Http/Kernel.php(200): Illuminate\\Routing\\Router->dispatch(Object(Illuminate\\Http\\Request))
#38 /home/c/ce85862/dev/public_html/vendor/laravel/framework/src/Illuminate/Pipeline/Pipeline.php(144): Illuminate\\Foundation\\Http\\Kernel->Illuminate\\Foundation\\Http\\{closure}(Object(Illuminate\\Http\\Request))
#39 /home/c/ce85862/dev/public_html/vendor/barryvdh/laravel-debugbar/src/Middleware/InjectDebugbar.php(66): Illuminate\\Pipeline\\Pipeline->Illuminate\\Pipeline\\{closure}(Object(Illuminate\\Http\\Request))
#40 /home/c/ce85862/dev/public_html/vendor/laravel/framework/src/Illuminate/Pipeline/Pipeline.php(183): Barryvdh\\Debugbar\\Middleware\\InjectDebugbar->handle(Object(Illuminate\\Http\\Request), Object(Closure))
#41 /home/c/ce85862/dev/public_html/vendor/laravel/framework/src/Illuminate/Foundation/Http/Middleware/TransformsRequest.php(21): Illuminate\\Pipeline\\Pipeline->Illuminate\\Pipeline\\{closure}(Object(Illuminate\\Http\\Request))
#42 /home/c/ce85862/dev/public_html/vendor/laravel/framework/src/Illuminate/Foundation/Http/Middleware/ConvertEmptyStringsToNull.php(31): Illuminate\\Foundation\\Http\\Middleware\\TransformsRequest->handle(Object(Illuminate\\Http\\Request), Object(Closure))
#43 /home/c/ce85862/dev/public_html/vendor/laravel/framework/src/Illuminate/Pipeline/Pipeline.php(183): Illuminate\\Foundation\\Http\\Middleware\\ConvertEmptyStringsToNull->handle(Object(Illuminate\\Http\\Request), Object(Closure))
#44 /home/c/ce85862/dev/public_html/vendor/laravel/framework/src/Illuminate/Foundation/Http/Middleware/TransformsRequest.php(21): Illuminate\\Pipeline\\Pipeline->Illuminate\\Pipeline\\{closure}(Object(Illuminate\\Http\\Request))
#45 /home/c/ce85862/dev/public_html/vendor/laravel/framework/src/Illuminate/Foundation/Http/Middleware/TrimStrings.php(51): Illuminate\\Foundation\\Http\\Middleware\\TransformsRequest->handle(Object(Illuminate\\Http\\Request), Object(Closure))
#46 /home/c/ce85862/dev/public_html/vendor/laravel/framework/src/Illuminate/Pipeline/Pipeline.php(183): Illuminate\\Foundation\\Http\\Middleware\\TrimStrings->handle(Object(Illuminate\\Http\\Request), Object(Closure))
#47 /home/c/ce85862/dev/public_html/vendor/laravel/framework/src/Illuminate/Http/Middleware/ValidatePostSize.php(27): Illuminate\\Pipeline\\Pipeline->Illuminate\\Pipeline\\{closure}(Object(Illuminate\\Http\\Request))
#48 /home/c/ce85862/dev/public_html/vendor/laravel/framework/src/Illuminate/Pipeline/Pipeline.php(183): Illuminate\\Http\\Middleware\\ValidatePostSize->handle(Object(Illuminate\\Http\\Request), Object(Closure))
#49 /home/c/ce85862/dev/public_html/vendor/laravel/framework/src/Illuminate/Foundation/Http/Middleware/PreventRequestsDuringMaintenance.php(110): Illuminate\\Pipeline\\Pipeline->Illuminate\\Pipeline\\{closure}(Object(Illuminate\\Http\\Request))
#50 /home/c/ce85862/dev/public_html/vendor/laravel/framework/src/Illuminate/Pipeline/Pipeline.php(183): Illuminate\\Foundation\\Http\\Middleware\\PreventRequestsDuringMaintenance->handle(Object(Illuminate\\Http\\Request), Object(Closure))
#51 /home/c/ce85862/dev/public_html/vendor/laravel/framework/src/Illuminate/Http/Middleware/HandleCors.php(49): Illuminate\\Pipeline\\Pipeline->Illuminate\\Pipeline\\{closure}(Object(Illuminate\\Http\\Request))
#52 /home/c/ce85862/dev/public_html/vendor/laravel/framework/src/Illuminate/Pipeline/Pipeline.php(183): Illuminate\\Http\\Middleware\\HandleCors->handle(Object(Illuminate\\Http\\Request), Object(Closure))
#53 /home/c/ce85862/dev/public_html/vendor/laravel/framework/src/Illuminate/Http/Middleware/TrustProxies.php(57): Illuminate\\Pipeline\\Pipeline->Illuminate\\Pipeline\\{closure}(Object(Illuminate\\Http\\Request))
#54 /home/c/ce85862/dev/public_html/vendor/laravel/framework/src/Illuminate/Pipeline/Pipeline.php(183): Illuminate\\Http\\Middleware\\TrustProxies->handle(Object(Illuminate\\Http\\Request), Object(Closure))
#55 /home/c/ce85862/dev/public_html/vendor/laravel/framework/src/Illuminate/Pipeline/Pipeline.php(119): Illuminate\\Pipeline\\Pipeline->Illuminate\\Pipeline\\{closure}(Object(Illuminate\\Http\\Request))
#56 /home/c/ce85862/dev/public_html/vendor/laravel/framework/src/Illuminate/Foundation/Http/Kernel.php(175): Illuminate\\Pipeline\\Pipeline->then(Object(Closure))
#57 /home/c/ce85862/dev/public_html/vendor/laravel/framework/src/Illuminate/Foundation/Http/Kernel.php(144): Illuminate\\Foundation\\Http\\Kernel->sendRequestThroughRouter(Object(Illuminate\\Http\\Request))
#58 /home/c/ce85862/dev/public_html/public/index.php(50): Illuminate\\Foundation\\Http\\Kernel->handle(Object(Illuminate\\Http\\Request))
#59 {main}
"} 
[2024-11-25 11:20:11] production.ERROR: Connection could not be established with host "ssl://smtp.yandex.ru:465": stream_socket_client(): Unable to connect to ssl://smtp.yandex.ru:465 (Connection refused) {"exception":"[object] (Symfony\\Component\\Mailer\\Exception\\TransportException(code: 0): Connection could not be established with host \"ssl://smtp.yandex.ru:465\": stream_socket_client(): Unable to connect to ssl://smtp.yandex.ru:465 (Connection refused) at /home/c/ce85862/dev/public_html/vendor/symfony/mailer/Transport/Smtp/Stream/SocketStream.php:154)
[stacktrace]
#0 [internal function]: Symfony\\Component\\Mailer\\Transport\\Smtp\\Stream\\SocketStream->Symfony\\Component\\Mailer\\Transport\\Smtp\\Stream\\{closure}(2, 'stream_socket_c...', '/home/c/ce85862...', 157)
#1 /home/c/ce85862/dev/public_html/vendor/symfony/mailer/Transport/Smtp/Stream/SocketStream.php(157): stream_socket_client('ssl://smtp.yand...', 0, '', 60.0, 4, Resource id #856)
#2 /home/c/ce85862/dev/public_html/vendor/symfony/mailer/Transport/Smtp/SmtpTransport.php(270): Symfony\\Component\\Mailer\\Transport\\Smtp\\Stream\\SocketStream->initialize()
#3 /home/c/ce85862/dev/public_html/vendor/symfony/mailer/Transport/Smtp/SmtpTransport.php(209): Symfony\\Component\\Mailer\\Transport\\Smtp\\SmtpTransport->start()
#4 /home/c/ce85862/dev/public_html/vendor/symfony/mailer/Transport/AbstractTransport.php(69): Symfony\\Component\\Mailer\\Transport\\Smtp\\SmtpTransport->doSend(Object(Symfony\\Component\\Mailer\\SentMessage))
#5 /home/c/ce85862/dev/public_html/vendor/symfony/mailer/Transport/Smtp/SmtpTransport.php(137): Symfony\\Component\\Mailer\\Transport\\AbstractTransport->send(Object(Symfony\\Component\\Mime\\Email), Object(Symfony\\Component\\Mailer\\DelayedEnvelope))
#6 /home/c/ce85862/dev/public_html/vendor/laravel/framework/src/Illuminate/Mail/Mailer.php(588): Symfony\\Component\\Mailer\\Transport\\Smtp\\SmtpTransport->send(Object(Symfony\\Component\\Mime\\Email), Object(Symfony\\Component\\Mailer\\DelayedEnvelope))
#7 /home/c/ce85862/dev/public_html/vendor/laravel/framework/src/Illuminate/Mail/Mailer.php(335): Illuminate\\Mail\\Mailer->sendSymfonyMessage(Object(Symfony\\Component\\Mime\\Email))
#8 /home/c/ce85862/dev/public_html/vendor/laravel/framework/src/Illuminate/Mail/Mailable.php(205): Illuminate\\Mail\\Mailer->send('mails.feedback', Array, Object(Closure))
#9 /home/c/ce85862/dev/public_html/vendor/laravel/framework/src/Illuminate/Support/Traits/Localizable.php(19): Illuminate\\Mail\\Mailable->Illuminate\\Mail\\{closure}()
#10 /home/c/ce85862/dev/public_html/vendor/laravel/framework/src/Illuminate/Mail/Mailable.php(198): Illuminate\\Mail\\Mailable->withLocale(NULL, Object(Closure))
#11 /home/c/ce85862/dev/public_html/vendor/laravel/framework/src/Illuminate/Mail/Mailer.php(357): Illuminate\\Mail\\Mailable->send(Object(Illuminate\\Mail\\Mailer))
#12 /home/c/ce85862/dev/public_html/vendor/laravel/framework/src/Illuminate/Mail/Mailer.php(301): Illuminate\\Mail\\Mailer->sendMailable(Object(App\\Mail\\FeedbackMail))
#13 /home/c/ce85862/dev/public_html/vendor/laravel/framework/src/Illuminate/Mail/PendingMail.php(124): Illuminate\\Mail\\Mailer->send(Object(App\\Mail\\FeedbackMail))
#14 /home/c/ce85862/dev/public_html/app/Http/Controllers/SendController.php(73): Illuminate\\Mail\\PendingMail->send(Object(App\\Mail\\FeedbackMail))
#15 /home/c/ce85862/dev/public_html/vendor/laravel/framework/src/Illuminate/Routing/Controller.php(54): App\\Http\\Controllers\\SendController->__invoke(Object(Illuminate\\Http\\Request))
#16 /home/c/ce85862/dev/public_html/vendor/laravel/framework/src/Illuminate/Routing/ControllerDispatcher.php(43): Illuminate\\Routing\\Controller->callAction('__invoke', Array)
#17 /home/c/ce85862/dev/public_html/vendor/laravel/framework/src/Illuminate/Routing/Route.php(260): Illuminate\\Routing\\ControllerDispatcher->dispatch(Object(Illuminate\\Routing\\Route), Object(App\\Http\\Controllers\\SendController), '__invoke')
#18 /home/c/ce85862/dev/public_html/vendor/laravel/framework/src/Illuminate/Routing/Route.php(206): Illuminate\\Routing\\Route->runController()
#19 /home/c/ce85862/dev/public_html/vendor/laravel/framework/src/Illuminate/Routing/Router.php(806): Illuminate\\Routing\\Route->run()
#20 /home/c/ce85862/dev/public_html/vendor/laravel/framework/src/Illuminate/Pipeline/Pipeline.php(144): Illuminate\\Routing\\Router->Illuminate\\Routing\\{closure}(Object(Illuminate\\Http\\Request))
#21 /home/c/ce85862/dev/public_html/app/Http/Middleware/UserActivity.php(20): Illuminate\\Pipeline\\Pipeline->Illuminate\\Pipeline\\{closure}(Object(Illuminate\\Http\\Request))
#22 /home/c/ce85862/dev/public_html/vendor/laravel/framework/src/Illuminate/Pipeline/Pipeline.php(183): App\\Http\\Middleware\\UserActivity->handle(Object(Illuminate\\Http\\Request), Object(Closure))
#23 /home/c/ce85862/dev/public_html/app/Http/Middleware/SetLocale.php(51): Illuminate\\Pipeline\\Pipeline->Illuminate\\Pipeline\\{closure}(Object(Illuminate\\Http\\Request))
#24 /home/c/ce85862/dev/public_html/vendor/laravel/framework/src/Illuminate/Pipeline/Pipeline.php(183): App\\Http\\Middleware\\SetLocale->handle(Object(Illuminate\\Http\\Request), Object(Closure))
#25 /home/c/ce85862/dev/public_html/vendor/erlandmuchasaj/laravel-gzip/src/Middleware/GzipEncodeResponse.php(19): Illuminate\\Pipeline\\Pipeline->Illuminate\\Pipeline\\{closure}(Object(Illuminate\\Http\\Request))
#26 /home/c/ce85862/dev/public_html/vendor/laravel/framework/src/Illuminate/Pipeline/Pipeline.php(183): ErlandMuchasaj\\LaravelGzip\\Middleware\\GzipEncodeResponse->handle(Object(Illuminate\\Http\\Request), Object(Closure))
#27 /home/c/ce85862/dev/public_html/vendor/laravel/framework/src/Illuminate/Routing/Middleware/SubstituteBindings.php(50): Illuminate\\Pipeline\\Pipeline->Illuminate\\Pipeline\\{closure}(Object(Illuminate\\Http\\Request))
#28 /home/c/ce85862/dev/public_html/vendor/laravel/framework/src/Illuminate/Pipeline/Pipeline.php(183): Illuminate\\Routing\\Middleware\\SubstituteBindings->handle(Object(Illuminate\\Http\\Request), Object(Closure))
#29 /home/c/ce85862/dev/public_html/vendor/laravel/framework/src/Illuminate/Foundation/Http/Middleware/VerifyCsrfToken.php(88): Illuminate\\Pipeline\\Pipeline->Illuminate\\Pipeline\\{closure}(Object(Illuminate\\Http\\Request))
#30 /home/c/ce85862/dev/public_html/vendor/laravel/framework/src/Illuminate/Pipeline/Pipeline.php(183): Illuminate\\Foundation\\Http\\Middleware\\VerifyCsrfToken->handle(Object(Illuminate\\Http\\Request), Object(Closure))
#31 /home/c/ce85862/dev/public_html/vendor/laravel/framework/src/Illuminate/View/Middleware/ShareErrorsFromSession.php(49): Illuminate\\Pipeline\\Pipeline->Illuminate\\Pipeline\\{closure}(Object(Illuminate\\Http\\Request))
#32 /home/c/ce85862/dev/public_html/vendor/laravel/framework/src/Illuminate/Pipeline/Pipeline.php(183): Illuminate\\View\\Middleware\\ShareErrorsFromSession->handle(Object(Illuminate\\Http\\Request), Object(Closure))
#33 /home/c/ce85862/dev/public_html/vendor/laravel/framework/src/Illuminate/Session/Middleware/StartSession.php(121): Illuminate\\Pipeline\\Pipeline->Illuminate\\Pipeline\\{closure}(Object(Illuminate\\Http\\Request))
#34 /home/c/ce85862/dev/public_html/vendor/laravel/framework/src/Illuminate/Session/Middleware/StartSession.php(64): Illuminate\\Session\\Middleware\\StartSession->handleStatefulRequest(Object(Illuminate\\Http\\Request), Object(Illuminate\\Session\\Store), Object(Closure))
#35 /home/c/ce85862/dev/public_html/vendor/laravel/framework/src/Illuminate/Pipeline/Pipeline.php(183): Illuminate\\Session\\Middleware\\StartSession->handle(Object(Illuminate\\Http\\Request), Object(Closure))
#36 /home/c/ce85862/dev/public_html/vendor/laravel/framework/src/Illuminate/Cookie/Middleware/AddQueuedCookiesToResponse.php(37): Illuminate\\Pipeline\\Pipeline->Illuminate\\Pipeline\\{closure}(Object(Illuminate\\Http\\Request))
#37 /home/c/ce85862/dev/public_html/vendor/laravel/framework/src/Illuminate/Pipeline/Pipeline.php(183): Illuminate\\Cookie\\Middleware\\AddQueuedCookiesToResponse->handle(Object(Illuminate\\Http\\Request), Object(Closure))
#38 /home/c/ce85862/dev/public_html/vendor/laravel/framework/src/Illuminate/Cookie/Middleware/EncryptCookies.php(75): Illuminate\\Pipeline\\Pipeline->Illuminate\\Pipeline\\{closure}(Object(Illuminate\\Http\\Request))
#39 /home/c/ce85862/dev/public_html/vendor/laravel/framework/src/Illuminate/Pipeline/Pipeline.php(183): Illuminate\\Cookie\\Middleware\\EncryptCookies->handle(Object(Illuminate\\Http\\Request), Object(Closure))
#40 /home/c/ce85862/dev/public_html/vendor/laravel/framework/src/Illuminate/Pipeline/Pipeline.php(119): Illuminate\\Pipeline\\Pipeline->Illuminate\\Pipeline\\{closure}(Object(Illuminate\\Http\\Request))
#41 /home/c/ce85862/dev/public_html/vendor/laravel/framework/src/Illuminate/Routing/Router.php(805): Illuminate\\Pipeline\\Pipeline->then(Object(Closure))
#42 /home/c/ce85862/dev/public_html/vendor/laravel/framework/src/Illuminate/Routing/Router.php(784): Illuminate\\Routing\\Router->runRouteWithinStack(Object(Illuminate\\Routing\\Route), Object(Illuminate\\Http\\Request))
#43 /home/c/ce85862/dev/public_html/vendor/laravel/framework/src/Illuminate/Routing/Router.php(748): Illuminate\\Routing\\Router->runRoute(Object(Illuminate\\Http\\Request), Object(Illuminate\\Routing\\Route))
#44 /home/c/ce85862/dev/public_html/vendor/laravel/framework/src/Illuminate/Routing/Router.php(737): Illuminate\\Routing\\Router->dispatchToRoute(Object(Illuminate\\Http\\Request))
#45 /home/c/ce85862/dev/public_html/vendor/laravel/framework/src/Illuminate/Foundation/Http/Kernel.php(200): Illuminate\\Routing\\Router->dispatch(Object(Illuminate\\Http\\Request))
#46 /home/c/ce85862/dev/public_html/vendor/laravel/framework/src/Illuminate/Pipeline/Pipeline.php(144): Illuminate\\Foundation\\Http\\Kernel->Illuminate\\Foundation\\Http\\{closure}(Object(Illuminate\\Http\\Request))
#47 /home/c/ce85862/dev/public_html/vendor/barryvdh/laravel-debugbar/src/Middleware/InjectDebugbar.php(66): Illuminate\\Pipeline\\Pipeline->Illuminate\\Pipeline\\{closure}(Object(Illuminate\\Http\\Request))
#48 /home/c/ce85862/dev/public_html/vendor/laravel/framework/src/Illuminate/Pipeline/Pipeline.php(183): Barryvdh\\Debugbar\\Middleware\\InjectDebugbar->handle(Object(Illuminate\\Http\\Request), Object(Closure))
#49 /home/c/ce85862/dev/public_html/vendor/laravel/framework/src/Illuminate/Foundation/Http/Middleware/TransformsRequest.php(21): Illuminate\\Pipeline\\Pipeline->Illuminate\\Pipeline\\{closure}(Object(Illuminate\\Http\\Request))
#50 /home/c/ce85862/dev/public_html/vendor/laravel/framework/src/Illuminate/Foundation/Http/Middleware/ConvertEmptyStringsToNull.php(31): Illuminate\\Foundation\\Http\\Middleware\\TransformsRequest->handle(Object(Illuminate\\Http\\Request), Object(Closure))
#51 /home/c/ce85862/dev/public_html/vendor/laravel/framework/src/Illuminate/Pipeline/Pipeline.php(183): Illuminate\\Foundation\\Http\\Middleware\\ConvertEmptyStringsToNull->handle(Object(Illuminate\\Http\\Request), Object(Closure))
#52 /home/c/ce85862/dev/public_html/vendor/laravel/framework/src/Illuminate/Foundation/Http/Middleware/TransformsRequest.php(21): Illuminate\\Pipeline\\Pipeline->Illuminate\\Pipeline\\{closure}(Object(Illuminate\\Http\\Request))
#53 /home/c/ce85862/dev/public_html/vendor/laravel/framework/src/Illuminate/Foundation/Http/Middleware/TrimStrings.php(51): Illuminate\\Foundation\\Http\\Middleware\\TransformsRequest->handle(Object(Illuminate\\Http\\Request), Object(Closure))
#54 /home/c/ce85862/dev/public_html/vendor/laravel/framework/src/Illuminate/Pipeline/Pipeline.php(183): Illuminate\\Foundation\\Http\\Middleware\\TrimStrings->handle(Object(Illuminate\\Http\\Request), Object(Closure))
#55 /home/c/ce85862/dev/public_html/vendor/laravel/framework/src/Illuminate/Http/Middleware/ValidatePostSize.php(27): Illuminate\\Pipeline\\Pipeline->Illuminate\\Pipeline\\{closure}(Object(Illuminate\\Http\\Request))
#56 /home/c/ce85862/dev/public_html/vendor/laravel/framework/src/Illuminate/Pipeline/Pipeline.php(183): Illuminate\\Http\\Middleware\\ValidatePostSize->handle(Object(Illuminate\\Http\\Request), Object(Closure))
#57 /home/c/ce85862/dev/public_html/vendor/laravel/framework/src/Illuminate/Foundation/Http/Middleware/PreventRequestsDuringMaintenance.php(110): Illuminate\\Pipeline\\Pipeline->Illuminate\\Pipeline\\{closure}(Object(Illuminate\\Http\\Request))
#58 /home/c/ce85862/dev/public_html/vendor/laravel/framework/src/Illuminate/Pipeline/Pipeline.php(183): Illuminate\\Foundation\\Http\\Middleware\\PreventRequestsDuringMaintenance->handle(Object(Illuminate\\Http\\Request), Object(Closure))
#59 /home/c/ce85862/dev/public_html/vendor/laravel/framework/src/Illuminate/Http/Middleware/HandleCors.php(49): Illuminate\\Pipeline\\Pipeline->Illuminate\\Pipeline\\{closure}(Object(Illuminate\\Http\\Request))
#60 /home/c/ce85862/dev/public_html/vendor/laravel/framework/src/Illuminate/Pipeline/Pipeline.php(183): Illuminate\\Http\\Middleware\\HandleCors->handle(Object(Illuminate\\Http\\Request), Object(Closure))
#61 /home/c/ce85862/dev/public_html/vendor/laravel/framework/src/Illuminate/Http/Middleware/TrustProxies.php(57): Illuminate\\Pipeline\\Pipeline->Illuminate\\Pipeline\\{closure}(Object(Illuminate\\Http\\Request))
#62 /home/c/ce85862/dev/public_html/vendor/laravel/framework/src/Illuminate/Pipeline/Pipeline.php(183): Illuminate\\Http\\Middleware\\TrustProxies->handle(Object(Illuminate\\Http\\Request), Object(Closure))
#63 /home/c/ce85862/dev/public_html/vendor/laravel/framework/src/Illuminate/Pipeline/Pipeline.php(119): Illuminate\\Pipeline\\Pipeline->Illuminate\\Pipeline\\{closure}(Object(Illuminate\\Http\\Request))
#64 /home/c/ce85862/dev/public_html/vendor/laravel/framework/src/Illuminate/Foundation/Http/Kernel.php(175): Illuminate\\Pipeline\\Pipeline->then(Object(Closure))
#65 /home/c/ce85862/dev/public_html/vendor/laravel/framework/src/Illuminate/Foundation/Http/Kernel.php(144): Illuminate\\Foundation\\Http\\Kernel->sendRequestThroughRouter(Object(Illuminate\\Http\\Request))
#66 /home/c/ce85862/dev/public_html/public/index.php(50): Illuminate\\Foundation\\Http\\Kernel->handle(Object(Illuminate\\Http\\Request))
#67 {main}
"} 
