[2025-05-01 03:09:45] production.ERROR: include(/Users/aleksandr/projects/btf/vendor/composer/../../app/Models/Role.php): Failed to open stream: No such file or directory {"view":{"view":"/Users/aleksandr/projects/btf/resources/views/backend/partials/navbar.blade.php","data":{"your_ip":"<pre class=sf-dump id=sf-dump-495254196 data-indent-pad=\"  \">\"<span class=sf-dump-str title=\"13 characters\">192.168.0.102</span>\"
</pre><script>Sfdump(\"sf-dump-495254196\", {\"maxDepth\":3,\"maxStringLength\":160})</script>
","your_location":"<pre class=sf-dump id=sf-dump-1491736765 data-indent-pad=\"  \">\"<span class=sf-dump-str title=\"19 characters\">Kaliningrad, Russia</span>\"
</pre><script>Sfdump(\"sf-dump-1491736765\", {\"maxDepth\":3,\"maxStringLength\":160})</script>
","errors":"<pre class=sf-dump id=sf-dump-701935420 data-indent-pad=\"  \"><span class=sf-dump-note>Illuminate\\Support\\ViewErrorBag</span> {<a class=sf-dump-ref>#2001</a><samp data-depth=1 class=sf-dump-expanded>
  #<span class=sf-dump-protected title=\"Protected property\">bags</span>: []
</samp>}
</pre><script>Sfdump(\"sf-dump-701935420\", {\"maxDepth\":3,\"maxStringLength\":160})</script>
","settings":"<pre class=sf-dump id=sf-dump-758225483 data-indent-pad=\"  \"><span class=sf-dump-note>array:12</span> [<samp data-depth=1 class=sf-dump-expanded>
  \"<span class=sf-dump-key>phone</span>\" => \"<span class=sf-dump-str title=\"12 characters\">+74012313143</span>\"
  \"<span class=sf-dump-key>address</span>\" => \"<span class=sf-dump-str title=\"46 characters\">&#1075;. &#1050;&#1072;&#1083;&#1080;&#1085;&#1080;&#1085;&#1075;&#1088;&#1072;&#1076;, &#1085;&#1072;&#1073;&#1077;&#1088;&#1077;&#1078;&#1085;&#1072;&#1103; &#1055;&#1088;&#1072;&#1074;&#1072;&#1103;, 10, &#1083;&#1080;&#1090;&#1077;&#1088; &#1042;</span>\"
  \"<span class=sf-dump-key>schedule</span>\" => \"<span class=sf-dump-str title=\"89 characters\">&#1055;&#1085;-&#1055;&#1090;: 09:00 - 18:00, &lt;br class=&quot;d-md-none&quot;&gt; &#1055;&#1077;&#1088;&#1077;&#1088;&#1099;&#1074;: 13:00 - 14:00 &lt;br&gt; &#1057;&#1073;, &#1042;&#1089;: &#1042;&#1099;&#1093;&#1086;&#1076;&#1085;&#1086;&#1081;</span>\"
  \"<span class=sf-dump-key>coords</span>\" => \"<span class=sf-dump-str title=\"19 characters\">54.947113,20.159578</span>\"
  \"<span class=sf-dump-key>sitename</span>\" => \"<span class=sf-dump-str title=\"27 characters\">&#1041;&#1072;&#1083;&#1090;&#1080;&#1081;&#1089;&#1082;&#1072;&#1103; &#1090;&#1072;&#1073;&#1072;&#1095;&#1085;&#1072;&#1103; &#1092;&#1072;&#1073;&#1088;&#1080;&#1082;&#1072;</span>\"
  \"<span class=sf-dump-key>email</span>\" => \"<span class=sf-dump-str title=\"20 characters\">sekretar-kd@btf39.su</span>\"
  \"<span class=sf-dump-key>phone2</span>\" => \"<span class=sf-dump-str title=\"12 characters\">+74012313143</span>\"
  \"<span class=sf-dump-key>mobile</span>\" => \"<span class=sf-dump-str title=\"12 characters\">+79114547331</span>\"
  \"<span class=sf-dump-key>brands_count</span>\" => \"<span class=sf-dump-str title=\"2 characters\">15</span>\"
  \"<span class=sf-dump-key>distributors_count</span>\" => \"<span class=sf-dump-str title=\"2 characters\">20</span>\"
  \"<span class=sf-dump-key>years_count</span>\" => \"<span class=sf-dump-str title=\"2 characters\">27</span>\"
  \"<span class=sf-dump-key>employees_count</span>\" => \"<span class=sf-dump-str title=\"3 characters\">245</span>\"
</samp>]
</pre><script>Sfdump(\"sf-dump-758225483\", {\"maxDepth\":3,\"maxStringLength\":160})</script>
","currencySymbol":"<pre class=sf-dump id=sf-dump-2123138050 data-indent-pad=\"  \">\"<span class=sf-dump-str title=\"2 characters\">&#1088;.</span>\"
</pre><script>Sfdump(\"sf-dump-2123138050\", {\"maxDepth\":3,\"maxStringLength\":160})</script>
","currencies":"<pre class=sf-dump id=sf-dump-1863464764 data-indent-pad=\"  \"><span class=sf-dump-note>array:3</span> [<samp data-depth=1 class=sf-dump-expanded>
  \"<span class=sf-dump-key>RUB</span>\" => <span class=\"sf-dump-note sf-dump-ellipsization\" title=\"App\\Models\\Currency
\"><span class=\"sf-dump-ellipsis sf-dump-ellipsis-note\">App\\Models</span><span class=\"sf-dump-ellipsis sf-dump-ellipsis-note\">\\</span><span class=\"sf-dump-ellipsis-tail\">Currency</span></span> {<a class=sf-dump-ref>#2052</a><samp data-depth=2 class=sf-dump-compact>
    #<span class=sf-dump-protected title=\"Protected property\">connection</span>: \"<span class=sf-dump-str title=\"5 characters\">mysql</span>\"
    #<span class=sf-dump-protected title=\"Protected property\">table</span>: \"<span class=sf-dump-str title=\"10 characters\">currencies</span>\"
    #<span class=sf-dump-protected title=\"Protected property\">primaryKey</span>: \"<span class=sf-dump-str title=\"2 characters\">id</span>\"
    #<span class=sf-dump-protected title=\"Protected property\">keyType</span>: \"<span class=sf-dump-str title=\"3 characters\">int</span>\"
    +<span class=sf-dump-public title=\"Public property\">incrementing</span>: <span class=sf-dump-const>true</span>
    #<span class=sf-dump-protected title=\"Protected property\">with</span>: []
    #<span class=sf-dump-protected title=\"Protected property\">withCount</span>: []
    +<span class=sf-dump-public title=\"Public property\">preventsLazyLoading</span>: <span class=sf-dump-const>false</span>
    #<span class=sf-dump-protected title=\"Protected property\">perPage</span>: <span class=sf-dump-num>15</span>
    +<span class=sf-dump-public title=\"Public property\">exists</span>: <span class=sf-dump-const>true</span>
    +<span class=sf-dump-public title=\"Public property\">wasRecentlyCreated</span>: <span class=sf-dump-const>false</span>
    #<span class=sf-dump-protected title=\"Protected property\">escapeWhenCastingToString</span>: <span class=sf-dump-const>false</span>
    #<span class=sf-dump-protected title=\"Protected property\">attributes</span>: <span class=sf-dump-note>array:8</span> [<samp data-depth=3 class=sf-dump-compact>
      \"<span class=sf-dump-key>id</span>\" => <span class=sf-dump-num>1</span>
      \"<span class=sf-dump-key>code</span>\" => \"<span class=sf-dump-str title=\"3 characters\">RUB</span>\"
      \"<span class=sf-dump-key>name</span>\" => \"<span class=sf-dump-str title=\"5 characters\">&#1056;&#1091;&#1073;&#1083;&#1080;</span>\"
      \"<span class=sf-dump-key>symbol</span>\" => \"<span class=sf-dump-str>&#8381;</span>\"
      \"<span class=sf-dump-key>is_main</span>\" => <span class=sf-dump-num>1</span>
      \"<span class=sf-dump-key>rate</span>\" => <span class=sf-dump-num>1.0</span>
      \"<span class=sf-dump-key>created_at</span>\" => <span class=sf-dump-const>null</span>
      \"<span class=sf-dump-key>updated_at</span>\" => \"<span class=sf-dump-str title=\"19 characters\">2024-03-31 12:06:01</span>\"
    </samp>]
    #<span class=sf-dump-protected title=\"Protected property\">original</span>: <span class=sf-dump-note>array:8</span> [<samp data-depth=3 class=sf-dump-compact>
      \"<span class=sf-dump-key>id</span>\" => <span class=sf-dump-num>1</span>
      \"<span class=sf-dump-key>code</span>\" => \"<span class=sf-dump-str title=\"3 characters\">RUB</span>\"
      \"<span class=sf-dump-key>name</span>\" => \"<span class=sf-dump-str title=\"5 characters\">&#1056;&#1091;&#1073;&#1083;&#1080;</span>\"
      \"<span class=sf-dump-key>symbol</span>\" => \"<span class=sf-dump-str>&#8381;</span>\"
      \"<span class=sf-dump-key>is_main</span>\" => <span class=sf-dump-num>1</span>
      \"<span class=sf-dump-key>rate</span>\" => <span class=sf-dump-num>1.0</span>
      \"<span class=sf-dump-key>created_at</span>\" => <span class=sf-dump-const>null</span>
      \"<span class=sf-dump-key>updated_at</span>\" => \"<span class=sf-dump-str title=\"19 characters\">2024-03-31 12:06:01</span>\"
    </samp>]
    #<span class=sf-dump-protected title=\"Protected property\">changes</span>: []
    #<span class=sf-dump-protected title=\"Protected property\">casts</span>: []
    #<span class=sf-dump-protected title=\"Protected property\">classCastCache</span>: []
    #<span class=sf-dump-protected title=\"Protected property\">attributeCastCache</span>: []
    #<span class=sf-dump-protected title=\"Protected property\">dateFormat</span>: <span class=sf-dump-const>null</span>
    #<span class=sf-dump-protected title=\"Protected property\">appends</span>: []
    #<span class=sf-dump-protected title=\"Protected property\">dispatchesEvents</span>: []
    #<span class=sf-dump-protected title=\"Protected property\">observables</span>: []
    #<span class=sf-dump-protected title=\"Protected property\">relations</span>: []
    #<span class=sf-dump-protected title=\"Protected property\">touches</span>: []
    +<span class=sf-dump-public title=\"Public property\">timestamps</span>: <span class=sf-dump-const>true</span>
    +<span class=sf-dump-public title=\"Public property\">usesUniqueIds</span>: <span class=sf-dump-const>false</span>
    #<span class=sf-dump-protected title=\"Protected property\">hidden</span>: []
    #<span class=sf-dump-protected title=\"Protected property\">visible</span>: []
    #<span class=sf-dump-protected title=\"Protected property\">fillable</span>: <span class=sf-dump-note>array:1</span> [<samp data-depth=3 class=sf-dump-compact>
      <span class=sf-dump-index>0</span> => \"<span class=sf-dump-str title=\"4 characters\">rate</span>\"
    </samp>]
    #<span class=sf-dump-protected title=\"Protected property\">guarded</span>: <span class=sf-dump-note>array:1</span> [<samp data-depth=3 class=sf-dump-compact>
      <span class=sf-dump-index>0</span> => \"<span class=sf-dump-str>*</span>\"
    </samp>]
  </samp>}
  \"<span class=sf-dump-key>USD</span>\" => <span class=\"sf-dump-note sf-dump-ellipsization\" title=\"App\\Models\\Currency
\"><span class=\"sf-dump-ellipsis sf-dump-ellipsis-note\">App\\Models</span><span class=\"sf-dump-ellipsis sf-dump-ellipsis-note\">\\</span><span class=\"sf-dump-ellipsis-tail\">Currency</span></span> {<a class=sf-dump-ref>#2054</a><samp data-depth=2 class=sf-dump-compact>
    #<span class=sf-dump-protected title=\"Protected property\">connection</span>: \"<span class=sf-dump-str title=\"5 characters\">mysql</span>\"
    #<span class=sf-dump-protected title=\"Protected property\">table</span>: \"<span class=sf-dump-str title=\"10 characters\">currencies</span>\"
    #<span class=sf-dump-protected title=\"Protected property\">primaryKey</span>: \"<span class=sf-dump-str title=\"2 characters\">id</span>\"
    #<span class=sf-dump-protected title=\"Protected property\">keyType</span>: \"<span class=sf-dump-str title=\"3 characters\">int</span>\"
    +<span class=sf-dump-public title=\"Public property\">incrementing</span>: <span class=sf-dump-const>true</span>
    #<span class=sf-dump-protected title=\"Protected property\">with</span>: []
    #<span class=sf-dump-protected title=\"Protected property\">withCount</span>: []
    +<span class=sf-dump-public title=\"Public property\">preventsLazyLoading</span>: <span class=sf-dump-const>false</span>
    #<span class=sf-dump-protected title=\"Protected property\">perPage</span>: <span class=sf-dump-num>15</span>
    +<span class=sf-dump-public title=\"Public property\">exists</span>: <span class=sf-dump-const>true</span>
    +<span class=sf-dump-public title=\"Public property\">wasRecentlyCreated</span>: <span class=sf-dump-const>false</span>
    #<span class=sf-dump-protected title=\"Protected property\">escapeWhenCastingToString</span>: <span class=sf-dump-const>false</span>
    #<span class=sf-dump-protected title=\"Protected property\">attributes</span>: <span class=sf-dump-note>array:8</span> [<samp data-depth=3 class=sf-dump-compact>
      \"<span class=sf-dump-key>id</span>\" => <span class=sf-dump-num>2</span>
      \"<span class=sf-dump-key>code</span>\" => \"<span class=sf-dump-str title=\"3 characters\">USD</span>\"
      \"<span class=sf-dump-key>name</span>\" => \"<span class=sf-dump-str title=\"7 characters\">&#1044;&#1086;&#1083;&#1083;&#1072;&#1088;&#1099;</span>\"
      \"<span class=sf-dump-key>symbol</span>\" => \"<span class=sf-dump-str>$</span>\"
      \"<span class=sf-dump-key>is_main</span>\" => <span class=sf-dump-num>0</span>
      \"<span class=sf-dump-key>rate</span>\" => <span class=sf-dump-num>0.0108019931</span>
      \"<span class=sf-dump-key>created_at</span>\" => <span class=sf-dump-const>null</span>
      \"<span class=sf-dump-key>updated_at</span>\" => \"<span class=sf-dump-str title=\"19 characters\">2024-03-31 12:56:29</span>\"
    </samp>]
    #<span class=sf-dump-protected title=\"Protected property\">original</span>: <span class=sf-dump-note>array:8</span> [<samp data-depth=3 class=sf-dump-compact>
      \"<span class=sf-dump-key>id</span>\" => <span class=sf-dump-num>2</span>
      \"<span class=sf-dump-key>code</span>\" => \"<span class=sf-dump-str title=\"3 characters\">USD</span>\"
      \"<span class=sf-dump-key>name</span>\" => \"<span class=sf-dump-str title=\"7 characters\">&#1044;&#1086;&#1083;&#1083;&#1072;&#1088;&#1099;</span>\"
      \"<span class=sf-dump-key>symbol</span>\" => \"<span class=sf-dump-str>$</span>\"
      \"<span class=sf-dump-key>is_main</span>\" => <span class=sf-dump-num>0</span>
      \"<span class=sf-dump-key>rate</span>\" => <span class=sf-dump-num>0.0108019931</span>
      \"<span class=sf-dump-key>created_at</span>\" => <span class=sf-dump-const>null</span>
      \"<span class=sf-dump-key>updated_at</span>\" => \"<span class=sf-dump-str title=\"19 characters\">2024-03-31 12:56:29</span>\"
    </samp>]
    #<span class=sf-dump-protected title=\"Protected property\">changes</span>: []
    #<span class=sf-dump-protected title=\"Protected property\">casts</span>: []
    #<span class=sf-dump-protected title=\"Protected property\">classCastCache</span>: []
    #<span class=sf-dump-protected title=\"Protected property\">attributeCastCache</span>: []
    #<span class=sf-dump-protected title=\"Protected property\">dateFormat</span>: <span class=sf-dump-const>null</span>
    #<span class=sf-dump-protected title=\"Protected property\">appends</span>: []
    #<span class=sf-dump-protected title=\"Protected property\">dispatchesEvents</span>: []
    #<span class=sf-dump-protected title=\"Protected property\">observables</span>: []
    #<span class=sf-dump-protected title=\"Protected property\">relations</span>: []
    #<span class=sf-dump-protected title=\"Protected property\">touches</span>: []
    +<span class=sf-dump-public title=\"Public property\">timestamps</span>: <span class=sf-dump-const>true</span>
    +<span class=sf-dump-public title=\"Public property\">usesUniqueIds</span>: <span class=sf-dump-const>false</span>
    #<span class=sf-dump-protected title=\"Protected property\">hidden</span>: []
    #<span class=sf-dump-protected title=\"Protected property\">visible</span>: []
    #<span class=sf-dump-protected title=\"Protected property\">fillable</span>: <span class=sf-dump-note>array:1</span> [<samp data-depth=3 class=sf-dump-compact>
      <span class=sf-dump-index>0</span> => \"<span class=sf-dump-str title=\"4 characters\">rate</span>\"
    </samp>]
    #<span class=sf-dump-protected title=\"Protected property\">guarded</span>: <span class=sf-dump-note>array:1</span> [<samp data-depth=3 class=sf-dump-compact>
      <span class=sf-dump-index>0</span> => \"<span class=sf-dump-str>*</span>\"
    </samp>]
  </samp>}
  \"<span class=sf-dump-key>EUR</span>\" => <span class=\"sf-dump-note sf-dump-ellipsization\" title=\"App\\Models\\Currency
\"><span class=\"sf-dump-ellipsis sf-dump-ellipsis-note\">App\\Models</span><span class=\"sf-dump-ellipsis sf-dump-ellipsis-note\">\\</span><span class=\"sf-dump-ellipsis-tail\">Currency</span></span> {<a class=sf-dump-ref>#2088</a><samp data-depth=2 class=sf-dump-compact>
    #<span class=sf-dump-protected title=\"Protected property\">connection</span>: \"<span class=sf-dump-str title=\"5 characters\">mysql</span>\"
    #<span class=sf-dump-protected title=\"Protected property\">table</span>: \"<span class=sf-dump-str title=\"10 characters\">currencies</span>\"
    #<span class=sf-dump-protected title=\"Protected property\">primaryKey</span>: \"<span class=sf-dump-str title=\"2 characters\">id</span>\"
    #<span class=sf-dump-protected title=\"Protected property\">keyType</span>: \"<span class=sf-dump-str title=\"3 characters\">int</span>\"
    +<span class=sf-dump-public title=\"Public property\">incrementing</span>: <span class=sf-dump-const>true</span>
    #<span class=sf-dump-protected title=\"Protected property\">with</span>: []
    #<span class=sf-dump-protected title=\"Protected property\">withCount</span>: []
    +<span class=sf-dump-public title=\"Public property\">preventsLazyLoading</span>: <span class=sf-dump-const>false</span>
    #<span class=sf-dump-protected title=\"Protected property\">perPage</span>: <span class=sf-dump-num>15</span>
    +<span class=sf-dump-public title=\"Public property\">exists</span>: <span class=sf-dump-const>true</span>
    +<span class=sf-dump-public title=\"Public property\">wasRecentlyCreated</span>: <span class=sf-dump-const>false</span>
    #<span class=sf-dump-protected title=\"Protected property\">escapeWhenCastingToString</span>: <span class=sf-dump-const>false</span>
    #<span class=sf-dump-protected title=\"Protected property\">attributes</span>: <span class=sf-dump-note>array:8</span> [<samp data-depth=3 class=sf-dump-compact>
      \"<span class=sf-dump-key>id</span>\" => <span class=sf-dump-num>3</span>
      \"<span class=sf-dump-key>code</span>\" => \"<span class=sf-dump-str title=\"3 characters\">EUR</span>\"
      \"<span class=sf-dump-key>name</span>\" => \"<span class=sf-dump-str title=\"4 characters\">&#1045;&#1074;&#1088;&#1086;</span>\"
      \"<span class=sf-dump-key>symbol</span>\" => \"<span class=sf-dump-str>&#8364;</span>\"
      \"<span class=sf-dump-key>is_main</span>\" => <span class=sf-dump-num>0</span>
      \"<span class=sf-dump-key>rate</span>\" => <span class=sf-dump-num>0.0100045918</span>
      \"<span class=sf-dump-key>created_at</span>\" => <span class=sf-dump-const>null</span>
      \"<span class=sf-dump-key>updated_at</span>\" => \"<span class=sf-dump-str title=\"19 characters\">2024-03-31 12:56:29</span>\"
    </samp>]
    #<span class=sf-dump-protected title=\"Protected property\">original</span>: <span class=sf-dump-note>array:8</span> [<samp data-depth=3 class=sf-dump-compact>
      \"<span class=sf-dump-key>id</span>\" => <span class=sf-dump-num>3</span>
      \"<span class=sf-dump-key>code</span>\" => \"<span class=sf-dump-str title=\"3 characters\">EUR</span>\"
      \"<span class=sf-dump-key>name</span>\" => \"<span class=sf-dump-str title=\"4 characters\">&#1045;&#1074;&#1088;&#1086;</span>\"
      \"<span class=sf-dump-key>symbol</span>\" => \"<span class=sf-dump-str>&#8364;</span>\"
      \"<span class=sf-dump-key>is_main</span>\" => <span class=sf-dump-num>0</span>
      \"<span class=sf-dump-key>rate</span>\" => <span class=sf-dump-num>0.0100045918</span>
      \"<span class=sf-dump-key>created_at</span>\" => <span class=sf-dump-const>null</span>
      \"<span class=sf-dump-key>updated_at</span>\" => \"<span class=sf-dump-str title=\"19 characters\">2024-03-31 12:56:29</span>\"
    </samp>]
    #<span class=sf-dump-protected title=\"Protected property\">changes</span>: []
    #<span class=sf-dump-protected title=\"Protected property\">casts</span>: []
    #<span class=sf-dump-protected title=\"Protected property\">classCastCache</span>: []
    #<span class=sf-dump-protected title=\"Protected property\">attributeCastCache</span>: []
    #<span class=sf-dump-protected title=\"Protected property\">dateFormat</span>: <span class=sf-dump-const>null</span>
    #<span class=sf-dump-protected title=\"Protected property\">appends</span>: []
    #<span class=sf-dump-protected title=\"Protected property\">dispatchesEvents</span>: []
    #<span class=sf-dump-protected title=\"Protected property\">observables</span>: []
    #<span class=sf-dump-protected title=\"Protected property\">relations</span>: []
    #<span class=sf-dump-protected title=\"Protected property\">touches</span>: []
    +<span class=sf-dump-public title=\"Public property\">timestamps</span>: <span class=sf-dump-const>true</span>
    +<span class=sf-dump-public title=\"Public property\">usesUniqueIds</span>: <span class=sf-dump-const>false</span>
    #<span class=sf-dump-protected title=\"Protected property\">hidden</span>: []
    #<span class=sf-dump-protected title=\"Protected property\">visible</span>: []
    #<span class=sf-dump-protected title=\"Protected property\">fillable</span>: <span class=sf-dump-note>array:1</span> [<samp data-depth=3 class=sf-dump-compact>
      <span class=sf-dump-index>0</span> => \"<span class=sf-dump-str title=\"4 characters\">rate</span>\"
    </samp>]
    #<span class=sf-dump-protected title=\"Protected property\">guarded</span>: <span class=sf-dump-note>array:1</span> [<samp data-depth=3 class=sf-dump-compact>
      <span class=sf-dump-index>0</span> => \"<span class=sf-dump-str>*</span>\"
    </samp>]
  </samp>}
</samp>]
</pre><script>Sfdump(\"sf-dump-1863464764\", {\"maxDepth\":3,\"maxStringLength\":160})</script>
"}},"userId":1,"exception":"[object] (Spatie\\LaravelIgnition\\Exceptions\\ViewException(code: 0): include(/Users/aleksandr/projects/btf/vendor/composer/../../app/Models/Role.php): Failed to open stream: No such file or directory at /Users/aleksandr/projects/btf/vendor/composer/ClassLoader.php:576)
[stacktrace]
#0 /Users/aleksandr/projects/btf/vendor/laravel/framework/src/Illuminate/Foundation/Bootstrap/HandleExceptions.php(256): Illuminate\\Foundation\\Bootstrap\\HandleExceptions->handleError(2, 'include(/Users/...', '/Users/aleksand...', 576)
#1 /Users/aleksandr/projects/btf/vendor/composer/ClassLoader.php(576): Illuminate\\Foundation\\Bootstrap\\HandleExceptions->Illuminate\\Foundation\\Bootstrap\\{closure}(2, 'include(/Users/...', '/Users/aleksand...', 576)
#2 /Users/aleksandr/projects/btf/vendor/composer/ClassLoader.php(576): include('/Users/aleksand...')
#3 /Users/aleksandr/projects/btf/vendor/composer/ClassLoader.php(427): Composer\\Autoload\\{closure}('/Users/aleksand...')
#4 /Users/aleksandr/projects/btf/vendor/laravel/framework/src/Illuminate/Database/Eloquent/Concerns/HasRelationships.php(859): Composer\\Autoload\\ClassLoader->loadClass('App\\\\Models\\\\Role')
#5 /Users/aleksandr/projects/btf/vendor/laravel/framework/src/Illuminate/Database/Eloquent/Concerns/HasRelationships.php(578): Illuminate\\Database\\Eloquent\\Model->newRelatedInstance('App\\\\Models\\\\Role')
#6 /Users/aleksandr/projects/btf/app/Models/User.php(105): Illuminate\\Database\\Eloquent\\Model->belongsToMany('App\\\\Models\\\\Role')
#7 /Users/aleksandr/projects/btf/vendor/laravel/framework/src/Illuminate/Database/Eloquent/Builder.php(876): App\\Models\\User->roles()
#8 /Users/aleksandr/projects/btf/vendor/laravel/framework/src/Illuminate/Database/Eloquent/Relations/Relation.php(120): Illuminate\\Database\\Eloquent\\Builder->Illuminate\\Database\\Eloquent\\{closure}()
#9 /Users/aleksandr/projects/btf/vendor/laravel/framework/src/Illuminate/Database/Eloquent/Builder.php(874): Illuminate\\Database\\Eloquent\\Relations\\Relation::noConstraints(Object(Closure))
#10 /Users/aleksandr/projects/btf/vendor/laravel/framework/src/Illuminate/Database/Eloquent/Builder.php(848): Illuminate\\Database\\Eloquent\\Builder->getRelation('roles')
#11 /Users/aleksandr/projects/btf/vendor/laravel/framework/src/Illuminate/Database/Eloquent/Builder.php(828): Illuminate\\Database\\Eloquent\\Builder->eagerLoadRelation(Array, 'roles', Object(Closure))
#12 /Users/aleksandr/projects/btf/vendor/laravel/framework/src/Illuminate/Database/Eloquent/Collection.php(99): Illuminate\\Database\\Eloquent\\Builder->eagerLoadRelations(Array)
#13 /Users/aleksandr/projects/btf/vendor/laravel/framework/src/Illuminate/Database/Eloquent/Collection.php(268): Illuminate\\Database\\Eloquent\\Collection->load(Array)
#14 /Users/aleksandr/projects/btf/vendor/laravel/framework/src/Illuminate/Database/Eloquent/Collection.php(245): Illuminate\\Database\\Eloquent\\Collection->loadMissingRelation(Object(Illuminate\\Database\\Eloquent\\Collection), Array)
#15 /Users/aleksandr/projects/btf/vendor/laravel/framework/src/Illuminate/Database/Eloquent/Model.php(759): Illuminate\\Database\\Eloquent\\Collection->loadMissing(Array)
#16 /Users/aleksandr/projects/btf/vendor/spatie/laravel-permission/src/Traits/HasRoles.php(241): Illuminate\\Database\\Eloquent\\Model->loadMissing(Array)
#17 /Users/aleksandr/projects/btf/vendor/spatie/laravel-permission/src/Traits/HasPermissions.php(314): App\\Models\\User->hasRole(Object(Illuminate\\Database\\Eloquent\\Collection))
#18 /Users/aleksandr/projects/btf/vendor/spatie/laravel-permission/src/Traits/HasPermissions.php(217): App\\Models\\User->hasPermissionViaRole(Object(Spatie\\Permission\\Models\\Permission))
#19 /Users/aleksandr/projects/btf/vendor/spatie/laravel-permission/src/Traits/HasPermissions.php(263): App\\Models\\User->hasPermissionTo(Object(Spatie\\Permission\\Models\\Permission), NULL)
#20 /Users/aleksandr/projects/btf/vendor/spatie/laravel-permission/src/PermissionRegistrar.php(128): App\\Models\\User->checkPermissionTo('view merchants', NULL)
#21 /Users/aleksandr/projects/btf/vendor/laravel/framework/src/Illuminate/Auth/Access/Gate.php(571): Spatie\\Permission\\PermissionRegistrar->Spatie\\Permission\\{closure}(Object(App\\Models\\User), 'view merchants', Array)
#22 /Users/aleksandr/projects/btf/vendor/laravel/framework/src/Illuminate/Auth/Access/Gate.php(443): Illuminate\\Auth\\Access\\Gate->callBeforeCallbacks(Object(App\\Models\\User), 'view merchants', Array)
#23 /Users/aleksandr/projects/btf/vendor/laravel/framework/src/Illuminate/Auth/Access/Gate.php(411): Illuminate\\Auth\\Access\\Gate->raw('view merchants', Array)
#24 /Users/aleksandr/projects/btf/vendor/laravel/framework/src/Illuminate/Auth/Access/Gate.php(359): Illuminate\\Auth\\Access\\Gate->inspect('view merchants', Array)
#25 /Users/aleksandr/projects/btf/vendor/laravel/framework/src/Illuminate/Collections/Traits/EnumeratesValues.php(298): Illuminate\\Auth\\Access\\Gate->Illuminate\\Auth\\Access\\{closure}('view merchants', 0)
#26 /Users/aleksandr/projects/btf/vendor/laravel/framework/src/Illuminate/Auth/Access/Gate.php(358): Illuminate\\Support\\Collection->every(Object(Closure))
#27 /Users/aleksandr/projects/btf/resources/views/backend/partials/navbar.blade.php(137): Illuminate\\Auth\\Access\\Gate->check('view merchants')
#28 /Users/aleksandr/projects/btf/vendor/laravel/framework/src/Illuminate/Filesystem/Filesystem.php(123): require('/Users/aleksand...')
#29 /Users/aleksandr/projects/btf/vendor/laravel/framework/src/Illuminate/Filesystem/Filesystem.php(124): Illuminate\\Filesystem\\Filesystem::Illuminate\\Filesystem\\{closure}()
#30 /Users/aleksandr/projects/btf/vendor/laravel/framework/src/Illuminate/View/Engines/PhpEngine.php(58): Illuminate\\Filesystem\\Filesystem->getRequire('/Users/aleksand...', Array)
#31 /Users/aleksandr/projects/btf/vendor/laravel/framework/src/Illuminate/View/Engines/CompilerEngine.php(75): Illuminate\\View\\Engines\\PhpEngine->evaluatePath('/Users/aleksand...', Array)
#32 /Users/aleksandr/projects/btf/vendor/laravel/framework/src/Illuminate/View/View.php(209): Illuminate\\View\\Engines\\CompilerEngine->get('/Users/aleksand...', Array)
#33 /Users/aleksandr/projects/btf/vendor/laravel/framework/src/Illuminate/View/View.php(192): Illuminate\\View\\View->getContents()
#34 /Users/aleksandr/projects/btf/vendor/laravel/framework/src/Illuminate/View/View.php(161): Illuminate\\View\\View->renderContents()
#35 /Users/aleksandr/projects/btf/resources/views/backend/app.blade.php(10): Illuminate\\View\\View->render()
#36 /Users/aleksandr/projects/btf/vendor/laravel/framework/src/Illuminate/Filesystem/Filesystem.php(123): require('/Users/aleksand...')
#37 /Users/aleksandr/projects/btf/vendor/laravel/framework/src/Illuminate/Filesystem/Filesystem.php(124): Illuminate\\Filesystem\\Filesystem::Illuminate\\Filesystem\\{closure}()
#38 /Users/aleksandr/projects/btf/vendor/laravel/framework/src/Illuminate/View/Engines/PhpEngine.php(58): Illuminate\\Filesystem\\Filesystem->getRequire('/Users/aleksand...', Array)
#39 /Users/aleksandr/projects/btf/vendor/laravel/framework/src/Illuminate/View/Engines/CompilerEngine.php(75): Illuminate\\View\\Engines\\PhpEngine->evaluatePath('/Users/aleksand...', Array)
#40 /Users/aleksandr/projects/btf/vendor/laravel/framework/src/Illuminate/View/View.php(209): Illuminate\\View\\Engines\\CompilerEngine->get('/Users/aleksand...', Array)
#41 /Users/aleksandr/projects/btf/vendor/laravel/framework/src/Illuminate/View/View.php(192): Illuminate\\View\\View->getContents()
#42 /Users/aleksandr/projects/btf/vendor/laravel/framework/src/Illuminate/View/View.php(161): Illuminate\\View\\View->renderContents()
#43 /Users/aleksandr/projects/btf/vendor/laravel/framework/src/Illuminate/Http/Response.php(79): Illuminate\\View\\View->render()
#44 /Users/aleksandr/projects/btf/vendor/laravel/framework/src/Illuminate/Http/Response.php(35): Illuminate\\Http\\Response->setContent(Object(Illuminate\\View\\View))
#45 /Users/aleksandr/projects/btf/vendor/laravel/framework/src/Illuminate/Routing/Router.php(920): Illuminate\\Http\\Response->__construct(Object(Illuminate\\View\\View), 200, Array)
#46 /Users/aleksandr/projects/btf/vendor/laravel/framework/src/Illuminate/Routing/Router.php(887): Illuminate\\Routing\\Router::toResponse(Object(Illuminate\\Http\\Request), Object(Illuminate\\View\\View))
#47 /Users/aleksandr/projects/btf/vendor/laravel/framework/src/Illuminate/Routing/Router.php(807): Illuminate\\Routing\\Router->prepareResponse(Object(Illuminate\\Http\\Request), Object(Illuminate\\View\\View))
#48 /Users/aleksandr/projects/btf/vendor/laravel/framework/src/Illuminate/Pipeline/Pipeline.php(170): Illuminate\\Routing\\Router->Illuminate\\Routing\\{closure}(Object(Illuminate\\Http\\Request))
#49 /Users/aleksandr/projects/btf/vendor/barryvdh/laravel-debugbar/src/Middleware/InjectDebugbar.php(66): Illuminate\\Pipeline\\Pipeline->Illuminate\\Pipeline\\{closure}(Object(Illuminate\\Http\\Request))
#50 /Users/aleksandr/projects/btf/vendor/laravel/framework/src/Illuminate/Pipeline/Pipeline.php(209): Barryvdh\\Debugbar\\Middleware\\InjectDebugbar->handle(Object(Illuminate\\Http\\Request), Object(Closure))
#51 /Users/aleksandr/projects/btf/app/Http/Middleware/UserActivity.php(20): Illuminate\\Pipeline\\Pipeline->Illuminate\\Pipeline\\{closure}(Object(Illuminate\\Http\\Request))
#52 /Users/aleksandr/projects/btf/vendor/laravel/framework/src/Illuminate/Pipeline/Pipeline.php(209): App\\Http\\Middleware\\UserActivity->handle(Object(Illuminate\\Http\\Request), Object(Closure))
#53 /Users/aleksandr/projects/btf/app/Http/Middleware/SetLocale.php(51): Illuminate\\Pipeline\\Pipeline->Illuminate\\Pipeline\\{closure}(Object(Illuminate\\Http\\Request))
#54 /Users/aleksandr/projects/btf/vendor/laravel/framework/src/Illuminate/Pipeline/Pipeline.php(209): App\\Http\\Middleware\\SetLocale->handle(Object(Illuminate\\Http\\Request), Object(Closure))
#55 /Users/aleksandr/projects/btf/vendor/erlandmuchasaj/laravel-gzip/src/Middleware/GzipEncodeResponse.php(19): Illuminate\\Pipeline\\Pipeline->Illuminate\\Pipeline\\{closure}(Object(Illuminate\\Http\\Request))
#56 /Users/aleksandr/projects/btf/vendor/laravel/framework/src/Illuminate/Pipeline/Pipeline.php(209): ErlandMuchasaj\\LaravelGzip\\Middleware\\GzipEncodeResponse->handle(Object(Illuminate\\Http\\Request), Object(Closure))
#57 /Users/aleksandr/projects/btf/vendor/laravel/framework/src/Illuminate/Routing/Middleware/SubstituteBindings.php(51): Illuminate\\Pipeline\\Pipeline->Illuminate\\Pipeline\\{closure}(Object(Illuminate\\Http\\Request))
#58 /Users/aleksandr/projects/btf/vendor/laravel/framework/src/Illuminate/Pipeline/Pipeline.php(209): Illuminate\\Routing\\Middleware\\SubstituteBindings->handle(Object(Illuminate\\Http\\Request), Object(Closure))
#59 /Users/aleksandr/projects/btf/vendor/laravel/framework/src/Illuminate/Auth/Middleware/Authenticate.php(64): Illuminate\\Pipeline\\Pipeline->Illuminate\\Pipeline\\{closure}(Object(Illuminate\\Http\\Request))
#60 /Users/aleksandr/projects/btf/vendor/laravel/framework/src/Illuminate/Pipeline/Pipeline.php(209): Illuminate\\Auth\\Middleware\\Authenticate->handle(Object(Illuminate\\Http\\Request), Object(Closure))
#61 /Users/aleksandr/projects/btf/vendor/laravel/framework/src/Illuminate/Foundation/Http/Middleware/VerifyCsrfToken.php(88): Illuminate\\Pipeline\\Pipeline->Illuminate\\Pipeline\\{closure}(Object(Illuminate\\Http\\Request))
#62 /Users/aleksandr/projects/btf/vendor/laravel/framework/src/Illuminate/Pipeline/Pipeline.php(209): Illuminate\\Foundation\\Http\\Middleware\\VerifyCsrfToken->handle(Object(Illuminate\\Http\\Request), Object(Closure))
#63 /Users/aleksandr/projects/btf/vendor/laravel/framework/src/Illuminate/View/Middleware/ShareErrorsFromSession.php(49): Illuminate\\Pipeline\\Pipeline->Illuminate\\Pipeline\\{closure}(Object(Illuminate\\Http\\Request))
#64 /Users/aleksandr/projects/btf/vendor/laravel/framework/src/Illuminate/Pipeline/Pipeline.php(209): Illuminate\\View\\Middleware\\ShareErrorsFromSession->handle(Object(Illuminate\\Http\\Request), Object(Closure))
#65 /Users/aleksandr/projects/btf/vendor/laravel/framework/src/Illuminate/Session/Middleware/StartSession.php(121): Illuminate\\Pipeline\\Pipeline->Illuminate\\Pipeline\\{closure}(Object(Illuminate\\Http\\Request))
#66 /Users/aleksandr/projects/btf/vendor/laravel/framework/src/Illuminate/Session/Middleware/StartSession.php(64): Illuminate\\Session\\Middleware\\StartSession->handleStatefulRequest(Object(Illuminate\\Http\\Request), Object(Illuminate\\Session\\Store), Object(Closure))
#67 /Users/aleksandr/projects/btf/vendor/laravel/framework/src/Illuminate/Pipeline/Pipeline.php(209): Illuminate\\Session\\Middleware\\StartSession->handle(Object(Illuminate\\Http\\Request), Object(Closure))
#68 /Users/aleksandr/projects/btf/vendor/laravel/framework/src/Illuminate/Cookie/Middleware/AddQueuedCookiesToResponse.php(37): Illuminate\\Pipeline\\Pipeline->Illuminate\\Pipeline\\{closure}(Object(Illuminate\\Http\\Request))
#69 /Users/aleksandr/projects/btf/vendor/laravel/framework/src/Illuminate/Pipeline/Pipeline.php(209): Illuminate\\Cookie\\Middleware\\AddQueuedCookiesToResponse->handle(Object(Illuminate\\Http\\Request), Object(Closure))
#70 /Users/aleksandr/projects/btf/vendor/laravel/framework/src/Illuminate/Cookie/Middleware/EncryptCookies.php(75): Illuminate\\Pipeline\\Pipeline->Illuminate\\Pipeline\\{closure}(Object(Illuminate\\Http\\Request))
#71 /Users/aleksandr/projects/btf/vendor/laravel/framework/src/Illuminate/Pipeline/Pipeline.php(209): Illuminate\\Cookie\\Middleware\\EncryptCookies->handle(Object(Illuminate\\Http\\Request), Object(Closure))
#72 /Users/aleksandr/projects/btf/vendor/laravel/framework/src/Illuminate/Pipeline/Pipeline.php(127): Illuminate\\Pipeline\\Pipeline->Illuminate\\Pipeline\\{closure}(Object(Illuminate\\Http\\Request))
#73 /Users/aleksandr/projects/btf/vendor/laravel/framework/src/Illuminate/Routing/Router.php(807): Illuminate\\Pipeline\\Pipeline->then(Object(Closure))
#74 /Users/aleksandr/projects/btf/vendor/laravel/framework/src/Illuminate/Routing/Router.php(786): Illuminate\\Routing\\Router->runRouteWithinStack(Object(Illuminate\\Routing\\Route), Object(Illuminate\\Http\\Request))
#75 /Users/aleksandr/projects/btf/vendor/laravel/framework/src/Illuminate/Routing/Router.php(750): Illuminate\\Routing\\Router->runRoute(Object(Illuminate\\Http\\Request), Object(Illuminate\\Routing\\Route))
#76 /Users/aleksandr/projects/btf/vendor/laravel/framework/src/Illuminate/Routing/Router.php(739): Illuminate\\Routing\\Router->dispatchToRoute(Object(Illuminate\\Http\\Request))
#77 /Users/aleksandr/projects/btf/vendor/laravel/framework/src/Illuminate/Foundation/Http/Kernel.php(201): Illuminate\\Routing\\Router->dispatch(Object(Illuminate\\Http\\Request))
#78 /Users/aleksandr/projects/btf/vendor/laravel/framework/src/Illuminate/Pipeline/Pipeline.php(170): Illuminate\\Foundation\\Http\\Kernel->Illuminate\\Foundation\\Http\\{closure}(Object(Illuminate\\Http\\Request))
#79 /Users/aleksandr/projects/btf/vendor/barryvdh/laravel-debugbar/src/Middleware/InjectDebugbar.php(66): Illuminate\\Pipeline\\Pipeline->Illuminate\\Pipeline\\{closure}(Object(Illuminate\\Http\\Request))
#80 /Users/aleksandr/projects/btf/vendor/laravel/framework/src/Illuminate/Pipeline/Pipeline.php(209): Barryvdh\\Debugbar\\Middleware\\InjectDebugbar->handle(Object(Illuminate\\Http\\Request), Object(Closure))
#81 /Users/aleksandr/projects/btf/vendor/laravel/framework/src/Illuminate/Foundation/Http/Middleware/TransformsRequest.php(21): Illuminate\\Pipeline\\Pipeline->Illuminate\\Pipeline\\{closure}(Object(Illuminate\\Http\\Request))
#82 /Users/aleksandr/projects/btf/vendor/laravel/framework/src/Illuminate/Foundation/Http/Middleware/ConvertEmptyStringsToNull.php(31): Illuminate\\Foundation\\Http\\Middleware\\TransformsRequest->handle(Object(Illuminate\\Http\\Request), Object(Closure))
#83 /Users/aleksandr/projects/btf/vendor/laravel/framework/src/Illuminate/Pipeline/Pipeline.php(209): Illuminate\\Foundation\\Http\\Middleware\\ConvertEmptyStringsToNull->handle(Object(Illuminate\\Http\\Request), Object(Closure))
#84 /Users/aleksandr/projects/btf/vendor/laravel/framework/src/Illuminate/Foundation/Http/Middleware/TransformsRequest.php(21): Illuminate\\Pipeline\\Pipeline->Illuminate\\Pipeline\\{closure}(Object(Illuminate\\Http\\Request))
#85 /Users/aleksandr/projects/btf/vendor/laravel/framework/src/Illuminate/Foundation/Http/Middleware/TrimStrings.php(51): Illuminate\\Foundation\\Http\\Middleware\\TransformsRequest->handle(Object(Illuminate\\Http\\Request), Object(Closure))
#86 /Users/aleksandr/projects/btf/vendor/laravel/framework/src/Illuminate/Pipeline/Pipeline.php(209): Illuminate\\Foundation\\Http\\Middleware\\TrimStrings->handle(Object(Illuminate\\Http\\Request), Object(Closure))
#87 /Users/aleksandr/projects/btf/vendor/laravel/framework/src/Illuminate/Http/Middleware/ValidatePostSize.php(27): Illuminate\\Pipeline\\Pipeline->Illuminate\\Pipeline\\{closure}(Object(Illuminate\\Http\\Request))
#88 /Users/aleksandr/projects/btf/vendor/laravel/framework/src/Illuminate/Pipeline/Pipeline.php(209): Illuminate\\Http\\Middleware\\ValidatePostSize->handle(Object(Illuminate\\Http\\Request), Object(Closure))
#89 /Users/aleksandr/projects/btf/vendor/laravel/framework/src/Illuminate/Foundation/Http/Middleware/PreventRequestsDuringMaintenance.php(110): Illuminate\\Pipeline\\Pipeline->Illuminate\\Pipeline\\{closure}(Object(Illuminate\\Http\\Request))
#90 /Users/aleksandr/projects/btf/vendor/laravel/framework/src/Illuminate/Pipeline/Pipeline.php(209): Illuminate\\Foundation\\Http\\Middleware\\PreventRequestsDuringMaintenance->handle(Object(Illuminate\\Http\\Request), Object(Closure))
#91 /Users/aleksandr/projects/btf/vendor/laravel/framework/src/Illuminate/Http/Middleware/HandleCors.php(49): Illuminate\\Pipeline\\Pipeline->Illuminate\\Pipeline\\{closure}(Object(Illuminate\\Http\\Request))
#92 /Users/aleksandr/projects/btf/vendor/laravel/framework/src/Illuminate/Pipeline/Pipeline.php(209): Illuminate\\Http\\Middleware\\HandleCors->handle(Object(Illuminate\\Http\\Request), Object(Closure))
#93 /Users/aleksandr/projects/btf/vendor/laravel/framework/src/Illuminate/Http/Middleware/TrustProxies.php(58): Illuminate\\Pipeline\\Pipeline->Illuminate\\Pipeline\\{closure}(Object(Illuminate\\Http\\Request))
#94 /Users/aleksandr/projects/btf/vendor/laravel/framework/src/Illuminate/Pipeline/Pipeline.php(209): Illuminate\\Http\\Middleware\\TrustProxies->handle(Object(Illuminate\\Http\\Request), Object(Closure))
#95 /Users/aleksandr/projects/btf/vendor/laravel/framework/src/Illuminate/Pipeline/Pipeline.php(127): Illuminate\\Pipeline\\Pipeline->Illuminate\\Pipeline\\{closure}(Object(Illuminate\\Http\\Request))
#96 /Users/aleksandr/projects/btf/vendor/laravel/framework/src/Illuminate/Foundation/Http/Kernel.php(176): Illuminate\\Pipeline\\Pipeline->then(Object(Closure))
#97 /Users/aleksandr/projects/btf/vendor/laravel/framework/src/Illuminate/Foundation/Http/Kernel.php(145): Illuminate\\Foundation\\Http\\Kernel->sendRequestThroughRouter(Object(Illuminate\\Http\\Request))
#98 /Users/aleksandr/projects/btf/public/index.php(50): Illuminate\\Foundation\\Http\\Kernel->handle(Object(Illuminate\\Http\\Request))
#99 /Users/aleksandr/projects/btf/vendor/laravel/framework/src/Illuminate/Foundation/resources/server.php(23): require_once('/Users/aleksand...')
#100 {main}

[previous exception] [object] (ErrorException(code: 0): include(/Users/aleksandr/projects/btf/vendor/composer/../../app/Models/Role.php): Failed to open stream: No such file or directory at /Users/aleksandr/projects/btf/vendor/composer/ClassLoader.php:576)
[stacktrace]
#0 /Users/aleksandr/projects/btf/vendor/laravel/framework/src/Illuminate/Foundation/Bootstrap/HandleExceptions.php(256): Illuminate\\Foundation\\Bootstrap\\HandleExceptions->handleError(2, 'include(/Users/...', '/Users/aleksand...', 576)
#1 /Users/aleksandr/projects/btf/vendor/composer/ClassLoader.php(576): Illuminate\\Foundation\\Bootstrap\\HandleExceptions->Illuminate\\Foundation\\Bootstrap\\{closure}(2, 'include(/Users/...', '/Users/aleksand...', 576)
#2 /Users/aleksandr/projects/btf/vendor/composer/ClassLoader.php(576): include('/Users/aleksand...')
#3 /Users/aleksandr/projects/btf/vendor/composer/ClassLoader.php(427): Composer\\Autoload\\{closure}('/Users/aleksand...')
#4 /Users/aleksandr/projects/btf/vendor/laravel/framework/src/Illuminate/Database/Eloquent/Concerns/HasRelationships.php(859): Composer\\Autoload\\ClassLoader->loadClass('App\\\\Models\\\\Role')
#5 /Users/aleksandr/projects/btf/vendor/laravel/framework/src/Illuminate/Database/Eloquent/Concerns/HasRelationships.php(578): Illuminate\\Database\\Eloquent\\Model->newRelatedInstance('App\\\\Models\\\\Role')
#6 /Users/aleksandr/projects/btf/app/Models/User.php(105): Illuminate\\Database\\Eloquent\\Model->belongsToMany('App\\\\Models\\\\Role')
#7 /Users/aleksandr/projects/btf/vendor/laravel/framework/src/Illuminate/Database/Eloquent/Builder.php(876): App\\Models\\User->roles()
#8 /Users/aleksandr/projects/btf/vendor/laravel/framework/src/Illuminate/Database/Eloquent/Relations/Relation.php(120): Illuminate\\Database\\Eloquent\\Builder->Illuminate\\Database\\Eloquent\\{closure}()
#9 /Users/aleksandr/projects/btf/vendor/laravel/framework/src/Illuminate/Database/Eloquent/Builder.php(874): Illuminate\\Database\\Eloquent\\Relations\\Relation::noConstraints(Object(Closure))
#10 /Users/aleksandr/projects/btf/vendor/laravel/framework/src/Illuminate/Database/Eloquent/Builder.php(848): Illuminate\\Database\\Eloquent\\Builder->getRelation('roles')
#11 /Users/aleksandr/projects/btf/vendor/laravel/framework/src/Illuminate/Database/Eloquent/Builder.php(828): Illuminate\\Database\\Eloquent\\Builder->eagerLoadRelation(Array, 'roles', Object(Closure))
#12 /Users/aleksandr/projects/btf/vendor/laravel/framework/src/Illuminate/Database/Eloquent/Collection.php(99): Illuminate\\Database\\Eloquent\\Builder->eagerLoadRelations(Array)
#13 /Users/aleksandr/projects/btf/vendor/laravel/framework/src/Illuminate/Database/Eloquent/Collection.php(268): Illuminate\\Database\\Eloquent\\Collection->load(Array)
#14 /Users/aleksandr/projects/btf/vendor/laravel/framework/src/Illuminate/Database/Eloquent/Collection.php(245): Illuminate\\Database\\Eloquent\\Collection->loadMissingRelation(Object(Illuminate\\Database\\Eloquent\\Collection), Array)
#15 /Users/aleksandr/projects/btf/vendor/laravel/framework/src/Illuminate/Database/Eloquent/Model.php(759): Illuminate\\Database\\Eloquent\\Collection->loadMissing(Array)
#16 /Users/aleksandr/projects/btf/vendor/spatie/laravel-permission/src/Traits/HasRoles.php(241): Illuminate\\Database\\Eloquent\\Model->loadMissing(Array)
#17 /Users/aleksandr/projects/btf/vendor/spatie/laravel-permission/src/Traits/HasPermissions.php(314): App\\Models\\User->hasRole(Object(Illuminate\\Database\\Eloquent\\Collection))
#18 /Users/aleksandr/projects/btf/vendor/spatie/laravel-permission/src/Traits/HasPermissions.php(217): App\\Models\\User->hasPermissionViaRole(Object(Spatie\\Permission\\Models\\Permission))
#19 /Users/aleksandr/projects/btf/vendor/spatie/laravel-permission/src/Traits/HasPermissions.php(263): App\\Models\\User->hasPermissionTo(Object(Spatie\\Permission\\Models\\Permission), NULL)
#20 /Users/aleksandr/projects/btf/vendor/spatie/laravel-permission/src/PermissionRegistrar.php(128): App\\Models\\User->checkPermissionTo('view merchants', NULL)
#21 /Users/aleksandr/projects/btf/vendor/laravel/framework/src/Illuminate/Auth/Access/Gate.php(571): Spatie\\Permission\\PermissionRegistrar->Spatie\\Permission\\{closure}(Object(App\\Models\\User), 'view merchants', Array)
#22 /Users/aleksandr/projects/btf/vendor/laravel/framework/src/Illuminate/Auth/Access/Gate.php(443): Illuminate\\Auth\\Access\\Gate->callBeforeCallbacks(Object(App\\Models\\User), 'view merchants', Array)
#23 /Users/aleksandr/projects/btf/vendor/laravel/framework/src/Illuminate/Auth/Access/Gate.php(411): Illuminate\\Auth\\Access\\Gate->raw('view merchants', Array)
#24 /Users/aleksandr/projects/btf/vendor/laravel/framework/src/Illuminate/Auth/Access/Gate.php(359): Illuminate\\Auth\\Access\\Gate->inspect('view merchants', Array)
#25 /Users/aleksandr/projects/btf/vendor/laravel/framework/src/Illuminate/Collections/Traits/EnumeratesValues.php(298): Illuminate\\Auth\\Access\\Gate->Illuminate\\Auth\\Access\\{closure}('view merchants', 0)
#26 /Users/aleksandr/projects/btf/vendor/laravel/framework/src/Illuminate/Auth/Access/Gate.php(358): Illuminate\\Support\\Collection->every(Object(Closure))
#27 /Users/aleksandr/projects/btf/storage/framework/views/31370125c42d70647b2da912d400819b.php(128): Illuminate\\Auth\\Access\\Gate->check('view merchants')
#28 /Users/aleksandr/projects/btf/vendor/laravel/framework/src/Illuminate/Filesystem/Filesystem.php(123): require('/Users/aleksand...')
#29 /Users/aleksandr/projects/btf/vendor/laravel/framework/src/Illuminate/Filesystem/Filesystem.php(124): Illuminate\\Filesystem\\Filesystem::Illuminate\\Filesystem\\{closure}()
#30 /Users/aleksandr/projects/btf/vendor/laravel/framework/src/Illuminate/View/Engines/PhpEngine.php(58): Illuminate\\Filesystem\\Filesystem->getRequire('/Users/aleksand...', Array)
#31 /Users/aleksandr/projects/btf/vendor/laravel/framework/src/Illuminate/View/Engines/CompilerEngine.php(75): Illuminate\\View\\Engines\\PhpEngine->evaluatePath('/Users/aleksand...', Array)
#32 /Users/aleksandr/projects/btf/vendor/laravel/framework/src/Illuminate/View/View.php(209): Illuminate\\View\\Engines\\CompilerEngine->get('/Users/aleksand...', Array)
#33 /Users/aleksandr/projects/btf/vendor/laravel/framework/src/Illuminate/View/View.php(192): Illuminate\\View\\View->getContents()
#34 /Users/aleksandr/projects/btf/vendor/laravel/framework/src/Illuminate/View/View.php(161): Illuminate\\View\\View->renderContents()
#35 /Users/aleksandr/projects/btf/storage/framework/views/764c61709ea29d27eb928f0088b73eec.php(8): Illuminate\\View\\View->render()
#36 /Users/aleksandr/projects/btf/vendor/laravel/framework/src/Illuminate/Filesystem/Filesystem.php(123): require('/Users/aleksand...')
#37 /Users/aleksandr/projects/btf/vendor/laravel/framework/src/Illuminate/Filesystem/Filesystem.php(124): Illuminate\\Filesystem\\Filesystem::Illuminate\\Filesystem\\{closure}()
#38 /Users/aleksandr/projects/btf/vendor/laravel/framework/src/Illuminate/View/Engines/PhpEngine.php(58): Illuminate\\Filesystem\\Filesystem->getRequire('/Users/aleksand...', Array)
#39 /Users/aleksandr/projects/btf/vendor/laravel/framework/src/Illuminate/View/Engines/CompilerEngine.php(75): Illuminate\\View\\Engines\\PhpEngine->evaluatePath('/Users/aleksand...', Array)
#40 /Users/aleksandr/projects/btf/vendor/laravel/framework/src/Illuminate/View/View.php(209): Illuminate\\View\\Engines\\CompilerEngine->get('/Users/aleksand...', Array)
#41 /Users/aleksandr/projects/btf/vendor/laravel/framework/src/Illuminate/View/View.php(192): Illuminate\\View\\View->getContents()
#42 /Users/aleksandr/projects/btf/vendor/laravel/framework/src/Illuminate/View/View.php(161): Illuminate\\View\\View->renderContents()
#43 /Users/aleksandr/projects/btf/vendor/laravel/framework/src/Illuminate/Http/Response.php(79): Illuminate\\View\\View->render()
#44 /Users/aleksandr/projects/btf/vendor/laravel/framework/src/Illuminate/Http/Response.php(35): Illuminate\\Http\\Response->setContent(Object(Illuminate\\View\\View))
#45 /Users/aleksandr/projects/btf/vendor/laravel/framework/src/Illuminate/Routing/Router.php(920): Illuminate\\Http\\Response->__construct(Object(Illuminate\\View\\View), 200, Array)
#46 /Users/aleksandr/projects/btf/vendor/laravel/framework/src/Illuminate/Routing/Router.php(887): Illuminate\\Routing\\Router::toResponse(Object(Illuminate\\Http\\Request), Object(Illuminate\\View\\View))
#47 /Users/aleksandr/projects/btf/vendor/laravel/framework/src/Illuminate/Routing/Router.php(807): Illuminate\\Routing\\Router->prepareResponse(Object(Illuminate\\Http\\Request), Object(Illuminate\\View\\View))
#48 /Users/aleksandr/projects/btf/vendor/laravel/framework/src/Illuminate/Pipeline/Pipeline.php(170): Illuminate\\Routing\\Router->Illuminate\\Routing\\{closure}(Object(Illuminate\\Http\\Request))
#49 /Users/aleksandr/projects/btf/vendor/barryvdh/laravel-debugbar/src/Middleware/InjectDebugbar.php(66): Illuminate\\Pipeline\\Pipeline->Illuminate\\Pipeline\\{closure}(Object(Illuminate\\Http\\Request))
#50 /Users/aleksandr/projects/btf/vendor/laravel/framework/src/Illuminate/Pipeline/Pipeline.php(209): Barryvdh\\Debugbar\\Middleware\\InjectDebugbar->handle(Object(Illuminate\\Http\\Request), Object(Closure))
#51 /Users/aleksandr/projects/btf/app/Http/Middleware/UserActivity.php(20): Illuminate\\Pipeline\\Pipeline->Illuminate\\Pipeline\\{closure}(Object(Illuminate\\Http\\Request))
#52 /Users/aleksandr/projects/btf/vendor/laravel/framework/src/Illuminate/Pipeline/Pipeline.php(209): App\\Http\\Middleware\\UserActivity->handle(Object(Illuminate\\Http\\Request), Object(Closure))
#53 /Users/aleksandr/projects/btf/app/Http/Middleware/SetLocale.php(51): Illuminate\\Pipeline\\Pipeline->Illuminate\\Pipeline\\{closure}(Object(Illuminate\\Http\\Request))
#54 /Users/aleksandr/projects/btf/vendor/laravel/framework/src/Illuminate/Pipeline/Pipeline.php(209): App\\Http\\Middleware\\SetLocale->handle(Object(Illuminate\\Http\\Request), Object(Closure))
#55 /Users/aleksandr/projects/btf/vendor/erlandmuchasaj/laravel-gzip/src/Middleware/GzipEncodeResponse.php(19): Illuminate\\Pipeline\\Pipeline->Illuminate\\Pipeline\\{closure}(Object(Illuminate\\Http\\Request))
#56 /Users/aleksandr/projects/btf/vendor/laravel/framework/src/Illuminate/Pipeline/Pipeline.php(209): ErlandMuchasaj\\LaravelGzip\\Middleware\\GzipEncodeResponse->handle(Object(Illuminate\\Http\\Request), Object(Closure))
#57 /Users/aleksandr/projects/btf/vendor/laravel/framework/src/Illuminate/Routing/Middleware/SubstituteBindings.php(51): Illuminate\\Pipeline\\Pipeline->Illuminate\\Pipeline\\{closure}(Object(Illuminate\\Http\\Request))
#58 /Users/aleksandr/projects/btf/vendor/laravel/framework/src/Illuminate/Pipeline/Pipeline.php(209): Illuminate\\Routing\\Middleware\\SubstituteBindings->handle(Object(Illuminate\\Http\\Request), Object(Closure))
#59 /Users/aleksandr/projects/btf/vendor/laravel/framework/src/Illuminate/Auth/Middleware/Authenticate.php(64): Illuminate\\Pipeline\\Pipeline->Illuminate\\Pipeline\\{closure}(Object(Illuminate\\Http\\Request))
#60 /Users/aleksandr/projects/btf/vendor/laravel/framework/src/Illuminate/Pipeline/Pipeline.php(209): Illuminate\\Auth\\Middleware\\Authenticate->handle(Object(Illuminate\\Http\\Request), Object(Closure))
#61 /Users/aleksandr/projects/btf/vendor/laravel/framework/src/Illuminate/Foundation/Http/Middleware/VerifyCsrfToken.php(88): Illuminate\\Pipeline\\Pipeline->Illuminate\\Pipeline\\{closure}(Object(Illuminate\\Http\\Request))
#62 /Users/aleksandr/projects/btf/vendor/laravel/framework/src/Illuminate/Pipeline/Pipeline.php(209): Illuminate\\Foundation\\Http\\Middleware\\VerifyCsrfToken->handle(Object(Illuminate\\Http\\Request), Object(Closure))
#63 /Users/aleksandr/projects/btf/vendor/laravel/framework/src/Illuminate/View/Middleware/ShareErrorsFromSession.php(49): Illuminate\\Pipeline\\Pipeline->Illuminate\\Pipeline\\{closure}(Object(Illuminate\\Http\\Request))
#64 /Users/aleksandr/projects/btf/vendor/laravel/framework/src/Illuminate/Pipeline/Pipeline.php(209): Illuminate\\View\\Middleware\\ShareErrorsFromSession->handle(Object(Illuminate\\Http\\Request), Object(Closure))
#65 /Users/aleksandr/projects/btf/vendor/laravel/framework/src/Illuminate/Session/Middleware/StartSession.php(121): Illuminate\\Pipeline\\Pipeline->Illuminate\\Pipeline\\{closure}(Object(Illuminate\\Http\\Request))
#66 /Users/aleksandr/projects/btf/vendor/laravel/framework/src/Illuminate/Session/Middleware/StartSession.php(64): Illuminate\\Session\\Middleware\\StartSession->handleStatefulRequest(Object(Illuminate\\Http\\Request), Object(Illuminate\\Session\\Store), Object(Closure))
#67 /Users/aleksandr/projects/btf/vendor/laravel/framework/src/Illuminate/Pipeline/Pipeline.php(209): Illuminate\\Session\\Middleware\\StartSession->handle(Object(Illuminate\\Http\\Request), Object(Closure))
#68 /Users/aleksandr/projects/btf/vendor/laravel/framework/src/Illuminate/Cookie/Middleware/AddQueuedCookiesToResponse.php(37): Illuminate\\Pipeline\\Pipeline->Illuminate\\Pipeline\\{closure}(Object(Illuminate\\Http\\Request))
#69 /Users/aleksandr/projects/btf/vendor/laravel/framework/src/Illuminate/Pipeline/Pipeline.php(209): Illuminate\\Cookie\\Middleware\\AddQueuedCookiesToResponse->handle(Object(Illuminate\\Http\\Request), Object(Closure))
#70 /Users/aleksandr/projects/btf/vendor/laravel/framework/src/Illuminate/Cookie/Middleware/EncryptCookies.php(75): Illuminate\\Pipeline\\Pipeline->Illuminate\\Pipeline\\{closure}(Object(Illuminate\\Http\\Request))
#71 /Users/aleksandr/projects/btf/vendor/laravel/framework/src/Illuminate/Pipeline/Pipeline.php(209): Illuminate\\Cookie\\Middleware\\EncryptCookies->handle(Object(Illuminate\\Http\\Request), Object(Closure))
#72 /Users/aleksandr/projects/btf/vendor/laravel/framework/src/Illuminate/Pipeline/Pipeline.php(127): Illuminate\\Pipeline\\Pipeline->Illuminate\\Pipeline\\{closure}(Object(Illuminate\\Http\\Request))
#73 /Users/aleksandr/projects/btf/vendor/laravel/framework/src/Illuminate/Routing/Router.php(807): Illuminate\\Pipeline\\Pipeline->then(Object(Closure))
#74 /Users/aleksandr/projects/btf/vendor/laravel/framework/src/Illuminate/Routing/Router.php(786): Illuminate\\Routing\\Router->runRouteWithinStack(Object(Illuminate\\Routing\\Route), Object(Illuminate\\Http\\Request))
#75 /Users/aleksandr/projects/btf/vendor/laravel/framework/src/Illuminate/Routing/Router.php(750): Illuminate\\Routing\\Router->runRoute(Object(Illuminate\\Http\\Request), Object(Illuminate\\Routing\\Route))
#76 /Users/aleksandr/projects/btf/vendor/laravel/framework/src/Illuminate/Routing/Router.php(739): Illuminate\\Routing\\Router->dispatchToRoute(Object(Illuminate\\Http\\Request))
#77 /Users/aleksandr/projects/btf/vendor/laravel/framework/src/Illuminate/Foundation/Http/Kernel.php(201): Illuminate\\Routing\\Router->dispatch(Object(Illuminate\\Http\\Request))
#78 /Users/aleksandr/projects/btf/vendor/laravel/framework/src/Illuminate/Pipeline/Pipeline.php(170): Illuminate\\Foundation\\Http\\Kernel->Illuminate\\Foundation\\Http\\{closure}(Object(Illuminate\\Http\\Request))
#79 /Users/aleksandr/projects/btf/vendor/barryvdh/laravel-debugbar/src/Middleware/InjectDebugbar.php(66): Illuminate\\Pipeline\\Pipeline->Illuminate\\Pipeline\\{closure}(Object(Illuminate\\Http\\Request))
#80 /Users/aleksandr/projects/btf/vendor/laravel/framework/src/Illuminate/Pipeline/Pipeline.php(209): Barryvdh\\Debugbar\\Middleware\\InjectDebugbar->handle(Object(Illuminate\\Http\\Request), Object(Closure))
#81 /Users/aleksandr/projects/btf/vendor/laravel/framework/src/Illuminate/Foundation/Http/Middleware/TransformsRequest.php(21): Illuminate\\Pipeline\\Pipeline->Illuminate\\Pipeline\\{closure}(Object(Illuminate\\Http\\Request))
#82 /Users/aleksandr/projects/btf/vendor/laravel/framework/src/Illuminate/Foundation/Http/Middleware/ConvertEmptyStringsToNull.php(31): Illuminate\\Foundation\\Http\\Middleware\\TransformsRequest->handle(Object(Illuminate\\Http\\Request), Object(Closure))
#83 /Users/aleksandr/projects/btf/vendor/laravel/framework/src/Illuminate/Pipeline/Pipeline.php(209): Illuminate\\Foundation\\Http\\Middleware\\ConvertEmptyStringsToNull->handle(Object(Illuminate\\Http\\Request), Object(Closure))
#84 /Users/aleksandr/projects/btf/vendor/laravel/framework/src/Illuminate/Foundation/Http/Middleware/TransformsRequest.php(21): Illuminate\\Pipeline\\Pipeline->Illuminate\\Pipeline\\{closure}(Object(Illuminate\\Http\\Request))
#85 /Users/aleksandr/projects/btf/vendor/laravel/framework/src/Illuminate/Foundation/Http/Middleware/TrimStrings.php(51): Illuminate\\Foundation\\Http\\Middleware\\TransformsRequest->handle(Object(Illuminate\\Http\\Request), Object(Closure))
#86 /Users/aleksandr/projects/btf/vendor/laravel/framework/src/Illuminate/Pipeline/Pipeline.php(209): Illuminate\\Foundation\\Http\\Middleware\\TrimStrings->handle(Object(Illuminate\\Http\\Request), Object(Closure))
#87 /Users/aleksandr/projects/btf/vendor/laravel/framework/src/Illuminate/Http/Middleware/ValidatePostSize.php(27): Illuminate\\Pipeline\\Pipeline->Illuminate\\Pipeline\\{closure}(Object(Illuminate\\Http\\Request))
#88 /Users/aleksandr/projects/btf/vendor/laravel/framework/src/Illuminate/Pipeline/Pipeline.php(209): Illuminate\\Http\\Middleware\\ValidatePostSize->handle(Object(Illuminate\\Http\\Request), Object(Closure))
#89 /Users/aleksandr/projects/btf/vendor/laravel/framework/src/Illuminate/Foundation/Http/Middleware/PreventRequestsDuringMaintenance.php(110): Illuminate\\Pipeline\\Pipeline->Illuminate\\Pipeline\\{closure}(Object(Illuminate\\Http\\Request))
#90 /Users/aleksandr/projects/btf/vendor/laravel/framework/src/Illuminate/Pipeline/Pipeline.php(209): Illuminate\\Foundation\\Http\\Middleware\\PreventRequestsDuringMaintenance->handle(Object(Illuminate\\Http\\Request), Object(Closure))
#91 /Users/aleksandr/projects/btf/vendor/laravel/framework/src/Illuminate/Http/Middleware/HandleCors.php(49): Illuminate\\Pipeline\\Pipeline->Illuminate\\Pipeline\\{closure}(Object(Illuminate\\Http\\Request))
#92 /Users/aleksandr/projects/btf/vendor/laravel/framework/src/Illuminate/Pipeline/Pipeline.php(209): Illuminate\\Http\\Middleware\\HandleCors->handle(Object(Illuminate\\Http\\Request), Object(Closure))
#93 /Users/aleksandr/projects/btf/vendor/laravel/framework/src/Illuminate/Http/Middleware/TrustProxies.php(58): Illuminate\\Pipeline\\Pipeline->Illuminate\\Pipeline\\{closure}(Object(Illuminate\\Http\\Request))
#94 /Users/aleksandr/projects/btf/vendor/laravel/framework/src/Illuminate/Pipeline/Pipeline.php(209): Illuminate\\Http\\Middleware\\TrustProxies->handle(Object(Illuminate\\Http\\Request), Object(Closure))
#95 /Users/aleksandr/projects/btf/vendor/laravel/framework/src/Illuminate/Pipeline/Pipeline.php(127): Illuminate\\Pipeline\\Pipeline->Illuminate\\Pipeline\\{closure}(Object(Illuminate\\Http\\Request))
#96 /Users/aleksandr/projects/btf/vendor/laravel/framework/src/Illuminate/Foundation/Http/Kernel.php(176): Illuminate\\Pipeline\\Pipeline->then(Object(Closure))
#97 /Users/aleksandr/projects/btf/vendor/laravel/framework/src/Illuminate/Foundation/Http/Kernel.php(145): Illuminate\\Foundation\\Http\\Kernel->sendRequestThroughRouter(Object(Illuminate\\Http\\Request))
#98 /Users/aleksandr/projects/btf/public/index.php(50): Illuminate\\Foundation\\Http\\Kernel->handle(Object(Illuminate\\Http\\Request))
#99 /Users/aleksandr/projects/btf/vendor/laravel/framework/src/Illuminate/Foundation/resources/server.php(23): require_once('/Users/aleksand...')
#100 {main}
"} 
[2025-05-01 08:13:51] production.ERROR: A role `gshhahahha` already exists for guard `web`. {"userId":1,"exception":"[object] (Spatie\\Permission\\Exceptions\\RoleAlreadyExists(code: 0): A role `gshhahahha` already exists for guard `web`. at /Users/aleksandr/projects/btf/vendor/spatie/laravel-permission/src/Exceptions/RoleAlreadyExists.php:11)
[stacktrace]
#0 /Users/aleksandr/projects/btf/vendor/spatie/laravel-permission/src/Models/Role.php(58): Spatie\\Permission\\Exceptions\\RoleAlreadyExists::create('gshhahahha', 'web')
#1 /Users/aleksandr/projects/btf/app/Http/Controllers/Backend/RolesController.php(49): Spatie\\Permission\\Models\\Role::create(Array)
#2 /Users/aleksandr/projects/btf/vendor/laravel/framework/src/Illuminate/Routing/Controller.php(54): App\\Http\\Controllers\\Backend\\RolesController->store(Object(Illuminate\\Http\\Request))
#3 /Users/aleksandr/projects/btf/vendor/laravel/framework/src/Illuminate/Routing/ControllerDispatcher.php(44): Illuminate\\Routing\\Controller->callAction('store', Array)
#4 /Users/aleksandr/projects/btf/vendor/laravel/framework/src/Illuminate/Routing/Route.php(266): Illuminate\\Routing\\ControllerDispatcher->dispatch(Object(Illuminate\\Routing\\Route), Object(App\\Http\\Controllers\\Backend\\RolesController), 'store')
#5 /Users/aleksandr/projects/btf/vendor/laravel/framework/src/Illuminate/Routing/Route.php(212): Illuminate\\Routing\\Route->runController()
#6 /Users/aleksandr/projects/btf/vendor/laravel/framework/src/Illuminate/Routing/Router.php(808): Illuminate\\Routing\\Route->run()
#7 /Users/aleksandr/projects/btf/vendor/laravel/framework/src/Illuminate/Pipeline/Pipeline.php(170): Illuminate\\Routing\\Router->Illuminate\\Routing\\{closure}(Object(Illuminate\\Http\\Request))
#8 /Users/aleksandr/projects/btf/app/Http/Middleware/AdminCheck.php(15): Illuminate\\Pipeline\\Pipeline->Illuminate\\Pipeline\\{closure}(Object(Illuminate\\Http\\Request))
#9 /Users/aleksandr/projects/btf/vendor/laravel/framework/src/Illuminate/Pipeline/Pipeline.php(209): App\\Http\\Middleware\\AdminCheck->handle(Object(Illuminate\\Http\\Request), Object(Closure))
#10 /Users/aleksandr/projects/btf/vendor/barryvdh/laravel-debugbar/src/Middleware/InjectDebugbar.php(66): Illuminate\\Pipeline\\Pipeline->Illuminate\\Pipeline\\{closure}(Object(Illuminate\\Http\\Request))
#11 /Users/aleksandr/projects/btf/vendor/laravel/framework/src/Illuminate/Pipeline/Pipeline.php(209): Barryvdh\\Debugbar\\Middleware\\InjectDebugbar->handle(Object(Illuminate\\Http\\Request), Object(Closure))
#12 /Users/aleksandr/projects/btf/app/Http/Middleware/UserActivity.php(20): Illuminate\\Pipeline\\Pipeline->Illuminate\\Pipeline\\{closure}(Object(Illuminate\\Http\\Request))
#13 /Users/aleksandr/projects/btf/vendor/laravel/framework/src/Illuminate/Pipeline/Pipeline.php(209): App\\Http\\Middleware\\UserActivity->handle(Object(Illuminate\\Http\\Request), Object(Closure))
#14 /Users/aleksandr/projects/btf/app/Http/Middleware/SetLocale.php(51): Illuminate\\Pipeline\\Pipeline->Illuminate\\Pipeline\\{closure}(Object(Illuminate\\Http\\Request))
#15 /Users/aleksandr/projects/btf/vendor/laravel/framework/src/Illuminate/Pipeline/Pipeline.php(209): App\\Http\\Middleware\\SetLocale->handle(Object(Illuminate\\Http\\Request), Object(Closure))
#16 /Users/aleksandr/projects/btf/vendor/erlandmuchasaj/laravel-gzip/src/Middleware/GzipEncodeResponse.php(19): Illuminate\\Pipeline\\Pipeline->Illuminate\\Pipeline\\{closure}(Object(Illuminate\\Http\\Request))
#17 /Users/aleksandr/projects/btf/vendor/laravel/framework/src/Illuminate/Pipeline/Pipeline.php(209): ErlandMuchasaj\\LaravelGzip\\Middleware\\GzipEncodeResponse->handle(Object(Illuminate\\Http\\Request), Object(Closure))
#18 /Users/aleksandr/projects/btf/vendor/laravel/framework/src/Illuminate/Routing/Middleware/SubstituteBindings.php(51): Illuminate\\Pipeline\\Pipeline->Illuminate\\Pipeline\\{closure}(Object(Illuminate\\Http\\Request))
#19 /Users/aleksandr/projects/btf/vendor/laravel/framework/src/Illuminate/Pipeline/Pipeline.php(209): Illuminate\\Routing\\Middleware\\SubstituteBindings->handle(Object(Illuminate\\Http\\Request), Object(Closure))
#20 /Users/aleksandr/projects/btf/vendor/laravel/framework/src/Illuminate/Auth/Middleware/Authenticate.php(64): Illuminate\\Pipeline\\Pipeline->Illuminate\\Pipeline\\{closure}(Object(Illuminate\\Http\\Request))
#21 /Users/aleksandr/projects/btf/vendor/laravel/framework/src/Illuminate/Pipeline/Pipeline.php(209): Illuminate\\Auth\\Middleware\\Authenticate->handle(Object(Illuminate\\Http\\Request), Object(Closure))
#22 /Users/aleksandr/projects/btf/vendor/laravel/framework/src/Illuminate/Foundation/Http/Middleware/VerifyCsrfToken.php(88): Illuminate\\Pipeline\\Pipeline->Illuminate\\Pipeline\\{closure}(Object(Illuminate\\Http\\Request))
#23 /Users/aleksandr/projects/btf/vendor/laravel/framework/src/Illuminate/Pipeline/Pipeline.php(209): Illuminate\\Foundation\\Http\\Middleware\\VerifyCsrfToken->handle(Object(Illuminate\\Http\\Request), Object(Closure))
#24 /Users/aleksandr/projects/btf/vendor/laravel/framework/src/Illuminate/View/Middleware/ShareErrorsFromSession.php(49): Illuminate\\Pipeline\\Pipeline->Illuminate\\Pipeline\\{closure}(Object(Illuminate\\Http\\Request))
#25 /Users/aleksandr/projects/btf/vendor/laravel/framework/src/Illuminate/Pipeline/Pipeline.php(209): Illuminate\\View\\Middleware\\ShareErrorsFromSession->handle(Object(Illuminate\\Http\\Request), Object(Closure))
#26 /Users/aleksandr/projects/btf/vendor/laravel/framework/src/Illuminate/Session/Middleware/StartSession.php(121): Illuminate\\Pipeline\\Pipeline->Illuminate\\Pipeline\\{closure}(Object(Illuminate\\Http\\Request))
#27 /Users/aleksandr/projects/btf/vendor/laravel/framework/src/Illuminate/Session/Middleware/StartSession.php(64): Illuminate\\Session\\Middleware\\StartSession->handleStatefulRequest(Object(Illuminate\\Http\\Request), Object(Illuminate\\Session\\Store), Object(Closure))
#28 /Users/aleksandr/projects/btf/vendor/laravel/framework/src/Illuminate/Pipeline/Pipeline.php(209): Illuminate\\Session\\Middleware\\StartSession->handle(Object(Illuminate\\Http\\Request), Object(Closure))
#29 /Users/aleksandr/projects/btf/vendor/laravel/framework/src/Illuminate/Cookie/Middleware/AddQueuedCookiesToResponse.php(37): Illuminate\\Pipeline\\Pipeline->Illuminate\\Pipeline\\{closure}(Object(Illuminate\\Http\\Request))
#30 /Users/aleksandr/projects/btf/vendor/laravel/framework/src/Illuminate/Pipeline/Pipeline.php(209): Illuminate\\Cookie\\Middleware\\AddQueuedCookiesToResponse->handle(Object(Illuminate\\Http\\Request), Object(Closure))
#31 /Users/aleksandr/projects/btf/vendor/laravel/framework/src/Illuminate/Cookie/Middleware/EncryptCookies.php(75): Illuminate\\Pipeline\\Pipeline->Illuminate\\Pipeline\\{closure}(Object(Illuminate\\Http\\Request))
#32 /Users/aleksandr/projects/btf/vendor/laravel/framework/src/Illuminate/Pipeline/Pipeline.php(209): Illuminate\\Cookie\\Middleware\\EncryptCookies->handle(Object(Illuminate\\Http\\Request), Object(Closure))
#33 /Users/aleksandr/projects/btf/vendor/laravel/framework/src/Illuminate/Pipeline/Pipeline.php(127): Illuminate\\Pipeline\\Pipeline->Illuminate\\Pipeline\\{closure}(Object(Illuminate\\Http\\Request))
#34 /Users/aleksandr/projects/btf/vendor/laravel/framework/src/Illuminate/Routing/Router.php(807): Illuminate\\Pipeline\\Pipeline->then(Object(Closure))
#35 /Users/aleksandr/projects/btf/vendor/laravel/framework/src/Illuminate/Routing/Router.php(786): Illuminate\\Routing\\Router->runRouteWithinStack(Object(Illuminate\\Routing\\Route), Object(Illuminate\\Http\\Request))
#36 /Users/aleksandr/projects/btf/vendor/laravel/framework/src/Illuminate/Routing/Router.php(750): Illuminate\\Routing\\Router->runRoute(Object(Illuminate\\Http\\Request), Object(Illuminate\\Routing\\Route))
#37 /Users/aleksandr/projects/btf/vendor/laravel/framework/src/Illuminate/Routing/Router.php(739): Illuminate\\Routing\\Router->dispatchToRoute(Object(Illuminate\\Http\\Request))
#38 /Users/aleksandr/projects/btf/vendor/laravel/framework/src/Illuminate/Foundation/Http/Kernel.php(201): Illuminate\\Routing\\Router->dispatch(Object(Illuminate\\Http\\Request))
#39 /Users/aleksandr/projects/btf/vendor/laravel/framework/src/Illuminate/Pipeline/Pipeline.php(170): Illuminate\\Foundation\\Http\\Kernel->Illuminate\\Foundation\\Http\\{closure}(Object(Illuminate\\Http\\Request))
#40 /Users/aleksandr/projects/btf/vendor/barryvdh/laravel-debugbar/src/Middleware/InjectDebugbar.php(66): Illuminate\\Pipeline\\Pipeline->Illuminate\\Pipeline\\{closure}(Object(Illuminate\\Http\\Request))
#41 /Users/aleksandr/projects/btf/vendor/laravel/framework/src/Illuminate/Pipeline/Pipeline.php(209): Barryvdh\\Debugbar\\Middleware\\InjectDebugbar->handle(Object(Illuminate\\Http\\Request), Object(Closure))
#42 /Users/aleksandr/projects/btf/vendor/laravel/framework/src/Illuminate/Foundation/Http/Middleware/TransformsRequest.php(21): Illuminate\\Pipeline\\Pipeline->Illuminate\\Pipeline\\{closure}(Object(Illuminate\\Http\\Request))
#43 /Users/aleksandr/projects/btf/vendor/laravel/framework/src/Illuminate/Foundation/Http/Middleware/ConvertEmptyStringsToNull.php(31): Illuminate\\Foundation\\Http\\Middleware\\TransformsRequest->handle(Object(Illuminate\\Http\\Request), Object(Closure))
#44 /Users/aleksandr/projects/btf/vendor/laravel/framework/src/Illuminate/Pipeline/Pipeline.php(209): Illuminate\\Foundation\\Http\\Middleware\\ConvertEmptyStringsToNull->handle(Object(Illuminate\\Http\\Request), Object(Closure))
#45 /Users/aleksandr/projects/btf/vendor/laravel/framework/src/Illuminate/Foundation/Http/Middleware/TransformsRequest.php(21): Illuminate\\Pipeline\\Pipeline->Illuminate\\Pipeline\\{closure}(Object(Illuminate\\Http\\Request))
#46 /Users/aleksandr/projects/btf/vendor/laravel/framework/src/Illuminate/Foundation/Http/Middleware/TrimStrings.php(51): Illuminate\\Foundation\\Http\\Middleware\\TransformsRequest->handle(Object(Illuminate\\Http\\Request), Object(Closure))
#47 /Users/aleksandr/projects/btf/vendor/laravel/framework/src/Illuminate/Pipeline/Pipeline.php(209): Illuminate\\Foundation\\Http\\Middleware\\TrimStrings->handle(Object(Illuminate\\Http\\Request), Object(Closure))
#48 /Users/aleksandr/projects/btf/vendor/laravel/framework/src/Illuminate/Http/Middleware/ValidatePostSize.php(27): Illuminate\\Pipeline\\Pipeline->Illuminate\\Pipeline\\{closure}(Object(Illuminate\\Http\\Request))
#49 /Users/aleksandr/projects/btf/vendor/laravel/framework/src/Illuminate/Pipeline/Pipeline.php(209): Illuminate\\Http\\Middleware\\ValidatePostSize->handle(Object(Illuminate\\Http\\Request), Object(Closure))
#50 /Users/aleksandr/projects/btf/vendor/laravel/framework/src/Illuminate/Foundation/Http/Middleware/PreventRequestsDuringMaintenance.php(110): Illuminate\\Pipeline\\Pipeline->Illuminate\\Pipeline\\{closure}(Object(Illuminate\\Http\\Request))
#51 /Users/aleksandr/projects/btf/vendor/laravel/framework/src/Illuminate/Pipeline/Pipeline.php(209): Illuminate\\Foundation\\Http\\Middleware\\PreventRequestsDuringMaintenance->handle(Object(Illuminate\\Http\\Request), Object(Closure))
#52 /Users/aleksandr/projects/btf/vendor/laravel/framework/src/Illuminate/Http/Middleware/HandleCors.php(62): Illuminate\\Pipeline\\Pipeline->Illuminate\\Pipeline\\{closure}(Object(Illuminate\\Http\\Request))
#53 /Users/aleksandr/projects/btf/vendor/laravel/framework/src/Illuminate/Pipeline/Pipeline.php(209): Illuminate\\Http\\Middleware\\HandleCors->handle(Object(Illuminate\\Http\\Request), Object(Closure))
#54 /Users/aleksandr/projects/btf/vendor/laravel/framework/src/Illuminate/Http/Middleware/TrustProxies.php(58): Illuminate\\Pipeline\\Pipeline->Illuminate\\Pipeline\\{closure}(Object(Illuminate\\Http\\Request))
#55 /Users/aleksandr/projects/btf/vendor/laravel/framework/src/Illuminate/Pipeline/Pipeline.php(209): Illuminate\\Http\\Middleware\\TrustProxies->handle(Object(Illuminate\\Http\\Request), Object(Closure))
#56 /Users/aleksandr/projects/btf/vendor/laravel/framework/src/Illuminate/Pipeline/Pipeline.php(127): Illuminate\\Pipeline\\Pipeline->Illuminate\\Pipeline\\{closure}(Object(Illuminate\\Http\\Request))
#57 /Users/aleksandr/projects/btf/vendor/laravel/framework/src/Illuminate/Foundation/Http/Kernel.php(176): Illuminate\\Pipeline\\Pipeline->then(Object(Closure))
#58 /Users/aleksandr/projects/btf/vendor/laravel/framework/src/Illuminate/Foundation/Http/Kernel.php(145): Illuminate\\Foundation\\Http\\Kernel->sendRequestThroughRouter(Object(Illuminate\\Http\\Request))
#59 /Users/aleksandr/projects/btf/public/index.php(50): Illuminate\\Foundation\\Http\\Kernel->handle(Object(Illuminate\\Http\\Request))
#60 /Users/aleksandr/projects/btf/vendor/laravel/framework/src/Illuminate/Foundation/resources/server.php(23): require_once('/Users/aleksand...')
#61 {main}
"} 
[2025-05-01 08:13:52] production.ERROR: A role `gshhahahha` already exists for guard `web`. {"userId":1,"exception":"[object] (Spatie\\Permission\\Exceptions\\RoleAlreadyExists(code: 0): A role `gshhahahha` already exists for guard `web`. at /Users/aleksandr/projects/btf/vendor/spatie/laravel-permission/src/Exceptions/RoleAlreadyExists.php:11)
[stacktrace]
#0 /Users/aleksandr/projects/btf/vendor/spatie/laravel-permission/src/Models/Role.php(58): Spatie\\Permission\\Exceptions\\RoleAlreadyExists::create('gshhahahha', 'web')
#1 /Users/aleksandr/projects/btf/app/Http/Controllers/Backend/RolesController.php(49): Spatie\\Permission\\Models\\Role::create(Array)
#2 /Users/aleksandr/projects/btf/vendor/laravel/framework/src/Illuminate/Routing/Controller.php(54): App\\Http\\Controllers\\Backend\\RolesController->store(Object(Illuminate\\Http\\Request))
#3 /Users/aleksandr/projects/btf/vendor/laravel/framework/src/Illuminate/Routing/ControllerDispatcher.php(44): Illuminate\\Routing\\Controller->callAction('store', Array)
#4 /Users/aleksandr/projects/btf/vendor/laravel/framework/src/Illuminate/Routing/Route.php(266): Illuminate\\Routing\\ControllerDispatcher->dispatch(Object(Illuminate\\Routing\\Route), Object(App\\Http\\Controllers\\Backend\\RolesController), 'store')
#5 /Users/aleksandr/projects/btf/vendor/laravel/framework/src/Illuminate/Routing/Route.php(212): Illuminate\\Routing\\Route->runController()
#6 /Users/aleksandr/projects/btf/vendor/laravel/framework/src/Illuminate/Routing/Router.php(808): Illuminate\\Routing\\Route->run()
#7 /Users/aleksandr/projects/btf/vendor/laravel/framework/src/Illuminate/Pipeline/Pipeline.php(170): Illuminate\\Routing\\Router->Illuminate\\Routing\\{closure}(Object(Illuminate\\Http\\Request))
#8 /Users/aleksandr/projects/btf/app/Http/Middleware/AdminCheck.php(15): Illuminate\\Pipeline\\Pipeline->Illuminate\\Pipeline\\{closure}(Object(Illuminate\\Http\\Request))
#9 /Users/aleksandr/projects/btf/vendor/laravel/framework/src/Illuminate/Pipeline/Pipeline.php(209): App\\Http\\Middleware\\AdminCheck->handle(Object(Illuminate\\Http\\Request), Object(Closure))
#10 /Users/aleksandr/projects/btf/vendor/barryvdh/laravel-debugbar/src/Middleware/InjectDebugbar.php(66): Illuminate\\Pipeline\\Pipeline->Illuminate\\Pipeline\\{closure}(Object(Illuminate\\Http\\Request))
#11 /Users/aleksandr/projects/btf/vendor/laravel/framework/src/Illuminate/Pipeline/Pipeline.php(209): Barryvdh\\Debugbar\\Middleware\\InjectDebugbar->handle(Object(Illuminate\\Http\\Request), Object(Closure))
#12 /Users/aleksandr/projects/btf/app/Http/Middleware/UserActivity.php(20): Illuminate\\Pipeline\\Pipeline->Illuminate\\Pipeline\\{closure}(Object(Illuminate\\Http\\Request))
#13 /Users/aleksandr/projects/btf/vendor/laravel/framework/src/Illuminate/Pipeline/Pipeline.php(209): App\\Http\\Middleware\\UserActivity->handle(Object(Illuminate\\Http\\Request), Object(Closure))
#14 /Users/aleksandr/projects/btf/app/Http/Middleware/SetLocale.php(51): Illuminate\\Pipeline\\Pipeline->Illuminate\\Pipeline\\{closure}(Object(Illuminate\\Http\\Request))
#15 /Users/aleksandr/projects/btf/vendor/laravel/framework/src/Illuminate/Pipeline/Pipeline.php(209): App\\Http\\Middleware\\SetLocale->handle(Object(Illuminate\\Http\\Request), Object(Closure))
#16 /Users/aleksandr/projects/btf/vendor/erlandmuchasaj/laravel-gzip/src/Middleware/GzipEncodeResponse.php(19): Illuminate\\Pipeline\\Pipeline->Illuminate\\Pipeline\\{closure}(Object(Illuminate\\Http\\Request))
#17 /Users/aleksandr/projects/btf/vendor/laravel/framework/src/Illuminate/Pipeline/Pipeline.php(209): ErlandMuchasaj\\LaravelGzip\\Middleware\\GzipEncodeResponse->handle(Object(Illuminate\\Http\\Request), Object(Closure))
#18 /Users/aleksandr/projects/btf/vendor/laravel/framework/src/Illuminate/Routing/Middleware/SubstituteBindings.php(51): Illuminate\\Pipeline\\Pipeline->Illuminate\\Pipeline\\{closure}(Object(Illuminate\\Http\\Request))
#19 /Users/aleksandr/projects/btf/vendor/laravel/framework/src/Illuminate/Pipeline/Pipeline.php(209): Illuminate\\Routing\\Middleware\\SubstituteBindings->handle(Object(Illuminate\\Http\\Request), Object(Closure))
#20 /Users/aleksandr/projects/btf/vendor/laravel/framework/src/Illuminate/Auth/Middleware/Authenticate.php(64): Illuminate\\Pipeline\\Pipeline->Illuminate\\Pipeline\\{closure}(Object(Illuminate\\Http\\Request))
#21 /Users/aleksandr/projects/btf/vendor/laravel/framework/src/Illuminate/Pipeline/Pipeline.php(209): Illuminate\\Auth\\Middleware\\Authenticate->handle(Object(Illuminate\\Http\\Request), Object(Closure))
#22 /Users/aleksandr/projects/btf/vendor/laravel/framework/src/Illuminate/Foundation/Http/Middleware/VerifyCsrfToken.php(88): Illuminate\\Pipeline\\Pipeline->Illuminate\\Pipeline\\{closure}(Object(Illuminate\\Http\\Request))
#23 /Users/aleksandr/projects/btf/vendor/laravel/framework/src/Illuminate/Pipeline/Pipeline.php(209): Illuminate\\Foundation\\Http\\Middleware\\VerifyCsrfToken->handle(Object(Illuminate\\Http\\Request), Object(Closure))
#24 /Users/aleksandr/projects/btf/vendor/laravel/framework/src/Illuminate/View/Middleware/ShareErrorsFromSession.php(49): Illuminate\\Pipeline\\Pipeline->Illuminate\\Pipeline\\{closure}(Object(Illuminate\\Http\\Request))
#25 /Users/aleksandr/projects/btf/vendor/laravel/framework/src/Illuminate/Pipeline/Pipeline.php(209): Illuminate\\View\\Middleware\\ShareErrorsFromSession->handle(Object(Illuminate\\Http\\Request), Object(Closure))
#26 /Users/aleksandr/projects/btf/vendor/laravel/framework/src/Illuminate/Session/Middleware/StartSession.php(121): Illuminate\\Pipeline\\Pipeline->Illuminate\\Pipeline\\{closure}(Object(Illuminate\\Http\\Request))
#27 /Users/aleksandr/projects/btf/vendor/laravel/framework/src/Illuminate/Session/Middleware/StartSession.php(64): Illuminate\\Session\\Middleware\\StartSession->handleStatefulRequest(Object(Illuminate\\Http\\Request), Object(Illuminate\\Session\\Store), Object(Closure))
#28 /Users/aleksandr/projects/btf/vendor/laravel/framework/src/Illuminate/Pipeline/Pipeline.php(209): Illuminate\\Session\\Middleware\\StartSession->handle(Object(Illuminate\\Http\\Request), Object(Closure))
#29 /Users/aleksandr/projects/btf/vendor/laravel/framework/src/Illuminate/Cookie/Middleware/AddQueuedCookiesToResponse.php(37): Illuminate\\Pipeline\\Pipeline->Illuminate\\Pipeline\\{closure}(Object(Illuminate\\Http\\Request))
#30 /Users/aleksandr/projects/btf/vendor/laravel/framework/src/Illuminate/Pipeline/Pipeline.php(209): Illuminate\\Cookie\\Middleware\\AddQueuedCookiesToResponse->handle(Object(Illuminate\\Http\\Request), Object(Closure))
#31 /Users/aleksandr/projects/btf/vendor/laravel/framework/src/Illuminate/Cookie/Middleware/EncryptCookies.php(75): Illuminate\\Pipeline\\Pipeline->Illuminate\\Pipeline\\{closure}(Object(Illuminate\\Http\\Request))
#32 /Users/aleksandr/projects/btf/vendor/laravel/framework/src/Illuminate/Pipeline/Pipeline.php(209): Illuminate\\Cookie\\Middleware\\EncryptCookies->handle(Object(Illuminate\\Http\\Request), Object(Closure))
#33 /Users/aleksandr/projects/btf/vendor/laravel/framework/src/Illuminate/Pipeline/Pipeline.php(127): Illuminate\\Pipeline\\Pipeline->Illuminate\\Pipeline\\{closure}(Object(Illuminate\\Http\\Request))
#34 /Users/aleksandr/projects/btf/vendor/laravel/framework/src/Illuminate/Routing/Router.php(807): Illuminate\\Pipeline\\Pipeline->then(Object(Closure))
#35 /Users/aleksandr/projects/btf/vendor/laravel/framework/src/Illuminate/Routing/Router.php(786): Illuminate\\Routing\\Router->runRouteWithinStack(Object(Illuminate\\Routing\\Route), Object(Illuminate\\Http\\Request))
#36 /Users/aleksandr/projects/btf/vendor/laravel/framework/src/Illuminate/Routing/Router.php(750): Illuminate\\Routing\\Router->runRoute(Object(Illuminate\\Http\\Request), Object(Illuminate\\Routing\\Route))
#37 /Users/aleksandr/projects/btf/vendor/laravel/framework/src/Illuminate/Routing/Router.php(739): Illuminate\\Routing\\Router->dispatchToRoute(Object(Illuminate\\Http\\Request))
#38 /Users/aleksandr/projects/btf/vendor/laravel/framework/src/Illuminate/Foundation/Http/Kernel.php(201): Illuminate\\Routing\\Router->dispatch(Object(Illuminate\\Http\\Request))
#39 /Users/aleksandr/projects/btf/vendor/laravel/framework/src/Illuminate/Pipeline/Pipeline.php(170): Illuminate\\Foundation\\Http\\Kernel->Illuminate\\Foundation\\Http\\{closure}(Object(Illuminate\\Http\\Request))
#40 /Users/aleksandr/projects/btf/vendor/barryvdh/laravel-debugbar/src/Middleware/InjectDebugbar.php(66): Illuminate\\Pipeline\\Pipeline->Illuminate\\Pipeline\\{closure}(Object(Illuminate\\Http\\Request))
#41 /Users/aleksandr/projects/btf/vendor/laravel/framework/src/Illuminate/Pipeline/Pipeline.php(209): Barryvdh\\Debugbar\\Middleware\\InjectDebugbar->handle(Object(Illuminate\\Http\\Request), Object(Closure))
#42 /Users/aleksandr/projects/btf/vendor/laravel/framework/src/Illuminate/Foundation/Http/Middleware/TransformsRequest.php(21): Illuminate\\Pipeline\\Pipeline->Illuminate\\Pipeline\\{closure}(Object(Illuminate\\Http\\Request))
#43 /Users/aleksandr/projects/btf/vendor/laravel/framework/src/Illuminate/Foundation/Http/Middleware/ConvertEmptyStringsToNull.php(31): Illuminate\\Foundation\\Http\\Middleware\\TransformsRequest->handle(Object(Illuminate\\Http\\Request), Object(Closure))
#44 /Users/aleksandr/projects/btf/vendor/laravel/framework/src/Illuminate/Pipeline/Pipeline.php(209): Illuminate\\Foundation\\Http\\Middleware\\ConvertEmptyStringsToNull->handle(Object(Illuminate\\Http\\Request), Object(Closure))
#45 /Users/aleksandr/projects/btf/vendor/laravel/framework/src/Illuminate/Foundation/Http/Middleware/TransformsRequest.php(21): Illuminate\\Pipeline\\Pipeline->Illuminate\\Pipeline\\{closure}(Object(Illuminate\\Http\\Request))
#46 /Users/aleksandr/projects/btf/vendor/laravel/framework/src/Illuminate/Foundation/Http/Middleware/TrimStrings.php(51): Illuminate\\Foundation\\Http\\Middleware\\TransformsRequest->handle(Object(Illuminate\\Http\\Request), Object(Closure))
#47 /Users/aleksandr/projects/btf/vendor/laravel/framework/src/Illuminate/Pipeline/Pipeline.php(209): Illuminate\\Foundation\\Http\\Middleware\\TrimStrings->handle(Object(Illuminate\\Http\\Request), Object(Closure))
#48 /Users/aleksandr/projects/btf/vendor/laravel/framework/src/Illuminate/Http/Middleware/ValidatePostSize.php(27): Illuminate\\Pipeline\\Pipeline->Illuminate\\Pipeline\\{closure}(Object(Illuminate\\Http\\Request))
#49 /Users/aleksandr/projects/btf/vendor/laravel/framework/src/Illuminate/Pipeline/Pipeline.php(209): Illuminate\\Http\\Middleware\\ValidatePostSize->handle(Object(Illuminate\\Http\\Request), Object(Closure))
#50 /Users/aleksandr/projects/btf/vendor/laravel/framework/src/Illuminate/Foundation/Http/Middleware/PreventRequestsDuringMaintenance.php(110): Illuminate\\Pipeline\\Pipeline->Illuminate\\Pipeline\\{closure}(Object(Illuminate\\Http\\Request))
#51 /Users/aleksandr/projects/btf/vendor/laravel/framework/src/Illuminate/Pipeline/Pipeline.php(209): Illuminate\\Foundation\\Http\\Middleware\\PreventRequestsDuringMaintenance->handle(Object(Illuminate\\Http\\Request), Object(Closure))
#52 /Users/aleksandr/projects/btf/vendor/laravel/framework/src/Illuminate/Http/Middleware/HandleCors.php(62): Illuminate\\Pipeline\\Pipeline->Illuminate\\Pipeline\\{closure}(Object(Illuminate\\Http\\Request))
#53 /Users/aleksandr/projects/btf/vendor/laravel/framework/src/Illuminate/Pipeline/Pipeline.php(209): Illuminate\\Http\\Middleware\\HandleCors->handle(Object(Illuminate\\Http\\Request), Object(Closure))
#54 /Users/aleksandr/projects/btf/vendor/laravel/framework/src/Illuminate/Http/Middleware/TrustProxies.php(58): Illuminate\\Pipeline\\Pipeline->Illuminate\\Pipeline\\{closure}(Object(Illuminate\\Http\\Request))
#55 /Users/aleksandr/projects/btf/vendor/laravel/framework/src/Illuminate/Pipeline/Pipeline.php(209): Illuminate\\Http\\Middleware\\TrustProxies->handle(Object(Illuminate\\Http\\Request), Object(Closure))
#56 /Users/aleksandr/projects/btf/vendor/laravel/framework/src/Illuminate/Pipeline/Pipeline.php(127): Illuminate\\Pipeline\\Pipeline->Illuminate\\Pipeline\\{closure}(Object(Illuminate\\Http\\Request))
#57 /Users/aleksandr/projects/btf/vendor/laravel/framework/src/Illuminate/Foundation/Http/Kernel.php(176): Illuminate\\Pipeline\\Pipeline->then(Object(Closure))
#58 /Users/aleksandr/projects/btf/vendor/laravel/framework/src/Illuminate/Foundation/Http/Kernel.php(145): Illuminate\\Foundation\\Http\\Kernel->sendRequestThroughRouter(Object(Illuminate\\Http\\Request))
#59 /Users/aleksandr/projects/btf/public/index.php(50): Illuminate\\Foundation\\Http\\Kernel->handle(Object(Illuminate\\Http\\Request))
#60 /Users/aleksandr/projects/btf/vendor/laravel/framework/src/Illuminate/Foundation/resources/server.php(23): require_once('/Users/aleksand...')
#61 {main}
"} 
[2025-05-01 08:14:26] production.ERROR: A role `gshhahahha` already exists for guard `web`. {"userId":1,"exception":"[object] (Spatie\\Permission\\Exceptions\\RoleAlreadyExists(code: 0): A role `gshhahahha` already exists for guard `web`. at /Users/aleksandr/projects/btf/vendor/spatie/laravel-permission/src/Exceptions/RoleAlreadyExists.php:11)
[stacktrace]
#0 /Users/aleksandr/projects/btf/vendor/spatie/laravel-permission/src/Models/Role.php(58): Spatie\\Permission\\Exceptions\\RoleAlreadyExists::create('gshhahahha', 'web')
#1 /Users/aleksandr/projects/btf/app/Http/Controllers/Backend/RolesController.php(49): Spatie\\Permission\\Models\\Role::create(Array)
#2 /Users/aleksandr/projects/btf/vendor/laravel/framework/src/Illuminate/Routing/Controller.php(54): App\\Http\\Controllers\\Backend\\RolesController->store(Object(Illuminate\\Http\\Request))
#3 /Users/aleksandr/projects/btf/vendor/laravel/framework/src/Illuminate/Routing/ControllerDispatcher.php(44): Illuminate\\Routing\\Controller->callAction('store', Array)
#4 /Users/aleksandr/projects/btf/vendor/laravel/framework/src/Illuminate/Routing/Route.php(266): Illuminate\\Routing\\ControllerDispatcher->dispatch(Object(Illuminate\\Routing\\Route), Object(App\\Http\\Controllers\\Backend\\RolesController), 'store')
#5 /Users/aleksandr/projects/btf/vendor/laravel/framework/src/Illuminate/Routing/Route.php(212): Illuminate\\Routing\\Route->runController()
#6 /Users/aleksandr/projects/btf/vendor/laravel/framework/src/Illuminate/Routing/Router.php(808): Illuminate\\Routing\\Route->run()
#7 /Users/aleksandr/projects/btf/vendor/laravel/framework/src/Illuminate/Pipeline/Pipeline.php(170): Illuminate\\Routing\\Router->Illuminate\\Routing\\{closure}(Object(Illuminate\\Http\\Request))
#8 /Users/aleksandr/projects/btf/app/Http/Middleware/AdminCheck.php(15): Illuminate\\Pipeline\\Pipeline->Illuminate\\Pipeline\\{closure}(Object(Illuminate\\Http\\Request))
#9 /Users/aleksandr/projects/btf/vendor/laravel/framework/src/Illuminate/Pipeline/Pipeline.php(209): App\\Http\\Middleware\\AdminCheck->handle(Object(Illuminate\\Http\\Request), Object(Closure))
#10 /Users/aleksandr/projects/btf/vendor/barryvdh/laravel-debugbar/src/Middleware/InjectDebugbar.php(66): Illuminate\\Pipeline\\Pipeline->Illuminate\\Pipeline\\{closure}(Object(Illuminate\\Http\\Request))
#11 /Users/aleksandr/projects/btf/vendor/laravel/framework/src/Illuminate/Pipeline/Pipeline.php(209): Barryvdh\\Debugbar\\Middleware\\InjectDebugbar->handle(Object(Illuminate\\Http\\Request), Object(Closure))
#12 /Users/aleksandr/projects/btf/app/Http/Middleware/UserActivity.php(20): Illuminate\\Pipeline\\Pipeline->Illuminate\\Pipeline\\{closure}(Object(Illuminate\\Http\\Request))
#13 /Users/aleksandr/projects/btf/vendor/laravel/framework/src/Illuminate/Pipeline/Pipeline.php(209): App\\Http\\Middleware\\UserActivity->handle(Object(Illuminate\\Http\\Request), Object(Closure))
#14 /Users/aleksandr/projects/btf/app/Http/Middleware/SetLocale.php(51): Illuminate\\Pipeline\\Pipeline->Illuminate\\Pipeline\\{closure}(Object(Illuminate\\Http\\Request))
#15 /Users/aleksandr/projects/btf/vendor/laravel/framework/src/Illuminate/Pipeline/Pipeline.php(209): App\\Http\\Middleware\\SetLocale->handle(Object(Illuminate\\Http\\Request), Object(Closure))
#16 /Users/aleksandr/projects/btf/vendor/erlandmuchasaj/laravel-gzip/src/Middleware/GzipEncodeResponse.php(19): Illuminate\\Pipeline\\Pipeline->Illuminate\\Pipeline\\{closure}(Object(Illuminate\\Http\\Request))
#17 /Users/aleksandr/projects/btf/vendor/laravel/framework/src/Illuminate/Pipeline/Pipeline.php(209): ErlandMuchasaj\\LaravelGzip\\Middleware\\GzipEncodeResponse->handle(Object(Illuminate\\Http\\Request), Object(Closure))
#18 /Users/aleksandr/projects/btf/vendor/laravel/framework/src/Illuminate/Routing/Middleware/SubstituteBindings.php(51): Illuminate\\Pipeline\\Pipeline->Illuminate\\Pipeline\\{closure}(Object(Illuminate\\Http\\Request))
#19 /Users/aleksandr/projects/btf/vendor/laravel/framework/src/Illuminate/Pipeline/Pipeline.php(209): Illuminate\\Routing\\Middleware\\SubstituteBindings->handle(Object(Illuminate\\Http\\Request), Object(Closure))
#20 /Users/aleksandr/projects/btf/vendor/laravel/framework/src/Illuminate/Auth/Middleware/Authenticate.php(64): Illuminate\\Pipeline\\Pipeline->Illuminate\\Pipeline\\{closure}(Object(Illuminate\\Http\\Request))
#21 /Users/aleksandr/projects/btf/vendor/laravel/framework/src/Illuminate/Pipeline/Pipeline.php(209): Illuminate\\Auth\\Middleware\\Authenticate->handle(Object(Illuminate\\Http\\Request), Object(Closure))
#22 /Users/aleksandr/projects/btf/vendor/laravel/framework/src/Illuminate/Foundation/Http/Middleware/VerifyCsrfToken.php(88): Illuminate\\Pipeline\\Pipeline->Illuminate\\Pipeline\\{closure}(Object(Illuminate\\Http\\Request))
#23 /Users/aleksandr/projects/btf/vendor/laravel/framework/src/Illuminate/Pipeline/Pipeline.php(209): Illuminate\\Foundation\\Http\\Middleware\\VerifyCsrfToken->handle(Object(Illuminate\\Http\\Request), Object(Closure))
#24 /Users/aleksandr/projects/btf/vendor/laravel/framework/src/Illuminate/View/Middleware/ShareErrorsFromSession.php(49): Illuminate\\Pipeline\\Pipeline->Illuminate\\Pipeline\\{closure}(Object(Illuminate\\Http\\Request))
#25 /Users/aleksandr/projects/btf/vendor/laravel/framework/src/Illuminate/Pipeline/Pipeline.php(209): Illuminate\\View\\Middleware\\ShareErrorsFromSession->handle(Object(Illuminate\\Http\\Request), Object(Closure))
#26 /Users/aleksandr/projects/btf/vendor/laravel/framework/src/Illuminate/Session/Middleware/StartSession.php(121): Illuminate\\Pipeline\\Pipeline->Illuminate\\Pipeline\\{closure}(Object(Illuminate\\Http\\Request))
#27 /Users/aleksandr/projects/btf/vendor/laravel/framework/src/Illuminate/Session/Middleware/StartSession.php(64): Illuminate\\Session\\Middleware\\StartSession->handleStatefulRequest(Object(Illuminate\\Http\\Request), Object(Illuminate\\Session\\Store), Object(Closure))
#28 /Users/aleksandr/projects/btf/vendor/laravel/framework/src/Illuminate/Pipeline/Pipeline.php(209): Illuminate\\Session\\Middleware\\StartSession->handle(Object(Illuminate\\Http\\Request), Object(Closure))
#29 /Users/aleksandr/projects/btf/vendor/laravel/framework/src/Illuminate/Cookie/Middleware/AddQueuedCookiesToResponse.php(37): Illuminate\\Pipeline\\Pipeline->Illuminate\\Pipeline\\{closure}(Object(Illuminate\\Http\\Request))
#30 /Users/aleksandr/projects/btf/vendor/laravel/framework/src/Illuminate/Pipeline/Pipeline.php(209): Illuminate\\Cookie\\Middleware\\AddQueuedCookiesToResponse->handle(Object(Illuminate\\Http\\Request), Object(Closure))
#31 /Users/aleksandr/projects/btf/vendor/laravel/framework/src/Illuminate/Cookie/Middleware/EncryptCookies.php(75): Illuminate\\Pipeline\\Pipeline->Illuminate\\Pipeline\\{closure}(Object(Illuminate\\Http\\Request))
#32 /Users/aleksandr/projects/btf/vendor/laravel/framework/src/Illuminate/Pipeline/Pipeline.php(209): Illuminate\\Cookie\\Middleware\\EncryptCookies->handle(Object(Illuminate\\Http\\Request), Object(Closure))
#33 /Users/aleksandr/projects/btf/vendor/laravel/framework/src/Illuminate/Pipeline/Pipeline.php(127): Illuminate\\Pipeline\\Pipeline->Illuminate\\Pipeline\\{closure}(Object(Illuminate\\Http\\Request))
#34 /Users/aleksandr/projects/btf/vendor/laravel/framework/src/Illuminate/Routing/Router.php(807): Illuminate\\Pipeline\\Pipeline->then(Object(Closure))
#35 /Users/aleksandr/projects/btf/vendor/laravel/framework/src/Illuminate/Routing/Router.php(786): Illuminate\\Routing\\Router->runRouteWithinStack(Object(Illuminate\\Routing\\Route), Object(Illuminate\\Http\\Request))
#36 /Users/aleksandr/projects/btf/vendor/laravel/framework/src/Illuminate/Routing/Router.php(750): Illuminate\\Routing\\Router->runRoute(Object(Illuminate\\Http\\Request), Object(Illuminate\\Routing\\Route))
#37 /Users/aleksandr/projects/btf/vendor/laravel/framework/src/Illuminate/Routing/Router.php(739): Illuminate\\Routing\\Router->dispatchToRoute(Object(Illuminate\\Http\\Request))
#38 /Users/aleksandr/projects/btf/vendor/laravel/framework/src/Illuminate/Foundation/Http/Kernel.php(201): Illuminate\\Routing\\Router->dispatch(Object(Illuminate\\Http\\Request))
#39 /Users/aleksandr/projects/btf/vendor/laravel/framework/src/Illuminate/Pipeline/Pipeline.php(170): Illuminate\\Foundation\\Http\\Kernel->Illuminate\\Foundation\\Http\\{closure}(Object(Illuminate\\Http\\Request))
#40 /Users/aleksandr/projects/btf/vendor/barryvdh/laravel-debugbar/src/Middleware/InjectDebugbar.php(66): Illuminate\\Pipeline\\Pipeline->Illuminate\\Pipeline\\{closure}(Object(Illuminate\\Http\\Request))
#41 /Users/aleksandr/projects/btf/vendor/laravel/framework/src/Illuminate/Pipeline/Pipeline.php(209): Barryvdh\\Debugbar\\Middleware\\InjectDebugbar->handle(Object(Illuminate\\Http\\Request), Object(Closure))
#42 /Users/aleksandr/projects/btf/vendor/laravel/framework/src/Illuminate/Foundation/Http/Middleware/TransformsRequest.php(21): Illuminate\\Pipeline\\Pipeline->Illuminate\\Pipeline\\{closure}(Object(Illuminate\\Http\\Request))
#43 /Users/aleksandr/projects/btf/vendor/laravel/framework/src/Illuminate/Foundation/Http/Middleware/ConvertEmptyStringsToNull.php(31): Illuminate\\Foundation\\Http\\Middleware\\TransformsRequest->handle(Object(Illuminate\\Http\\Request), Object(Closure))
#44 /Users/aleksandr/projects/btf/vendor/laravel/framework/src/Illuminate/Pipeline/Pipeline.php(209): Illuminate\\Foundation\\Http\\Middleware\\ConvertEmptyStringsToNull->handle(Object(Illuminate\\Http\\Request), Object(Closure))
#45 /Users/aleksandr/projects/btf/vendor/laravel/framework/src/Illuminate/Foundation/Http/Middleware/TransformsRequest.php(21): Illuminate\\Pipeline\\Pipeline->Illuminate\\Pipeline\\{closure}(Object(Illuminate\\Http\\Request))
#46 /Users/aleksandr/projects/btf/vendor/laravel/framework/src/Illuminate/Foundation/Http/Middleware/TrimStrings.php(51): Illuminate\\Foundation\\Http\\Middleware\\TransformsRequest->handle(Object(Illuminate\\Http\\Request), Object(Closure))
#47 /Users/aleksandr/projects/btf/vendor/laravel/framework/src/Illuminate/Pipeline/Pipeline.php(209): Illuminate\\Foundation\\Http\\Middleware\\TrimStrings->handle(Object(Illuminate\\Http\\Request), Object(Closure))
#48 /Users/aleksandr/projects/btf/vendor/laravel/framework/src/Illuminate/Http/Middleware/ValidatePostSize.php(27): Illuminate\\Pipeline\\Pipeline->Illuminate\\Pipeline\\{closure}(Object(Illuminate\\Http\\Request))
#49 /Users/aleksandr/projects/btf/vendor/laravel/framework/src/Illuminate/Pipeline/Pipeline.php(209): Illuminate\\Http\\Middleware\\ValidatePostSize->handle(Object(Illuminate\\Http\\Request), Object(Closure))
#50 /Users/aleksandr/projects/btf/vendor/laravel/framework/src/Illuminate/Foundation/Http/Middleware/PreventRequestsDuringMaintenance.php(110): Illuminate\\Pipeline\\Pipeline->Illuminate\\Pipeline\\{closure}(Object(Illuminate\\Http\\Request))
#51 /Users/aleksandr/projects/btf/vendor/laravel/framework/src/Illuminate/Pipeline/Pipeline.php(209): Illuminate\\Foundation\\Http\\Middleware\\PreventRequestsDuringMaintenance->handle(Object(Illuminate\\Http\\Request), Object(Closure))
#52 /Users/aleksandr/projects/btf/vendor/laravel/framework/src/Illuminate/Http/Middleware/HandleCors.php(62): Illuminate\\Pipeline\\Pipeline->Illuminate\\Pipeline\\{closure}(Object(Illuminate\\Http\\Request))
#53 /Users/aleksandr/projects/btf/vendor/laravel/framework/src/Illuminate/Pipeline/Pipeline.php(209): Illuminate\\Http\\Middleware\\HandleCors->handle(Object(Illuminate\\Http\\Request), Object(Closure))
#54 /Users/aleksandr/projects/btf/vendor/laravel/framework/src/Illuminate/Http/Middleware/TrustProxies.php(58): Illuminate\\Pipeline\\Pipeline->Illuminate\\Pipeline\\{closure}(Object(Illuminate\\Http\\Request))
#55 /Users/aleksandr/projects/btf/vendor/laravel/framework/src/Illuminate/Pipeline/Pipeline.php(209): Illuminate\\Http\\Middleware\\TrustProxies->handle(Object(Illuminate\\Http\\Request), Object(Closure))
#56 /Users/aleksandr/projects/btf/vendor/laravel/framework/src/Illuminate/Pipeline/Pipeline.php(127): Illuminate\\Pipeline\\Pipeline->Illuminate\\Pipeline\\{closure}(Object(Illuminate\\Http\\Request))
#57 /Users/aleksandr/projects/btf/vendor/laravel/framework/src/Illuminate/Foundation/Http/Kernel.php(176): Illuminate\\Pipeline\\Pipeline->then(Object(Closure))
#58 /Users/aleksandr/projects/btf/vendor/laravel/framework/src/Illuminate/Foundation/Http/Kernel.php(145): Illuminate\\Foundation\\Http\\Kernel->sendRequestThroughRouter(Object(Illuminate\\Http\\Request))
#59 /Users/aleksandr/projects/btf/public/index.php(50): Illuminate\\Foundation\\Http\\Kernel->handle(Object(Illuminate\\Http\\Request))
#60 /Users/aleksandr/projects/btf/vendor/laravel/framework/src/Illuminate/Foundation/resources/server.php(23): require_once('/Users/aleksand...')
#61 {main}
"} 
[2025-05-01 08:15:33] production.ERROR: A role `gshhahahha` already exists for guard `web`. {"userId":1,"exception":"[object] (Spatie\\Permission\\Exceptions\\RoleAlreadyExists(code: 0): A role `gshhahahha` already exists for guard `web`. at /Users/aleksandr/projects/btf/vendor/spatie/laravel-permission/src/Exceptions/RoleAlreadyExists.php:11)
[stacktrace]
#0 /Users/aleksandr/projects/btf/vendor/spatie/laravel-permission/src/Models/Role.php(58): Spatie\\Permission\\Exceptions\\RoleAlreadyExists::create('gshhahahha', 'web')
#1 /Users/aleksandr/projects/btf/app/Http/Controllers/Backend/RolesController.php(49): Spatie\\Permission\\Models\\Role::create(Array)
#2 /Users/aleksandr/projects/btf/vendor/laravel/framework/src/Illuminate/Routing/Controller.php(54): App\\Http\\Controllers\\Backend\\RolesController->store(Object(Illuminate\\Http\\Request))
#3 /Users/aleksandr/projects/btf/vendor/laravel/framework/src/Illuminate/Routing/ControllerDispatcher.php(44): Illuminate\\Routing\\Controller->callAction('store', Array)
#4 /Users/aleksandr/projects/btf/vendor/laravel/framework/src/Illuminate/Routing/Route.php(266): Illuminate\\Routing\\ControllerDispatcher->dispatch(Object(Illuminate\\Routing\\Route), Object(App\\Http\\Controllers\\Backend\\RolesController), 'store')
#5 /Users/aleksandr/projects/btf/vendor/laravel/framework/src/Illuminate/Routing/Route.php(212): Illuminate\\Routing\\Route->runController()
#6 /Users/aleksandr/projects/btf/vendor/laravel/framework/src/Illuminate/Routing/Router.php(808): Illuminate\\Routing\\Route->run()
#7 /Users/aleksandr/projects/btf/vendor/laravel/framework/src/Illuminate/Pipeline/Pipeline.php(170): Illuminate\\Routing\\Router->Illuminate\\Routing\\{closure}(Object(Illuminate\\Http\\Request))
#8 /Users/aleksandr/projects/btf/app/Http/Middleware/AdminCheck.php(15): Illuminate\\Pipeline\\Pipeline->Illuminate\\Pipeline\\{closure}(Object(Illuminate\\Http\\Request))
#9 /Users/aleksandr/projects/btf/vendor/laravel/framework/src/Illuminate/Pipeline/Pipeline.php(209): App\\Http\\Middleware\\AdminCheck->handle(Object(Illuminate\\Http\\Request), Object(Closure))
#10 /Users/aleksandr/projects/btf/vendor/barryvdh/laravel-debugbar/src/Middleware/InjectDebugbar.php(66): Illuminate\\Pipeline\\Pipeline->Illuminate\\Pipeline\\{closure}(Object(Illuminate\\Http\\Request))
#11 /Users/aleksandr/projects/btf/vendor/laravel/framework/src/Illuminate/Pipeline/Pipeline.php(209): Barryvdh\\Debugbar\\Middleware\\InjectDebugbar->handle(Object(Illuminate\\Http\\Request), Object(Closure))
#12 /Users/aleksandr/projects/btf/app/Http/Middleware/UserActivity.php(20): Illuminate\\Pipeline\\Pipeline->Illuminate\\Pipeline\\{closure}(Object(Illuminate\\Http\\Request))
#13 /Users/aleksandr/projects/btf/vendor/laravel/framework/src/Illuminate/Pipeline/Pipeline.php(209): App\\Http\\Middleware\\UserActivity->handle(Object(Illuminate\\Http\\Request), Object(Closure))
#14 /Users/aleksandr/projects/btf/app/Http/Middleware/SetLocale.php(51): Illuminate\\Pipeline\\Pipeline->Illuminate\\Pipeline\\{closure}(Object(Illuminate\\Http\\Request))
#15 /Users/aleksandr/projects/btf/vendor/laravel/framework/src/Illuminate/Pipeline/Pipeline.php(209): App\\Http\\Middleware\\SetLocale->handle(Object(Illuminate\\Http\\Request), Object(Closure))
#16 /Users/aleksandr/projects/btf/vendor/erlandmuchasaj/laravel-gzip/src/Middleware/GzipEncodeResponse.php(19): Illuminate\\Pipeline\\Pipeline->Illuminate\\Pipeline\\{closure}(Object(Illuminate\\Http\\Request))
#17 /Users/aleksandr/projects/btf/vendor/laravel/framework/src/Illuminate/Pipeline/Pipeline.php(209): ErlandMuchasaj\\LaravelGzip\\Middleware\\GzipEncodeResponse->handle(Object(Illuminate\\Http\\Request), Object(Closure))
#18 /Users/aleksandr/projects/btf/vendor/laravel/framework/src/Illuminate/Routing/Middleware/SubstituteBindings.php(51): Illuminate\\Pipeline\\Pipeline->Illuminate\\Pipeline\\{closure}(Object(Illuminate\\Http\\Request))
#19 /Users/aleksandr/projects/btf/vendor/laravel/framework/src/Illuminate/Pipeline/Pipeline.php(209): Illuminate\\Routing\\Middleware\\SubstituteBindings->handle(Object(Illuminate\\Http\\Request), Object(Closure))
#20 /Users/aleksandr/projects/btf/vendor/laravel/framework/src/Illuminate/Auth/Middleware/Authenticate.php(64): Illuminate\\Pipeline\\Pipeline->Illuminate\\Pipeline\\{closure}(Object(Illuminate\\Http\\Request))
#21 /Users/aleksandr/projects/btf/vendor/laravel/framework/src/Illuminate/Pipeline/Pipeline.php(209): Illuminate\\Auth\\Middleware\\Authenticate->handle(Object(Illuminate\\Http\\Request), Object(Closure))
#22 /Users/aleksandr/projects/btf/vendor/laravel/framework/src/Illuminate/Foundation/Http/Middleware/VerifyCsrfToken.php(88): Illuminate\\Pipeline\\Pipeline->Illuminate\\Pipeline\\{closure}(Object(Illuminate\\Http\\Request))
#23 /Users/aleksandr/projects/btf/vendor/laravel/framework/src/Illuminate/Pipeline/Pipeline.php(209): Illuminate\\Foundation\\Http\\Middleware\\VerifyCsrfToken->handle(Object(Illuminate\\Http\\Request), Object(Closure))
#24 /Users/aleksandr/projects/btf/vendor/laravel/framework/src/Illuminate/View/Middleware/ShareErrorsFromSession.php(49): Illuminate\\Pipeline\\Pipeline->Illuminate\\Pipeline\\{closure}(Object(Illuminate\\Http\\Request))
#25 /Users/aleksandr/projects/btf/vendor/laravel/framework/src/Illuminate/Pipeline/Pipeline.php(209): Illuminate\\View\\Middleware\\ShareErrorsFromSession->handle(Object(Illuminate\\Http\\Request), Object(Closure))
#26 /Users/aleksandr/projects/btf/vendor/laravel/framework/src/Illuminate/Session/Middleware/StartSession.php(121): Illuminate\\Pipeline\\Pipeline->Illuminate\\Pipeline\\{closure}(Object(Illuminate\\Http\\Request))
#27 /Users/aleksandr/projects/btf/vendor/laravel/framework/src/Illuminate/Session/Middleware/StartSession.php(64): Illuminate\\Session\\Middleware\\StartSession->handleStatefulRequest(Object(Illuminate\\Http\\Request), Object(Illuminate\\Session\\Store), Object(Closure))
#28 /Users/aleksandr/projects/btf/vendor/laravel/framework/src/Illuminate/Pipeline/Pipeline.php(209): Illuminate\\Session\\Middleware\\StartSession->handle(Object(Illuminate\\Http\\Request), Object(Closure))
#29 /Users/aleksandr/projects/btf/vendor/laravel/framework/src/Illuminate/Cookie/Middleware/AddQueuedCookiesToResponse.php(37): Illuminate\\Pipeline\\Pipeline->Illuminate\\Pipeline\\{closure}(Object(Illuminate\\Http\\Request))
#30 /Users/aleksandr/projects/btf/vendor/laravel/framework/src/Illuminate/Pipeline/Pipeline.php(209): Illuminate\\Cookie\\Middleware\\AddQueuedCookiesToResponse->handle(Object(Illuminate\\Http\\Request), Object(Closure))
#31 /Users/aleksandr/projects/btf/vendor/laravel/framework/src/Illuminate/Cookie/Middleware/EncryptCookies.php(75): Illuminate\\Pipeline\\Pipeline->Illuminate\\Pipeline\\{closure}(Object(Illuminate\\Http\\Request))
#32 /Users/aleksandr/projects/btf/vendor/laravel/framework/src/Illuminate/Pipeline/Pipeline.php(209): Illuminate\\Cookie\\Middleware\\EncryptCookies->handle(Object(Illuminate\\Http\\Request), Object(Closure))
#33 /Users/aleksandr/projects/btf/vendor/laravel/framework/src/Illuminate/Pipeline/Pipeline.php(127): Illuminate\\Pipeline\\Pipeline->Illuminate\\Pipeline\\{closure}(Object(Illuminate\\Http\\Request))
#34 /Users/aleksandr/projects/btf/vendor/laravel/framework/src/Illuminate/Routing/Router.php(807): Illuminate\\Pipeline\\Pipeline->then(Object(Closure))
#35 /Users/aleksandr/projects/btf/vendor/laravel/framework/src/Illuminate/Routing/Router.php(786): Illuminate\\Routing\\Router->runRouteWithinStack(Object(Illuminate\\Routing\\Route), Object(Illuminate\\Http\\Request))
#36 /Users/aleksandr/projects/btf/vendor/laravel/framework/src/Illuminate/Routing/Router.php(750): Illuminate\\Routing\\Router->runRoute(Object(Illuminate\\Http\\Request), Object(Illuminate\\Routing\\Route))
#37 /Users/aleksandr/projects/btf/vendor/laravel/framework/src/Illuminate/Routing/Router.php(739): Illuminate\\Routing\\Router->dispatchToRoute(Object(Illuminate\\Http\\Request))
#38 /Users/aleksandr/projects/btf/vendor/laravel/framework/src/Illuminate/Foundation/Http/Kernel.php(201): Illuminate\\Routing\\Router->dispatch(Object(Illuminate\\Http\\Request))
#39 /Users/aleksandr/projects/btf/vendor/laravel/framework/src/Illuminate/Pipeline/Pipeline.php(170): Illuminate\\Foundation\\Http\\Kernel->Illuminate\\Foundation\\Http\\{closure}(Object(Illuminate\\Http\\Request))
#40 /Users/aleksandr/projects/btf/vendor/barryvdh/laravel-debugbar/src/Middleware/InjectDebugbar.php(66): Illuminate\\Pipeline\\Pipeline->Illuminate\\Pipeline\\{closure}(Object(Illuminate\\Http\\Request))
#41 /Users/aleksandr/projects/btf/vendor/laravel/framework/src/Illuminate/Pipeline/Pipeline.php(209): Barryvdh\\Debugbar\\Middleware\\InjectDebugbar->handle(Object(Illuminate\\Http\\Request), Object(Closure))
#42 /Users/aleksandr/projects/btf/vendor/laravel/framework/src/Illuminate/Foundation/Http/Middleware/TransformsRequest.php(21): Illuminate\\Pipeline\\Pipeline->Illuminate\\Pipeline\\{closure}(Object(Illuminate\\Http\\Request))
#43 /Users/aleksandr/projects/btf/vendor/laravel/framework/src/Illuminate/Foundation/Http/Middleware/ConvertEmptyStringsToNull.php(31): Illuminate\\Foundation\\Http\\Middleware\\TransformsRequest->handle(Object(Illuminate\\Http\\Request), Object(Closure))
#44 /Users/aleksandr/projects/btf/vendor/laravel/framework/src/Illuminate/Pipeline/Pipeline.php(209): Illuminate\\Foundation\\Http\\Middleware\\ConvertEmptyStringsToNull->handle(Object(Illuminate\\Http\\Request), Object(Closure))
#45 /Users/aleksandr/projects/btf/vendor/laravel/framework/src/Illuminate/Foundation/Http/Middleware/TransformsRequest.php(21): Illuminate\\Pipeline\\Pipeline->Illuminate\\Pipeline\\{closure}(Object(Illuminate\\Http\\Request))
#46 /Users/aleksandr/projects/btf/vendor/laravel/framework/src/Illuminate/Foundation/Http/Middleware/TrimStrings.php(51): Illuminate\\Foundation\\Http\\Middleware\\TransformsRequest->handle(Object(Illuminate\\Http\\Request), Object(Closure))
#47 /Users/aleksandr/projects/btf/vendor/laravel/framework/src/Illuminate/Pipeline/Pipeline.php(209): Illuminate\\Foundation\\Http\\Middleware\\TrimStrings->handle(Object(Illuminate\\Http\\Request), Object(Closure))
#48 /Users/aleksandr/projects/btf/vendor/laravel/framework/src/Illuminate/Http/Middleware/ValidatePostSize.php(27): Illuminate\\Pipeline\\Pipeline->Illuminate\\Pipeline\\{closure}(Object(Illuminate\\Http\\Request))
#49 /Users/aleksandr/projects/btf/vendor/laravel/framework/src/Illuminate/Pipeline/Pipeline.php(209): Illuminate\\Http\\Middleware\\ValidatePostSize->handle(Object(Illuminate\\Http\\Request), Object(Closure))
#50 /Users/aleksandr/projects/btf/vendor/laravel/framework/src/Illuminate/Foundation/Http/Middleware/PreventRequestsDuringMaintenance.php(110): Illuminate\\Pipeline\\Pipeline->Illuminate\\Pipeline\\{closure}(Object(Illuminate\\Http\\Request))
#51 /Users/aleksandr/projects/btf/vendor/laravel/framework/src/Illuminate/Pipeline/Pipeline.php(209): Illuminate\\Foundation\\Http\\Middleware\\PreventRequestsDuringMaintenance->handle(Object(Illuminate\\Http\\Request), Object(Closure))
#52 /Users/aleksandr/projects/btf/vendor/laravel/framework/src/Illuminate/Http/Middleware/HandleCors.php(62): Illuminate\\Pipeline\\Pipeline->Illuminate\\Pipeline\\{closure}(Object(Illuminate\\Http\\Request))
#53 /Users/aleksandr/projects/btf/vendor/laravel/framework/src/Illuminate/Pipeline/Pipeline.php(209): Illuminate\\Http\\Middleware\\HandleCors->handle(Object(Illuminate\\Http\\Request), Object(Closure))
#54 /Users/aleksandr/projects/btf/vendor/laravel/framework/src/Illuminate/Http/Middleware/TrustProxies.php(58): Illuminate\\Pipeline\\Pipeline->Illuminate\\Pipeline\\{closure}(Object(Illuminate\\Http\\Request))
#55 /Users/aleksandr/projects/btf/vendor/laravel/framework/src/Illuminate/Pipeline/Pipeline.php(209): Illuminate\\Http\\Middleware\\TrustProxies->handle(Object(Illuminate\\Http\\Request), Object(Closure))
#56 /Users/aleksandr/projects/btf/vendor/laravel/framework/src/Illuminate/Pipeline/Pipeline.php(127): Illuminate\\Pipeline\\Pipeline->Illuminate\\Pipeline\\{closure}(Object(Illuminate\\Http\\Request))
#57 /Users/aleksandr/projects/btf/vendor/laravel/framework/src/Illuminate/Foundation/Http/Kernel.php(176): Illuminate\\Pipeline\\Pipeline->then(Object(Closure))
#58 /Users/aleksandr/projects/btf/vendor/laravel/framework/src/Illuminate/Foundation/Http/Kernel.php(145): Illuminate\\Foundation\\Http\\Kernel->sendRequestThroughRouter(Object(Illuminate\\Http\\Request))
#59 /Users/aleksandr/projects/btf/public/index.php(50): Illuminate\\Foundation\\Http\\Kernel->handle(Object(Illuminate\\Http\\Request))
#60 /Users/aleksandr/projects/btf/vendor/laravel/framework/src/Illuminate/Foundation/resources/server.php(23): require_once('/Users/aleksand...')
#61 {main}
"} 
[2025-05-01 08:15:37] production.ERROR: A role `gshhahahha` already exists for guard `web`. {"userId":1,"exception":"[object] (Spatie\\Permission\\Exceptions\\RoleAlreadyExists(code: 0): A role `gshhahahha` already exists for guard `web`. at /Users/aleksandr/projects/btf/vendor/spatie/laravel-permission/src/Exceptions/RoleAlreadyExists.php:11)
[stacktrace]
#0 /Users/aleksandr/projects/btf/vendor/spatie/laravel-permission/src/Models/Role.php(58): Spatie\\Permission\\Exceptions\\RoleAlreadyExists::create('gshhahahha', 'web')
#1 /Users/aleksandr/projects/btf/app/Http/Controllers/Backend/RolesController.php(49): Spatie\\Permission\\Models\\Role::create(Array)
#2 /Users/aleksandr/projects/btf/vendor/laravel/framework/src/Illuminate/Routing/Controller.php(54): App\\Http\\Controllers\\Backend\\RolesController->store(Object(Illuminate\\Http\\Request))
#3 /Users/aleksandr/projects/btf/vendor/laravel/framework/src/Illuminate/Routing/ControllerDispatcher.php(44): Illuminate\\Routing\\Controller->callAction('store', Array)
#4 /Users/aleksandr/projects/btf/vendor/laravel/framework/src/Illuminate/Routing/Route.php(266): Illuminate\\Routing\\ControllerDispatcher->dispatch(Object(Illuminate\\Routing\\Route), Object(App\\Http\\Controllers\\Backend\\RolesController), 'store')
#5 /Users/aleksandr/projects/btf/vendor/laravel/framework/src/Illuminate/Routing/Route.php(212): Illuminate\\Routing\\Route->runController()
#6 /Users/aleksandr/projects/btf/vendor/laravel/framework/src/Illuminate/Routing/Router.php(808): Illuminate\\Routing\\Route->run()
#7 /Users/aleksandr/projects/btf/vendor/laravel/framework/src/Illuminate/Pipeline/Pipeline.php(170): Illuminate\\Routing\\Router->Illuminate\\Routing\\{closure}(Object(Illuminate\\Http\\Request))
#8 /Users/aleksandr/projects/btf/app/Http/Middleware/AdminCheck.php(15): Illuminate\\Pipeline\\Pipeline->Illuminate\\Pipeline\\{closure}(Object(Illuminate\\Http\\Request))
#9 /Users/aleksandr/projects/btf/vendor/laravel/framework/src/Illuminate/Pipeline/Pipeline.php(209): App\\Http\\Middleware\\AdminCheck->handle(Object(Illuminate\\Http\\Request), Object(Closure))
#10 /Users/aleksandr/projects/btf/vendor/barryvdh/laravel-debugbar/src/Middleware/InjectDebugbar.php(66): Illuminate\\Pipeline\\Pipeline->Illuminate\\Pipeline\\{closure}(Object(Illuminate\\Http\\Request))
#11 /Users/aleksandr/projects/btf/vendor/laravel/framework/src/Illuminate/Pipeline/Pipeline.php(209): Barryvdh\\Debugbar\\Middleware\\InjectDebugbar->handle(Object(Illuminate\\Http\\Request), Object(Closure))
#12 /Users/aleksandr/projects/btf/app/Http/Middleware/UserActivity.php(20): Illuminate\\Pipeline\\Pipeline->Illuminate\\Pipeline\\{closure}(Object(Illuminate\\Http\\Request))
#13 /Users/aleksandr/projects/btf/vendor/laravel/framework/src/Illuminate/Pipeline/Pipeline.php(209): App\\Http\\Middleware\\UserActivity->handle(Object(Illuminate\\Http\\Request), Object(Closure))
#14 /Users/aleksandr/projects/btf/app/Http/Middleware/SetLocale.php(51): Illuminate\\Pipeline\\Pipeline->Illuminate\\Pipeline\\{closure}(Object(Illuminate\\Http\\Request))
#15 /Users/aleksandr/projects/btf/vendor/laravel/framework/src/Illuminate/Pipeline/Pipeline.php(209): App\\Http\\Middleware\\SetLocale->handle(Object(Illuminate\\Http\\Request), Object(Closure))
#16 /Users/aleksandr/projects/btf/vendor/erlandmuchasaj/laravel-gzip/src/Middleware/GzipEncodeResponse.php(19): Illuminate\\Pipeline\\Pipeline->Illuminate\\Pipeline\\{closure}(Object(Illuminate\\Http\\Request))
#17 /Users/aleksandr/projects/btf/vendor/laravel/framework/src/Illuminate/Pipeline/Pipeline.php(209): ErlandMuchasaj\\LaravelGzip\\Middleware\\GzipEncodeResponse->handle(Object(Illuminate\\Http\\Request), Object(Closure))
#18 /Users/aleksandr/projects/btf/vendor/laravel/framework/src/Illuminate/Routing/Middleware/SubstituteBindings.php(51): Illuminate\\Pipeline\\Pipeline->Illuminate\\Pipeline\\{closure}(Object(Illuminate\\Http\\Request))
#19 /Users/aleksandr/projects/btf/vendor/laravel/framework/src/Illuminate/Pipeline/Pipeline.php(209): Illuminate\\Routing\\Middleware\\SubstituteBindings->handle(Object(Illuminate\\Http\\Request), Object(Closure))
#20 /Users/aleksandr/projects/btf/vendor/laravel/framework/src/Illuminate/Auth/Middleware/Authenticate.php(64): Illuminate\\Pipeline\\Pipeline->Illuminate\\Pipeline\\{closure}(Object(Illuminate\\Http\\Request))
#21 /Users/aleksandr/projects/btf/vendor/laravel/framework/src/Illuminate/Pipeline/Pipeline.php(209): Illuminate\\Auth\\Middleware\\Authenticate->handle(Object(Illuminate\\Http\\Request), Object(Closure))
#22 /Users/aleksandr/projects/btf/vendor/laravel/framework/src/Illuminate/Foundation/Http/Middleware/VerifyCsrfToken.php(88): Illuminate\\Pipeline\\Pipeline->Illuminate\\Pipeline\\{closure}(Object(Illuminate\\Http\\Request))
#23 /Users/aleksandr/projects/btf/vendor/laravel/framework/src/Illuminate/Pipeline/Pipeline.php(209): Illuminate\\Foundation\\Http\\Middleware\\VerifyCsrfToken->handle(Object(Illuminate\\Http\\Request), Object(Closure))
#24 /Users/aleksandr/projects/btf/vendor/laravel/framework/src/Illuminate/View/Middleware/ShareErrorsFromSession.php(49): Illuminate\\Pipeline\\Pipeline->Illuminate\\Pipeline\\{closure}(Object(Illuminate\\Http\\Request))
#25 /Users/aleksandr/projects/btf/vendor/laravel/framework/src/Illuminate/Pipeline/Pipeline.php(209): Illuminate\\View\\Middleware\\ShareErrorsFromSession->handle(Object(Illuminate\\Http\\Request), Object(Closure))
#26 /Users/aleksandr/projects/btf/vendor/laravel/framework/src/Illuminate/Session/Middleware/StartSession.php(121): Illuminate\\Pipeline\\Pipeline->Illuminate\\Pipeline\\{closure}(Object(Illuminate\\Http\\Request))
#27 /Users/aleksandr/projects/btf/vendor/laravel/framework/src/Illuminate/Session/Middleware/StartSession.php(64): Illuminate\\Session\\Middleware\\StartSession->handleStatefulRequest(Object(Illuminate\\Http\\Request), Object(Illuminate\\Session\\Store), Object(Closure))
#28 /Users/aleksandr/projects/btf/vendor/laravel/framework/src/Illuminate/Pipeline/Pipeline.php(209): Illuminate\\Session\\Middleware\\StartSession->handle(Object(Illuminate\\Http\\Request), Object(Closure))
#29 /Users/aleksandr/projects/btf/vendor/laravel/framework/src/Illuminate/Cookie/Middleware/AddQueuedCookiesToResponse.php(37): Illuminate\\Pipeline\\Pipeline->Illuminate\\Pipeline\\{closure}(Object(Illuminate\\Http\\Request))
#30 /Users/aleksandr/projects/btf/vendor/laravel/framework/src/Illuminate/Pipeline/Pipeline.php(209): Illuminate\\Cookie\\Middleware\\AddQueuedCookiesToResponse->handle(Object(Illuminate\\Http\\Request), Object(Closure))
#31 /Users/aleksandr/projects/btf/vendor/laravel/framework/src/Illuminate/Cookie/Middleware/EncryptCookies.php(75): Illuminate\\Pipeline\\Pipeline->Illuminate\\Pipeline\\{closure}(Object(Illuminate\\Http\\Request))
#32 /Users/aleksandr/projects/btf/vendor/laravel/framework/src/Illuminate/Pipeline/Pipeline.php(209): Illuminate\\Cookie\\Middleware\\EncryptCookies->handle(Object(Illuminate\\Http\\Request), Object(Closure))
#33 /Users/aleksandr/projects/btf/vendor/laravel/framework/src/Illuminate/Pipeline/Pipeline.php(127): Illuminate\\Pipeline\\Pipeline->Illuminate\\Pipeline\\{closure}(Object(Illuminate\\Http\\Request))
#34 /Users/aleksandr/projects/btf/vendor/laravel/framework/src/Illuminate/Routing/Router.php(807): Illuminate\\Pipeline\\Pipeline->then(Object(Closure))
#35 /Users/aleksandr/projects/btf/vendor/laravel/framework/src/Illuminate/Routing/Router.php(786): Illuminate\\Routing\\Router->runRouteWithinStack(Object(Illuminate\\Routing\\Route), Object(Illuminate\\Http\\Request))
#36 /Users/aleksandr/projects/btf/vendor/laravel/framework/src/Illuminate/Routing/Router.php(750): Illuminate\\Routing\\Router->runRoute(Object(Illuminate\\Http\\Request), Object(Illuminate\\Routing\\Route))
#37 /Users/aleksandr/projects/btf/vendor/laravel/framework/src/Illuminate/Routing/Router.php(739): Illuminate\\Routing\\Router->dispatchToRoute(Object(Illuminate\\Http\\Request))
#38 /Users/aleksandr/projects/btf/vendor/laravel/framework/src/Illuminate/Foundation/Http/Kernel.php(201): Illuminate\\Routing\\Router->dispatch(Object(Illuminate\\Http\\Request))
#39 /Users/aleksandr/projects/btf/vendor/laravel/framework/src/Illuminate/Pipeline/Pipeline.php(170): Illuminate\\Foundation\\Http\\Kernel->Illuminate\\Foundation\\Http\\{closure}(Object(Illuminate\\Http\\Request))
#40 /Users/aleksandr/projects/btf/vendor/barryvdh/laravel-debugbar/src/Middleware/InjectDebugbar.php(66): Illuminate\\Pipeline\\Pipeline->Illuminate\\Pipeline\\{closure}(Object(Illuminate\\Http\\Request))
#41 /Users/aleksandr/projects/btf/vendor/laravel/framework/src/Illuminate/Pipeline/Pipeline.php(209): Barryvdh\\Debugbar\\Middleware\\InjectDebugbar->handle(Object(Illuminate\\Http\\Request), Object(Closure))
#42 /Users/aleksandr/projects/btf/vendor/laravel/framework/src/Illuminate/Foundation/Http/Middleware/TransformsRequest.php(21): Illuminate\\Pipeline\\Pipeline->Illuminate\\Pipeline\\{closure}(Object(Illuminate\\Http\\Request))
#43 /Users/aleksandr/projects/btf/vendor/laravel/framework/src/Illuminate/Foundation/Http/Middleware/ConvertEmptyStringsToNull.php(31): Illuminate\\Foundation\\Http\\Middleware\\TransformsRequest->handle(Object(Illuminate\\Http\\Request), Object(Closure))
#44 /Users/aleksandr/projects/btf/vendor/laravel/framework/src/Illuminate/Pipeline/Pipeline.php(209): Illuminate\\Foundation\\Http\\Middleware\\ConvertEmptyStringsToNull->handle(Object(Illuminate\\Http\\Request), Object(Closure))
#45 /Users/aleksandr/projects/btf/vendor/laravel/framework/src/Illuminate/Foundation/Http/Middleware/TransformsRequest.php(21): Illuminate\\Pipeline\\Pipeline->Illuminate\\Pipeline\\{closure}(Object(Illuminate\\Http\\Request))
#46 /Users/aleksandr/projects/btf/vendor/laravel/framework/src/Illuminate/Foundation/Http/Middleware/TrimStrings.php(51): Illuminate\\Foundation\\Http\\Middleware\\TransformsRequest->handle(Object(Illuminate\\Http\\Request), Object(Closure))
#47 /Users/aleksandr/projects/btf/vendor/laravel/framework/src/Illuminate/Pipeline/Pipeline.php(209): Illuminate\\Foundation\\Http\\Middleware\\TrimStrings->handle(Object(Illuminate\\Http\\Request), Object(Closure))
#48 /Users/aleksandr/projects/btf/vendor/laravel/framework/src/Illuminate/Http/Middleware/ValidatePostSize.php(27): Illuminate\\Pipeline\\Pipeline->Illuminate\\Pipeline\\{closure}(Object(Illuminate\\Http\\Request))
#49 /Users/aleksandr/projects/btf/vendor/laravel/framework/src/Illuminate/Pipeline/Pipeline.php(209): Illuminate\\Http\\Middleware\\ValidatePostSize->handle(Object(Illuminate\\Http\\Request), Object(Closure))
#50 /Users/aleksandr/projects/btf/vendor/laravel/framework/src/Illuminate/Foundation/Http/Middleware/PreventRequestsDuringMaintenance.php(110): Illuminate\\Pipeline\\Pipeline->Illuminate\\Pipeline\\{closure}(Object(Illuminate\\Http\\Request))
#51 /Users/aleksandr/projects/btf/vendor/laravel/framework/src/Illuminate/Pipeline/Pipeline.php(209): Illuminate\\Foundation\\Http\\Middleware\\PreventRequestsDuringMaintenance->handle(Object(Illuminate\\Http\\Request), Object(Closure))
#52 /Users/aleksandr/projects/btf/vendor/laravel/framework/src/Illuminate/Http/Middleware/HandleCors.php(62): Illuminate\\Pipeline\\Pipeline->Illuminate\\Pipeline\\{closure}(Object(Illuminate\\Http\\Request))
#53 /Users/aleksandr/projects/btf/vendor/laravel/framework/src/Illuminate/Pipeline/Pipeline.php(209): Illuminate\\Http\\Middleware\\HandleCors->handle(Object(Illuminate\\Http\\Request), Object(Closure))
#54 /Users/aleksandr/projects/btf/vendor/laravel/framework/src/Illuminate/Http/Middleware/TrustProxies.php(58): Illuminate\\Pipeline\\Pipeline->Illuminate\\Pipeline\\{closure}(Object(Illuminate\\Http\\Request))
#55 /Users/aleksandr/projects/btf/vendor/laravel/framework/src/Illuminate/Pipeline/Pipeline.php(209): Illuminate\\Http\\Middleware\\TrustProxies->handle(Object(Illuminate\\Http\\Request), Object(Closure))
#56 /Users/aleksandr/projects/btf/vendor/laravel/framework/src/Illuminate/Pipeline/Pipeline.php(127): Illuminate\\Pipeline\\Pipeline->Illuminate\\Pipeline\\{closure}(Object(Illuminate\\Http\\Request))
#57 /Users/aleksandr/projects/btf/vendor/laravel/framework/src/Illuminate/Foundation/Http/Kernel.php(176): Illuminate\\Pipeline\\Pipeline->then(Object(Closure))
#58 /Users/aleksandr/projects/btf/vendor/laravel/framework/src/Illuminate/Foundation/Http/Kernel.php(145): Illuminate\\Foundation\\Http\\Kernel->sendRequestThroughRouter(Object(Illuminate\\Http\\Request))
#59 /Users/aleksandr/projects/btf/public/index.php(50): Illuminate\\Foundation\\Http\\Kernel->handle(Object(Illuminate\\Http\\Request))
#60 /Users/aleksandr/projects/btf/vendor/laravel/framework/src/Illuminate/Foundation/resources/server.php(23): require_once('/Users/aleksand...')
#61 {main}
"} 
[2025-05-01 08:16:51] production.ERROR: A role `gshhahahha` already exists for guard `web`. {"userId":1,"exception":"[object] (Spatie\\Permission\\Exceptions\\RoleAlreadyExists(code: 0): A role `gshhahahha` already exists for guard `web`. at /Users/aleksandr/projects/btf/vendor/spatie/laravel-permission/src/Exceptions/RoleAlreadyExists.php:11)
[stacktrace]
#0 /Users/aleksandr/projects/btf/vendor/spatie/laravel-permission/src/Models/Role.php(58): Spatie\\Permission\\Exceptions\\RoleAlreadyExists::create('gshhahahha', 'web')
#1 /Users/aleksandr/projects/btf/app/Http/Controllers/Backend/RolesController.php(49): Spatie\\Permission\\Models\\Role::create(Array)
#2 /Users/aleksandr/projects/btf/vendor/laravel/framework/src/Illuminate/Routing/Controller.php(54): App\\Http\\Controllers\\Backend\\RolesController->store(Object(Illuminate\\Http\\Request))
#3 /Users/aleksandr/projects/btf/vendor/laravel/framework/src/Illuminate/Routing/ControllerDispatcher.php(44): Illuminate\\Routing\\Controller->callAction('store', Array)
#4 /Users/aleksandr/projects/btf/vendor/laravel/framework/src/Illuminate/Routing/Route.php(266): Illuminate\\Routing\\ControllerDispatcher->dispatch(Object(Illuminate\\Routing\\Route), Object(App\\Http\\Controllers\\Backend\\RolesController), 'store')
#5 /Users/aleksandr/projects/btf/vendor/laravel/framework/src/Illuminate/Routing/Route.php(212): Illuminate\\Routing\\Route->runController()
#6 /Users/aleksandr/projects/btf/vendor/laravel/framework/src/Illuminate/Routing/Router.php(808): Illuminate\\Routing\\Route->run()
#7 /Users/aleksandr/projects/btf/vendor/laravel/framework/src/Illuminate/Pipeline/Pipeline.php(170): Illuminate\\Routing\\Router->Illuminate\\Routing\\{closure}(Object(Illuminate\\Http\\Request))
#8 /Users/aleksandr/projects/btf/app/Http/Middleware/AdminCheck.php(15): Illuminate\\Pipeline\\Pipeline->Illuminate\\Pipeline\\{closure}(Object(Illuminate\\Http\\Request))
#9 /Users/aleksandr/projects/btf/vendor/laravel/framework/src/Illuminate/Pipeline/Pipeline.php(209): App\\Http\\Middleware\\AdminCheck->handle(Object(Illuminate\\Http\\Request), Object(Closure))
#10 /Users/aleksandr/projects/btf/vendor/barryvdh/laravel-debugbar/src/Middleware/InjectDebugbar.php(66): Illuminate\\Pipeline\\Pipeline->Illuminate\\Pipeline\\{closure}(Object(Illuminate\\Http\\Request))
#11 /Users/aleksandr/projects/btf/vendor/laravel/framework/src/Illuminate/Pipeline/Pipeline.php(209): Barryvdh\\Debugbar\\Middleware\\InjectDebugbar->handle(Object(Illuminate\\Http\\Request), Object(Closure))
#12 /Users/aleksandr/projects/btf/app/Http/Middleware/UserActivity.php(20): Illuminate\\Pipeline\\Pipeline->Illuminate\\Pipeline\\{closure}(Object(Illuminate\\Http\\Request))
#13 /Users/aleksandr/projects/btf/vendor/laravel/framework/src/Illuminate/Pipeline/Pipeline.php(209): App\\Http\\Middleware\\UserActivity->handle(Object(Illuminate\\Http\\Request), Object(Closure))
#14 /Users/aleksandr/projects/btf/app/Http/Middleware/SetLocale.php(51): Illuminate\\Pipeline\\Pipeline->Illuminate\\Pipeline\\{closure}(Object(Illuminate\\Http\\Request))
#15 /Users/aleksandr/projects/btf/vendor/laravel/framework/src/Illuminate/Pipeline/Pipeline.php(209): App\\Http\\Middleware\\SetLocale->handle(Object(Illuminate\\Http\\Request), Object(Closure))
#16 /Users/aleksandr/projects/btf/vendor/erlandmuchasaj/laravel-gzip/src/Middleware/GzipEncodeResponse.php(19): Illuminate\\Pipeline\\Pipeline->Illuminate\\Pipeline\\{closure}(Object(Illuminate\\Http\\Request))
#17 /Users/aleksandr/projects/btf/vendor/laravel/framework/src/Illuminate/Pipeline/Pipeline.php(209): ErlandMuchasaj\\LaravelGzip\\Middleware\\GzipEncodeResponse->handle(Object(Illuminate\\Http\\Request), Object(Closure))
#18 /Users/aleksandr/projects/btf/vendor/laravel/framework/src/Illuminate/Routing/Middleware/SubstituteBindings.php(51): Illuminate\\Pipeline\\Pipeline->Illuminate\\Pipeline\\{closure}(Object(Illuminate\\Http\\Request))
#19 /Users/aleksandr/projects/btf/vendor/laravel/framework/src/Illuminate/Pipeline/Pipeline.php(209): Illuminate\\Routing\\Middleware\\SubstituteBindings->handle(Object(Illuminate\\Http\\Request), Object(Closure))
#20 /Users/aleksandr/projects/btf/vendor/laravel/framework/src/Illuminate/Auth/Middleware/Authenticate.php(64): Illuminate\\Pipeline\\Pipeline->Illuminate\\Pipeline\\{closure}(Object(Illuminate\\Http\\Request))
#21 /Users/aleksandr/projects/btf/vendor/laravel/framework/src/Illuminate/Pipeline/Pipeline.php(209): Illuminate\\Auth\\Middleware\\Authenticate->handle(Object(Illuminate\\Http\\Request), Object(Closure))
#22 /Users/aleksandr/projects/btf/vendor/laravel/framework/src/Illuminate/Foundation/Http/Middleware/VerifyCsrfToken.php(88): Illuminate\\Pipeline\\Pipeline->Illuminate\\Pipeline\\{closure}(Object(Illuminate\\Http\\Request))
#23 /Users/aleksandr/projects/btf/vendor/laravel/framework/src/Illuminate/Pipeline/Pipeline.php(209): Illuminate\\Foundation\\Http\\Middleware\\VerifyCsrfToken->handle(Object(Illuminate\\Http\\Request), Object(Closure))
#24 /Users/aleksandr/projects/btf/vendor/laravel/framework/src/Illuminate/View/Middleware/ShareErrorsFromSession.php(49): Illuminate\\Pipeline\\Pipeline->Illuminate\\Pipeline\\{closure}(Object(Illuminate\\Http\\Request))
#25 /Users/aleksandr/projects/btf/vendor/laravel/framework/src/Illuminate/Pipeline/Pipeline.php(209): Illuminate\\View\\Middleware\\ShareErrorsFromSession->handle(Object(Illuminate\\Http\\Request), Object(Closure))
#26 /Users/aleksandr/projects/btf/vendor/laravel/framework/src/Illuminate/Session/Middleware/StartSession.php(121): Illuminate\\Pipeline\\Pipeline->Illuminate\\Pipeline\\{closure}(Object(Illuminate\\Http\\Request))
#27 /Users/aleksandr/projects/btf/vendor/laravel/framework/src/Illuminate/Session/Middleware/StartSession.php(64): Illuminate\\Session\\Middleware\\StartSession->handleStatefulRequest(Object(Illuminate\\Http\\Request), Object(Illuminate\\Session\\Store), Object(Closure))
#28 /Users/aleksandr/projects/btf/vendor/laravel/framework/src/Illuminate/Pipeline/Pipeline.php(209): Illuminate\\Session\\Middleware\\StartSession->handle(Object(Illuminate\\Http\\Request), Object(Closure))
#29 /Users/aleksandr/projects/btf/vendor/laravel/framework/src/Illuminate/Cookie/Middleware/AddQueuedCookiesToResponse.php(37): Illuminate\\Pipeline\\Pipeline->Illuminate\\Pipeline\\{closure}(Object(Illuminate\\Http\\Request))
#30 /Users/aleksandr/projects/btf/vendor/laravel/framework/src/Illuminate/Pipeline/Pipeline.php(209): Illuminate\\Cookie\\Middleware\\AddQueuedCookiesToResponse->handle(Object(Illuminate\\Http\\Request), Object(Closure))
#31 /Users/aleksandr/projects/btf/vendor/laravel/framework/src/Illuminate/Cookie/Middleware/EncryptCookies.php(75): Illuminate\\Pipeline\\Pipeline->Illuminate\\Pipeline\\{closure}(Object(Illuminate\\Http\\Request))
#32 /Users/aleksandr/projects/btf/vendor/laravel/framework/src/Illuminate/Pipeline/Pipeline.php(209): Illuminate\\Cookie\\Middleware\\EncryptCookies->handle(Object(Illuminate\\Http\\Request), Object(Closure))
#33 /Users/aleksandr/projects/btf/vendor/laravel/framework/src/Illuminate/Pipeline/Pipeline.php(127): Illuminate\\Pipeline\\Pipeline->Illuminate\\Pipeline\\{closure}(Object(Illuminate\\Http\\Request))
#34 /Users/aleksandr/projects/btf/vendor/laravel/framework/src/Illuminate/Routing/Router.php(807): Illuminate\\Pipeline\\Pipeline->then(Object(Closure))
#35 /Users/aleksandr/projects/btf/vendor/laravel/framework/src/Illuminate/Routing/Router.php(786): Illuminate\\Routing\\Router->runRouteWithinStack(Object(Illuminate\\Routing\\Route), Object(Illuminate\\Http\\Request))
#36 /Users/aleksandr/projects/btf/vendor/laravel/framework/src/Illuminate/Routing/Router.php(750): Illuminate\\Routing\\Router->runRoute(Object(Illuminate\\Http\\Request), Object(Illuminate\\Routing\\Route))
#37 /Users/aleksandr/projects/btf/vendor/laravel/framework/src/Illuminate/Routing/Router.php(739): Illuminate\\Routing\\Router->dispatchToRoute(Object(Illuminate\\Http\\Request))
#38 /Users/aleksandr/projects/btf/vendor/laravel/framework/src/Illuminate/Foundation/Http/Kernel.php(201): Illuminate\\Routing\\Router->dispatch(Object(Illuminate\\Http\\Request))
#39 /Users/aleksandr/projects/btf/vendor/laravel/framework/src/Illuminate/Pipeline/Pipeline.php(170): Illuminate\\Foundation\\Http\\Kernel->Illuminate\\Foundation\\Http\\{closure}(Object(Illuminate\\Http\\Request))
#40 /Users/aleksandr/projects/btf/vendor/barryvdh/laravel-debugbar/src/Middleware/InjectDebugbar.php(66): Illuminate\\Pipeline\\Pipeline->Illuminate\\Pipeline\\{closure}(Object(Illuminate\\Http\\Request))
#41 /Users/aleksandr/projects/btf/vendor/laravel/framework/src/Illuminate/Pipeline/Pipeline.php(209): Barryvdh\\Debugbar\\Middleware\\InjectDebugbar->handle(Object(Illuminate\\Http\\Request), Object(Closure))
#42 /Users/aleksandr/projects/btf/vendor/laravel/framework/src/Illuminate/Foundation/Http/Middleware/TransformsRequest.php(21): Illuminate\\Pipeline\\Pipeline->Illuminate\\Pipeline\\{closure}(Object(Illuminate\\Http\\Request))
#43 /Users/aleksandr/projects/btf/vendor/laravel/framework/src/Illuminate/Foundation/Http/Middleware/ConvertEmptyStringsToNull.php(31): Illuminate\\Foundation\\Http\\Middleware\\TransformsRequest->handle(Object(Illuminate\\Http\\Request), Object(Closure))
#44 /Users/aleksandr/projects/btf/vendor/laravel/framework/src/Illuminate/Pipeline/Pipeline.php(209): Illuminate\\Foundation\\Http\\Middleware\\ConvertEmptyStringsToNull->handle(Object(Illuminate\\Http\\Request), Object(Closure))
#45 /Users/aleksandr/projects/btf/vendor/laravel/framework/src/Illuminate/Foundation/Http/Middleware/TransformsRequest.php(21): Illuminate\\Pipeline\\Pipeline->Illuminate\\Pipeline\\{closure}(Object(Illuminate\\Http\\Request))
#46 /Users/aleksandr/projects/btf/vendor/laravel/framework/src/Illuminate/Foundation/Http/Middleware/TrimStrings.php(51): Illuminate\\Foundation\\Http\\Middleware\\TransformsRequest->handle(Object(Illuminate\\Http\\Request), Object(Closure))
#47 /Users/aleksandr/projects/btf/vendor/laravel/framework/src/Illuminate/Pipeline/Pipeline.php(209): Illuminate\\Foundation\\Http\\Middleware\\TrimStrings->handle(Object(Illuminate\\Http\\Request), Object(Closure))
#48 /Users/aleksandr/projects/btf/vendor/laravel/framework/src/Illuminate/Http/Middleware/ValidatePostSize.php(27): Illuminate\\Pipeline\\Pipeline->Illuminate\\Pipeline\\{closure}(Object(Illuminate\\Http\\Request))
#49 /Users/aleksandr/projects/btf/vendor/laravel/framework/src/Illuminate/Pipeline/Pipeline.php(209): Illuminate\\Http\\Middleware\\ValidatePostSize->handle(Object(Illuminate\\Http\\Request), Object(Closure))
#50 /Users/aleksandr/projects/btf/vendor/laravel/framework/src/Illuminate/Foundation/Http/Middleware/PreventRequestsDuringMaintenance.php(110): Illuminate\\Pipeline\\Pipeline->Illuminate\\Pipeline\\{closure}(Object(Illuminate\\Http\\Request))
#51 /Users/aleksandr/projects/btf/vendor/laravel/framework/src/Illuminate/Pipeline/Pipeline.php(209): Illuminate\\Foundation\\Http\\Middleware\\PreventRequestsDuringMaintenance->handle(Object(Illuminate\\Http\\Request), Object(Closure))
#52 /Users/aleksandr/projects/btf/vendor/laravel/framework/src/Illuminate/Http/Middleware/HandleCors.php(62): Illuminate\\Pipeline\\Pipeline->Illuminate\\Pipeline\\{closure}(Object(Illuminate\\Http\\Request))
#53 /Users/aleksandr/projects/btf/vendor/laravel/framework/src/Illuminate/Pipeline/Pipeline.php(209): Illuminate\\Http\\Middleware\\HandleCors->handle(Object(Illuminate\\Http\\Request), Object(Closure))
#54 /Users/aleksandr/projects/btf/vendor/laravel/framework/src/Illuminate/Http/Middleware/TrustProxies.php(58): Illuminate\\Pipeline\\Pipeline->Illuminate\\Pipeline\\{closure}(Object(Illuminate\\Http\\Request))
#55 /Users/aleksandr/projects/btf/vendor/laravel/framework/src/Illuminate/Pipeline/Pipeline.php(209): Illuminate\\Http\\Middleware\\TrustProxies->handle(Object(Illuminate\\Http\\Request), Object(Closure))
#56 /Users/aleksandr/projects/btf/vendor/laravel/framework/src/Illuminate/Pipeline/Pipeline.php(127): Illuminate\\Pipeline\\Pipeline->Illuminate\\Pipeline\\{closure}(Object(Illuminate\\Http\\Request))
#57 /Users/aleksandr/projects/btf/vendor/laravel/framework/src/Illuminate/Foundation/Http/Kernel.php(176): Illuminate\\Pipeline\\Pipeline->then(Object(Closure))
#58 /Users/aleksandr/projects/btf/vendor/laravel/framework/src/Illuminate/Foundation/Http/Kernel.php(145): Illuminate\\Foundation\\Http\\Kernel->sendRequestThroughRouter(Object(Illuminate\\Http\\Request))
#59 /Users/aleksandr/projects/btf/public/index.php(50): Illuminate\\Foundation\\Http\\Kernel->handle(Object(Illuminate\\Http\\Request))
#60 /Users/aleksandr/projects/btf/vendor/laravel/framework/src/Illuminate/Foundation/resources/server.php(23): require_once('/Users/aleksand...')
#61 {main}
"} 
[2025-05-01 08:38:16] production.ERROR: A role `qwerty6` already exists for guard `web`. {"userId":1,"exception":"[object] (Spatie\\Permission\\Exceptions\\RoleAlreadyExists(code: 0): A role `qwerty6` already exists for guard `web`. at /Users/aleksandr/projects/btf/vendor/spatie/laravel-permission/src/Exceptions/RoleAlreadyExists.php:11)
[stacktrace]
#0 /Users/aleksandr/projects/btf/vendor/spatie/laravel-permission/src/Models/Role.php(58): Spatie\\Permission\\Exceptions\\RoleAlreadyExists::create('qwerty6', 'web')
#1 /Users/aleksandr/projects/btf/app/Http/Controllers/Backend/RolesController.php(49): Spatie\\Permission\\Models\\Role::create(Array)
#2 /Users/aleksandr/projects/btf/vendor/laravel/framework/src/Illuminate/Routing/Controller.php(54): App\\Http\\Controllers\\Backend\\RolesController->store(Object(Illuminate\\Http\\Request))
#3 /Users/aleksandr/projects/btf/vendor/laravel/framework/src/Illuminate/Routing/ControllerDispatcher.php(44): Illuminate\\Routing\\Controller->callAction('store', Array)
#4 /Users/aleksandr/projects/btf/vendor/laravel/framework/src/Illuminate/Routing/Route.php(266): Illuminate\\Routing\\ControllerDispatcher->dispatch(Object(Illuminate\\Routing\\Route), Object(App\\Http\\Controllers\\Backend\\RolesController), 'store')
#5 /Users/aleksandr/projects/btf/vendor/laravel/framework/src/Illuminate/Routing/Route.php(212): Illuminate\\Routing\\Route->runController()
#6 /Users/aleksandr/projects/btf/vendor/laravel/framework/src/Illuminate/Routing/Router.php(808): Illuminate\\Routing\\Route->run()
#7 /Users/aleksandr/projects/btf/vendor/laravel/framework/src/Illuminate/Pipeline/Pipeline.php(170): Illuminate\\Routing\\Router->Illuminate\\Routing\\{closure}(Object(Illuminate\\Http\\Request))
#8 /Users/aleksandr/projects/btf/app/Http/Middleware/AdminCheck.php(15): Illuminate\\Pipeline\\Pipeline->Illuminate\\Pipeline\\{closure}(Object(Illuminate\\Http\\Request))
#9 /Users/aleksandr/projects/btf/vendor/laravel/framework/src/Illuminate/Pipeline/Pipeline.php(209): App\\Http\\Middleware\\AdminCheck->handle(Object(Illuminate\\Http\\Request), Object(Closure))
#10 /Users/aleksandr/projects/btf/vendor/barryvdh/laravel-debugbar/src/Middleware/InjectDebugbar.php(66): Illuminate\\Pipeline\\Pipeline->Illuminate\\Pipeline\\{closure}(Object(Illuminate\\Http\\Request))
#11 /Users/aleksandr/projects/btf/vendor/laravel/framework/src/Illuminate/Pipeline/Pipeline.php(209): Barryvdh\\Debugbar\\Middleware\\InjectDebugbar->handle(Object(Illuminate\\Http\\Request), Object(Closure))
#12 /Users/aleksandr/projects/btf/app/Http/Middleware/UserActivity.php(20): Illuminate\\Pipeline\\Pipeline->Illuminate\\Pipeline\\{closure}(Object(Illuminate\\Http\\Request))
#13 /Users/aleksandr/projects/btf/vendor/laravel/framework/src/Illuminate/Pipeline/Pipeline.php(209): App\\Http\\Middleware\\UserActivity->handle(Object(Illuminate\\Http\\Request), Object(Closure))
#14 /Users/aleksandr/projects/btf/app/Http/Middleware/SetLocale.php(51): Illuminate\\Pipeline\\Pipeline->Illuminate\\Pipeline\\{closure}(Object(Illuminate\\Http\\Request))
#15 /Users/aleksandr/projects/btf/vendor/laravel/framework/src/Illuminate/Pipeline/Pipeline.php(209): App\\Http\\Middleware\\SetLocale->handle(Object(Illuminate\\Http\\Request), Object(Closure))
#16 /Users/aleksandr/projects/btf/vendor/erlandmuchasaj/laravel-gzip/src/Middleware/GzipEncodeResponse.php(19): Illuminate\\Pipeline\\Pipeline->Illuminate\\Pipeline\\{closure}(Object(Illuminate\\Http\\Request))
#17 /Users/aleksandr/projects/btf/vendor/laravel/framework/src/Illuminate/Pipeline/Pipeline.php(209): ErlandMuchasaj\\LaravelGzip\\Middleware\\GzipEncodeResponse->handle(Object(Illuminate\\Http\\Request), Object(Closure))
#18 /Users/aleksandr/projects/btf/vendor/laravel/framework/src/Illuminate/Routing/Middleware/SubstituteBindings.php(51): Illuminate\\Pipeline\\Pipeline->Illuminate\\Pipeline\\{closure}(Object(Illuminate\\Http\\Request))
#19 /Users/aleksandr/projects/btf/vendor/laravel/framework/src/Illuminate/Pipeline/Pipeline.php(209): Illuminate\\Routing\\Middleware\\SubstituteBindings->handle(Object(Illuminate\\Http\\Request), Object(Closure))
#20 /Users/aleksandr/projects/btf/vendor/laravel/framework/src/Illuminate/Auth/Middleware/Authenticate.php(64): Illuminate\\Pipeline\\Pipeline->Illuminate\\Pipeline\\{closure}(Object(Illuminate\\Http\\Request))
#21 /Users/aleksandr/projects/btf/vendor/laravel/framework/src/Illuminate/Pipeline/Pipeline.php(209): Illuminate\\Auth\\Middleware\\Authenticate->handle(Object(Illuminate\\Http\\Request), Object(Closure))
#22 /Users/aleksandr/projects/btf/vendor/laravel/framework/src/Illuminate/Foundation/Http/Middleware/VerifyCsrfToken.php(88): Illuminate\\Pipeline\\Pipeline->Illuminate\\Pipeline\\{closure}(Object(Illuminate\\Http\\Request))
#23 /Users/aleksandr/projects/btf/vendor/laravel/framework/src/Illuminate/Pipeline/Pipeline.php(209): Illuminate\\Foundation\\Http\\Middleware\\VerifyCsrfToken->handle(Object(Illuminate\\Http\\Request), Object(Closure))
#24 /Users/aleksandr/projects/btf/vendor/laravel/framework/src/Illuminate/View/Middleware/ShareErrorsFromSession.php(49): Illuminate\\Pipeline\\Pipeline->Illuminate\\Pipeline\\{closure}(Object(Illuminate\\Http\\Request))
#25 /Users/aleksandr/projects/btf/vendor/laravel/framework/src/Illuminate/Pipeline/Pipeline.php(209): Illuminate\\View\\Middleware\\ShareErrorsFromSession->handle(Object(Illuminate\\Http\\Request), Object(Closure))
#26 /Users/aleksandr/projects/btf/vendor/laravel/framework/src/Illuminate/Session/Middleware/StartSession.php(121): Illuminate\\Pipeline\\Pipeline->Illuminate\\Pipeline\\{closure}(Object(Illuminate\\Http\\Request))
#27 /Users/aleksandr/projects/btf/vendor/laravel/framework/src/Illuminate/Session/Middleware/StartSession.php(64): Illuminate\\Session\\Middleware\\StartSession->handleStatefulRequest(Object(Illuminate\\Http\\Request), Object(Illuminate\\Session\\Store), Object(Closure))
#28 /Users/aleksandr/projects/btf/vendor/laravel/framework/src/Illuminate/Pipeline/Pipeline.php(209): Illuminate\\Session\\Middleware\\StartSession->handle(Object(Illuminate\\Http\\Request), Object(Closure))
#29 /Users/aleksandr/projects/btf/vendor/laravel/framework/src/Illuminate/Cookie/Middleware/AddQueuedCookiesToResponse.php(37): Illuminate\\Pipeline\\Pipeline->Illuminate\\Pipeline\\{closure}(Object(Illuminate\\Http\\Request))
#30 /Users/aleksandr/projects/btf/vendor/laravel/framework/src/Illuminate/Pipeline/Pipeline.php(209): Illuminate\\Cookie\\Middleware\\AddQueuedCookiesToResponse->handle(Object(Illuminate\\Http\\Request), Object(Closure))
#31 /Users/aleksandr/projects/btf/vendor/laravel/framework/src/Illuminate/Cookie/Middleware/EncryptCookies.php(75): Illuminate\\Pipeline\\Pipeline->Illuminate\\Pipeline\\{closure}(Object(Illuminate\\Http\\Request))
#32 /Users/aleksandr/projects/btf/vendor/laravel/framework/src/Illuminate/Pipeline/Pipeline.php(209): Illuminate\\Cookie\\Middleware\\EncryptCookies->handle(Object(Illuminate\\Http\\Request), Object(Closure))
#33 /Users/aleksandr/projects/btf/vendor/laravel/framework/src/Illuminate/Pipeline/Pipeline.php(127): Illuminate\\Pipeline\\Pipeline->Illuminate\\Pipeline\\{closure}(Object(Illuminate\\Http\\Request))
#34 /Users/aleksandr/projects/btf/vendor/laravel/framework/src/Illuminate/Routing/Router.php(807): Illuminate\\Pipeline\\Pipeline->then(Object(Closure))
#35 /Users/aleksandr/projects/btf/vendor/laravel/framework/src/Illuminate/Routing/Router.php(786): Illuminate\\Routing\\Router->runRouteWithinStack(Object(Illuminate\\Routing\\Route), Object(Illuminate\\Http\\Request))
#36 /Users/aleksandr/projects/btf/vendor/laravel/framework/src/Illuminate/Routing/Router.php(750): Illuminate\\Routing\\Router->runRoute(Object(Illuminate\\Http\\Request), Object(Illuminate\\Routing\\Route))
#37 /Users/aleksandr/projects/btf/vendor/laravel/framework/src/Illuminate/Routing/Router.php(739): Illuminate\\Routing\\Router->dispatchToRoute(Object(Illuminate\\Http\\Request))
#38 /Users/aleksandr/projects/btf/vendor/laravel/framework/src/Illuminate/Foundation/Http/Kernel.php(201): Illuminate\\Routing\\Router->dispatch(Object(Illuminate\\Http\\Request))
#39 /Users/aleksandr/projects/btf/vendor/laravel/framework/src/Illuminate/Pipeline/Pipeline.php(170): Illuminate\\Foundation\\Http\\Kernel->Illuminate\\Foundation\\Http\\{closure}(Object(Illuminate\\Http\\Request))
#40 /Users/aleksandr/projects/btf/vendor/barryvdh/laravel-debugbar/src/Middleware/InjectDebugbar.php(66): Illuminate\\Pipeline\\Pipeline->Illuminate\\Pipeline\\{closure}(Object(Illuminate\\Http\\Request))
#41 /Users/aleksandr/projects/btf/vendor/laravel/framework/src/Illuminate/Pipeline/Pipeline.php(209): Barryvdh\\Debugbar\\Middleware\\InjectDebugbar->handle(Object(Illuminate\\Http\\Request), Object(Closure))
#42 /Users/aleksandr/projects/btf/vendor/laravel/framework/src/Illuminate/Foundation/Http/Middleware/TransformsRequest.php(21): Illuminate\\Pipeline\\Pipeline->Illuminate\\Pipeline\\{closure}(Object(Illuminate\\Http\\Request))
#43 /Users/aleksandr/projects/btf/vendor/laravel/framework/src/Illuminate/Foundation/Http/Middleware/ConvertEmptyStringsToNull.php(31): Illuminate\\Foundation\\Http\\Middleware\\TransformsRequest->handle(Object(Illuminate\\Http\\Request), Object(Closure))
#44 /Users/aleksandr/projects/btf/vendor/laravel/framework/src/Illuminate/Pipeline/Pipeline.php(209): Illuminate\\Foundation\\Http\\Middleware\\ConvertEmptyStringsToNull->handle(Object(Illuminate\\Http\\Request), Object(Closure))
#45 /Users/aleksandr/projects/btf/vendor/laravel/framework/src/Illuminate/Foundation/Http/Middleware/TransformsRequest.php(21): Illuminate\\Pipeline\\Pipeline->Illuminate\\Pipeline\\{closure}(Object(Illuminate\\Http\\Request))
#46 /Users/aleksandr/projects/btf/vendor/laravel/framework/src/Illuminate/Foundation/Http/Middleware/TrimStrings.php(51): Illuminate\\Foundation\\Http\\Middleware\\TransformsRequest->handle(Object(Illuminate\\Http\\Request), Object(Closure))
#47 /Users/aleksandr/projects/btf/vendor/laravel/framework/src/Illuminate/Pipeline/Pipeline.php(209): Illuminate\\Foundation\\Http\\Middleware\\TrimStrings->handle(Object(Illuminate\\Http\\Request), Object(Closure))
#48 /Users/aleksandr/projects/btf/vendor/laravel/framework/src/Illuminate/Http/Middleware/ValidatePostSize.php(27): Illuminate\\Pipeline\\Pipeline->Illuminate\\Pipeline\\{closure}(Object(Illuminate\\Http\\Request))
#49 /Users/aleksandr/projects/btf/vendor/laravel/framework/src/Illuminate/Pipeline/Pipeline.php(209): Illuminate\\Http\\Middleware\\ValidatePostSize->handle(Object(Illuminate\\Http\\Request), Object(Closure))
#50 /Users/aleksandr/projects/btf/vendor/laravel/framework/src/Illuminate/Foundation/Http/Middleware/PreventRequestsDuringMaintenance.php(110): Illuminate\\Pipeline\\Pipeline->Illuminate\\Pipeline\\{closure}(Object(Illuminate\\Http\\Request))
#51 /Users/aleksandr/projects/btf/vendor/laravel/framework/src/Illuminate/Pipeline/Pipeline.php(209): Illuminate\\Foundation\\Http\\Middleware\\PreventRequestsDuringMaintenance->handle(Object(Illuminate\\Http\\Request), Object(Closure))
#52 /Users/aleksandr/projects/btf/vendor/laravel/framework/src/Illuminate/Http/Middleware/HandleCors.php(62): Illuminate\\Pipeline\\Pipeline->Illuminate\\Pipeline\\{closure}(Object(Illuminate\\Http\\Request))
#53 /Users/aleksandr/projects/btf/vendor/laravel/framework/src/Illuminate/Pipeline/Pipeline.php(209): Illuminate\\Http\\Middleware\\HandleCors->handle(Object(Illuminate\\Http\\Request), Object(Closure))
#54 /Users/aleksandr/projects/btf/vendor/laravel/framework/src/Illuminate/Http/Middleware/TrustProxies.php(58): Illuminate\\Pipeline\\Pipeline->Illuminate\\Pipeline\\{closure}(Object(Illuminate\\Http\\Request))
#55 /Users/aleksandr/projects/btf/vendor/laravel/framework/src/Illuminate/Pipeline/Pipeline.php(209): Illuminate\\Http\\Middleware\\TrustProxies->handle(Object(Illuminate\\Http\\Request), Object(Closure))
#56 /Users/aleksandr/projects/btf/vendor/laravel/framework/src/Illuminate/Pipeline/Pipeline.php(127): Illuminate\\Pipeline\\Pipeline->Illuminate\\Pipeline\\{closure}(Object(Illuminate\\Http\\Request))
#57 /Users/aleksandr/projects/btf/vendor/laravel/framework/src/Illuminate/Foundation/Http/Kernel.php(176): Illuminate\\Pipeline\\Pipeline->then(Object(Closure))
#58 /Users/aleksandr/projects/btf/vendor/laravel/framework/src/Illuminate/Foundation/Http/Kernel.php(145): Illuminate\\Foundation\\Http\\Kernel->sendRequestThroughRouter(Object(Illuminate\\Http\\Request))
#59 /Users/aleksandr/projects/btf/public/index.php(50): Illuminate\\Foundation\\Http\\Kernel->handle(Object(Illuminate\\Http\\Request))
#60 /Users/aleksandr/projects/btf/vendor/laravel/framework/src/Illuminate/Foundation/resources/server.php(23): require_once('/Users/aleksand...')
#61 {main}
"} 
[2025-05-01 08:39:32] production.ERROR: A role `qwerty6` already exists for guard `web`. {"userId":1,"exception":"[object] (Spatie\\Permission\\Exceptions\\RoleAlreadyExists(code: 0): A role `qwerty6` already exists for guard `web`. at /Users/aleksandr/projects/btf/vendor/spatie/laravel-permission/src/Exceptions/RoleAlreadyExists.php:11)
[stacktrace]
#0 /Users/aleksandr/projects/btf/vendor/spatie/laravel-permission/src/Models/Role.php(58): Spatie\\Permission\\Exceptions\\RoleAlreadyExists::create('qwerty6', 'web')
#1 /Users/aleksandr/projects/btf/app/Http/Controllers/Backend/RolesController.php(49): Spatie\\Permission\\Models\\Role::create(Array)
#2 /Users/aleksandr/projects/btf/vendor/laravel/framework/src/Illuminate/Routing/Controller.php(54): App\\Http\\Controllers\\Backend\\RolesController->store(Object(Illuminate\\Http\\Request))
#3 /Users/aleksandr/projects/btf/vendor/laravel/framework/src/Illuminate/Routing/ControllerDispatcher.php(44): Illuminate\\Routing\\Controller->callAction('store', Array)
#4 /Users/aleksandr/projects/btf/vendor/laravel/framework/src/Illuminate/Routing/Route.php(266): Illuminate\\Routing\\ControllerDispatcher->dispatch(Object(Illuminate\\Routing\\Route), Object(App\\Http\\Controllers\\Backend\\RolesController), 'store')
#5 /Users/aleksandr/projects/btf/vendor/laravel/framework/src/Illuminate/Routing/Route.php(212): Illuminate\\Routing\\Route->runController()
#6 /Users/aleksandr/projects/btf/vendor/laravel/framework/src/Illuminate/Routing/Router.php(808): Illuminate\\Routing\\Route->run()
#7 /Users/aleksandr/projects/btf/vendor/laravel/framework/src/Illuminate/Pipeline/Pipeline.php(170): Illuminate\\Routing\\Router->Illuminate\\Routing\\{closure}(Object(Illuminate\\Http\\Request))
#8 /Users/aleksandr/projects/btf/app/Http/Middleware/AdminCheck.php(15): Illuminate\\Pipeline\\Pipeline->Illuminate\\Pipeline\\{closure}(Object(Illuminate\\Http\\Request))
#9 /Users/aleksandr/projects/btf/vendor/laravel/framework/src/Illuminate/Pipeline/Pipeline.php(209): App\\Http\\Middleware\\AdminCheck->handle(Object(Illuminate\\Http\\Request), Object(Closure))
#10 /Users/aleksandr/projects/btf/vendor/barryvdh/laravel-debugbar/src/Middleware/InjectDebugbar.php(66): Illuminate\\Pipeline\\Pipeline->Illuminate\\Pipeline\\{closure}(Object(Illuminate\\Http\\Request))
#11 /Users/aleksandr/projects/btf/vendor/laravel/framework/src/Illuminate/Pipeline/Pipeline.php(209): Barryvdh\\Debugbar\\Middleware\\InjectDebugbar->handle(Object(Illuminate\\Http\\Request), Object(Closure))
#12 /Users/aleksandr/projects/btf/app/Http/Middleware/UserActivity.php(20): Illuminate\\Pipeline\\Pipeline->Illuminate\\Pipeline\\{closure}(Object(Illuminate\\Http\\Request))
#13 /Users/aleksandr/projects/btf/vendor/laravel/framework/src/Illuminate/Pipeline/Pipeline.php(209): App\\Http\\Middleware\\UserActivity->handle(Object(Illuminate\\Http\\Request), Object(Closure))
#14 /Users/aleksandr/projects/btf/app/Http/Middleware/SetLocale.php(51): Illuminate\\Pipeline\\Pipeline->Illuminate\\Pipeline\\{closure}(Object(Illuminate\\Http\\Request))
#15 /Users/aleksandr/projects/btf/vendor/laravel/framework/src/Illuminate/Pipeline/Pipeline.php(209): App\\Http\\Middleware\\SetLocale->handle(Object(Illuminate\\Http\\Request), Object(Closure))
#16 /Users/aleksandr/projects/btf/vendor/erlandmuchasaj/laravel-gzip/src/Middleware/GzipEncodeResponse.php(19): Illuminate\\Pipeline\\Pipeline->Illuminate\\Pipeline\\{closure}(Object(Illuminate\\Http\\Request))
#17 /Users/aleksandr/projects/btf/vendor/laravel/framework/src/Illuminate/Pipeline/Pipeline.php(209): ErlandMuchasaj\\LaravelGzip\\Middleware\\GzipEncodeResponse->handle(Object(Illuminate\\Http\\Request), Object(Closure))
#18 /Users/aleksandr/projects/btf/vendor/laravel/framework/src/Illuminate/Routing/Middleware/SubstituteBindings.php(51): Illuminate\\Pipeline\\Pipeline->Illuminate\\Pipeline\\{closure}(Object(Illuminate\\Http\\Request))
#19 /Users/aleksandr/projects/btf/vendor/laravel/framework/src/Illuminate/Pipeline/Pipeline.php(209): Illuminate\\Routing\\Middleware\\SubstituteBindings->handle(Object(Illuminate\\Http\\Request), Object(Closure))
#20 /Users/aleksandr/projects/btf/vendor/laravel/framework/src/Illuminate/Auth/Middleware/Authenticate.php(64): Illuminate\\Pipeline\\Pipeline->Illuminate\\Pipeline\\{closure}(Object(Illuminate\\Http\\Request))
#21 /Users/aleksandr/projects/btf/vendor/laravel/framework/src/Illuminate/Pipeline/Pipeline.php(209): Illuminate\\Auth\\Middleware\\Authenticate->handle(Object(Illuminate\\Http\\Request), Object(Closure))
#22 /Users/aleksandr/projects/btf/vendor/laravel/framework/src/Illuminate/Foundation/Http/Middleware/VerifyCsrfToken.php(88): Illuminate\\Pipeline\\Pipeline->Illuminate\\Pipeline\\{closure}(Object(Illuminate\\Http\\Request))
#23 /Users/aleksandr/projects/btf/vendor/laravel/framework/src/Illuminate/Pipeline/Pipeline.php(209): Illuminate\\Foundation\\Http\\Middleware\\VerifyCsrfToken->handle(Object(Illuminate\\Http\\Request), Object(Closure))
#24 /Users/aleksandr/projects/btf/vendor/laravel/framework/src/Illuminate/View/Middleware/ShareErrorsFromSession.php(49): Illuminate\\Pipeline\\Pipeline->Illuminate\\Pipeline\\{closure}(Object(Illuminate\\Http\\Request))
#25 /Users/aleksandr/projects/btf/vendor/laravel/framework/src/Illuminate/Pipeline/Pipeline.php(209): Illuminate\\View\\Middleware\\ShareErrorsFromSession->handle(Object(Illuminate\\Http\\Request), Object(Closure))
#26 /Users/aleksandr/projects/btf/vendor/laravel/framework/src/Illuminate/Session/Middleware/StartSession.php(121): Illuminate\\Pipeline\\Pipeline->Illuminate\\Pipeline\\{closure}(Object(Illuminate\\Http\\Request))
#27 /Users/aleksandr/projects/btf/vendor/laravel/framework/src/Illuminate/Session/Middleware/StartSession.php(64): Illuminate\\Session\\Middleware\\StartSession->handleStatefulRequest(Object(Illuminate\\Http\\Request), Object(Illuminate\\Session\\Store), Object(Closure))
#28 /Users/aleksandr/projects/btf/vendor/laravel/framework/src/Illuminate/Pipeline/Pipeline.php(209): Illuminate\\Session\\Middleware\\StartSession->handle(Object(Illuminate\\Http\\Request), Object(Closure))
#29 /Users/aleksandr/projects/btf/vendor/laravel/framework/src/Illuminate/Cookie/Middleware/AddQueuedCookiesToResponse.php(37): Illuminate\\Pipeline\\Pipeline->Illuminate\\Pipeline\\{closure}(Object(Illuminate\\Http\\Request))
#30 /Users/aleksandr/projects/btf/vendor/laravel/framework/src/Illuminate/Pipeline/Pipeline.php(209): Illuminate\\Cookie\\Middleware\\AddQueuedCookiesToResponse->handle(Object(Illuminate\\Http\\Request), Object(Closure))
#31 /Users/aleksandr/projects/btf/vendor/laravel/framework/src/Illuminate/Cookie/Middleware/EncryptCookies.php(75): Illuminate\\Pipeline\\Pipeline->Illuminate\\Pipeline\\{closure}(Object(Illuminate\\Http\\Request))
#32 /Users/aleksandr/projects/btf/vendor/laravel/framework/src/Illuminate/Pipeline/Pipeline.php(209): Illuminate\\Cookie\\Middleware\\EncryptCookies->handle(Object(Illuminate\\Http\\Request), Object(Closure))
#33 /Users/aleksandr/projects/btf/vendor/laravel/framework/src/Illuminate/Pipeline/Pipeline.php(127): Illuminate\\Pipeline\\Pipeline->Illuminate\\Pipeline\\{closure}(Object(Illuminate\\Http\\Request))
#34 /Users/aleksandr/projects/btf/vendor/laravel/framework/src/Illuminate/Routing/Router.php(807): Illuminate\\Pipeline\\Pipeline->then(Object(Closure))
#35 /Users/aleksandr/projects/btf/vendor/laravel/framework/src/Illuminate/Routing/Router.php(786): Illuminate\\Routing\\Router->runRouteWithinStack(Object(Illuminate\\Routing\\Route), Object(Illuminate\\Http\\Request))
#36 /Users/aleksandr/projects/btf/vendor/laravel/framework/src/Illuminate/Routing/Router.php(750): Illuminate\\Routing\\Router->runRoute(Object(Illuminate\\Http\\Request), Object(Illuminate\\Routing\\Route))
#37 /Users/aleksandr/projects/btf/vendor/laravel/framework/src/Illuminate/Routing/Router.php(739): Illuminate\\Routing\\Router->dispatchToRoute(Object(Illuminate\\Http\\Request))
#38 /Users/aleksandr/projects/btf/vendor/laravel/framework/src/Illuminate/Foundation/Http/Kernel.php(201): Illuminate\\Routing\\Router->dispatch(Object(Illuminate\\Http\\Request))
#39 /Users/aleksandr/projects/btf/vendor/laravel/framework/src/Illuminate/Pipeline/Pipeline.php(170): Illuminate\\Foundation\\Http\\Kernel->Illuminate\\Foundation\\Http\\{closure}(Object(Illuminate\\Http\\Request))
#40 /Users/aleksandr/projects/btf/vendor/barryvdh/laravel-debugbar/src/Middleware/InjectDebugbar.php(66): Illuminate\\Pipeline\\Pipeline->Illuminate\\Pipeline\\{closure}(Object(Illuminate\\Http\\Request))
#41 /Users/aleksandr/projects/btf/vendor/laravel/framework/src/Illuminate/Pipeline/Pipeline.php(209): Barryvdh\\Debugbar\\Middleware\\InjectDebugbar->handle(Object(Illuminate\\Http\\Request), Object(Closure))
#42 /Users/aleksandr/projects/btf/vendor/laravel/framework/src/Illuminate/Foundation/Http/Middleware/TransformsRequest.php(21): Illuminate\\Pipeline\\Pipeline->Illuminate\\Pipeline\\{closure}(Object(Illuminate\\Http\\Request))
#43 /Users/aleksandr/projects/btf/vendor/laravel/framework/src/Illuminate/Foundation/Http/Middleware/ConvertEmptyStringsToNull.php(31): Illuminate\\Foundation\\Http\\Middleware\\TransformsRequest->handle(Object(Illuminate\\Http\\Request), Object(Closure))
#44 /Users/aleksandr/projects/btf/vendor/laravel/framework/src/Illuminate/Pipeline/Pipeline.php(209): Illuminate\\Foundation\\Http\\Middleware\\ConvertEmptyStringsToNull->handle(Object(Illuminate\\Http\\Request), Object(Closure))
#45 /Users/aleksandr/projects/btf/vendor/laravel/framework/src/Illuminate/Foundation/Http/Middleware/TransformsRequest.php(21): Illuminate\\Pipeline\\Pipeline->Illuminate\\Pipeline\\{closure}(Object(Illuminate\\Http\\Request))
#46 /Users/aleksandr/projects/btf/vendor/laravel/framework/src/Illuminate/Foundation/Http/Middleware/TrimStrings.php(51): Illuminate\\Foundation\\Http\\Middleware\\TransformsRequest->handle(Object(Illuminate\\Http\\Request), Object(Closure))
#47 /Users/aleksandr/projects/btf/vendor/laravel/framework/src/Illuminate/Pipeline/Pipeline.php(209): Illuminate\\Foundation\\Http\\Middleware\\TrimStrings->handle(Object(Illuminate\\Http\\Request), Object(Closure))
#48 /Users/aleksandr/projects/btf/vendor/laravel/framework/src/Illuminate/Http/Middleware/ValidatePostSize.php(27): Illuminate\\Pipeline\\Pipeline->Illuminate\\Pipeline\\{closure}(Object(Illuminate\\Http\\Request))
#49 /Users/aleksandr/projects/btf/vendor/laravel/framework/src/Illuminate/Pipeline/Pipeline.php(209): Illuminate\\Http\\Middleware\\ValidatePostSize->handle(Object(Illuminate\\Http\\Request), Object(Closure))
#50 /Users/aleksandr/projects/btf/vendor/laravel/framework/src/Illuminate/Foundation/Http/Middleware/PreventRequestsDuringMaintenance.php(110): Illuminate\\Pipeline\\Pipeline->Illuminate\\Pipeline\\{closure}(Object(Illuminate\\Http\\Request))
#51 /Users/aleksandr/projects/btf/vendor/laravel/framework/src/Illuminate/Pipeline/Pipeline.php(209): Illuminate\\Foundation\\Http\\Middleware\\PreventRequestsDuringMaintenance->handle(Object(Illuminate\\Http\\Request), Object(Closure))
#52 /Users/aleksandr/projects/btf/vendor/laravel/framework/src/Illuminate/Http/Middleware/HandleCors.php(62): Illuminate\\Pipeline\\Pipeline->Illuminate\\Pipeline\\{closure}(Object(Illuminate\\Http\\Request))
#53 /Users/aleksandr/projects/btf/vendor/laravel/framework/src/Illuminate/Pipeline/Pipeline.php(209): Illuminate\\Http\\Middleware\\HandleCors->handle(Object(Illuminate\\Http\\Request), Object(Closure))
#54 /Users/aleksandr/projects/btf/vendor/laravel/framework/src/Illuminate/Http/Middleware/TrustProxies.php(58): Illuminate\\Pipeline\\Pipeline->Illuminate\\Pipeline\\{closure}(Object(Illuminate\\Http\\Request))
#55 /Users/aleksandr/projects/btf/vendor/laravel/framework/src/Illuminate/Pipeline/Pipeline.php(209): Illuminate\\Http\\Middleware\\TrustProxies->handle(Object(Illuminate\\Http\\Request), Object(Closure))
#56 /Users/aleksandr/projects/btf/vendor/laravel/framework/src/Illuminate/Pipeline/Pipeline.php(127): Illuminate\\Pipeline\\Pipeline->Illuminate\\Pipeline\\{closure}(Object(Illuminate\\Http\\Request))
#57 /Users/aleksandr/projects/btf/vendor/laravel/framework/src/Illuminate/Foundation/Http/Kernel.php(176): Illuminate\\Pipeline\\Pipeline->then(Object(Closure))
#58 /Users/aleksandr/projects/btf/vendor/laravel/framework/src/Illuminate/Foundation/Http/Kernel.php(145): Illuminate\\Foundation\\Http\\Kernel->sendRequestThroughRouter(Object(Illuminate\\Http\\Request))
#59 /Users/aleksandr/projects/btf/public/index.php(50): Illuminate\\Foundation\\Http\\Kernel->handle(Object(Illuminate\\Http\\Request))
#60 /Users/aleksandr/projects/btf/vendor/laravel/framework/src/Illuminate/Foundation/resources/server.php(23): require_once('/Users/aleksand...')
#61 {main}
"} 
[2025-05-01 08:40:05] production.ERROR: A role `qwerty6` already exists for guard `web`. {"userId":1,"exception":"[object] (Spatie\\Permission\\Exceptions\\RoleAlreadyExists(code: 0): A role `qwerty6` already exists for guard `web`. at /Users/aleksandr/projects/btf/vendor/spatie/laravel-permission/src/Exceptions/RoleAlreadyExists.php:11)
[stacktrace]
#0 /Users/aleksandr/projects/btf/vendor/spatie/laravel-permission/src/Models/Role.php(58): Spatie\\Permission\\Exceptions\\RoleAlreadyExists::create('qwerty6', 'web')
#1 /Users/aleksandr/projects/btf/app/Http/Controllers/Backend/RolesController.php(49): Spatie\\Permission\\Models\\Role::create(Array)
#2 /Users/aleksandr/projects/btf/vendor/laravel/framework/src/Illuminate/Routing/Controller.php(54): App\\Http\\Controllers\\Backend\\RolesController->store(Object(Illuminate\\Http\\Request))
#3 /Users/aleksandr/projects/btf/vendor/laravel/framework/src/Illuminate/Routing/ControllerDispatcher.php(44): Illuminate\\Routing\\Controller->callAction('store', Array)
#4 /Users/aleksandr/projects/btf/vendor/laravel/framework/src/Illuminate/Routing/Route.php(266): Illuminate\\Routing\\ControllerDispatcher->dispatch(Object(Illuminate\\Routing\\Route), Object(App\\Http\\Controllers\\Backend\\RolesController), 'store')
#5 /Users/aleksandr/projects/btf/vendor/laravel/framework/src/Illuminate/Routing/Route.php(212): Illuminate\\Routing\\Route->runController()
#6 /Users/aleksandr/projects/btf/vendor/laravel/framework/src/Illuminate/Routing/Router.php(808): Illuminate\\Routing\\Route->run()
#7 /Users/aleksandr/projects/btf/vendor/laravel/framework/src/Illuminate/Pipeline/Pipeline.php(170): Illuminate\\Routing\\Router->Illuminate\\Routing\\{closure}(Object(Illuminate\\Http\\Request))
#8 /Users/aleksandr/projects/btf/app/Http/Middleware/AdminCheck.php(15): Illuminate\\Pipeline\\Pipeline->Illuminate\\Pipeline\\{closure}(Object(Illuminate\\Http\\Request))
#9 /Users/aleksandr/projects/btf/vendor/laravel/framework/src/Illuminate/Pipeline/Pipeline.php(209): App\\Http\\Middleware\\AdminCheck->handle(Object(Illuminate\\Http\\Request), Object(Closure))
#10 /Users/aleksandr/projects/btf/vendor/barryvdh/laravel-debugbar/src/Middleware/InjectDebugbar.php(66): Illuminate\\Pipeline\\Pipeline->Illuminate\\Pipeline\\{closure}(Object(Illuminate\\Http\\Request))
#11 /Users/aleksandr/projects/btf/vendor/laravel/framework/src/Illuminate/Pipeline/Pipeline.php(209): Barryvdh\\Debugbar\\Middleware\\InjectDebugbar->handle(Object(Illuminate\\Http\\Request), Object(Closure))
#12 /Users/aleksandr/projects/btf/app/Http/Middleware/UserActivity.php(20): Illuminate\\Pipeline\\Pipeline->Illuminate\\Pipeline\\{closure}(Object(Illuminate\\Http\\Request))
#13 /Users/aleksandr/projects/btf/vendor/laravel/framework/src/Illuminate/Pipeline/Pipeline.php(209): App\\Http\\Middleware\\UserActivity->handle(Object(Illuminate\\Http\\Request), Object(Closure))
#14 /Users/aleksandr/projects/btf/app/Http/Middleware/SetLocale.php(51): Illuminate\\Pipeline\\Pipeline->Illuminate\\Pipeline\\{closure}(Object(Illuminate\\Http\\Request))
#15 /Users/aleksandr/projects/btf/vendor/laravel/framework/src/Illuminate/Pipeline/Pipeline.php(209): App\\Http\\Middleware\\SetLocale->handle(Object(Illuminate\\Http\\Request), Object(Closure))
#16 /Users/aleksandr/projects/btf/vendor/erlandmuchasaj/laravel-gzip/src/Middleware/GzipEncodeResponse.php(19): Illuminate\\Pipeline\\Pipeline->Illuminate\\Pipeline\\{closure}(Object(Illuminate\\Http\\Request))
#17 /Users/aleksandr/projects/btf/vendor/laravel/framework/src/Illuminate/Pipeline/Pipeline.php(209): ErlandMuchasaj\\LaravelGzip\\Middleware\\GzipEncodeResponse->handle(Object(Illuminate\\Http\\Request), Object(Closure))
#18 /Users/aleksandr/projects/btf/vendor/laravel/framework/src/Illuminate/Routing/Middleware/SubstituteBindings.php(51): Illuminate\\Pipeline\\Pipeline->Illuminate\\Pipeline\\{closure}(Object(Illuminate\\Http\\Request))
#19 /Users/aleksandr/projects/btf/vendor/laravel/framework/src/Illuminate/Pipeline/Pipeline.php(209): Illuminate\\Routing\\Middleware\\SubstituteBindings->handle(Object(Illuminate\\Http\\Request), Object(Closure))
#20 /Users/aleksandr/projects/btf/vendor/laravel/framework/src/Illuminate/Auth/Middleware/Authenticate.php(64): Illuminate\\Pipeline\\Pipeline->Illuminate\\Pipeline\\{closure}(Object(Illuminate\\Http\\Request))
#21 /Users/aleksandr/projects/btf/vendor/laravel/framework/src/Illuminate/Pipeline/Pipeline.php(209): Illuminate\\Auth\\Middleware\\Authenticate->handle(Object(Illuminate\\Http\\Request), Object(Closure))
#22 /Users/aleksandr/projects/btf/vendor/laravel/framework/src/Illuminate/Foundation/Http/Middleware/VerifyCsrfToken.php(88): Illuminate\\Pipeline\\Pipeline->Illuminate\\Pipeline\\{closure}(Object(Illuminate\\Http\\Request))
#23 /Users/aleksandr/projects/btf/vendor/laravel/framework/src/Illuminate/Pipeline/Pipeline.php(209): Illuminate\\Foundation\\Http\\Middleware\\VerifyCsrfToken->handle(Object(Illuminate\\Http\\Request), Object(Closure))
#24 /Users/aleksandr/projects/btf/vendor/laravel/framework/src/Illuminate/View/Middleware/ShareErrorsFromSession.php(49): Illuminate\\Pipeline\\Pipeline->Illuminate\\Pipeline\\{closure}(Object(Illuminate\\Http\\Request))
#25 /Users/aleksandr/projects/btf/vendor/laravel/framework/src/Illuminate/Pipeline/Pipeline.php(209): Illuminate\\View\\Middleware\\ShareErrorsFromSession->handle(Object(Illuminate\\Http\\Request), Object(Closure))
#26 /Users/aleksandr/projects/btf/vendor/laravel/framework/src/Illuminate/Session/Middleware/StartSession.php(121): Illuminate\\Pipeline\\Pipeline->Illuminate\\Pipeline\\{closure}(Object(Illuminate\\Http\\Request))
#27 /Users/aleksandr/projects/btf/vendor/laravel/framework/src/Illuminate/Session/Middleware/StartSession.php(64): Illuminate\\Session\\Middleware\\StartSession->handleStatefulRequest(Object(Illuminate\\Http\\Request), Object(Illuminate\\Session\\Store), Object(Closure))
#28 /Users/aleksandr/projects/btf/vendor/laravel/framework/src/Illuminate/Pipeline/Pipeline.php(209): Illuminate\\Session\\Middleware\\StartSession->handle(Object(Illuminate\\Http\\Request), Object(Closure))
#29 /Users/aleksandr/projects/btf/vendor/laravel/framework/src/Illuminate/Cookie/Middleware/AddQueuedCookiesToResponse.php(37): Illuminate\\Pipeline\\Pipeline->Illuminate\\Pipeline\\{closure}(Object(Illuminate\\Http\\Request))
#30 /Users/aleksandr/projects/btf/vendor/laravel/framework/src/Illuminate/Pipeline/Pipeline.php(209): Illuminate\\Cookie\\Middleware\\AddQueuedCookiesToResponse->handle(Object(Illuminate\\Http\\Request), Object(Closure))
#31 /Users/aleksandr/projects/btf/vendor/laravel/framework/src/Illuminate/Cookie/Middleware/EncryptCookies.php(75): Illuminate\\Pipeline\\Pipeline->Illuminate\\Pipeline\\{closure}(Object(Illuminate\\Http\\Request))
#32 /Users/aleksandr/projects/btf/vendor/laravel/framework/src/Illuminate/Pipeline/Pipeline.php(209): Illuminate\\Cookie\\Middleware\\EncryptCookies->handle(Object(Illuminate\\Http\\Request), Object(Closure))
#33 /Users/aleksandr/projects/btf/vendor/laravel/framework/src/Illuminate/Pipeline/Pipeline.php(127): Illuminate\\Pipeline\\Pipeline->Illuminate\\Pipeline\\{closure}(Object(Illuminate\\Http\\Request))
#34 /Users/aleksandr/projects/btf/vendor/laravel/framework/src/Illuminate/Routing/Router.php(807): Illuminate\\Pipeline\\Pipeline->then(Object(Closure))
#35 /Users/aleksandr/projects/btf/vendor/laravel/framework/src/Illuminate/Routing/Router.php(786): Illuminate\\Routing\\Router->runRouteWithinStack(Object(Illuminate\\Routing\\Route), Object(Illuminate\\Http\\Request))
#36 /Users/aleksandr/projects/btf/vendor/laravel/framework/src/Illuminate/Routing/Router.php(750): Illuminate\\Routing\\Router->runRoute(Object(Illuminate\\Http\\Request), Object(Illuminate\\Routing\\Route))
#37 /Users/aleksandr/projects/btf/vendor/laravel/framework/src/Illuminate/Routing/Router.php(739): Illuminate\\Routing\\Router->dispatchToRoute(Object(Illuminate\\Http\\Request))
#38 /Users/aleksandr/projects/btf/vendor/laravel/framework/src/Illuminate/Foundation/Http/Kernel.php(201): Illuminate\\Routing\\Router->dispatch(Object(Illuminate\\Http\\Request))
#39 /Users/aleksandr/projects/btf/vendor/laravel/framework/src/Illuminate/Pipeline/Pipeline.php(170): Illuminate\\Foundation\\Http\\Kernel->Illuminate\\Foundation\\Http\\{closure}(Object(Illuminate\\Http\\Request))
#40 /Users/aleksandr/projects/btf/vendor/barryvdh/laravel-debugbar/src/Middleware/InjectDebugbar.php(66): Illuminate\\Pipeline\\Pipeline->Illuminate\\Pipeline\\{closure}(Object(Illuminate\\Http\\Request))
#41 /Users/aleksandr/projects/btf/vendor/laravel/framework/src/Illuminate/Pipeline/Pipeline.php(209): Barryvdh\\Debugbar\\Middleware\\InjectDebugbar->handle(Object(Illuminate\\Http\\Request), Object(Closure))
#42 /Users/aleksandr/projects/btf/vendor/laravel/framework/src/Illuminate/Foundation/Http/Middleware/TransformsRequest.php(21): Illuminate\\Pipeline\\Pipeline->Illuminate\\Pipeline\\{closure}(Object(Illuminate\\Http\\Request))
#43 /Users/aleksandr/projects/btf/vendor/laravel/framework/src/Illuminate/Foundation/Http/Middleware/ConvertEmptyStringsToNull.php(31): Illuminate\\Foundation\\Http\\Middleware\\TransformsRequest->handle(Object(Illuminate\\Http\\Request), Object(Closure))
#44 /Users/aleksandr/projects/btf/vendor/laravel/framework/src/Illuminate/Pipeline/Pipeline.php(209): Illuminate\\Foundation\\Http\\Middleware\\ConvertEmptyStringsToNull->handle(Object(Illuminate\\Http\\Request), Object(Closure))
#45 /Users/aleksandr/projects/btf/vendor/laravel/framework/src/Illuminate/Foundation/Http/Middleware/TransformsRequest.php(21): Illuminate\\Pipeline\\Pipeline->Illuminate\\Pipeline\\{closure}(Object(Illuminate\\Http\\Request))
#46 /Users/aleksandr/projects/btf/vendor/laravel/framework/src/Illuminate/Foundation/Http/Middleware/TrimStrings.php(51): Illuminate\\Foundation\\Http\\Middleware\\TransformsRequest->handle(Object(Illuminate\\Http\\Request), Object(Closure))
#47 /Users/aleksandr/projects/btf/vendor/laravel/framework/src/Illuminate/Pipeline/Pipeline.php(209): Illuminate\\Foundation\\Http\\Middleware\\TrimStrings->handle(Object(Illuminate\\Http\\Request), Object(Closure))
#48 /Users/aleksandr/projects/btf/vendor/laravel/framework/src/Illuminate/Http/Middleware/ValidatePostSize.php(27): Illuminate\\Pipeline\\Pipeline->Illuminate\\Pipeline\\{closure}(Object(Illuminate\\Http\\Request))
#49 /Users/aleksandr/projects/btf/vendor/laravel/framework/src/Illuminate/Pipeline/Pipeline.php(209): Illuminate\\Http\\Middleware\\ValidatePostSize->handle(Object(Illuminate\\Http\\Request), Object(Closure))
#50 /Users/aleksandr/projects/btf/vendor/laravel/framework/src/Illuminate/Foundation/Http/Middleware/PreventRequestsDuringMaintenance.php(110): Illuminate\\Pipeline\\Pipeline->Illuminate\\Pipeline\\{closure}(Object(Illuminate\\Http\\Request))
#51 /Users/aleksandr/projects/btf/vendor/laravel/framework/src/Illuminate/Pipeline/Pipeline.php(209): Illuminate\\Foundation\\Http\\Middleware\\PreventRequestsDuringMaintenance->handle(Object(Illuminate\\Http\\Request), Object(Closure))
#52 /Users/aleksandr/projects/btf/vendor/laravel/framework/src/Illuminate/Http/Middleware/HandleCors.php(62): Illuminate\\Pipeline\\Pipeline->Illuminate\\Pipeline\\{closure}(Object(Illuminate\\Http\\Request))
#53 /Users/aleksandr/projects/btf/vendor/laravel/framework/src/Illuminate/Pipeline/Pipeline.php(209): Illuminate\\Http\\Middleware\\HandleCors->handle(Object(Illuminate\\Http\\Request), Object(Closure))
#54 /Users/aleksandr/projects/btf/vendor/laravel/framework/src/Illuminate/Http/Middleware/TrustProxies.php(58): Illuminate\\Pipeline\\Pipeline->Illuminate\\Pipeline\\{closure}(Object(Illuminate\\Http\\Request))
#55 /Users/aleksandr/projects/btf/vendor/laravel/framework/src/Illuminate/Pipeline/Pipeline.php(209): Illuminate\\Http\\Middleware\\TrustProxies->handle(Object(Illuminate\\Http\\Request), Object(Closure))
#56 /Users/aleksandr/projects/btf/vendor/laravel/framework/src/Illuminate/Pipeline/Pipeline.php(127): Illuminate\\Pipeline\\Pipeline->Illuminate\\Pipeline\\{closure}(Object(Illuminate\\Http\\Request))
#57 /Users/aleksandr/projects/btf/vendor/laravel/framework/src/Illuminate/Foundation/Http/Kernel.php(176): Illuminate\\Pipeline\\Pipeline->then(Object(Closure))
#58 /Users/aleksandr/projects/btf/vendor/laravel/framework/src/Illuminate/Foundation/Http/Kernel.php(145): Illuminate\\Foundation\\Http\\Kernel->sendRequestThroughRouter(Object(Illuminate\\Http\\Request))
#59 /Users/aleksandr/projects/btf/public/index.php(50): Illuminate\\Foundation\\Http\\Kernel->handle(Object(Illuminate\\Http\\Request))
#60 /Users/aleksandr/projects/btf/vendor/laravel/framework/src/Illuminate/Foundation/resources/server.php(23): require_once('/Users/aleksand...')
#61 {main}
"} 
[2025-05-01 10:00:32] production.ERROR: Property [roles] does not exist on the Eloquent builder instance. {"userId":1,"exception":"[object] (Exception(code: 0): Property [roles] does not exist on the Eloquent builder instance. at /Users/aleksandr/projects/btf/vendor/laravel/framework/src/Illuminate/Database/Eloquent/Builder.php:2081)
[stacktrace]
#0 /Users/aleksandr/projects/btf/app/Http/Controllers/Backend/UsersController.php(24): Illuminate\\Database\\Eloquent\\Builder->__get('roles')
#1 /Users/aleksandr/projects/btf/vendor/laravel/framework/src/Illuminate/Routing/Controller.php(54): App\\Http\\Controllers\\Backend\\UsersController->index(Object(Illuminate\\Http\\Request))
#2 /Users/aleksandr/projects/btf/vendor/laravel/framework/src/Illuminate/Routing/ControllerDispatcher.php(44): Illuminate\\Routing\\Controller->callAction('index', Array)
#3 /Users/aleksandr/projects/btf/vendor/laravel/framework/src/Illuminate/Routing/Route.php(266): Illuminate\\Routing\\ControllerDispatcher->dispatch(Object(Illuminate\\Routing\\Route), Object(App\\Http\\Controllers\\Backend\\UsersController), 'index')
#4 /Users/aleksandr/projects/btf/vendor/laravel/framework/src/Illuminate/Routing/Route.php(212): Illuminate\\Routing\\Route->runController()
#5 /Users/aleksandr/projects/btf/vendor/laravel/framework/src/Illuminate/Routing/Router.php(808): Illuminate\\Routing\\Route->run()
#6 /Users/aleksandr/projects/btf/vendor/laravel/framework/src/Illuminate/Pipeline/Pipeline.php(170): Illuminate\\Routing\\Router->Illuminate\\Routing\\{closure}(Object(Illuminate\\Http\\Request))
#7 /Users/aleksandr/projects/btf/app/Http/Middleware/AdminCheck.php(15): Illuminate\\Pipeline\\Pipeline->Illuminate\\Pipeline\\{closure}(Object(Illuminate\\Http\\Request))
#8 /Users/aleksandr/projects/btf/vendor/laravel/framework/src/Illuminate/Pipeline/Pipeline.php(209): App\\Http\\Middleware\\AdminCheck->handle(Object(Illuminate\\Http\\Request), Object(Closure))
#9 /Users/aleksandr/projects/btf/vendor/barryvdh/laravel-debugbar/src/Middleware/InjectDebugbar.php(66): Illuminate\\Pipeline\\Pipeline->Illuminate\\Pipeline\\{closure}(Object(Illuminate\\Http\\Request))
#10 /Users/aleksandr/projects/btf/vendor/laravel/framework/src/Illuminate/Pipeline/Pipeline.php(209): Barryvdh\\Debugbar\\Middleware\\InjectDebugbar->handle(Object(Illuminate\\Http\\Request), Object(Closure))
#11 /Users/aleksandr/projects/btf/app/Http/Middleware/UserActivity.php(20): Illuminate\\Pipeline\\Pipeline->Illuminate\\Pipeline\\{closure}(Object(Illuminate\\Http\\Request))
#12 /Users/aleksandr/projects/btf/vendor/laravel/framework/src/Illuminate/Pipeline/Pipeline.php(209): App\\Http\\Middleware\\UserActivity->handle(Object(Illuminate\\Http\\Request), Object(Closure))
#13 /Users/aleksandr/projects/btf/app/Http/Middleware/SetLocale.php(51): Illuminate\\Pipeline\\Pipeline->Illuminate\\Pipeline\\{closure}(Object(Illuminate\\Http\\Request))
#14 /Users/aleksandr/projects/btf/vendor/laravel/framework/src/Illuminate/Pipeline/Pipeline.php(209): App\\Http\\Middleware\\SetLocale->handle(Object(Illuminate\\Http\\Request), Object(Closure))
#15 /Users/aleksandr/projects/btf/vendor/erlandmuchasaj/laravel-gzip/src/Middleware/GzipEncodeResponse.php(19): Illuminate\\Pipeline\\Pipeline->Illuminate\\Pipeline\\{closure}(Object(Illuminate\\Http\\Request))
#16 /Users/aleksandr/projects/btf/vendor/laravel/framework/src/Illuminate/Pipeline/Pipeline.php(209): ErlandMuchasaj\\LaravelGzip\\Middleware\\GzipEncodeResponse->handle(Object(Illuminate\\Http\\Request), Object(Closure))
#17 /Users/aleksandr/projects/btf/vendor/laravel/framework/src/Illuminate/Routing/Middleware/SubstituteBindings.php(51): Illuminate\\Pipeline\\Pipeline->Illuminate\\Pipeline\\{closure}(Object(Illuminate\\Http\\Request))
#18 /Users/aleksandr/projects/btf/vendor/laravel/framework/src/Illuminate/Pipeline/Pipeline.php(209): Illuminate\\Routing\\Middleware\\SubstituteBindings->handle(Object(Illuminate\\Http\\Request), Object(Closure))
#19 /Users/aleksandr/projects/btf/vendor/laravel/framework/src/Illuminate/Auth/Middleware/Authenticate.php(64): Illuminate\\Pipeline\\Pipeline->Illuminate\\Pipeline\\{closure}(Object(Illuminate\\Http\\Request))
#20 /Users/aleksandr/projects/btf/vendor/laravel/framework/src/Illuminate/Pipeline/Pipeline.php(209): Illuminate\\Auth\\Middleware\\Authenticate->handle(Object(Illuminate\\Http\\Request), Object(Closure))
#21 /Users/aleksandr/projects/btf/vendor/laravel/framework/src/Illuminate/Foundation/Http/Middleware/VerifyCsrfToken.php(88): Illuminate\\Pipeline\\Pipeline->Illuminate\\Pipeline\\{closure}(Object(Illuminate\\Http\\Request))
#22 /Users/aleksandr/projects/btf/vendor/laravel/framework/src/Illuminate/Pipeline/Pipeline.php(209): Illuminate\\Foundation\\Http\\Middleware\\VerifyCsrfToken->handle(Object(Illuminate\\Http\\Request), Object(Closure))
#23 /Users/aleksandr/projects/btf/vendor/laravel/framework/src/Illuminate/View/Middleware/ShareErrorsFromSession.php(49): Illuminate\\Pipeline\\Pipeline->Illuminate\\Pipeline\\{closure}(Object(Illuminate\\Http\\Request))
#24 /Users/aleksandr/projects/btf/vendor/laravel/framework/src/Illuminate/Pipeline/Pipeline.php(209): Illuminate\\View\\Middleware\\ShareErrorsFromSession->handle(Object(Illuminate\\Http\\Request), Object(Closure))
#25 /Users/aleksandr/projects/btf/vendor/laravel/framework/src/Illuminate/Session/Middleware/StartSession.php(121): Illuminate\\Pipeline\\Pipeline->Illuminate\\Pipeline\\{closure}(Object(Illuminate\\Http\\Request))
#26 /Users/aleksandr/projects/btf/vendor/laravel/framework/src/Illuminate/Session/Middleware/StartSession.php(64): Illuminate\\Session\\Middleware\\StartSession->handleStatefulRequest(Object(Illuminate\\Http\\Request), Object(Illuminate\\Session\\Store), Object(Closure))
#27 /Users/aleksandr/projects/btf/vendor/laravel/framework/src/Illuminate/Pipeline/Pipeline.php(209): Illuminate\\Session\\Middleware\\StartSession->handle(Object(Illuminate\\Http\\Request), Object(Closure))
#28 /Users/aleksandr/projects/btf/vendor/laravel/framework/src/Illuminate/Cookie/Middleware/AddQueuedCookiesToResponse.php(37): Illuminate\\Pipeline\\Pipeline->Illuminate\\Pipeline\\{closure}(Object(Illuminate\\Http\\Request))
#29 /Users/aleksandr/projects/btf/vendor/laravel/framework/src/Illuminate/Pipeline/Pipeline.php(209): Illuminate\\Cookie\\Middleware\\AddQueuedCookiesToResponse->handle(Object(Illuminate\\Http\\Request), Object(Closure))
#30 /Users/aleksandr/projects/btf/vendor/laravel/framework/src/Illuminate/Cookie/Middleware/EncryptCookies.php(75): Illuminate\\Pipeline\\Pipeline->Illuminate\\Pipeline\\{closure}(Object(Illuminate\\Http\\Request))
#31 /Users/aleksandr/projects/btf/vendor/laravel/framework/src/Illuminate/Pipeline/Pipeline.php(209): Illuminate\\Cookie\\Middleware\\EncryptCookies->handle(Object(Illuminate\\Http\\Request), Object(Closure))
#32 /Users/aleksandr/projects/btf/vendor/laravel/framework/src/Illuminate/Pipeline/Pipeline.php(127): Illuminate\\Pipeline\\Pipeline->Illuminate\\Pipeline\\{closure}(Object(Illuminate\\Http\\Request))
#33 /Users/aleksandr/projects/btf/vendor/laravel/framework/src/Illuminate/Routing/Router.php(807): Illuminate\\Pipeline\\Pipeline->then(Object(Closure))
#34 /Users/aleksandr/projects/btf/vendor/laravel/framework/src/Illuminate/Routing/Router.php(786): Illuminate\\Routing\\Router->runRouteWithinStack(Object(Illuminate\\Routing\\Route), Object(Illuminate\\Http\\Request))
#35 /Users/aleksandr/projects/btf/vendor/laravel/framework/src/Illuminate/Routing/Router.php(750): Illuminate\\Routing\\Router->runRoute(Object(Illuminate\\Http\\Request), Object(Illuminate\\Routing\\Route))
#36 /Users/aleksandr/projects/btf/vendor/laravel/framework/src/Illuminate/Routing/Router.php(739): Illuminate\\Routing\\Router->dispatchToRoute(Object(Illuminate\\Http\\Request))
#37 /Users/aleksandr/projects/btf/vendor/laravel/framework/src/Illuminate/Foundation/Http/Kernel.php(201): Illuminate\\Routing\\Router->dispatch(Object(Illuminate\\Http\\Request))
#38 /Users/aleksandr/projects/btf/vendor/laravel/framework/src/Illuminate/Pipeline/Pipeline.php(170): Illuminate\\Foundation\\Http\\Kernel->Illuminate\\Foundation\\Http\\{closure}(Object(Illuminate\\Http\\Request))
#39 /Users/aleksandr/projects/btf/vendor/barryvdh/laravel-debugbar/src/Middleware/InjectDebugbar.php(66): Illuminate\\Pipeline\\Pipeline->Illuminate\\Pipeline\\{closure}(Object(Illuminate\\Http\\Request))
#40 /Users/aleksandr/projects/btf/vendor/laravel/framework/src/Illuminate/Pipeline/Pipeline.php(209): Barryvdh\\Debugbar\\Middleware\\InjectDebugbar->handle(Object(Illuminate\\Http\\Request), Object(Closure))
#41 /Users/aleksandr/projects/btf/vendor/laravel/framework/src/Illuminate/Foundation/Http/Middleware/TransformsRequest.php(21): Illuminate\\Pipeline\\Pipeline->Illuminate\\Pipeline\\{closure}(Object(Illuminate\\Http\\Request))
#42 /Users/aleksandr/projects/btf/vendor/laravel/framework/src/Illuminate/Foundation/Http/Middleware/ConvertEmptyStringsToNull.php(31): Illuminate\\Foundation\\Http\\Middleware\\TransformsRequest->handle(Object(Illuminate\\Http\\Request), Object(Closure))
#43 /Users/aleksandr/projects/btf/vendor/laravel/framework/src/Illuminate/Pipeline/Pipeline.php(209): Illuminate\\Foundation\\Http\\Middleware\\ConvertEmptyStringsToNull->handle(Object(Illuminate\\Http\\Request), Object(Closure))
#44 /Users/aleksandr/projects/btf/vendor/laravel/framework/src/Illuminate/Foundation/Http/Middleware/TransformsRequest.php(21): Illuminate\\Pipeline\\Pipeline->Illuminate\\Pipeline\\{closure}(Object(Illuminate\\Http\\Request))
#45 /Users/aleksandr/projects/btf/vendor/laravel/framework/src/Illuminate/Foundation/Http/Middleware/TrimStrings.php(51): Illuminate\\Foundation\\Http\\Middleware\\TransformsRequest->handle(Object(Illuminate\\Http\\Request), Object(Closure))
#46 /Users/aleksandr/projects/btf/vendor/laravel/framework/src/Illuminate/Pipeline/Pipeline.php(209): Illuminate\\Foundation\\Http\\Middleware\\TrimStrings->handle(Object(Illuminate\\Http\\Request), Object(Closure))
#47 /Users/aleksandr/projects/btf/vendor/laravel/framework/src/Illuminate/Http/Middleware/ValidatePostSize.php(27): Illuminate\\Pipeline\\Pipeline->Illuminate\\Pipeline\\{closure}(Object(Illuminate\\Http\\Request))
#48 /Users/aleksandr/projects/btf/vendor/laravel/framework/src/Illuminate/Pipeline/Pipeline.php(209): Illuminate\\Http\\Middleware\\ValidatePostSize->handle(Object(Illuminate\\Http\\Request), Object(Closure))
#49 /Users/aleksandr/projects/btf/vendor/laravel/framework/src/Illuminate/Foundation/Http/Middleware/PreventRequestsDuringMaintenance.php(110): Illuminate\\Pipeline\\Pipeline->Illuminate\\Pipeline\\{closure}(Object(Illuminate\\Http\\Request))
#50 /Users/aleksandr/projects/btf/vendor/laravel/framework/src/Illuminate/Pipeline/Pipeline.php(209): Illuminate\\Foundation\\Http\\Middleware\\PreventRequestsDuringMaintenance->handle(Object(Illuminate\\Http\\Request), Object(Closure))
#51 /Users/aleksandr/projects/btf/vendor/laravel/framework/src/Illuminate/Http/Middleware/HandleCors.php(62): Illuminate\\Pipeline\\Pipeline->Illuminate\\Pipeline\\{closure}(Object(Illuminate\\Http\\Request))
#52 /Users/aleksandr/projects/btf/vendor/laravel/framework/src/Illuminate/Pipeline/Pipeline.php(209): Illuminate\\Http\\Middleware\\HandleCors->handle(Object(Illuminate\\Http\\Request), Object(Closure))
#53 /Users/aleksandr/projects/btf/vendor/laravel/framework/src/Illuminate/Http/Middleware/TrustProxies.php(58): Illuminate\\Pipeline\\Pipeline->Illuminate\\Pipeline\\{closure}(Object(Illuminate\\Http\\Request))
#54 /Users/aleksandr/projects/btf/vendor/laravel/framework/src/Illuminate/Pipeline/Pipeline.php(209): Illuminate\\Http\\Middleware\\TrustProxies->handle(Object(Illuminate\\Http\\Request), Object(Closure))
#55 /Users/aleksandr/projects/btf/vendor/laravel/framework/src/Illuminate/Pipeline/Pipeline.php(127): Illuminate\\Pipeline\\Pipeline->Illuminate\\Pipeline\\{closure}(Object(Illuminate\\Http\\Request))
#56 /Users/aleksandr/projects/btf/vendor/laravel/framework/src/Illuminate/Foundation/Http/Kernel.php(176): Illuminate\\Pipeline\\Pipeline->then(Object(Closure))
#57 /Users/aleksandr/projects/btf/vendor/laravel/framework/src/Illuminate/Foundation/Http/Kernel.php(145): Illuminate\\Foundation\\Http\\Kernel->sendRequestThroughRouter(Object(Illuminate\\Http\\Request))
#58 /Users/aleksandr/projects/btf/public/index.php(50): Illuminate\\Foundation\\Http\\Kernel->handle(Object(Illuminate\\Http\\Request))
#59 /Users/aleksandr/projects/btf/vendor/laravel/framework/src/Illuminate/Foundation/resources/server.php(23): require_once('/Users/aleksand...')
#60 {main}
"} 
[2025-05-01 10:00:40] production.ERROR: Call to undefined method Illuminate\Database\Eloquent\Builder::roles() {"userId":1,"exception":"[object] (BadMethodCallException(code: 0): Call to undefined method Illuminate\\Database\\Eloquent\\Builder::roles() at /Users/aleksandr/projects/btf/vendor/laravel/framework/src/Illuminate/Support/Traits/ForwardsCalls.php:67)
[stacktrace]
#0 /Users/aleksandr/projects/btf/vendor/laravel/framework/src/Illuminate/Support/Traits/ForwardsCalls.php(36): Illuminate\\Database\\Eloquent\\Builder::throwBadMethodCallException('roles')
#1 /Users/aleksandr/projects/btf/vendor/laravel/framework/src/Illuminate/Database/Eloquent/Builder.php(2123): Illuminate\\Database\\Eloquent\\Builder->forwardCallTo(Object(Illuminate\\Database\\Query\\Builder), 'roles', Array)
#2 /Users/aleksandr/projects/btf/app/Http/Controllers/Backend/UsersController.php(24): Illuminate\\Database\\Eloquent\\Builder->__call('roles', Array)
#3 /Users/aleksandr/projects/btf/vendor/laravel/framework/src/Illuminate/Routing/Controller.php(54): App\\Http\\Controllers\\Backend\\UsersController->index(Object(Illuminate\\Http\\Request))
#4 /Users/aleksandr/projects/btf/vendor/laravel/framework/src/Illuminate/Routing/ControllerDispatcher.php(44): Illuminate\\Routing\\Controller->callAction('index', Array)
#5 /Users/aleksandr/projects/btf/vendor/laravel/framework/src/Illuminate/Routing/Route.php(266): Illuminate\\Routing\\ControllerDispatcher->dispatch(Object(Illuminate\\Routing\\Route), Object(App\\Http\\Controllers\\Backend\\UsersController), 'index')
#6 /Users/aleksandr/projects/btf/vendor/laravel/framework/src/Illuminate/Routing/Route.php(212): Illuminate\\Routing\\Route->runController()
#7 /Users/aleksandr/projects/btf/vendor/laravel/framework/src/Illuminate/Routing/Router.php(808): Illuminate\\Routing\\Route->run()
#8 /Users/aleksandr/projects/btf/vendor/laravel/framework/src/Illuminate/Pipeline/Pipeline.php(170): Illuminate\\Routing\\Router->Illuminate\\Routing\\{closure}(Object(Illuminate\\Http\\Request))
#9 /Users/aleksandr/projects/btf/app/Http/Middleware/AdminCheck.php(15): Illuminate\\Pipeline\\Pipeline->Illuminate\\Pipeline\\{closure}(Object(Illuminate\\Http\\Request))
#10 /Users/aleksandr/projects/btf/vendor/laravel/framework/src/Illuminate/Pipeline/Pipeline.php(209): App\\Http\\Middleware\\AdminCheck->handle(Object(Illuminate\\Http\\Request), Object(Closure))
#11 /Users/aleksandr/projects/btf/vendor/barryvdh/laravel-debugbar/src/Middleware/InjectDebugbar.php(66): Illuminate\\Pipeline\\Pipeline->Illuminate\\Pipeline\\{closure}(Object(Illuminate\\Http\\Request))
#12 /Users/aleksandr/projects/btf/vendor/laravel/framework/src/Illuminate/Pipeline/Pipeline.php(209): Barryvdh\\Debugbar\\Middleware\\InjectDebugbar->handle(Object(Illuminate\\Http\\Request), Object(Closure))
#13 /Users/aleksandr/projects/btf/app/Http/Middleware/UserActivity.php(20): Illuminate\\Pipeline\\Pipeline->Illuminate\\Pipeline\\{closure}(Object(Illuminate\\Http\\Request))
#14 /Users/aleksandr/projects/btf/vendor/laravel/framework/src/Illuminate/Pipeline/Pipeline.php(209): App\\Http\\Middleware\\UserActivity->handle(Object(Illuminate\\Http\\Request), Object(Closure))
#15 /Users/aleksandr/projects/btf/app/Http/Middleware/SetLocale.php(51): Illuminate\\Pipeline\\Pipeline->Illuminate\\Pipeline\\{closure}(Object(Illuminate\\Http\\Request))
#16 /Users/aleksandr/projects/btf/vendor/laravel/framework/src/Illuminate/Pipeline/Pipeline.php(209): App\\Http\\Middleware\\SetLocale->handle(Object(Illuminate\\Http\\Request), Object(Closure))
#17 /Users/aleksandr/projects/btf/vendor/erlandmuchasaj/laravel-gzip/src/Middleware/GzipEncodeResponse.php(19): Illuminate\\Pipeline\\Pipeline->Illuminate\\Pipeline\\{closure}(Object(Illuminate\\Http\\Request))
#18 /Users/aleksandr/projects/btf/vendor/laravel/framework/src/Illuminate/Pipeline/Pipeline.php(209): ErlandMuchasaj\\LaravelGzip\\Middleware\\GzipEncodeResponse->handle(Object(Illuminate\\Http\\Request), Object(Closure))
#19 /Users/aleksandr/projects/btf/vendor/laravel/framework/src/Illuminate/Routing/Middleware/SubstituteBindings.php(51): Illuminate\\Pipeline\\Pipeline->Illuminate\\Pipeline\\{closure}(Object(Illuminate\\Http\\Request))
#20 /Users/aleksandr/projects/btf/vendor/laravel/framework/src/Illuminate/Pipeline/Pipeline.php(209): Illuminate\\Routing\\Middleware\\SubstituteBindings->handle(Object(Illuminate\\Http\\Request), Object(Closure))
#21 /Users/aleksandr/projects/btf/vendor/laravel/framework/src/Illuminate/Auth/Middleware/Authenticate.php(64): Illuminate\\Pipeline\\Pipeline->Illuminate\\Pipeline\\{closure}(Object(Illuminate\\Http\\Request))
#22 /Users/aleksandr/projects/btf/vendor/laravel/framework/src/Illuminate/Pipeline/Pipeline.php(209): Illuminate\\Auth\\Middleware\\Authenticate->handle(Object(Illuminate\\Http\\Request), Object(Closure))
#23 /Users/aleksandr/projects/btf/vendor/laravel/framework/src/Illuminate/Foundation/Http/Middleware/VerifyCsrfToken.php(88): Illuminate\\Pipeline\\Pipeline->Illuminate\\Pipeline\\{closure}(Object(Illuminate\\Http\\Request))
#24 /Users/aleksandr/projects/btf/vendor/laravel/framework/src/Illuminate/Pipeline/Pipeline.php(209): Illuminate\\Foundation\\Http\\Middleware\\VerifyCsrfToken->handle(Object(Illuminate\\Http\\Request), Object(Closure))
#25 /Users/aleksandr/projects/btf/vendor/laravel/framework/src/Illuminate/View/Middleware/ShareErrorsFromSession.php(49): Illuminate\\Pipeline\\Pipeline->Illuminate\\Pipeline\\{closure}(Object(Illuminate\\Http\\Request))
#26 /Users/aleksandr/projects/btf/vendor/laravel/framework/src/Illuminate/Pipeline/Pipeline.php(209): Illuminate\\View\\Middleware\\ShareErrorsFromSession->handle(Object(Illuminate\\Http\\Request), Object(Closure))
#27 /Users/aleksandr/projects/btf/vendor/laravel/framework/src/Illuminate/Session/Middleware/StartSession.php(121): Illuminate\\Pipeline\\Pipeline->Illuminate\\Pipeline\\{closure}(Object(Illuminate\\Http\\Request))
#28 /Users/aleksandr/projects/btf/vendor/laravel/framework/src/Illuminate/Session/Middleware/StartSession.php(64): Illuminate\\Session\\Middleware\\StartSession->handleStatefulRequest(Object(Illuminate\\Http\\Request), Object(Illuminate\\Session\\Store), Object(Closure))
#29 /Users/aleksandr/projects/btf/vendor/laravel/framework/src/Illuminate/Pipeline/Pipeline.php(209): Illuminate\\Session\\Middleware\\StartSession->handle(Object(Illuminate\\Http\\Request), Object(Closure))
#30 /Users/aleksandr/projects/btf/vendor/laravel/framework/src/Illuminate/Cookie/Middleware/AddQueuedCookiesToResponse.php(37): Illuminate\\Pipeline\\Pipeline->Illuminate\\Pipeline\\{closure}(Object(Illuminate\\Http\\Request))
#31 /Users/aleksandr/projects/btf/vendor/laravel/framework/src/Illuminate/Pipeline/Pipeline.php(209): Illuminate\\Cookie\\Middleware\\AddQueuedCookiesToResponse->handle(Object(Illuminate\\Http\\Request), Object(Closure))
#32 /Users/aleksandr/projects/btf/vendor/laravel/framework/src/Illuminate/Cookie/Middleware/EncryptCookies.php(75): Illuminate\\Pipeline\\Pipeline->Illuminate\\Pipeline\\{closure}(Object(Illuminate\\Http\\Request))
#33 /Users/aleksandr/projects/btf/vendor/laravel/framework/src/Illuminate/Pipeline/Pipeline.php(209): Illuminate\\Cookie\\Middleware\\EncryptCookies->handle(Object(Illuminate\\Http\\Request), Object(Closure))
#34 /Users/aleksandr/projects/btf/vendor/laravel/framework/src/Illuminate/Pipeline/Pipeline.php(127): Illuminate\\Pipeline\\Pipeline->Illuminate\\Pipeline\\{closure}(Object(Illuminate\\Http\\Request))
#35 /Users/aleksandr/projects/btf/vendor/laravel/framework/src/Illuminate/Routing/Router.php(807): Illuminate\\Pipeline\\Pipeline->then(Object(Closure))
#36 /Users/aleksandr/projects/btf/vendor/laravel/framework/src/Illuminate/Routing/Router.php(786): Illuminate\\Routing\\Router->runRouteWithinStack(Object(Illuminate\\Routing\\Route), Object(Illuminate\\Http\\Request))
#37 /Users/aleksandr/projects/btf/vendor/laravel/framework/src/Illuminate/Routing/Router.php(750): Illuminate\\Routing\\Router->runRoute(Object(Illuminate\\Http\\Request), Object(Illuminate\\Routing\\Route))
#38 /Users/aleksandr/projects/btf/vendor/laravel/framework/src/Illuminate/Routing/Router.php(739): Illuminate\\Routing\\Router->dispatchToRoute(Object(Illuminate\\Http\\Request))
#39 /Users/aleksandr/projects/btf/vendor/laravel/framework/src/Illuminate/Foundation/Http/Kernel.php(201): Illuminate\\Routing\\Router->dispatch(Object(Illuminate\\Http\\Request))
#40 /Users/aleksandr/projects/btf/vendor/laravel/framework/src/Illuminate/Pipeline/Pipeline.php(170): Illuminate\\Foundation\\Http\\Kernel->Illuminate\\Foundation\\Http\\{closure}(Object(Illuminate\\Http\\Request))
#41 /Users/aleksandr/projects/btf/vendor/barryvdh/laravel-debugbar/src/Middleware/InjectDebugbar.php(66): Illuminate\\Pipeline\\Pipeline->Illuminate\\Pipeline\\{closure}(Object(Illuminate\\Http\\Request))
#42 /Users/aleksandr/projects/btf/vendor/laravel/framework/src/Illuminate/Pipeline/Pipeline.php(209): Barryvdh\\Debugbar\\Middleware\\InjectDebugbar->handle(Object(Illuminate\\Http\\Request), Object(Closure))
#43 /Users/aleksandr/projects/btf/vendor/laravel/framework/src/Illuminate/Foundation/Http/Middleware/TransformsRequest.php(21): Illuminate\\Pipeline\\Pipeline->Illuminate\\Pipeline\\{closure}(Object(Illuminate\\Http\\Request))
#44 /Users/aleksandr/projects/btf/vendor/laravel/framework/src/Illuminate/Foundation/Http/Middleware/ConvertEmptyStringsToNull.php(31): Illuminate\\Foundation\\Http\\Middleware\\TransformsRequest->handle(Object(Illuminate\\Http\\Request), Object(Closure))
#45 /Users/aleksandr/projects/btf/vendor/laravel/framework/src/Illuminate/Pipeline/Pipeline.php(209): Illuminate\\Foundation\\Http\\Middleware\\ConvertEmptyStringsToNull->handle(Object(Illuminate\\Http\\Request), Object(Closure))
#46 /Users/aleksandr/projects/btf/vendor/laravel/framework/src/Illuminate/Foundation/Http/Middleware/TransformsRequest.php(21): Illuminate\\Pipeline\\Pipeline->Illuminate\\Pipeline\\{closure}(Object(Illuminate\\Http\\Request))
#47 /Users/aleksandr/projects/btf/vendor/laravel/framework/src/Illuminate/Foundation/Http/Middleware/TrimStrings.php(51): Illuminate\\Foundation\\Http\\Middleware\\TransformsRequest->handle(Object(Illuminate\\Http\\Request), Object(Closure))
#48 /Users/aleksandr/projects/btf/vendor/laravel/framework/src/Illuminate/Pipeline/Pipeline.php(209): Illuminate\\Foundation\\Http\\Middleware\\TrimStrings->handle(Object(Illuminate\\Http\\Request), Object(Closure))
#49 /Users/aleksandr/projects/btf/vendor/laravel/framework/src/Illuminate/Http/Middleware/ValidatePostSize.php(27): Illuminate\\Pipeline\\Pipeline->Illuminate\\Pipeline\\{closure}(Object(Illuminate\\Http\\Request))
#50 /Users/aleksandr/projects/btf/vendor/laravel/framework/src/Illuminate/Pipeline/Pipeline.php(209): Illuminate\\Http\\Middleware\\ValidatePostSize->handle(Object(Illuminate\\Http\\Request), Object(Closure))
#51 /Users/aleksandr/projects/btf/vendor/laravel/framework/src/Illuminate/Foundation/Http/Middleware/PreventRequestsDuringMaintenance.php(110): Illuminate\\Pipeline\\Pipeline->Illuminate\\Pipeline\\{closure}(Object(Illuminate\\Http\\Request))
#52 /Users/aleksandr/projects/btf/vendor/laravel/framework/src/Illuminate/Pipeline/Pipeline.php(209): Illuminate\\Foundation\\Http\\Middleware\\PreventRequestsDuringMaintenance->handle(Object(Illuminate\\Http\\Request), Object(Closure))
#53 /Users/aleksandr/projects/btf/vendor/laravel/framework/src/Illuminate/Http/Middleware/HandleCors.php(62): Illuminate\\Pipeline\\Pipeline->Illuminate\\Pipeline\\{closure}(Object(Illuminate\\Http\\Request))
#54 /Users/aleksandr/projects/btf/vendor/laravel/framework/src/Illuminate/Pipeline/Pipeline.php(209): Illuminate\\Http\\Middleware\\HandleCors->handle(Object(Illuminate\\Http\\Request), Object(Closure))
#55 /Users/aleksandr/projects/btf/vendor/laravel/framework/src/Illuminate/Http/Middleware/TrustProxies.php(58): Illuminate\\Pipeline\\Pipeline->Illuminate\\Pipeline\\{closure}(Object(Illuminate\\Http\\Request))
#56 /Users/aleksandr/projects/btf/vendor/laravel/framework/src/Illuminate/Pipeline/Pipeline.php(209): Illuminate\\Http\\Middleware\\TrustProxies->handle(Object(Illuminate\\Http\\Request), Object(Closure))
#57 /Users/aleksandr/projects/btf/vendor/laravel/framework/src/Illuminate/Pipeline/Pipeline.php(127): Illuminate\\Pipeline\\Pipeline->Illuminate\\Pipeline\\{closure}(Object(Illuminate\\Http\\Request))
#58 /Users/aleksandr/projects/btf/vendor/laravel/framework/src/Illuminate/Foundation/Http/Kernel.php(176): Illuminate\\Pipeline\\Pipeline->then(Object(Closure))
#59 /Users/aleksandr/projects/btf/vendor/laravel/framework/src/Illuminate/Foundation/Http/Kernel.php(145): Illuminate\\Foundation\\Http\\Kernel->sendRequestThroughRouter(Object(Illuminate\\Http\\Request))
#60 /Users/aleksandr/projects/btf/public/index.php(50): Illuminate\\Foundation\\Http\\Kernel->handle(Object(Illuminate\\Http\\Request))
#61 /Users/aleksandr/projects/btf/vendor/laravel/framework/src/Illuminate/Foundation/resources/server.php(23): require_once('/Users/aleksand...')
#62 {main}
"} 
[2025-05-01 10:01:36] production.ERROR: include(/Users/aleksandr/projects/btf/vendor/composer/../../app/Models/Role.php): Failed to open stream: No such file or directory {"userId":1,"exception":"[object] (ErrorException(code: 0): include(/Users/aleksandr/projects/btf/vendor/composer/../../app/Models/Role.php): Failed to open stream: No such file or directory at /Users/aleksandr/projects/btf/vendor/composer/ClassLoader.php:576)
[stacktrace]
#0 /Users/aleksandr/projects/btf/vendor/laravel/framework/src/Illuminate/Foundation/Bootstrap/HandleExceptions.php(256): Illuminate\\Foundation\\Bootstrap\\HandleExceptions->handleError(2, 'include(/Users/...', '/Users/aleksand...', 576)
#1 /Users/aleksandr/projects/btf/vendor/composer/ClassLoader.php(576): Illuminate\\Foundation\\Bootstrap\\HandleExceptions->Illuminate\\Foundation\\Bootstrap\\{closure}(2, 'include(/Users/...', '/Users/aleksand...', 576)
#2 /Users/aleksandr/projects/btf/vendor/composer/ClassLoader.php(576): include('/Users/aleksand...')
#3 /Users/aleksandr/projects/btf/vendor/composer/ClassLoader.php(427): Composer\\Autoload\\{closure}('/Users/aleksand...')
#4 /Users/aleksandr/projects/btf/vendor/laravel/framework/src/Illuminate/Database/Eloquent/Concerns/HasRelationships.php(859): Composer\\Autoload\\ClassLoader->loadClass('App\\\\Models\\\\Role')
#5 /Users/aleksandr/projects/btf/vendor/laravel/framework/src/Illuminate/Database/Eloquent/Concerns/HasRelationships.php(578): Illuminate\\Database\\Eloquent\\Model->newRelatedInstance('App\\\\Models\\\\Role')
#6 /Users/aleksandr/projects/btf/app/Models/User.php(105): Illuminate\\Database\\Eloquent\\Model->belongsToMany('App\\\\Models\\\\Role')
#7 /Users/aleksandr/projects/btf/vendor/laravel/framework/src/Illuminate/Database/Eloquent/Builder.php(876): App\\Models\\User->roles()
#8 /Users/aleksandr/projects/btf/vendor/laravel/framework/src/Illuminate/Database/Eloquent/Relations/Relation.php(120): Illuminate\\Database\\Eloquent\\Builder->Illuminate\\Database\\Eloquent\\{closure}()
#9 /Users/aleksandr/projects/btf/vendor/laravel/framework/src/Illuminate/Database/Eloquent/Builder.php(874): Illuminate\\Database\\Eloquent\\Relations\\Relation::noConstraints(Object(Closure))
#10 /Users/aleksandr/projects/btf/vendor/laravel/framework/src/Illuminate/Database/Eloquent/Builder.php(848): Illuminate\\Database\\Eloquent\\Builder->getRelation('roles')
#11 /Users/aleksandr/projects/btf/vendor/laravel/framework/src/Illuminate/Database/Eloquent/Builder.php(828): Illuminate\\Database\\Eloquent\\Builder->eagerLoadRelation(Array, 'roles', Object(Closure))
#12 /Users/aleksandr/projects/btf/vendor/laravel/framework/src/Illuminate/Database/Eloquent/Builder.php(794): Illuminate\\Database\\Eloquent\\Builder->eagerLoadRelations(Array)
#13 /Users/aleksandr/projects/btf/vendor/laravel/framework/src/Illuminate/Database/Eloquent/Builder.php(1034): Illuminate\\Database\\Eloquent\\Builder->get(Array)
#14 /Users/aleksandr/projects/btf/app/Http/Controllers/Backend/UsersController.php(55): Illuminate\\Database\\Eloquent\\Builder->paginate(10)
#15 /Users/aleksandr/projects/btf/vendor/laravel/framework/src/Illuminate/Routing/Controller.php(54): App\\Http\\Controllers\\Backend\\UsersController->index(Object(Illuminate\\Http\\Request))
#16 /Users/aleksandr/projects/btf/vendor/laravel/framework/src/Illuminate/Routing/ControllerDispatcher.php(44): Illuminate\\Routing\\Controller->callAction('index', Array)
#17 /Users/aleksandr/projects/btf/vendor/laravel/framework/src/Illuminate/Routing/Route.php(266): Illuminate\\Routing\\ControllerDispatcher->dispatch(Object(Illuminate\\Routing\\Route), Object(App\\Http\\Controllers\\Backend\\UsersController), 'index')
#18 /Users/aleksandr/projects/btf/vendor/laravel/framework/src/Illuminate/Routing/Route.php(212): Illuminate\\Routing\\Route->runController()
#19 /Users/aleksandr/projects/btf/vendor/laravel/framework/src/Illuminate/Routing/Router.php(808): Illuminate\\Routing\\Route->run()
#20 /Users/aleksandr/projects/btf/vendor/laravel/framework/src/Illuminate/Pipeline/Pipeline.php(170): Illuminate\\Routing\\Router->Illuminate\\Routing\\{closure}(Object(Illuminate\\Http\\Request))
#21 /Users/aleksandr/projects/btf/app/Http/Middleware/AdminCheck.php(15): Illuminate\\Pipeline\\Pipeline->Illuminate\\Pipeline\\{closure}(Object(Illuminate\\Http\\Request))
#22 /Users/aleksandr/projects/btf/vendor/laravel/framework/src/Illuminate/Pipeline/Pipeline.php(209): App\\Http\\Middleware\\AdminCheck->handle(Object(Illuminate\\Http\\Request), Object(Closure))
#23 /Users/aleksandr/projects/btf/vendor/barryvdh/laravel-debugbar/src/Middleware/InjectDebugbar.php(66): Illuminate\\Pipeline\\Pipeline->Illuminate\\Pipeline\\{closure}(Object(Illuminate\\Http\\Request))
#24 /Users/aleksandr/projects/btf/vendor/laravel/framework/src/Illuminate/Pipeline/Pipeline.php(209): Barryvdh\\Debugbar\\Middleware\\InjectDebugbar->handle(Object(Illuminate\\Http\\Request), Object(Closure))
#25 /Users/aleksandr/projects/btf/app/Http/Middleware/UserActivity.php(20): Illuminate\\Pipeline\\Pipeline->Illuminate\\Pipeline\\{closure}(Object(Illuminate\\Http\\Request))
#26 /Users/aleksandr/projects/btf/vendor/laravel/framework/src/Illuminate/Pipeline/Pipeline.php(209): App\\Http\\Middleware\\UserActivity->handle(Object(Illuminate\\Http\\Request), Object(Closure))
#27 /Users/aleksandr/projects/btf/app/Http/Middleware/SetLocale.php(51): Illuminate\\Pipeline\\Pipeline->Illuminate\\Pipeline\\{closure}(Object(Illuminate\\Http\\Request))
#28 /Users/aleksandr/projects/btf/vendor/laravel/framework/src/Illuminate/Pipeline/Pipeline.php(209): App\\Http\\Middleware\\SetLocale->handle(Object(Illuminate\\Http\\Request), Object(Closure))
#29 /Users/aleksandr/projects/btf/vendor/erlandmuchasaj/laravel-gzip/src/Middleware/GzipEncodeResponse.php(19): Illuminate\\Pipeline\\Pipeline->Illuminate\\Pipeline\\{closure}(Object(Illuminate\\Http\\Request))
#30 /Users/aleksandr/projects/btf/vendor/laravel/framework/src/Illuminate/Pipeline/Pipeline.php(209): ErlandMuchasaj\\LaravelGzip\\Middleware\\GzipEncodeResponse->handle(Object(Illuminate\\Http\\Request), Object(Closure))
#31 /Users/aleksandr/projects/btf/vendor/laravel/framework/src/Illuminate/Routing/Middleware/SubstituteBindings.php(51): Illuminate\\Pipeline\\Pipeline->Illuminate\\Pipeline\\{closure}(Object(Illuminate\\Http\\Request))
#32 /Users/aleksandr/projects/btf/vendor/laravel/framework/src/Illuminate/Pipeline/Pipeline.php(209): Illuminate\\Routing\\Middleware\\SubstituteBindings->handle(Object(Illuminate\\Http\\Request), Object(Closure))
#33 /Users/aleksandr/projects/btf/vendor/laravel/framework/src/Illuminate/Auth/Middleware/Authenticate.php(64): Illuminate\\Pipeline\\Pipeline->Illuminate\\Pipeline\\{closure}(Object(Illuminate\\Http\\Request))
#34 /Users/aleksandr/projects/btf/vendor/laravel/framework/src/Illuminate/Pipeline/Pipeline.php(209): Illuminate\\Auth\\Middleware\\Authenticate->handle(Object(Illuminate\\Http\\Request), Object(Closure))
#35 /Users/aleksandr/projects/btf/vendor/laravel/framework/src/Illuminate/Foundation/Http/Middleware/VerifyCsrfToken.php(88): Illuminate\\Pipeline\\Pipeline->Illuminate\\Pipeline\\{closure}(Object(Illuminate\\Http\\Request))
#36 /Users/aleksandr/projects/btf/vendor/laravel/framework/src/Illuminate/Pipeline/Pipeline.php(209): Illuminate\\Foundation\\Http\\Middleware\\VerifyCsrfToken->handle(Object(Illuminate\\Http\\Request), Object(Closure))
#37 /Users/aleksandr/projects/btf/vendor/laravel/framework/src/Illuminate/View/Middleware/ShareErrorsFromSession.php(49): Illuminate\\Pipeline\\Pipeline->Illuminate\\Pipeline\\{closure}(Object(Illuminate\\Http\\Request))
#38 /Users/aleksandr/projects/btf/vendor/laravel/framework/src/Illuminate/Pipeline/Pipeline.php(209): Illuminate\\View\\Middleware\\ShareErrorsFromSession->handle(Object(Illuminate\\Http\\Request), Object(Closure))
#39 /Users/aleksandr/projects/btf/vendor/laravel/framework/src/Illuminate/Session/Middleware/StartSession.php(121): Illuminate\\Pipeline\\Pipeline->Illuminate\\Pipeline\\{closure}(Object(Illuminate\\Http\\Request))
#40 /Users/aleksandr/projects/btf/vendor/laravel/framework/src/Illuminate/Session/Middleware/StartSession.php(64): Illuminate\\Session\\Middleware\\StartSession->handleStatefulRequest(Object(Illuminate\\Http\\Request), Object(Illuminate\\Session\\Store), Object(Closure))
#41 /Users/aleksandr/projects/btf/vendor/laravel/framework/src/Illuminate/Pipeline/Pipeline.php(209): Illuminate\\Session\\Middleware\\StartSession->handle(Object(Illuminate\\Http\\Request), Object(Closure))
#42 /Users/aleksandr/projects/btf/vendor/laravel/framework/src/Illuminate/Cookie/Middleware/AddQueuedCookiesToResponse.php(37): Illuminate\\Pipeline\\Pipeline->Illuminate\\Pipeline\\{closure}(Object(Illuminate\\Http\\Request))
#43 /Users/aleksandr/projects/btf/vendor/laravel/framework/src/Illuminate/Pipeline/Pipeline.php(209): Illuminate\\Cookie\\Middleware\\AddQueuedCookiesToResponse->handle(Object(Illuminate\\Http\\Request), Object(Closure))
#44 /Users/aleksandr/projects/btf/vendor/laravel/framework/src/Illuminate/Cookie/Middleware/EncryptCookies.php(75): Illuminate\\Pipeline\\Pipeline->Illuminate\\Pipeline\\{closure}(Object(Illuminate\\Http\\Request))
#45 /Users/aleksandr/projects/btf/vendor/laravel/framework/src/Illuminate/Pipeline/Pipeline.php(209): Illuminate\\Cookie\\Middleware\\EncryptCookies->handle(Object(Illuminate\\Http\\Request), Object(Closure))
#46 /Users/aleksandr/projects/btf/vendor/laravel/framework/src/Illuminate/Pipeline/Pipeline.php(127): Illuminate\\Pipeline\\Pipeline->Illuminate\\Pipeline\\{closure}(Object(Illuminate\\Http\\Request))
#47 /Users/aleksandr/projects/btf/vendor/laravel/framework/src/Illuminate/Routing/Router.php(807): Illuminate\\Pipeline\\Pipeline->then(Object(Closure))
#48 /Users/aleksandr/projects/btf/vendor/laravel/framework/src/Illuminate/Routing/Router.php(786): Illuminate\\Routing\\Router->runRouteWithinStack(Object(Illuminate\\Routing\\Route), Object(Illuminate\\Http\\Request))
#49 /Users/aleksandr/projects/btf/vendor/laravel/framework/src/Illuminate/Routing/Router.php(750): Illuminate\\Routing\\Router->runRoute(Object(Illuminate\\Http\\Request), Object(Illuminate\\Routing\\Route))
#50 /Users/aleksandr/projects/btf/vendor/laravel/framework/src/Illuminate/Routing/Router.php(739): Illuminate\\Routing\\Router->dispatchToRoute(Object(Illuminate\\Http\\Request))
#51 /Users/aleksandr/projects/btf/vendor/laravel/framework/src/Illuminate/Foundation/Http/Kernel.php(201): Illuminate\\Routing\\Router->dispatch(Object(Illuminate\\Http\\Request))
#52 /Users/aleksandr/projects/btf/vendor/laravel/framework/src/Illuminate/Pipeline/Pipeline.php(170): Illuminate\\Foundation\\Http\\Kernel->Illuminate\\Foundation\\Http\\{closure}(Object(Illuminate\\Http\\Request))
#53 /Users/aleksandr/projects/btf/vendor/barryvdh/laravel-debugbar/src/Middleware/InjectDebugbar.php(66): Illuminate\\Pipeline\\Pipeline->Illuminate\\Pipeline\\{closure}(Object(Illuminate\\Http\\Request))
#54 /Users/aleksandr/projects/btf/vendor/laravel/framework/src/Illuminate/Pipeline/Pipeline.php(209): Barryvdh\\Debugbar\\Middleware\\InjectDebugbar->handle(Object(Illuminate\\Http\\Request), Object(Closure))
#55 /Users/aleksandr/projects/btf/vendor/laravel/framework/src/Illuminate/Foundation/Http/Middleware/TransformsRequest.php(21): Illuminate\\Pipeline\\Pipeline->Illuminate\\Pipeline\\{closure}(Object(Illuminate\\Http\\Request))
#56 /Users/aleksandr/projects/btf/vendor/laravel/framework/src/Illuminate/Foundation/Http/Middleware/ConvertEmptyStringsToNull.php(31): Illuminate\\Foundation\\Http\\Middleware\\TransformsRequest->handle(Object(Illuminate\\Http\\Request), Object(Closure))
#57 /Users/aleksandr/projects/btf/vendor/laravel/framework/src/Illuminate/Pipeline/Pipeline.php(209): Illuminate\\Foundation\\Http\\Middleware\\ConvertEmptyStringsToNull->handle(Object(Illuminate\\Http\\Request), Object(Closure))
#58 /Users/aleksandr/projects/btf/vendor/laravel/framework/src/Illuminate/Foundation/Http/Middleware/TransformsRequest.php(21): Illuminate\\Pipeline\\Pipeline->Illuminate\\Pipeline\\{closure}(Object(Illuminate\\Http\\Request))
#59 /Users/aleksandr/projects/btf/vendor/laravel/framework/src/Illuminate/Foundation/Http/Middleware/TrimStrings.php(51): Illuminate\\Foundation\\Http\\Middleware\\TransformsRequest->handle(Object(Illuminate\\Http\\Request), Object(Closure))
#60 /Users/aleksandr/projects/btf/vendor/laravel/framework/src/Illuminate/Pipeline/Pipeline.php(209): Illuminate\\Foundation\\Http\\Middleware\\TrimStrings->handle(Object(Illuminate\\Http\\Request), Object(Closure))
#61 /Users/aleksandr/projects/btf/vendor/laravel/framework/src/Illuminate/Http/Middleware/ValidatePostSize.php(27): Illuminate\\Pipeline\\Pipeline->Illuminate\\Pipeline\\{closure}(Object(Illuminate\\Http\\Request))
#62 /Users/aleksandr/projects/btf/vendor/laravel/framework/src/Illuminate/Pipeline/Pipeline.php(209): Illuminate\\Http\\Middleware\\ValidatePostSize->handle(Object(Illuminate\\Http\\Request), Object(Closure))
#63 /Users/aleksandr/projects/btf/vendor/laravel/framework/src/Illuminate/Foundation/Http/Middleware/PreventRequestsDuringMaintenance.php(110): Illuminate\\Pipeline\\Pipeline->Illuminate\\Pipeline\\{closure}(Object(Illuminate\\Http\\Request))
#64 /Users/aleksandr/projects/btf/vendor/laravel/framework/src/Illuminate/Pipeline/Pipeline.php(209): Illuminate\\Foundation\\Http\\Middleware\\PreventRequestsDuringMaintenance->handle(Object(Illuminate\\Http\\Request), Object(Closure))
#65 /Users/aleksandr/projects/btf/vendor/laravel/framework/src/Illuminate/Http/Middleware/HandleCors.php(62): Illuminate\\Pipeline\\Pipeline->Illuminate\\Pipeline\\{closure}(Object(Illuminate\\Http\\Request))
#66 /Users/aleksandr/projects/btf/vendor/laravel/framework/src/Illuminate/Pipeline/Pipeline.php(209): Illuminate\\Http\\Middleware\\HandleCors->handle(Object(Illuminate\\Http\\Request), Object(Closure))
#67 /Users/aleksandr/projects/btf/vendor/laravel/framework/src/Illuminate/Http/Middleware/TrustProxies.php(58): Illuminate\\Pipeline\\Pipeline->Illuminate\\Pipeline\\{closure}(Object(Illuminate\\Http\\Request))
#68 /Users/aleksandr/projects/btf/vendor/laravel/framework/src/Illuminate/Pipeline/Pipeline.php(209): Illuminate\\Http\\Middleware\\TrustProxies->handle(Object(Illuminate\\Http\\Request), Object(Closure))
#69 /Users/aleksandr/projects/btf/vendor/laravel/framework/src/Illuminate/Pipeline/Pipeline.php(127): Illuminate\\Pipeline\\Pipeline->Illuminate\\Pipeline\\{closure}(Object(Illuminate\\Http\\Request))
#70 /Users/aleksandr/projects/btf/vendor/laravel/framework/src/Illuminate/Foundation/Http/Kernel.php(176): Illuminate\\Pipeline\\Pipeline->then(Object(Closure))
#71 /Users/aleksandr/projects/btf/vendor/laravel/framework/src/Illuminate/Foundation/Http/Kernel.php(145): Illuminate\\Foundation\\Http\\Kernel->sendRequestThroughRouter(Object(Illuminate\\Http\\Request))
#72 /Users/aleksandr/projects/btf/public/index.php(50): Illuminate\\Foundation\\Http\\Kernel->handle(Object(Illuminate\\Http\\Request))
#73 /Users/aleksandr/projects/btf/vendor/laravel/framework/src/Illuminate/Foundation/resources/server.php(23): require_once('/Users/aleksand...')
#74 {main}
"} 
[2025-05-01 10:02:51] production.ERROR: Cannot instantiate trait Spatie\Permission\Traits\HasRoles {"userId":1,"exception":"[object] (Error(code: 0): Cannot instantiate trait Spatie\\Permission\\Traits\\HasRoles at /Users/aleksandr/projects/btf/vendor/laravel/framework/src/Illuminate/Database/Eloquent/Concerns/HasRelationships.php:859)
[stacktrace]
#0 /Users/aleksandr/projects/btf/vendor/laravel/framework/src/Illuminate/Database/Eloquent/Concerns/HasRelationships.php(578): Illuminate\\Database\\Eloquent\\Model->newRelatedInstance('Spatie\\\\Permissi...')
#1 /Users/aleksandr/projects/btf/app/Models/User.php(105): Illuminate\\Database\\Eloquent\\Model->belongsToMany('Spatie\\\\Permissi...', 'role_user', 'user_id', 'role_id')
#2 /Users/aleksandr/projects/btf/vendor/laravel/framework/src/Illuminate/Database/Eloquent/Builder.php(876): App\\Models\\User->roles()
#3 /Users/aleksandr/projects/btf/vendor/laravel/framework/src/Illuminate/Database/Eloquent/Relations/Relation.php(120): Illuminate\\Database\\Eloquent\\Builder->Illuminate\\Database\\Eloquent\\{closure}()
#4 /Users/aleksandr/projects/btf/vendor/laravel/framework/src/Illuminate/Database/Eloquent/Builder.php(874): Illuminate\\Database\\Eloquent\\Relations\\Relation::noConstraints(Object(Closure))
#5 /Users/aleksandr/projects/btf/vendor/laravel/framework/src/Illuminate/Database/Eloquent/Builder.php(848): Illuminate\\Database\\Eloquent\\Builder->getRelation('roles')
#6 /Users/aleksandr/projects/btf/vendor/laravel/framework/src/Illuminate/Database/Eloquent/Builder.php(828): Illuminate\\Database\\Eloquent\\Builder->eagerLoadRelation(Array, 'roles', Object(Closure))
#7 /Users/aleksandr/projects/btf/vendor/laravel/framework/src/Illuminate/Database/Eloquent/Builder.php(794): Illuminate\\Database\\Eloquent\\Builder->eagerLoadRelations(Array)
#8 /Users/aleksandr/projects/btf/vendor/laravel/framework/src/Illuminate/Database/Eloquent/Builder.php(1034): Illuminate\\Database\\Eloquent\\Builder->get(Array)
#9 /Users/aleksandr/projects/btf/app/Http/Controllers/Backend/UsersController.php(55): Illuminate\\Database\\Eloquent\\Builder->paginate(10)
#10 /Users/aleksandr/projects/btf/vendor/laravel/framework/src/Illuminate/Routing/Controller.php(54): App\\Http\\Controllers\\Backend\\UsersController->index(Object(Illuminate\\Http\\Request))
#11 /Users/aleksandr/projects/btf/vendor/laravel/framework/src/Illuminate/Routing/ControllerDispatcher.php(44): Illuminate\\Routing\\Controller->callAction('index', Array)
#12 /Users/aleksandr/projects/btf/vendor/laravel/framework/src/Illuminate/Routing/Route.php(266): Illuminate\\Routing\\ControllerDispatcher->dispatch(Object(Illuminate\\Routing\\Route), Object(App\\Http\\Controllers\\Backend\\UsersController), 'index')
#13 /Users/aleksandr/projects/btf/vendor/laravel/framework/src/Illuminate/Routing/Route.php(212): Illuminate\\Routing\\Route->runController()
#14 /Users/aleksandr/projects/btf/vendor/laravel/framework/src/Illuminate/Routing/Router.php(808): Illuminate\\Routing\\Route->run()
#15 /Users/aleksandr/projects/btf/vendor/laravel/framework/src/Illuminate/Pipeline/Pipeline.php(170): Illuminate\\Routing\\Router->Illuminate\\Routing\\{closure}(Object(Illuminate\\Http\\Request))
#16 /Users/aleksandr/projects/btf/app/Http/Middleware/AdminCheck.php(15): Illuminate\\Pipeline\\Pipeline->Illuminate\\Pipeline\\{closure}(Object(Illuminate\\Http\\Request))
#17 /Users/aleksandr/projects/btf/vendor/laravel/framework/src/Illuminate/Pipeline/Pipeline.php(209): App\\Http\\Middleware\\AdminCheck->handle(Object(Illuminate\\Http\\Request), Object(Closure))
#18 /Users/aleksandr/projects/btf/vendor/barryvdh/laravel-debugbar/src/Middleware/InjectDebugbar.php(66): Illuminate\\Pipeline\\Pipeline->Illuminate\\Pipeline\\{closure}(Object(Illuminate\\Http\\Request))
#19 /Users/aleksandr/projects/btf/vendor/laravel/framework/src/Illuminate/Pipeline/Pipeline.php(209): Barryvdh\\Debugbar\\Middleware\\InjectDebugbar->handle(Object(Illuminate\\Http\\Request), Object(Closure))
#20 /Users/aleksandr/projects/btf/app/Http/Middleware/UserActivity.php(20): Illuminate\\Pipeline\\Pipeline->Illuminate\\Pipeline\\{closure}(Object(Illuminate\\Http\\Request))
#21 /Users/aleksandr/projects/btf/vendor/laravel/framework/src/Illuminate/Pipeline/Pipeline.php(209): App\\Http\\Middleware\\UserActivity->handle(Object(Illuminate\\Http\\Request), Object(Closure))
#22 /Users/aleksandr/projects/btf/app/Http/Middleware/SetLocale.php(51): Illuminate\\Pipeline\\Pipeline->Illuminate\\Pipeline\\{closure}(Object(Illuminate\\Http\\Request))
#23 /Users/aleksandr/projects/btf/vendor/laravel/framework/src/Illuminate/Pipeline/Pipeline.php(209): App\\Http\\Middleware\\SetLocale->handle(Object(Illuminate\\Http\\Request), Object(Closure))
#24 /Users/aleksandr/projects/btf/vendor/erlandmuchasaj/laravel-gzip/src/Middleware/GzipEncodeResponse.php(19): Illuminate\\Pipeline\\Pipeline->Illuminate\\Pipeline\\{closure}(Object(Illuminate\\Http\\Request))
#25 /Users/aleksandr/projects/btf/vendor/laravel/framework/src/Illuminate/Pipeline/Pipeline.php(209): ErlandMuchasaj\\LaravelGzip\\Middleware\\GzipEncodeResponse->handle(Object(Illuminate\\Http\\Request), Object(Closure))
#26 /Users/aleksandr/projects/btf/vendor/laravel/framework/src/Illuminate/Routing/Middleware/SubstituteBindings.php(51): Illuminate\\Pipeline\\Pipeline->Illuminate\\Pipeline\\{closure}(Object(Illuminate\\Http\\Request))
#27 /Users/aleksandr/projects/btf/vendor/laravel/framework/src/Illuminate/Pipeline/Pipeline.php(209): Illuminate\\Routing\\Middleware\\SubstituteBindings->handle(Object(Illuminate\\Http\\Request), Object(Closure))
#28 /Users/aleksandr/projects/btf/vendor/laravel/framework/src/Illuminate/Auth/Middleware/Authenticate.php(64): Illuminate\\Pipeline\\Pipeline->Illuminate\\Pipeline\\{closure}(Object(Illuminate\\Http\\Request))
#29 /Users/aleksandr/projects/btf/vendor/laravel/framework/src/Illuminate/Pipeline/Pipeline.php(209): Illuminate\\Auth\\Middleware\\Authenticate->handle(Object(Illuminate\\Http\\Request), Object(Closure))
#30 /Users/aleksandr/projects/btf/vendor/laravel/framework/src/Illuminate/Foundation/Http/Middleware/VerifyCsrfToken.php(88): Illuminate\\Pipeline\\Pipeline->Illuminate\\Pipeline\\{closure}(Object(Illuminate\\Http\\Request))
#31 /Users/aleksandr/projects/btf/vendor/laravel/framework/src/Illuminate/Pipeline/Pipeline.php(209): Illuminate\\Foundation\\Http\\Middleware\\VerifyCsrfToken->handle(Object(Illuminate\\Http\\Request), Object(Closure))
#32 /Users/aleksandr/projects/btf/vendor/laravel/framework/src/Illuminate/View/Middleware/ShareErrorsFromSession.php(49): Illuminate\\Pipeline\\Pipeline->Illuminate\\Pipeline\\{closure}(Object(Illuminate\\Http\\Request))
#33 /Users/aleksandr/projects/btf/vendor/laravel/framework/src/Illuminate/Pipeline/Pipeline.php(209): Illuminate\\View\\Middleware\\ShareErrorsFromSession->handle(Object(Illuminate\\Http\\Request), Object(Closure))
#34 /Users/aleksandr/projects/btf/vendor/laravel/framework/src/Illuminate/Session/Middleware/StartSession.php(121): Illuminate\\Pipeline\\Pipeline->Illuminate\\Pipeline\\{closure}(Object(Illuminate\\Http\\Request))
#35 /Users/aleksandr/projects/btf/vendor/laravel/framework/src/Illuminate/Session/Middleware/StartSession.php(64): Illuminate\\Session\\Middleware\\StartSession->handleStatefulRequest(Object(Illuminate\\Http\\Request), Object(Illuminate\\Session\\Store), Object(Closure))
#36 /Users/aleksandr/projects/btf/vendor/laravel/framework/src/Illuminate/Pipeline/Pipeline.php(209): Illuminate\\Session\\Middleware\\StartSession->handle(Object(Illuminate\\Http\\Request), Object(Closure))
#37 /Users/aleksandr/projects/btf/vendor/laravel/framework/src/Illuminate/Cookie/Middleware/AddQueuedCookiesToResponse.php(37): Illuminate\\Pipeline\\Pipeline->Illuminate\\Pipeline\\{closure}(Object(Illuminate\\Http\\Request))
#38 /Users/aleksandr/projects/btf/vendor/laravel/framework/src/Illuminate/Pipeline/Pipeline.php(209): Illuminate\\Cookie\\Middleware\\AddQueuedCookiesToResponse->handle(Object(Illuminate\\Http\\Request), Object(Closure))
#39 /Users/aleksandr/projects/btf/vendor/laravel/framework/src/Illuminate/Cookie/Middleware/EncryptCookies.php(75): Illuminate\\Pipeline\\Pipeline->Illuminate\\Pipeline\\{closure}(Object(Illuminate\\Http\\Request))
#40 /Users/aleksandr/projects/btf/vendor/laravel/framework/src/Illuminate/Pipeline/Pipeline.php(209): Illuminate\\Cookie\\Middleware\\EncryptCookies->handle(Object(Illuminate\\Http\\Request), Object(Closure))
#41 /Users/aleksandr/projects/btf/vendor/laravel/framework/src/Illuminate/Pipeline/Pipeline.php(127): Illuminate\\Pipeline\\Pipeline->Illuminate\\Pipeline\\{closure}(Object(Illuminate\\Http\\Request))
#42 /Users/aleksandr/projects/btf/vendor/laravel/framework/src/Illuminate/Routing/Router.php(807): Illuminate\\Pipeline\\Pipeline->then(Object(Closure))
#43 /Users/aleksandr/projects/btf/vendor/laravel/framework/src/Illuminate/Routing/Router.php(786): Illuminate\\Routing\\Router->runRouteWithinStack(Object(Illuminate\\Routing\\Route), Object(Illuminate\\Http\\Request))
#44 /Users/aleksandr/projects/btf/vendor/laravel/framework/src/Illuminate/Routing/Router.php(750): Illuminate\\Routing\\Router->runRoute(Object(Illuminate\\Http\\Request), Object(Illuminate\\Routing\\Route))
#45 /Users/aleksandr/projects/btf/vendor/laravel/framework/src/Illuminate/Routing/Router.php(739): Illuminate\\Routing\\Router->dispatchToRoute(Object(Illuminate\\Http\\Request))
#46 /Users/aleksandr/projects/btf/vendor/laravel/framework/src/Illuminate/Foundation/Http/Kernel.php(201): Illuminate\\Routing\\Router->dispatch(Object(Illuminate\\Http\\Request))
#47 /Users/aleksandr/projects/btf/vendor/laravel/framework/src/Illuminate/Pipeline/Pipeline.php(170): Illuminate\\Foundation\\Http\\Kernel->Illuminate\\Foundation\\Http\\{closure}(Object(Illuminate\\Http\\Request))
#48 /Users/aleksandr/projects/btf/vendor/barryvdh/laravel-debugbar/src/Middleware/InjectDebugbar.php(66): Illuminate\\Pipeline\\Pipeline->Illuminate\\Pipeline\\{closure}(Object(Illuminate\\Http\\Request))
#49 /Users/aleksandr/projects/btf/vendor/laravel/framework/src/Illuminate/Pipeline/Pipeline.php(209): Barryvdh\\Debugbar\\Middleware\\InjectDebugbar->handle(Object(Illuminate\\Http\\Request), Object(Closure))
#50 /Users/aleksandr/projects/btf/vendor/laravel/framework/src/Illuminate/Foundation/Http/Middleware/TransformsRequest.php(21): Illuminate\\Pipeline\\Pipeline->Illuminate\\Pipeline\\{closure}(Object(Illuminate\\Http\\Request))
#51 /Users/aleksandr/projects/btf/vendor/laravel/framework/src/Illuminate/Foundation/Http/Middleware/ConvertEmptyStringsToNull.php(31): Illuminate\\Foundation\\Http\\Middleware\\TransformsRequest->handle(Object(Illuminate\\Http\\Request), Object(Closure))
#52 /Users/aleksandr/projects/btf/vendor/laravel/framework/src/Illuminate/Pipeline/Pipeline.php(209): Illuminate\\Foundation\\Http\\Middleware\\ConvertEmptyStringsToNull->handle(Object(Illuminate\\Http\\Request), Object(Closure))
#53 /Users/aleksandr/projects/btf/vendor/laravel/framework/src/Illuminate/Foundation/Http/Middleware/TransformsRequest.php(21): Illuminate\\Pipeline\\Pipeline->Illuminate\\Pipeline\\{closure}(Object(Illuminate\\Http\\Request))
#54 /Users/aleksandr/projects/btf/vendor/laravel/framework/src/Illuminate/Foundation/Http/Middleware/TrimStrings.php(51): Illuminate\\Foundation\\Http\\Middleware\\TransformsRequest->handle(Object(Illuminate\\Http\\Request), Object(Closure))
#55 /Users/aleksandr/projects/btf/vendor/laravel/framework/src/Illuminate/Pipeline/Pipeline.php(209): Illuminate\\Foundation\\Http\\Middleware\\TrimStrings->handle(Object(Illuminate\\Http\\Request), Object(Closure))
#56 /Users/aleksandr/projects/btf/vendor/laravel/framework/src/Illuminate/Http/Middleware/ValidatePostSize.php(27): Illuminate\\Pipeline\\Pipeline->Illuminate\\Pipeline\\{closure}(Object(Illuminate\\Http\\Request))
#57 /Users/aleksandr/projects/btf/vendor/laravel/framework/src/Illuminate/Pipeline/Pipeline.php(209): Illuminate\\Http\\Middleware\\ValidatePostSize->handle(Object(Illuminate\\Http\\Request), Object(Closure))
#58 /Users/aleksandr/projects/btf/vendor/laravel/framework/src/Illuminate/Foundation/Http/Middleware/PreventRequestsDuringMaintenance.php(110): Illuminate\\Pipeline\\Pipeline->Illuminate\\Pipeline\\{closure}(Object(Illuminate\\Http\\Request))
#59 /Users/aleksandr/projects/btf/vendor/laravel/framework/src/Illuminate/Pipeline/Pipeline.php(209): Illuminate\\Foundation\\Http\\Middleware\\PreventRequestsDuringMaintenance->handle(Object(Illuminate\\Http\\Request), Object(Closure))
#60 /Users/aleksandr/projects/btf/vendor/laravel/framework/src/Illuminate/Http/Middleware/HandleCors.php(62): Illuminate\\Pipeline\\Pipeline->Illuminate\\Pipeline\\{closure}(Object(Illuminate\\Http\\Request))
#61 /Users/aleksandr/projects/btf/vendor/laravel/framework/src/Illuminate/Pipeline/Pipeline.php(209): Illuminate\\Http\\Middleware\\HandleCors->handle(Object(Illuminate\\Http\\Request), Object(Closure))
#62 /Users/aleksandr/projects/btf/vendor/laravel/framework/src/Illuminate/Http/Middleware/TrustProxies.php(58): Illuminate\\Pipeline\\Pipeline->Illuminate\\Pipeline\\{closure}(Object(Illuminate\\Http\\Request))
#63 /Users/aleksandr/projects/btf/vendor/laravel/framework/src/Illuminate/Pipeline/Pipeline.php(209): Illuminate\\Http\\Middleware\\TrustProxies->handle(Object(Illuminate\\Http\\Request), Object(Closure))
#64 /Users/aleksandr/projects/btf/vendor/laravel/framework/src/Illuminate/Pipeline/Pipeline.php(127): Illuminate\\Pipeline\\Pipeline->Illuminate\\Pipeline\\{closure}(Object(Illuminate\\Http\\Request))
#65 /Users/aleksandr/projects/btf/vendor/laravel/framework/src/Illuminate/Foundation/Http/Kernel.php(176): Illuminate\\Pipeline\\Pipeline->then(Object(Closure))
#66 /Users/aleksandr/projects/btf/vendor/laravel/framework/src/Illuminate/Foundation/Http/Kernel.php(145): Illuminate\\Foundation\\Http\\Kernel->sendRequestThroughRouter(Object(Illuminate\\Http\\Request))
#67 /Users/aleksandr/projects/btf/public/index.php(50): Illuminate\\Foundation\\Http\\Kernel->handle(Object(Illuminate\\Http\\Request))
#68 /Users/aleksandr/projects/btf/vendor/laravel/framework/src/Illuminate/Foundation/resources/server.php(23): require_once('/Users/aleksand...')
#69 {main}
"} 
[2025-05-01 10:03:36] production.ERROR: include(/Users/aleksandr/projects/btf/vendor/composer/../../app/Models/Role.php): Failed to open stream: No such file or directory {"userId":1,"exception":"[object] (ErrorException(code: 0): include(/Users/aleksandr/projects/btf/vendor/composer/../../app/Models/Role.php): Failed to open stream: No such file or directory at /Users/aleksandr/projects/btf/vendor/composer/ClassLoader.php:576)
[stacktrace]
#0 /Users/aleksandr/projects/btf/vendor/laravel/framework/src/Illuminate/Foundation/Bootstrap/HandleExceptions.php(256): Illuminate\\Foundation\\Bootstrap\\HandleExceptions->handleError(2, 'include(/Users/...', '/Users/aleksand...', 576)
#1 /Users/aleksandr/projects/btf/vendor/composer/ClassLoader.php(576): Illuminate\\Foundation\\Bootstrap\\HandleExceptions->Illuminate\\Foundation\\Bootstrap\\{closure}(2, 'include(/Users/...', '/Users/aleksand...', 576)
#2 /Users/aleksandr/projects/btf/vendor/composer/ClassLoader.php(576): include('/Users/aleksand...')
#3 /Users/aleksandr/projects/btf/vendor/composer/ClassLoader.php(427): Composer\\Autoload\\{closure}('/Users/aleksand...')
#4 /Users/aleksandr/projects/btf/vendor/laravel/framework/src/Illuminate/Database/Eloquent/Concerns/HasRelationships.php(859): Composer\\Autoload\\ClassLoader->loadClass('App\\\\Models\\\\Role')
#5 /Users/aleksandr/projects/btf/vendor/laravel/framework/src/Illuminate/Database/Eloquent/Concerns/HasRelationships.php(578): Illuminate\\Database\\Eloquent\\Model->newRelatedInstance('App\\\\Models\\\\Role')
#6 /Users/aleksandr/projects/btf/app/Models/User.php(109): Illuminate\\Database\\Eloquent\\Model->belongsToMany('App\\\\Models\\\\Role', 'role_user', 'user_id', 'role_id')
#7 /Users/aleksandr/projects/btf/vendor/laravel/framework/src/Illuminate/Database/Eloquent/Builder.php(876): App\\Models\\User->roles()
#8 /Users/aleksandr/projects/btf/vendor/laravel/framework/src/Illuminate/Database/Eloquent/Relations/Relation.php(120): Illuminate\\Database\\Eloquent\\Builder->Illuminate\\Database\\Eloquent\\{closure}()
#9 /Users/aleksandr/projects/btf/vendor/laravel/framework/src/Illuminate/Database/Eloquent/Builder.php(874): Illuminate\\Database\\Eloquent\\Relations\\Relation::noConstraints(Object(Closure))
#10 /Users/aleksandr/projects/btf/vendor/laravel/framework/src/Illuminate/Database/Eloquent/Builder.php(848): Illuminate\\Database\\Eloquent\\Builder->getRelation('roles')
#11 /Users/aleksandr/projects/btf/vendor/laravel/framework/src/Illuminate/Database/Eloquent/Builder.php(828): Illuminate\\Database\\Eloquent\\Builder->eagerLoadRelation(Array, 'roles', Object(Closure))
#12 /Users/aleksandr/projects/btf/vendor/laravel/framework/src/Illuminate/Database/Eloquent/Builder.php(794): Illuminate\\Database\\Eloquent\\Builder->eagerLoadRelations(Array)
#13 /Users/aleksandr/projects/btf/vendor/laravel/framework/src/Illuminate/Database/Eloquent/Builder.php(1034): Illuminate\\Database\\Eloquent\\Builder->get(Array)
#14 /Users/aleksandr/projects/btf/app/Http/Controllers/Backend/UsersController.php(55): Illuminate\\Database\\Eloquent\\Builder->paginate(10)
#15 /Users/aleksandr/projects/btf/vendor/laravel/framework/src/Illuminate/Routing/Controller.php(54): App\\Http\\Controllers\\Backend\\UsersController->index(Object(Illuminate\\Http\\Request))
#16 /Users/aleksandr/projects/btf/vendor/laravel/framework/src/Illuminate/Routing/ControllerDispatcher.php(44): Illuminate\\Routing\\Controller->callAction('index', Array)
#17 /Users/aleksandr/projects/btf/vendor/laravel/framework/src/Illuminate/Routing/Route.php(266): Illuminate\\Routing\\ControllerDispatcher->dispatch(Object(Illuminate\\Routing\\Route), Object(App\\Http\\Controllers\\Backend\\UsersController), 'index')
#18 /Users/aleksandr/projects/btf/vendor/laravel/framework/src/Illuminate/Routing/Route.php(212): Illuminate\\Routing\\Route->runController()
#19 /Users/aleksandr/projects/btf/vendor/laravel/framework/src/Illuminate/Routing/Router.php(808): Illuminate\\Routing\\Route->run()
#20 /Users/aleksandr/projects/btf/vendor/laravel/framework/src/Illuminate/Pipeline/Pipeline.php(170): Illuminate\\Routing\\Router->Illuminate\\Routing\\{closure}(Object(Illuminate\\Http\\Request))
#21 /Users/aleksandr/projects/btf/app/Http/Middleware/AdminCheck.php(15): Illuminate\\Pipeline\\Pipeline->Illuminate\\Pipeline\\{closure}(Object(Illuminate\\Http\\Request))
#22 /Users/aleksandr/projects/btf/vendor/laravel/framework/src/Illuminate/Pipeline/Pipeline.php(209): App\\Http\\Middleware\\AdminCheck->handle(Object(Illuminate\\Http\\Request), Object(Closure))
#23 /Users/aleksandr/projects/btf/vendor/barryvdh/laravel-debugbar/src/Middleware/InjectDebugbar.php(66): Illuminate\\Pipeline\\Pipeline->Illuminate\\Pipeline\\{closure}(Object(Illuminate\\Http\\Request))
#24 /Users/aleksandr/projects/btf/vendor/laravel/framework/src/Illuminate/Pipeline/Pipeline.php(209): Barryvdh\\Debugbar\\Middleware\\InjectDebugbar->handle(Object(Illuminate\\Http\\Request), Object(Closure))
#25 /Users/aleksandr/projects/btf/app/Http/Middleware/UserActivity.php(20): Illuminate\\Pipeline\\Pipeline->Illuminate\\Pipeline\\{closure}(Object(Illuminate\\Http\\Request))
#26 /Users/aleksandr/projects/btf/vendor/laravel/framework/src/Illuminate/Pipeline/Pipeline.php(209): App\\Http\\Middleware\\UserActivity->handle(Object(Illuminate\\Http\\Request), Object(Closure))
#27 /Users/aleksandr/projects/btf/app/Http/Middleware/SetLocale.php(51): Illuminate\\Pipeline\\Pipeline->Illuminate\\Pipeline\\{closure}(Object(Illuminate\\Http\\Request))
#28 /Users/aleksandr/projects/btf/vendor/laravel/framework/src/Illuminate/Pipeline/Pipeline.php(209): App\\Http\\Middleware\\SetLocale->handle(Object(Illuminate\\Http\\Request), Object(Closure))
#29 /Users/aleksandr/projects/btf/vendor/erlandmuchasaj/laravel-gzip/src/Middleware/GzipEncodeResponse.php(19): Illuminate\\Pipeline\\Pipeline->Illuminate\\Pipeline\\{closure}(Object(Illuminate\\Http\\Request))
#30 /Users/aleksandr/projects/btf/vendor/laravel/framework/src/Illuminate/Pipeline/Pipeline.php(209): ErlandMuchasaj\\LaravelGzip\\Middleware\\GzipEncodeResponse->handle(Object(Illuminate\\Http\\Request), Object(Closure))
#31 /Users/aleksandr/projects/btf/vendor/laravel/framework/src/Illuminate/Routing/Middleware/SubstituteBindings.php(51): Illuminate\\Pipeline\\Pipeline->Illuminate\\Pipeline\\{closure}(Object(Illuminate\\Http\\Request))
#32 /Users/aleksandr/projects/btf/vendor/laravel/framework/src/Illuminate/Pipeline/Pipeline.php(209): Illuminate\\Routing\\Middleware\\SubstituteBindings->handle(Object(Illuminate\\Http\\Request), Object(Closure))
#33 /Users/aleksandr/projects/btf/vendor/laravel/framework/src/Illuminate/Auth/Middleware/Authenticate.php(64): Illuminate\\Pipeline\\Pipeline->Illuminate\\Pipeline\\{closure}(Object(Illuminate\\Http\\Request))
#34 /Users/aleksandr/projects/btf/vendor/laravel/framework/src/Illuminate/Pipeline/Pipeline.php(209): Illuminate\\Auth\\Middleware\\Authenticate->handle(Object(Illuminate\\Http\\Request), Object(Closure))
#35 /Users/aleksandr/projects/btf/vendor/laravel/framework/src/Illuminate/Foundation/Http/Middleware/VerifyCsrfToken.php(88): Illuminate\\Pipeline\\Pipeline->Illuminate\\Pipeline\\{closure}(Object(Illuminate\\Http\\Request))
#36 /Users/aleksandr/projects/btf/vendor/laravel/framework/src/Illuminate/Pipeline/Pipeline.php(209): Illuminate\\Foundation\\Http\\Middleware\\VerifyCsrfToken->handle(Object(Illuminate\\Http\\Request), Object(Closure))
#37 /Users/aleksandr/projects/btf/vendor/laravel/framework/src/Illuminate/View/Middleware/ShareErrorsFromSession.php(49): Illuminate\\Pipeline\\Pipeline->Illuminate\\Pipeline\\{closure}(Object(Illuminate\\Http\\Request))
#38 /Users/aleksandr/projects/btf/vendor/laravel/framework/src/Illuminate/Pipeline/Pipeline.php(209): Illuminate\\View\\Middleware\\ShareErrorsFromSession->handle(Object(Illuminate\\Http\\Request), Object(Closure))
#39 /Users/aleksandr/projects/btf/vendor/laravel/framework/src/Illuminate/Session/Middleware/StartSession.php(121): Illuminate\\Pipeline\\Pipeline->Illuminate\\Pipeline\\{closure}(Object(Illuminate\\Http\\Request))
#40 /Users/aleksandr/projects/btf/vendor/laravel/framework/src/Illuminate/Session/Middleware/StartSession.php(64): Illuminate\\Session\\Middleware\\StartSession->handleStatefulRequest(Object(Illuminate\\Http\\Request), Object(Illuminate\\Session\\Store), Object(Closure))
#41 /Users/aleksandr/projects/btf/vendor/laravel/framework/src/Illuminate/Pipeline/Pipeline.php(209): Illuminate\\Session\\Middleware\\StartSession->handle(Object(Illuminate\\Http\\Request), Object(Closure))
#42 /Users/aleksandr/projects/btf/vendor/laravel/framework/src/Illuminate/Cookie/Middleware/AddQueuedCookiesToResponse.php(37): Illuminate\\Pipeline\\Pipeline->Illuminate\\Pipeline\\{closure}(Object(Illuminate\\Http\\Request))
#43 /Users/aleksandr/projects/btf/vendor/laravel/framework/src/Illuminate/Pipeline/Pipeline.php(209): Illuminate\\Cookie\\Middleware\\AddQueuedCookiesToResponse->handle(Object(Illuminate\\Http\\Request), Object(Closure))
#44 /Users/aleksandr/projects/btf/vendor/laravel/framework/src/Illuminate/Cookie/Middleware/EncryptCookies.php(75): Illuminate\\Pipeline\\Pipeline->Illuminate\\Pipeline\\{closure}(Object(Illuminate\\Http\\Request))
#45 /Users/aleksandr/projects/btf/vendor/laravel/framework/src/Illuminate/Pipeline/Pipeline.php(209): Illuminate\\Cookie\\Middleware\\EncryptCookies->handle(Object(Illuminate\\Http\\Request), Object(Closure))
#46 /Users/aleksandr/projects/btf/vendor/laravel/framework/src/Illuminate/Pipeline/Pipeline.php(127): Illuminate\\Pipeline\\Pipeline->Illuminate\\Pipeline\\{closure}(Object(Illuminate\\Http\\Request))
#47 /Users/aleksandr/projects/btf/vendor/laravel/framework/src/Illuminate/Routing/Router.php(807): Illuminate\\Pipeline\\Pipeline->then(Object(Closure))
#48 /Users/aleksandr/projects/btf/vendor/laravel/framework/src/Illuminate/Routing/Router.php(786): Illuminate\\Routing\\Router->runRouteWithinStack(Object(Illuminate\\Routing\\Route), Object(Illuminate\\Http\\Request))
#49 /Users/aleksandr/projects/btf/vendor/laravel/framework/src/Illuminate/Routing/Router.php(750): Illuminate\\Routing\\Router->runRoute(Object(Illuminate\\Http\\Request), Object(Illuminate\\Routing\\Route))
#50 /Users/aleksandr/projects/btf/vendor/laravel/framework/src/Illuminate/Routing/Router.php(739): Illuminate\\Routing\\Router->dispatchToRoute(Object(Illuminate\\Http\\Request))
#51 /Users/aleksandr/projects/btf/vendor/laravel/framework/src/Illuminate/Foundation/Http/Kernel.php(201): Illuminate\\Routing\\Router->dispatch(Object(Illuminate\\Http\\Request))
#52 /Users/aleksandr/projects/btf/vendor/laravel/framework/src/Illuminate/Pipeline/Pipeline.php(170): Illuminate\\Foundation\\Http\\Kernel->Illuminate\\Foundation\\Http\\{closure}(Object(Illuminate\\Http\\Request))
#53 /Users/aleksandr/projects/btf/vendor/barryvdh/laravel-debugbar/src/Middleware/InjectDebugbar.php(66): Illuminate\\Pipeline\\Pipeline->Illuminate\\Pipeline\\{closure}(Object(Illuminate\\Http\\Request))
#54 /Users/aleksandr/projects/btf/vendor/laravel/framework/src/Illuminate/Pipeline/Pipeline.php(209): Barryvdh\\Debugbar\\Middleware\\InjectDebugbar->handle(Object(Illuminate\\Http\\Request), Object(Closure))
#55 /Users/aleksandr/projects/btf/vendor/laravel/framework/src/Illuminate/Foundation/Http/Middleware/TransformsRequest.php(21): Illuminate\\Pipeline\\Pipeline->Illuminate\\Pipeline\\{closure}(Object(Illuminate\\Http\\Request))
#56 /Users/aleksandr/projects/btf/vendor/laravel/framework/src/Illuminate/Foundation/Http/Middleware/ConvertEmptyStringsToNull.php(31): Illuminate\\Foundation\\Http\\Middleware\\TransformsRequest->handle(Object(Illuminate\\Http\\Request), Object(Closure))
#57 /Users/aleksandr/projects/btf/vendor/laravel/framework/src/Illuminate/Pipeline/Pipeline.php(209): Illuminate\\Foundation\\Http\\Middleware\\ConvertEmptyStringsToNull->handle(Object(Illuminate\\Http\\Request), Object(Closure))
#58 /Users/aleksandr/projects/btf/vendor/laravel/framework/src/Illuminate/Foundation/Http/Middleware/TransformsRequest.php(21): Illuminate\\Pipeline\\Pipeline->Illuminate\\Pipeline\\{closure}(Object(Illuminate\\Http\\Request))
#59 /Users/aleksandr/projects/btf/vendor/laravel/framework/src/Illuminate/Foundation/Http/Middleware/TrimStrings.php(51): Illuminate\\Foundation\\Http\\Middleware\\TransformsRequest->handle(Object(Illuminate\\Http\\Request), Object(Closure))
#60 /Users/aleksandr/projects/btf/vendor/laravel/framework/src/Illuminate/Pipeline/Pipeline.php(209): Illuminate\\Foundation\\Http\\Middleware\\TrimStrings->handle(Object(Illuminate\\Http\\Request), Object(Closure))
#61 /Users/aleksandr/projects/btf/vendor/laravel/framework/src/Illuminate/Http/Middleware/ValidatePostSize.php(27): Illuminate\\Pipeline\\Pipeline->Illuminate\\Pipeline\\{closure}(Object(Illuminate\\Http\\Request))
#62 /Users/aleksandr/projects/btf/vendor/laravel/framework/src/Illuminate/Pipeline/Pipeline.php(209): Illuminate\\Http\\Middleware\\ValidatePostSize->handle(Object(Illuminate\\Http\\Request), Object(Closure))
#63 /Users/aleksandr/projects/btf/vendor/laravel/framework/src/Illuminate/Foundation/Http/Middleware/PreventRequestsDuringMaintenance.php(110): Illuminate\\Pipeline\\Pipeline->Illuminate\\Pipeline\\{closure}(Object(Illuminate\\Http\\Request))
#64 /Users/aleksandr/projects/btf/vendor/laravel/framework/src/Illuminate/Pipeline/Pipeline.php(209): Illuminate\\Foundation\\Http\\Middleware\\PreventRequestsDuringMaintenance->handle(Object(Illuminate\\Http\\Request), Object(Closure))
#65 /Users/aleksandr/projects/btf/vendor/laravel/framework/src/Illuminate/Http/Middleware/HandleCors.php(62): Illuminate\\Pipeline\\Pipeline->Illuminate\\Pipeline\\{closure}(Object(Illuminate\\Http\\Request))
#66 /Users/aleksandr/projects/btf/vendor/laravel/framework/src/Illuminate/Pipeline/Pipeline.php(209): Illuminate\\Http\\Middleware\\HandleCors->handle(Object(Illuminate\\Http\\Request), Object(Closure))
#67 /Users/aleksandr/projects/btf/vendor/laravel/framework/src/Illuminate/Http/Middleware/TrustProxies.php(58): Illuminate\\Pipeline\\Pipeline->Illuminate\\Pipeline\\{closure}(Object(Illuminate\\Http\\Request))
#68 /Users/aleksandr/projects/btf/vendor/laravel/framework/src/Illuminate/Pipeline/Pipeline.php(209): Illuminate\\Http\\Middleware\\TrustProxies->handle(Object(Illuminate\\Http\\Request), Object(Closure))
#69 /Users/aleksandr/projects/btf/vendor/laravel/framework/src/Illuminate/Pipeline/Pipeline.php(127): Illuminate\\Pipeline\\Pipeline->Illuminate\\Pipeline\\{closure}(Object(Illuminate\\Http\\Request))
#70 /Users/aleksandr/projects/btf/vendor/laravel/framework/src/Illuminate/Foundation/Http/Kernel.php(176): Illuminate\\Pipeline\\Pipeline->then(Object(Closure))
#71 /Users/aleksandr/projects/btf/vendor/laravel/framework/src/Illuminate/Foundation/Http/Kernel.php(145): Illuminate\\Foundation\\Http\\Kernel->sendRequestThroughRouter(Object(Illuminate\\Http\\Request))
#72 /Users/aleksandr/projects/btf/public/index.php(50): Illuminate\\Foundation\\Http\\Kernel->handle(Object(Illuminate\\Http\\Request))
#73 /Users/aleksandr/projects/btf/vendor/laravel/framework/src/Illuminate/Foundation/resources/server.php(23): require_once('/Users/aleksand...')
#74 {main}
"} 
[2025-05-01 10:03:42] production.ERROR: Call to a member function addEagerConstraints() on null {"userId":1,"exception":"[object] (Error(code: 0): Call to a member function addEagerConstraints() on null at /Users/aleksandr/projects/btf/vendor/laravel/framework/src/Illuminate/Database/Eloquent/Builder.php:850)
[stacktrace]
#0 /Users/aleksandr/projects/btf/vendor/laravel/framework/src/Illuminate/Database/Eloquent/Builder.php(828): Illuminate\\Database\\Eloquent\\Builder->eagerLoadRelation(Array, 'roles', Object(Closure))
#1 /Users/aleksandr/projects/btf/vendor/laravel/framework/src/Illuminate/Database/Eloquent/Builder.php(794): Illuminate\\Database\\Eloquent\\Builder->eagerLoadRelations(Array)
#2 /Users/aleksandr/projects/btf/vendor/laravel/framework/src/Illuminate/Database/Eloquent/Builder.php(1034): Illuminate\\Database\\Eloquent\\Builder->get(Array)
#3 /Users/aleksandr/projects/btf/app/Http/Controllers/Backend/UsersController.php(55): Illuminate\\Database\\Eloquent\\Builder->paginate(10)
#4 /Users/aleksandr/projects/btf/vendor/laravel/framework/src/Illuminate/Routing/Controller.php(54): App\\Http\\Controllers\\Backend\\UsersController->index(Object(Illuminate\\Http\\Request))
#5 /Users/aleksandr/projects/btf/vendor/laravel/framework/src/Illuminate/Routing/ControllerDispatcher.php(44): Illuminate\\Routing\\Controller->callAction('index', Array)
#6 /Users/aleksandr/projects/btf/vendor/laravel/framework/src/Illuminate/Routing/Route.php(266): Illuminate\\Routing\\ControllerDispatcher->dispatch(Object(Illuminate\\Routing\\Route), Object(App\\Http\\Controllers\\Backend\\UsersController), 'index')
#7 /Users/aleksandr/projects/btf/vendor/laravel/framework/src/Illuminate/Routing/Route.php(212): Illuminate\\Routing\\Route->runController()
#8 /Users/aleksandr/projects/btf/vendor/laravel/framework/src/Illuminate/Routing/Router.php(808): Illuminate\\Routing\\Route->run()
#9 /Users/aleksandr/projects/btf/vendor/laravel/framework/src/Illuminate/Pipeline/Pipeline.php(170): Illuminate\\Routing\\Router->Illuminate\\Routing\\{closure}(Object(Illuminate\\Http\\Request))
#10 /Users/aleksandr/projects/btf/app/Http/Middleware/AdminCheck.php(15): Illuminate\\Pipeline\\Pipeline->Illuminate\\Pipeline\\{closure}(Object(Illuminate\\Http\\Request))
#11 /Users/aleksandr/projects/btf/vendor/laravel/framework/src/Illuminate/Pipeline/Pipeline.php(209): App\\Http\\Middleware\\AdminCheck->handle(Object(Illuminate\\Http\\Request), Object(Closure))
#12 /Users/aleksandr/projects/btf/vendor/barryvdh/laravel-debugbar/src/Middleware/InjectDebugbar.php(66): Illuminate\\Pipeline\\Pipeline->Illuminate\\Pipeline\\{closure}(Object(Illuminate\\Http\\Request))
#13 /Users/aleksandr/projects/btf/vendor/laravel/framework/src/Illuminate/Pipeline/Pipeline.php(209): Barryvdh\\Debugbar\\Middleware\\InjectDebugbar->handle(Object(Illuminate\\Http\\Request), Object(Closure))
#14 /Users/aleksandr/projects/btf/app/Http/Middleware/UserActivity.php(20): Illuminate\\Pipeline\\Pipeline->Illuminate\\Pipeline\\{closure}(Object(Illuminate\\Http\\Request))
#15 /Users/aleksandr/projects/btf/vendor/laravel/framework/src/Illuminate/Pipeline/Pipeline.php(209): App\\Http\\Middleware\\UserActivity->handle(Object(Illuminate\\Http\\Request), Object(Closure))
#16 /Users/aleksandr/projects/btf/app/Http/Middleware/SetLocale.php(51): Illuminate\\Pipeline\\Pipeline->Illuminate\\Pipeline\\{closure}(Object(Illuminate\\Http\\Request))
#17 /Users/aleksandr/projects/btf/vendor/laravel/framework/src/Illuminate/Pipeline/Pipeline.php(209): App\\Http\\Middleware\\SetLocale->handle(Object(Illuminate\\Http\\Request), Object(Closure))
#18 /Users/aleksandr/projects/btf/vendor/erlandmuchasaj/laravel-gzip/src/Middleware/GzipEncodeResponse.php(19): Illuminate\\Pipeline\\Pipeline->Illuminate\\Pipeline\\{closure}(Object(Illuminate\\Http\\Request))
#19 /Users/aleksandr/projects/btf/vendor/laravel/framework/src/Illuminate/Pipeline/Pipeline.php(209): ErlandMuchasaj\\LaravelGzip\\Middleware\\GzipEncodeResponse->handle(Object(Illuminate\\Http\\Request), Object(Closure))
#20 /Users/aleksandr/projects/btf/vendor/laravel/framework/src/Illuminate/Routing/Middleware/SubstituteBindings.php(51): Illuminate\\Pipeline\\Pipeline->Illuminate\\Pipeline\\{closure}(Object(Illuminate\\Http\\Request))
#21 /Users/aleksandr/projects/btf/vendor/laravel/framework/src/Illuminate/Pipeline/Pipeline.php(209): Illuminate\\Routing\\Middleware\\SubstituteBindings->handle(Object(Illuminate\\Http\\Request), Object(Closure))
#22 /Users/aleksandr/projects/btf/vendor/laravel/framework/src/Illuminate/Auth/Middleware/Authenticate.php(64): Illuminate\\Pipeline\\Pipeline->Illuminate\\Pipeline\\{closure}(Object(Illuminate\\Http\\Request))
#23 /Users/aleksandr/projects/btf/vendor/laravel/framework/src/Illuminate/Pipeline/Pipeline.php(209): Illuminate\\Auth\\Middleware\\Authenticate->handle(Object(Illuminate\\Http\\Request), Object(Closure))
#24 /Users/aleksandr/projects/btf/vendor/laravel/framework/src/Illuminate/Foundation/Http/Middleware/VerifyCsrfToken.php(88): Illuminate\\Pipeline\\Pipeline->Illuminate\\Pipeline\\{closure}(Object(Illuminate\\Http\\Request))
#25 /Users/aleksandr/projects/btf/vendor/laravel/framework/src/Illuminate/Pipeline/Pipeline.php(209): Illuminate\\Foundation\\Http\\Middleware\\VerifyCsrfToken->handle(Object(Illuminate\\Http\\Request), Object(Closure))
#26 /Users/aleksandr/projects/btf/vendor/laravel/framework/src/Illuminate/View/Middleware/ShareErrorsFromSession.php(49): Illuminate\\Pipeline\\Pipeline->Illuminate\\Pipeline\\{closure}(Object(Illuminate\\Http\\Request))
#27 /Users/aleksandr/projects/btf/vendor/laravel/framework/src/Illuminate/Pipeline/Pipeline.php(209): Illuminate\\View\\Middleware\\ShareErrorsFromSession->handle(Object(Illuminate\\Http\\Request), Object(Closure))
#28 /Users/aleksandr/projects/btf/vendor/laravel/framework/src/Illuminate/Session/Middleware/StartSession.php(121): Illuminate\\Pipeline\\Pipeline->Illuminate\\Pipeline\\{closure}(Object(Illuminate\\Http\\Request))
#29 /Users/aleksandr/projects/btf/vendor/laravel/framework/src/Illuminate/Session/Middleware/StartSession.php(64): Illuminate\\Session\\Middleware\\StartSession->handleStatefulRequest(Object(Illuminate\\Http\\Request), Object(Illuminate\\Session\\Store), Object(Closure))
#30 /Users/aleksandr/projects/btf/vendor/laravel/framework/src/Illuminate/Pipeline/Pipeline.php(209): Illuminate\\Session\\Middleware\\StartSession->handle(Object(Illuminate\\Http\\Request), Object(Closure))
#31 /Users/aleksandr/projects/btf/vendor/laravel/framework/src/Illuminate/Cookie/Middleware/AddQueuedCookiesToResponse.php(37): Illuminate\\Pipeline\\Pipeline->Illuminate\\Pipeline\\{closure}(Object(Illuminate\\Http\\Request))
#32 /Users/aleksandr/projects/btf/vendor/laravel/framework/src/Illuminate/Pipeline/Pipeline.php(209): Illuminate\\Cookie\\Middleware\\AddQueuedCookiesToResponse->handle(Object(Illuminate\\Http\\Request), Object(Closure))
#33 /Users/aleksandr/projects/btf/vendor/laravel/framework/src/Illuminate/Cookie/Middleware/EncryptCookies.php(75): Illuminate\\Pipeline\\Pipeline->Illuminate\\Pipeline\\{closure}(Object(Illuminate\\Http\\Request))
#34 /Users/aleksandr/projects/btf/vendor/laravel/framework/src/Illuminate/Pipeline/Pipeline.php(209): Illuminate\\Cookie\\Middleware\\EncryptCookies->handle(Object(Illuminate\\Http\\Request), Object(Closure))
#35 /Users/aleksandr/projects/btf/vendor/laravel/framework/src/Illuminate/Pipeline/Pipeline.php(127): Illuminate\\Pipeline\\Pipeline->Illuminate\\Pipeline\\{closure}(Object(Illuminate\\Http\\Request))
#36 /Users/aleksandr/projects/btf/vendor/laravel/framework/src/Illuminate/Routing/Router.php(807): Illuminate\\Pipeline\\Pipeline->then(Object(Closure))
#37 /Users/aleksandr/projects/btf/vendor/laravel/framework/src/Illuminate/Routing/Router.php(786): Illuminate\\Routing\\Router->runRouteWithinStack(Object(Illuminate\\Routing\\Route), Object(Illuminate\\Http\\Request))
#38 /Users/aleksandr/projects/btf/vendor/laravel/framework/src/Illuminate/Routing/Router.php(750): Illuminate\\Routing\\Router->runRoute(Object(Illuminate\\Http\\Request), Object(Illuminate\\Routing\\Route))
#39 /Users/aleksandr/projects/btf/vendor/laravel/framework/src/Illuminate/Routing/Router.php(739): Illuminate\\Routing\\Router->dispatchToRoute(Object(Illuminate\\Http\\Request))
#40 /Users/aleksandr/projects/btf/vendor/laravel/framework/src/Illuminate/Foundation/Http/Kernel.php(201): Illuminate\\Routing\\Router->dispatch(Object(Illuminate\\Http\\Request))
#41 /Users/aleksandr/projects/btf/vendor/laravel/framework/src/Illuminate/Pipeline/Pipeline.php(170): Illuminate\\Foundation\\Http\\Kernel->Illuminate\\Foundation\\Http\\{closure}(Object(Illuminate\\Http\\Request))
#42 /Users/aleksandr/projects/btf/vendor/barryvdh/laravel-debugbar/src/Middleware/InjectDebugbar.php(66): Illuminate\\Pipeline\\Pipeline->Illuminate\\Pipeline\\{closure}(Object(Illuminate\\Http\\Request))
#43 /Users/aleksandr/projects/btf/vendor/laravel/framework/src/Illuminate/Pipeline/Pipeline.php(209): Barryvdh\\Debugbar\\Middleware\\InjectDebugbar->handle(Object(Illuminate\\Http\\Request), Object(Closure))
#44 /Users/aleksandr/projects/btf/vendor/laravel/framework/src/Illuminate/Foundation/Http/Middleware/TransformsRequest.php(21): Illuminate\\Pipeline\\Pipeline->Illuminate\\Pipeline\\{closure}(Object(Illuminate\\Http\\Request))
#45 /Users/aleksandr/projects/btf/vendor/laravel/framework/src/Illuminate/Foundation/Http/Middleware/ConvertEmptyStringsToNull.php(31): Illuminate\\Foundation\\Http\\Middleware\\TransformsRequest->handle(Object(Illuminate\\Http\\Request), Object(Closure))
#46 /Users/aleksandr/projects/btf/vendor/laravel/framework/src/Illuminate/Pipeline/Pipeline.php(209): Illuminate\\Foundation\\Http\\Middleware\\ConvertEmptyStringsToNull->handle(Object(Illuminate\\Http\\Request), Object(Closure))
#47 /Users/aleksandr/projects/btf/vendor/laravel/framework/src/Illuminate/Foundation/Http/Middleware/TransformsRequest.php(21): Illuminate\\Pipeline\\Pipeline->Illuminate\\Pipeline\\{closure}(Object(Illuminate\\Http\\Request))
#48 /Users/aleksandr/projects/btf/vendor/laravel/framework/src/Illuminate/Foundation/Http/Middleware/TrimStrings.php(51): Illuminate\\Foundation\\Http\\Middleware\\TransformsRequest->handle(Object(Illuminate\\Http\\Request), Object(Closure))
#49 /Users/aleksandr/projects/btf/vendor/laravel/framework/src/Illuminate/Pipeline/Pipeline.php(209): Illuminate\\Foundation\\Http\\Middleware\\TrimStrings->handle(Object(Illuminate\\Http\\Request), Object(Closure))
#50 /Users/aleksandr/projects/btf/vendor/laravel/framework/src/Illuminate/Http/Middleware/ValidatePostSize.php(27): Illuminate\\Pipeline\\Pipeline->Illuminate\\Pipeline\\{closure}(Object(Illuminate\\Http\\Request))
#51 /Users/aleksandr/projects/btf/vendor/laravel/framework/src/Illuminate/Pipeline/Pipeline.php(209): Illuminate\\Http\\Middleware\\ValidatePostSize->handle(Object(Illuminate\\Http\\Request), Object(Closure))
#52 /Users/aleksandr/projects/btf/vendor/laravel/framework/src/Illuminate/Foundation/Http/Middleware/PreventRequestsDuringMaintenance.php(110): Illuminate\\Pipeline\\Pipeline->Illuminate\\Pipeline\\{closure}(Object(Illuminate\\Http\\Request))
#53 /Users/aleksandr/projects/btf/vendor/laravel/framework/src/Illuminate/Pipeline/Pipeline.php(209): Illuminate\\Foundation\\Http\\Middleware\\PreventRequestsDuringMaintenance->handle(Object(Illuminate\\Http\\Request), Object(Closure))
#54 /Users/aleksandr/projects/btf/vendor/laravel/framework/src/Illuminate/Http/Middleware/HandleCors.php(62): Illuminate\\Pipeline\\Pipeline->Illuminate\\Pipeline\\{closure}(Object(Illuminate\\Http\\Request))
#55 /Users/aleksandr/projects/btf/vendor/laravel/framework/src/Illuminate/Pipeline/Pipeline.php(209): Illuminate\\Http\\Middleware\\HandleCors->handle(Object(Illuminate\\Http\\Request), Object(Closure))
#56 /Users/aleksandr/projects/btf/vendor/laravel/framework/src/Illuminate/Http/Middleware/TrustProxies.php(58): Illuminate\\Pipeline\\Pipeline->Illuminate\\Pipeline\\{closure}(Object(Illuminate\\Http\\Request))
#57 /Users/aleksandr/projects/btf/vendor/laravel/framework/src/Illuminate/Pipeline/Pipeline.php(209): Illuminate\\Http\\Middleware\\TrustProxies->handle(Object(Illuminate\\Http\\Request), Object(Closure))
#58 /Users/aleksandr/projects/btf/vendor/laravel/framework/src/Illuminate/Pipeline/Pipeline.php(127): Illuminate\\Pipeline\\Pipeline->Illuminate\\Pipeline\\{closure}(Object(Illuminate\\Http\\Request))
#59 /Users/aleksandr/projects/btf/vendor/laravel/framework/src/Illuminate/Foundation/Http/Kernel.php(176): Illuminate\\Pipeline\\Pipeline->then(Object(Closure))
#60 /Users/aleksandr/projects/btf/vendor/laravel/framework/src/Illuminate/Foundation/Http/Kernel.php(145): Illuminate\\Foundation\\Http\\Kernel->sendRequestThroughRouter(Object(Illuminate\\Http\\Request))
#61 /Users/aleksandr/projects/btf/public/index.php(50): Illuminate\\Foundation\\Http\\Kernel->handle(Object(Illuminate\\Http\\Request))
#62 /Users/aleksandr/projects/btf/vendor/laravel/framework/src/Illuminate/Foundation/resources/server.php(23): require_once('/Users/aleksand...')
#63 {main}
"} 
[2025-05-01 11:39:24] production.ERROR: Method App\Http\Controllers\Backend\PermissionsController::show does not exist. {"userId":1,"exception":"[object] (BadMethodCallException(code: 0): Method App\\Http\\Controllers\\Backend\\PermissionsController::show does not exist. at /Users/aleksandr/projects/btf/vendor/laravel/framework/src/Illuminate/Routing/Controller.php:68)
[stacktrace]
#0 /Users/aleksandr/projects/btf/vendor/laravel/framework/src/Illuminate/Routing/Controller.php(54): Illuminate\\Routing\\Controller->__call('show', Array)
#1 /Users/aleksandr/projects/btf/vendor/laravel/framework/src/Illuminate/Routing/ControllerDispatcher.php(44): Illuminate\\Routing\\Controller->callAction('show', Array)
#2 /Users/aleksandr/projects/btf/vendor/laravel/framework/src/Illuminate/Routing/Route.php(266): Illuminate\\Routing\\ControllerDispatcher->dispatch(Object(Illuminate\\Routing\\Route), Object(App\\Http\\Controllers\\Backend\\PermissionsController), 'show')
#3 /Users/aleksandr/projects/btf/vendor/laravel/framework/src/Illuminate/Routing/Route.php(212): Illuminate\\Routing\\Route->runController()
#4 /Users/aleksandr/projects/btf/vendor/laravel/framework/src/Illuminate/Routing/Router.php(808): Illuminate\\Routing\\Route->run()
#5 /Users/aleksandr/projects/btf/vendor/laravel/framework/src/Illuminate/Pipeline/Pipeline.php(170): Illuminate\\Routing\\Router->Illuminate\\Routing\\{closure}(Object(Illuminate\\Http\\Request))
#6 /Users/aleksandr/projects/btf/app/Http/Middleware/AdminCheck.php(15): Illuminate\\Pipeline\\Pipeline->Illuminate\\Pipeline\\{closure}(Object(Illuminate\\Http\\Request))
#7 /Users/aleksandr/projects/btf/vendor/laravel/framework/src/Illuminate/Pipeline/Pipeline.php(209): App\\Http\\Middleware\\AdminCheck->handle(Object(Illuminate\\Http\\Request), Object(Closure))
#8 /Users/aleksandr/projects/btf/vendor/barryvdh/laravel-debugbar/src/Middleware/InjectDebugbar.php(66): Illuminate\\Pipeline\\Pipeline->Illuminate\\Pipeline\\{closure}(Object(Illuminate\\Http\\Request))
#9 /Users/aleksandr/projects/btf/vendor/laravel/framework/src/Illuminate/Pipeline/Pipeline.php(209): Barryvdh\\Debugbar\\Middleware\\InjectDebugbar->handle(Object(Illuminate\\Http\\Request), Object(Closure))
#10 /Users/aleksandr/projects/btf/app/Http/Middleware/UserActivity.php(20): Illuminate\\Pipeline\\Pipeline->Illuminate\\Pipeline\\{closure}(Object(Illuminate\\Http\\Request))
#11 /Users/aleksandr/projects/btf/vendor/laravel/framework/src/Illuminate/Pipeline/Pipeline.php(209): App\\Http\\Middleware\\UserActivity->handle(Object(Illuminate\\Http\\Request), Object(Closure))
#12 /Users/aleksandr/projects/btf/app/Http/Middleware/SetLocale.php(51): Illuminate\\Pipeline\\Pipeline->Illuminate\\Pipeline\\{closure}(Object(Illuminate\\Http\\Request))
#13 /Users/aleksandr/projects/btf/vendor/laravel/framework/src/Illuminate/Pipeline/Pipeline.php(209): App\\Http\\Middleware\\SetLocale->handle(Object(Illuminate\\Http\\Request), Object(Closure))
#14 /Users/aleksandr/projects/btf/vendor/erlandmuchasaj/laravel-gzip/src/Middleware/GzipEncodeResponse.php(19): Illuminate\\Pipeline\\Pipeline->Illuminate\\Pipeline\\{closure}(Object(Illuminate\\Http\\Request))
#15 /Users/aleksandr/projects/btf/vendor/laravel/framework/src/Illuminate/Pipeline/Pipeline.php(209): ErlandMuchasaj\\LaravelGzip\\Middleware\\GzipEncodeResponse->handle(Object(Illuminate\\Http\\Request), Object(Closure))
#16 /Users/aleksandr/projects/btf/vendor/laravel/framework/src/Illuminate/Routing/Middleware/SubstituteBindings.php(51): Illuminate\\Pipeline\\Pipeline->Illuminate\\Pipeline\\{closure}(Object(Illuminate\\Http\\Request))
#17 /Users/aleksandr/projects/btf/vendor/laravel/framework/src/Illuminate/Pipeline/Pipeline.php(209): Illuminate\\Routing\\Middleware\\SubstituteBindings->handle(Object(Illuminate\\Http\\Request), Object(Closure))
#18 /Users/aleksandr/projects/btf/vendor/laravel/framework/src/Illuminate/Auth/Middleware/Authenticate.php(64): Illuminate\\Pipeline\\Pipeline->Illuminate\\Pipeline\\{closure}(Object(Illuminate\\Http\\Request))
#19 /Users/aleksandr/projects/btf/vendor/laravel/framework/src/Illuminate/Pipeline/Pipeline.php(209): Illuminate\\Auth\\Middleware\\Authenticate->handle(Object(Illuminate\\Http\\Request), Object(Closure))
#20 /Users/aleksandr/projects/btf/vendor/laravel/framework/src/Illuminate/Foundation/Http/Middleware/VerifyCsrfToken.php(88): Illuminate\\Pipeline\\Pipeline->Illuminate\\Pipeline\\{closure}(Object(Illuminate\\Http\\Request))
#21 /Users/aleksandr/projects/btf/vendor/laravel/framework/src/Illuminate/Pipeline/Pipeline.php(209): Illuminate\\Foundation\\Http\\Middleware\\VerifyCsrfToken->handle(Object(Illuminate\\Http\\Request), Object(Closure))
#22 /Users/aleksandr/projects/btf/vendor/laravel/framework/src/Illuminate/View/Middleware/ShareErrorsFromSession.php(49): Illuminate\\Pipeline\\Pipeline->Illuminate\\Pipeline\\{closure}(Object(Illuminate\\Http\\Request))
#23 /Users/aleksandr/projects/btf/vendor/laravel/framework/src/Illuminate/Pipeline/Pipeline.php(209): Illuminate\\View\\Middleware\\ShareErrorsFromSession->handle(Object(Illuminate\\Http\\Request), Object(Closure))
#24 /Users/aleksandr/projects/btf/vendor/laravel/framework/src/Illuminate/Session/Middleware/StartSession.php(121): Illuminate\\Pipeline\\Pipeline->Illuminate\\Pipeline\\{closure}(Object(Illuminate\\Http\\Request))
#25 /Users/aleksandr/projects/btf/vendor/laravel/framework/src/Illuminate/Session/Middleware/StartSession.php(64): Illuminate\\Session\\Middleware\\StartSession->handleStatefulRequest(Object(Illuminate\\Http\\Request), Object(Illuminate\\Session\\Store), Object(Closure))
#26 /Users/aleksandr/projects/btf/vendor/laravel/framework/src/Illuminate/Pipeline/Pipeline.php(209): Illuminate\\Session\\Middleware\\StartSession->handle(Object(Illuminate\\Http\\Request), Object(Closure))
#27 /Users/aleksandr/projects/btf/vendor/laravel/framework/src/Illuminate/Cookie/Middleware/AddQueuedCookiesToResponse.php(37): Illuminate\\Pipeline\\Pipeline->Illuminate\\Pipeline\\{closure}(Object(Illuminate\\Http\\Request))
#28 /Users/aleksandr/projects/btf/vendor/laravel/framework/src/Illuminate/Pipeline/Pipeline.php(209): Illuminate\\Cookie\\Middleware\\AddQueuedCookiesToResponse->handle(Object(Illuminate\\Http\\Request), Object(Closure))
#29 /Users/aleksandr/projects/btf/vendor/laravel/framework/src/Illuminate/Cookie/Middleware/EncryptCookies.php(75): Illuminate\\Pipeline\\Pipeline->Illuminate\\Pipeline\\{closure}(Object(Illuminate\\Http\\Request))
#30 /Users/aleksandr/projects/btf/vendor/laravel/framework/src/Illuminate/Pipeline/Pipeline.php(209): Illuminate\\Cookie\\Middleware\\EncryptCookies->handle(Object(Illuminate\\Http\\Request), Object(Closure))
#31 /Users/aleksandr/projects/btf/vendor/laravel/framework/src/Illuminate/Pipeline/Pipeline.php(127): Illuminate\\Pipeline\\Pipeline->Illuminate\\Pipeline\\{closure}(Object(Illuminate\\Http\\Request))
#32 /Users/aleksandr/projects/btf/vendor/laravel/framework/src/Illuminate/Routing/Router.php(807): Illuminate\\Pipeline\\Pipeline->then(Object(Closure))
#33 /Users/aleksandr/projects/btf/vendor/laravel/framework/src/Illuminate/Routing/Router.php(786): Illuminate\\Routing\\Router->runRouteWithinStack(Object(Illuminate\\Routing\\Route), Object(Illuminate\\Http\\Request))
#34 /Users/aleksandr/projects/btf/vendor/laravel/framework/src/Illuminate/Routing/Router.php(750): Illuminate\\Routing\\Router->runRoute(Object(Illuminate\\Http\\Request), Object(Illuminate\\Routing\\Route))
#35 /Users/aleksandr/projects/btf/vendor/laravel/framework/src/Illuminate/Routing/Router.php(739): Illuminate\\Routing\\Router->dispatchToRoute(Object(Illuminate\\Http\\Request))
#36 /Users/aleksandr/projects/btf/vendor/laravel/framework/src/Illuminate/Foundation/Http/Kernel.php(201): Illuminate\\Routing\\Router->dispatch(Object(Illuminate\\Http\\Request))
#37 /Users/aleksandr/projects/btf/vendor/laravel/framework/src/Illuminate/Pipeline/Pipeline.php(170): Illuminate\\Foundation\\Http\\Kernel->Illuminate\\Foundation\\Http\\{closure}(Object(Illuminate\\Http\\Request))
#38 /Users/aleksandr/projects/btf/vendor/barryvdh/laravel-debugbar/src/Middleware/InjectDebugbar.php(66): Illuminate\\Pipeline\\Pipeline->Illuminate\\Pipeline\\{closure}(Object(Illuminate\\Http\\Request))
#39 /Users/aleksandr/projects/btf/vendor/laravel/framework/src/Illuminate/Pipeline/Pipeline.php(209): Barryvdh\\Debugbar\\Middleware\\InjectDebugbar->handle(Object(Illuminate\\Http\\Request), Object(Closure))
#40 /Users/aleksandr/projects/btf/vendor/laravel/framework/src/Illuminate/Foundation/Http/Middleware/TransformsRequest.php(21): Illuminate\\Pipeline\\Pipeline->Illuminate\\Pipeline\\{closure}(Object(Illuminate\\Http\\Request))
#41 /Users/aleksandr/projects/btf/vendor/laravel/framework/src/Illuminate/Foundation/Http/Middleware/ConvertEmptyStringsToNull.php(31): Illuminate\\Foundation\\Http\\Middleware\\TransformsRequest->handle(Object(Illuminate\\Http\\Request), Object(Closure))
#42 /Users/aleksandr/projects/btf/vendor/laravel/framework/src/Illuminate/Pipeline/Pipeline.php(209): Illuminate\\Foundation\\Http\\Middleware\\ConvertEmptyStringsToNull->handle(Object(Illuminate\\Http\\Request), Object(Closure))
#43 /Users/aleksandr/projects/btf/vendor/laravel/framework/src/Illuminate/Foundation/Http/Middleware/TransformsRequest.php(21): Illuminate\\Pipeline\\Pipeline->Illuminate\\Pipeline\\{closure}(Object(Illuminate\\Http\\Request))
#44 /Users/aleksandr/projects/btf/vendor/laravel/framework/src/Illuminate/Foundation/Http/Middleware/TrimStrings.php(51): Illuminate\\Foundation\\Http\\Middleware\\TransformsRequest->handle(Object(Illuminate\\Http\\Request), Object(Closure))
#45 /Users/aleksandr/projects/btf/vendor/laravel/framework/src/Illuminate/Pipeline/Pipeline.php(209): Illuminate\\Foundation\\Http\\Middleware\\TrimStrings->handle(Object(Illuminate\\Http\\Request), Object(Closure))
#46 /Users/aleksandr/projects/btf/vendor/laravel/framework/src/Illuminate/Http/Middleware/ValidatePostSize.php(27): Illuminate\\Pipeline\\Pipeline->Illuminate\\Pipeline\\{closure}(Object(Illuminate\\Http\\Request))
#47 /Users/aleksandr/projects/btf/vendor/laravel/framework/src/Illuminate/Pipeline/Pipeline.php(209): Illuminate\\Http\\Middleware\\ValidatePostSize->handle(Object(Illuminate\\Http\\Request), Object(Closure))
#48 /Users/aleksandr/projects/btf/vendor/laravel/framework/src/Illuminate/Foundation/Http/Middleware/PreventRequestsDuringMaintenance.php(110): Illuminate\\Pipeline\\Pipeline->Illuminate\\Pipeline\\{closure}(Object(Illuminate\\Http\\Request))
#49 /Users/aleksandr/projects/btf/vendor/laravel/framework/src/Illuminate/Pipeline/Pipeline.php(209): Illuminate\\Foundation\\Http\\Middleware\\PreventRequestsDuringMaintenance->handle(Object(Illuminate\\Http\\Request), Object(Closure))
#50 /Users/aleksandr/projects/btf/vendor/laravel/framework/src/Illuminate/Http/Middleware/HandleCors.php(62): Illuminate\\Pipeline\\Pipeline->Illuminate\\Pipeline\\{closure}(Object(Illuminate\\Http\\Request))
#51 /Users/aleksandr/projects/btf/vendor/laravel/framework/src/Illuminate/Pipeline/Pipeline.php(209): Illuminate\\Http\\Middleware\\HandleCors->handle(Object(Illuminate\\Http\\Request), Object(Closure))
#52 /Users/aleksandr/projects/btf/vendor/laravel/framework/src/Illuminate/Http/Middleware/TrustProxies.php(58): Illuminate\\Pipeline\\Pipeline->Illuminate\\Pipeline\\{closure}(Object(Illuminate\\Http\\Request))
#53 /Users/aleksandr/projects/btf/vendor/laravel/framework/src/Illuminate/Pipeline/Pipeline.php(209): Illuminate\\Http\\Middleware\\TrustProxies->handle(Object(Illuminate\\Http\\Request), Object(Closure))
#54 /Users/aleksandr/projects/btf/vendor/laravel/framework/src/Illuminate/Pipeline/Pipeline.php(127): Illuminate\\Pipeline\\Pipeline->Illuminate\\Pipeline\\{closure}(Object(Illuminate\\Http\\Request))
#55 /Users/aleksandr/projects/btf/vendor/laravel/framework/src/Illuminate/Foundation/Http/Kernel.php(176): Illuminate\\Pipeline\\Pipeline->then(Object(Closure))
#56 /Users/aleksandr/projects/btf/vendor/laravel/framework/src/Illuminate/Foundation/Http/Kernel.php(145): Illuminate\\Foundation\\Http\\Kernel->sendRequestThroughRouter(Object(Illuminate\\Http\\Request))
#57 /Users/aleksandr/projects/btf/public/index.php(50): Illuminate\\Foundation\\Http\\Kernel->handle(Object(Illuminate\\Http\\Request))
#58 /Users/aleksandr/projects/btf/vendor/laravel/framework/src/Illuminate/Foundation/resources/server.php(23): require_once('/Users/aleksand...')
#59 {main}
"} 
[2025-05-01 12:32:23] production.ERROR: Method Illuminate\Routing\Redirector::json does not exist. {"userId":1,"exception":"[object] (BadMethodCallException(code: 0): Method Illuminate\\Routing\\Redirector::json does not exist. at /Users/aleksandr/projects/btf/vendor/laravel/framework/src/Illuminate/Macroable/Traits/Macroable.php:115)
[stacktrace]
#0 /Users/aleksandr/projects/btf/app/Http/Controllers/Backend/PermissionsController.php(60): Illuminate\\Routing\\Redirector->__call('json', Array)
#1 /Users/aleksandr/projects/btf/vendor/laravel/framework/src/Illuminate/Routing/Controller.php(54): App\\Http\\Controllers\\Backend\\PermissionsController->update(Object(Illuminate\\Http\\Request), 48)
#2 /Users/aleksandr/projects/btf/vendor/laravel/framework/src/Illuminate/Routing/ControllerDispatcher.php(44): Illuminate\\Routing\\Controller->callAction('update', Array)
#3 /Users/aleksandr/projects/btf/vendor/laravel/framework/src/Illuminate/Routing/Route.php(266): Illuminate\\Routing\\ControllerDispatcher->dispatch(Object(Illuminate\\Routing\\Route), Object(App\\Http\\Controllers\\Backend\\PermissionsController), 'update')
#4 /Users/aleksandr/projects/btf/vendor/laravel/framework/src/Illuminate/Routing/Route.php(212): Illuminate\\Routing\\Route->runController()
#5 /Users/aleksandr/projects/btf/vendor/laravel/framework/src/Illuminate/Routing/Router.php(808): Illuminate\\Routing\\Route->run()
#6 /Users/aleksandr/projects/btf/vendor/laravel/framework/src/Illuminate/Pipeline/Pipeline.php(170): Illuminate\\Routing\\Router->Illuminate\\Routing\\{closure}(Object(Illuminate\\Http\\Request))
#7 /Users/aleksandr/projects/btf/app/Http/Middleware/AdminCheck.php(15): Illuminate\\Pipeline\\Pipeline->Illuminate\\Pipeline\\{closure}(Object(Illuminate\\Http\\Request))
#8 /Users/aleksandr/projects/btf/vendor/laravel/framework/src/Illuminate/Pipeline/Pipeline.php(209): App\\Http\\Middleware\\AdminCheck->handle(Object(Illuminate\\Http\\Request), Object(Closure))
#9 /Users/aleksandr/projects/btf/vendor/barryvdh/laravel-debugbar/src/Middleware/InjectDebugbar.php(66): Illuminate\\Pipeline\\Pipeline->Illuminate\\Pipeline\\{closure}(Object(Illuminate\\Http\\Request))
#10 /Users/aleksandr/projects/btf/vendor/laravel/framework/src/Illuminate/Pipeline/Pipeline.php(209): Barryvdh\\Debugbar\\Middleware\\InjectDebugbar->handle(Object(Illuminate\\Http\\Request), Object(Closure))
#11 /Users/aleksandr/projects/btf/app/Http/Middleware/UserActivity.php(20): Illuminate\\Pipeline\\Pipeline->Illuminate\\Pipeline\\{closure}(Object(Illuminate\\Http\\Request))
#12 /Users/aleksandr/projects/btf/vendor/laravel/framework/src/Illuminate/Pipeline/Pipeline.php(209): App\\Http\\Middleware\\UserActivity->handle(Object(Illuminate\\Http\\Request), Object(Closure))
#13 /Users/aleksandr/projects/btf/app/Http/Middleware/SetLocale.php(51): Illuminate\\Pipeline\\Pipeline->Illuminate\\Pipeline\\{closure}(Object(Illuminate\\Http\\Request))
#14 /Users/aleksandr/projects/btf/vendor/laravel/framework/src/Illuminate/Pipeline/Pipeline.php(209): App\\Http\\Middleware\\SetLocale->handle(Object(Illuminate\\Http\\Request), Object(Closure))
#15 /Users/aleksandr/projects/btf/vendor/erlandmuchasaj/laravel-gzip/src/Middleware/GzipEncodeResponse.php(19): Illuminate\\Pipeline\\Pipeline->Illuminate\\Pipeline\\{closure}(Object(Illuminate\\Http\\Request))
#16 /Users/aleksandr/projects/btf/vendor/laravel/framework/src/Illuminate/Pipeline/Pipeline.php(209): ErlandMuchasaj\\LaravelGzip\\Middleware\\GzipEncodeResponse->handle(Object(Illuminate\\Http\\Request), Object(Closure))
#17 /Users/aleksandr/projects/btf/vendor/laravel/framework/src/Illuminate/Routing/Middleware/SubstituteBindings.php(51): Illuminate\\Pipeline\\Pipeline->Illuminate\\Pipeline\\{closure}(Object(Illuminate\\Http\\Request))
#18 /Users/aleksandr/projects/btf/vendor/laravel/framework/src/Illuminate/Pipeline/Pipeline.php(209): Illuminate\\Routing\\Middleware\\SubstituteBindings->handle(Object(Illuminate\\Http\\Request), Object(Closure))
#19 /Users/aleksandr/projects/btf/vendor/laravel/framework/src/Illuminate/Auth/Middleware/Authenticate.php(64): Illuminate\\Pipeline\\Pipeline->Illuminate\\Pipeline\\{closure}(Object(Illuminate\\Http\\Request))
#20 /Users/aleksandr/projects/btf/vendor/laravel/framework/src/Illuminate/Pipeline/Pipeline.php(209): Illuminate\\Auth\\Middleware\\Authenticate->handle(Object(Illuminate\\Http\\Request), Object(Closure))
#21 /Users/aleksandr/projects/btf/vendor/laravel/framework/src/Illuminate/Foundation/Http/Middleware/VerifyCsrfToken.php(88): Illuminate\\Pipeline\\Pipeline->Illuminate\\Pipeline\\{closure}(Object(Illuminate\\Http\\Request))
#22 /Users/aleksandr/projects/btf/vendor/laravel/framework/src/Illuminate/Pipeline/Pipeline.php(209): Illuminate\\Foundation\\Http\\Middleware\\VerifyCsrfToken->handle(Object(Illuminate\\Http\\Request), Object(Closure))
#23 /Users/aleksandr/projects/btf/vendor/laravel/framework/src/Illuminate/View/Middleware/ShareErrorsFromSession.php(49): Illuminate\\Pipeline\\Pipeline->Illuminate\\Pipeline\\{closure}(Object(Illuminate\\Http\\Request))
#24 /Users/aleksandr/projects/btf/vendor/laravel/framework/src/Illuminate/Pipeline/Pipeline.php(209): Illuminate\\View\\Middleware\\ShareErrorsFromSession->handle(Object(Illuminate\\Http\\Request), Object(Closure))
#25 /Users/aleksandr/projects/btf/vendor/laravel/framework/src/Illuminate/Session/Middleware/StartSession.php(121): Illuminate\\Pipeline\\Pipeline->Illuminate\\Pipeline\\{closure}(Object(Illuminate\\Http\\Request))
#26 /Users/aleksandr/projects/btf/vendor/laravel/framework/src/Illuminate/Session/Middleware/StartSession.php(64): Illuminate\\Session\\Middleware\\StartSession->handleStatefulRequest(Object(Illuminate\\Http\\Request), Object(Illuminate\\Session\\Store), Object(Closure))
#27 /Users/aleksandr/projects/btf/vendor/laravel/framework/src/Illuminate/Pipeline/Pipeline.php(209): Illuminate\\Session\\Middleware\\StartSession->handle(Object(Illuminate\\Http\\Request), Object(Closure))
#28 /Users/aleksandr/projects/btf/vendor/laravel/framework/src/Illuminate/Cookie/Middleware/AddQueuedCookiesToResponse.php(37): Illuminate\\Pipeline\\Pipeline->Illuminate\\Pipeline\\{closure}(Object(Illuminate\\Http\\Request))
#29 /Users/aleksandr/projects/btf/vendor/laravel/framework/src/Illuminate/Pipeline/Pipeline.php(209): Illuminate\\Cookie\\Middleware\\AddQueuedCookiesToResponse->handle(Object(Illuminate\\Http\\Request), Object(Closure))
#30 /Users/aleksandr/projects/btf/vendor/laravel/framework/src/Illuminate/Cookie/Middleware/EncryptCookies.php(75): Illuminate\\Pipeline\\Pipeline->Illuminate\\Pipeline\\{closure}(Object(Illuminate\\Http\\Request))
#31 /Users/aleksandr/projects/btf/vendor/laravel/framework/src/Illuminate/Pipeline/Pipeline.php(209): Illuminate\\Cookie\\Middleware\\EncryptCookies->handle(Object(Illuminate\\Http\\Request), Object(Closure))
#32 /Users/aleksandr/projects/btf/vendor/laravel/framework/src/Illuminate/Pipeline/Pipeline.php(127): Illuminate\\Pipeline\\Pipeline->Illuminate\\Pipeline\\{closure}(Object(Illuminate\\Http\\Request))
#33 /Users/aleksandr/projects/btf/vendor/laravel/framework/src/Illuminate/Routing/Router.php(807): Illuminate\\Pipeline\\Pipeline->then(Object(Closure))
#34 /Users/aleksandr/projects/btf/vendor/laravel/framework/src/Illuminate/Routing/Router.php(786): Illuminate\\Routing\\Router->runRouteWithinStack(Object(Illuminate\\Routing\\Route), Object(Illuminate\\Http\\Request))
#35 /Users/aleksandr/projects/btf/vendor/laravel/framework/src/Illuminate/Routing/Router.php(750): Illuminate\\Routing\\Router->runRoute(Object(Illuminate\\Http\\Request), Object(Illuminate\\Routing\\Route))
#36 /Users/aleksandr/projects/btf/vendor/laravel/framework/src/Illuminate/Routing/Router.php(739): Illuminate\\Routing\\Router->dispatchToRoute(Object(Illuminate\\Http\\Request))
#37 /Users/aleksandr/projects/btf/vendor/laravel/framework/src/Illuminate/Foundation/Http/Kernel.php(201): Illuminate\\Routing\\Router->dispatch(Object(Illuminate\\Http\\Request))
#38 /Users/aleksandr/projects/btf/vendor/laravel/framework/src/Illuminate/Pipeline/Pipeline.php(170): Illuminate\\Foundation\\Http\\Kernel->Illuminate\\Foundation\\Http\\{closure}(Object(Illuminate\\Http\\Request))
#39 /Users/aleksandr/projects/btf/vendor/barryvdh/laravel-debugbar/src/Middleware/InjectDebugbar.php(66): Illuminate\\Pipeline\\Pipeline->Illuminate\\Pipeline\\{closure}(Object(Illuminate\\Http\\Request))
#40 /Users/aleksandr/projects/btf/vendor/laravel/framework/src/Illuminate/Pipeline/Pipeline.php(209): Barryvdh\\Debugbar\\Middleware\\InjectDebugbar->handle(Object(Illuminate\\Http\\Request), Object(Closure))
#41 /Users/aleksandr/projects/btf/vendor/laravel/framework/src/Illuminate/Foundation/Http/Middleware/TransformsRequest.php(21): Illuminate\\Pipeline\\Pipeline->Illuminate\\Pipeline\\{closure}(Object(Illuminate\\Http\\Request))
#42 /Users/aleksandr/projects/btf/vendor/laravel/framework/src/Illuminate/Foundation/Http/Middleware/ConvertEmptyStringsToNull.php(31): Illuminate\\Foundation\\Http\\Middleware\\TransformsRequest->handle(Object(Illuminate\\Http\\Request), Object(Closure))
#43 /Users/aleksandr/projects/btf/vendor/laravel/framework/src/Illuminate/Pipeline/Pipeline.php(209): Illuminate\\Foundation\\Http\\Middleware\\ConvertEmptyStringsToNull->handle(Object(Illuminate\\Http\\Request), Object(Closure))
#44 /Users/aleksandr/projects/btf/vendor/laravel/framework/src/Illuminate/Foundation/Http/Middleware/TransformsRequest.php(21): Illuminate\\Pipeline\\Pipeline->Illuminate\\Pipeline\\{closure}(Object(Illuminate\\Http\\Request))
#45 /Users/aleksandr/projects/btf/vendor/laravel/framework/src/Illuminate/Foundation/Http/Middleware/TrimStrings.php(51): Illuminate\\Foundation\\Http\\Middleware\\TransformsRequest->handle(Object(Illuminate\\Http\\Request), Object(Closure))
#46 /Users/aleksandr/projects/btf/vendor/laravel/framework/src/Illuminate/Pipeline/Pipeline.php(209): Illuminate\\Foundation\\Http\\Middleware\\TrimStrings->handle(Object(Illuminate\\Http\\Request), Object(Closure))
#47 /Users/aleksandr/projects/btf/vendor/laravel/framework/src/Illuminate/Http/Middleware/ValidatePostSize.php(27): Illuminate\\Pipeline\\Pipeline->Illuminate\\Pipeline\\{closure}(Object(Illuminate\\Http\\Request))
#48 /Users/aleksandr/projects/btf/vendor/laravel/framework/src/Illuminate/Pipeline/Pipeline.php(209): Illuminate\\Http\\Middleware\\ValidatePostSize->handle(Object(Illuminate\\Http\\Request), Object(Closure))
#49 /Users/aleksandr/projects/btf/vendor/laravel/framework/src/Illuminate/Foundation/Http/Middleware/PreventRequestsDuringMaintenance.php(110): Illuminate\\Pipeline\\Pipeline->Illuminate\\Pipeline\\{closure}(Object(Illuminate\\Http\\Request))
#50 /Users/aleksandr/projects/btf/vendor/laravel/framework/src/Illuminate/Pipeline/Pipeline.php(209): Illuminate\\Foundation\\Http\\Middleware\\PreventRequestsDuringMaintenance->handle(Object(Illuminate\\Http\\Request), Object(Closure))
#51 /Users/aleksandr/projects/btf/vendor/laravel/framework/src/Illuminate/Http/Middleware/HandleCors.php(62): Illuminate\\Pipeline\\Pipeline->Illuminate\\Pipeline\\{closure}(Object(Illuminate\\Http\\Request))
#52 /Users/aleksandr/projects/btf/vendor/laravel/framework/src/Illuminate/Pipeline/Pipeline.php(209): Illuminate\\Http\\Middleware\\HandleCors->handle(Object(Illuminate\\Http\\Request), Object(Closure))
#53 /Users/aleksandr/projects/btf/vendor/laravel/framework/src/Illuminate/Http/Middleware/TrustProxies.php(58): Illuminate\\Pipeline\\Pipeline->Illuminate\\Pipeline\\{closure}(Object(Illuminate\\Http\\Request))
#54 /Users/aleksandr/projects/btf/vendor/laravel/framework/src/Illuminate/Pipeline/Pipeline.php(209): Illuminate\\Http\\Middleware\\TrustProxies->handle(Object(Illuminate\\Http\\Request), Object(Closure))
#55 /Users/aleksandr/projects/btf/vendor/laravel/framework/src/Illuminate/Pipeline/Pipeline.php(127): Illuminate\\Pipeline\\Pipeline->Illuminate\\Pipeline\\{closure}(Object(Illuminate\\Http\\Request))
#56 /Users/aleksandr/projects/btf/vendor/laravel/framework/src/Illuminate/Foundation/Http/Kernel.php(176): Illuminate\\Pipeline\\Pipeline->then(Object(Closure))
#57 /Users/aleksandr/projects/btf/vendor/laravel/framework/src/Illuminate/Foundation/Http/Kernel.php(145): Illuminate\\Foundation\\Http\\Kernel->sendRequestThroughRouter(Object(Illuminate\\Http\\Request))
#58 /Users/aleksandr/projects/btf/public/index.php(50): Illuminate\\Foundation\\Http\\Kernel->handle(Object(Illuminate\\Http\\Request))
#59 /Users/aleksandr/projects/btf/vendor/laravel/framework/src/Illuminate/Foundation/resources/server.php(23): require_once('/Users/aleksand...')
#60 {main}
"} 
[2025-05-01 13:04:10] production.ERROR: SQLSTATE[42S22]: Column not found: 1054 Unknown column 'created_at2' in 'order clause' (Connection: mysql, SQL: select `id`, `name`, `surname`, `email`, `phone`, `picture`, `birthdate`, `created_at`, `role_id`, `birthdate`, `status` from `users` order by `created_at2` desc, `id` asc limit 10 offset 0) {"userId":1,"exception":"[object] (Illuminate\\Database\\QueryException(code: 42S22): SQLSTATE[42S22]: Column not found: 1054 Unknown column 'created_at2' in 'order clause' (Connection: mysql, SQL: select `id`, `name`, `surname`, `email`, `phone`, `picture`, `birthdate`, `created_at`, `role_id`, `birthdate`, `status` from `users` order by `created_at2` desc, `id` asc limit 10 offset 0) at /Users/aleksandr/projects/btf/vendor/laravel/framework/src/Illuminate/Database/Connection.php:825)
[stacktrace]
#0 /Users/aleksandr/projects/btf/vendor/laravel/framework/src/Illuminate/Database/Connection.php(779): Illuminate\\Database\\Connection->runQueryCallback('select `id`, `n...', Array, Object(Closure))
#1 /Users/aleksandr/projects/btf/vendor/laravel/framework/src/Illuminate/Database/Connection.php(398): Illuminate\\Database\\Connection->run('select `id`, `n...', Array, Object(Closure))
#2 /Users/aleksandr/projects/btf/vendor/laravel/framework/src/Illuminate/Database/Query/Builder.php(3106): Illuminate\\Database\\Connection->select('select `id`, `n...', Array, true)
#3 /Users/aleksandr/projects/btf/vendor/laravel/framework/src/Illuminate/Database/Query/Builder.php(3091): Illuminate\\Database\\Query\\Builder->runSelect()
#4 /Users/aleksandr/projects/btf/vendor/laravel/framework/src/Illuminate/Database/Query/Builder.php(3676): Illuminate\\Database\\Query\\Builder->Illuminate\\Database\\Query\\{closure}()
#5 /Users/aleksandr/projects/btf/vendor/laravel/framework/src/Illuminate/Database/Query/Builder.php(3090): Illuminate\\Database\\Query\\Builder->onceWithColumns(Array, Object(Closure))
#6 /Users/aleksandr/projects/btf/vendor/laravel/framework/src/Illuminate/Database/Eloquent/Builder.php(811): Illuminate\\Database\\Query\\Builder->get(Array)
#7 /Users/aleksandr/projects/btf/vendor/laravel/framework/src/Illuminate/Database/Eloquent/Builder.php(793): Illuminate\\Database\\Eloquent\\Builder->getModels(Array)
#8 /Users/aleksandr/projects/btf/vendor/laravel/framework/src/Illuminate/Database/Eloquent/Builder.php(1034): Illuminate\\Database\\Eloquent\\Builder->get(Array)
#9 /Users/aleksandr/projects/btf/app/Http/Controllers/Backend/UsersController.php(54): Illuminate\\Database\\Eloquent\\Builder->paginate(10)
#10 /Users/aleksandr/projects/btf/vendor/laravel/framework/src/Illuminate/Routing/Controller.php(54): App\\Http\\Controllers\\Backend\\UsersController->index(Object(Illuminate\\Http\\Request))
#11 /Users/aleksandr/projects/btf/vendor/laravel/framework/src/Illuminate/Routing/ControllerDispatcher.php(44): Illuminate\\Routing\\Controller->callAction('index', Array)
#12 /Users/aleksandr/projects/btf/vendor/laravel/framework/src/Illuminate/Routing/Route.php(266): Illuminate\\Routing\\ControllerDispatcher->dispatch(Object(Illuminate\\Routing\\Route), Object(App\\Http\\Controllers\\Backend\\UsersController), 'index')
#13 /Users/aleksandr/projects/btf/vendor/laravel/framework/src/Illuminate/Routing/Route.php(212): Illuminate\\Routing\\Route->runController()
#14 /Users/aleksandr/projects/btf/vendor/laravel/framework/src/Illuminate/Routing/Router.php(808): Illuminate\\Routing\\Route->run()
#15 /Users/aleksandr/projects/btf/vendor/laravel/framework/src/Illuminate/Pipeline/Pipeline.php(170): Illuminate\\Routing\\Router->Illuminate\\Routing\\{closure}(Object(Illuminate\\Http\\Request))
#16 /Users/aleksandr/projects/btf/app/Http/Middleware/AdminCheck.php(15): Illuminate\\Pipeline\\Pipeline->Illuminate\\Pipeline\\{closure}(Object(Illuminate\\Http\\Request))
#17 /Users/aleksandr/projects/btf/vendor/laravel/framework/src/Illuminate/Pipeline/Pipeline.php(209): App\\Http\\Middleware\\AdminCheck->handle(Object(Illuminate\\Http\\Request), Object(Closure))
#18 /Users/aleksandr/projects/btf/vendor/barryvdh/laravel-debugbar/src/Middleware/InjectDebugbar.php(66): Illuminate\\Pipeline\\Pipeline->Illuminate\\Pipeline\\{closure}(Object(Illuminate\\Http\\Request))
#19 /Users/aleksandr/projects/btf/vendor/laravel/framework/src/Illuminate/Pipeline/Pipeline.php(209): Barryvdh\\Debugbar\\Middleware\\InjectDebugbar->handle(Object(Illuminate\\Http\\Request), Object(Closure))
#20 /Users/aleksandr/projects/btf/app/Http/Middleware/UserActivity.php(20): Illuminate\\Pipeline\\Pipeline->Illuminate\\Pipeline\\{closure}(Object(Illuminate\\Http\\Request))
#21 /Users/aleksandr/projects/btf/vendor/laravel/framework/src/Illuminate/Pipeline/Pipeline.php(209): App\\Http\\Middleware\\UserActivity->handle(Object(Illuminate\\Http\\Request), Object(Closure))
#22 /Users/aleksandr/projects/btf/app/Http/Middleware/SetLocale.php(51): Illuminate\\Pipeline\\Pipeline->Illuminate\\Pipeline\\{closure}(Object(Illuminate\\Http\\Request))
#23 /Users/aleksandr/projects/btf/vendor/laravel/framework/src/Illuminate/Pipeline/Pipeline.php(209): App\\Http\\Middleware\\SetLocale->handle(Object(Illuminate\\Http\\Request), Object(Closure))
#24 /Users/aleksandr/projects/btf/vendor/erlandmuchasaj/laravel-gzip/src/Middleware/GzipEncodeResponse.php(19): Illuminate\\Pipeline\\Pipeline->Illuminate\\Pipeline\\{closure}(Object(Illuminate\\Http\\Request))
#25 /Users/aleksandr/projects/btf/vendor/laravel/framework/src/Illuminate/Pipeline/Pipeline.php(209): ErlandMuchasaj\\LaravelGzip\\Middleware\\GzipEncodeResponse->handle(Object(Illuminate\\Http\\Request), Object(Closure))
#26 /Users/aleksandr/projects/btf/vendor/laravel/framework/src/Illuminate/Routing/Middleware/SubstituteBindings.php(51): Illuminate\\Pipeline\\Pipeline->Illuminate\\Pipeline\\{closure}(Object(Illuminate\\Http\\Request))
#27 /Users/aleksandr/projects/btf/vendor/laravel/framework/src/Illuminate/Pipeline/Pipeline.php(209): Illuminate\\Routing\\Middleware\\SubstituteBindings->handle(Object(Illuminate\\Http\\Request), Object(Closure))
#28 /Users/aleksandr/projects/btf/vendor/laravel/framework/src/Illuminate/Auth/Middleware/Authenticate.php(64): Illuminate\\Pipeline\\Pipeline->Illuminate\\Pipeline\\{closure}(Object(Illuminate\\Http\\Request))
#29 /Users/aleksandr/projects/btf/vendor/laravel/framework/src/Illuminate/Pipeline/Pipeline.php(209): Illuminate\\Auth\\Middleware\\Authenticate->handle(Object(Illuminate\\Http\\Request), Object(Closure))
#30 /Users/aleksandr/projects/btf/vendor/laravel/framework/src/Illuminate/Foundation/Http/Middleware/VerifyCsrfToken.php(88): Illuminate\\Pipeline\\Pipeline->Illuminate\\Pipeline\\{closure}(Object(Illuminate\\Http\\Request))
#31 /Users/aleksandr/projects/btf/vendor/laravel/framework/src/Illuminate/Pipeline/Pipeline.php(209): Illuminate\\Foundation\\Http\\Middleware\\VerifyCsrfToken->handle(Object(Illuminate\\Http\\Request), Object(Closure))
#32 /Users/aleksandr/projects/btf/vendor/laravel/framework/src/Illuminate/View/Middleware/ShareErrorsFromSession.php(49): Illuminate\\Pipeline\\Pipeline->Illuminate\\Pipeline\\{closure}(Object(Illuminate\\Http\\Request))
#33 /Users/aleksandr/projects/btf/vendor/laravel/framework/src/Illuminate/Pipeline/Pipeline.php(209): Illuminate\\View\\Middleware\\ShareErrorsFromSession->handle(Object(Illuminate\\Http\\Request), Object(Closure))
#34 /Users/aleksandr/projects/btf/vendor/laravel/framework/src/Illuminate/Session/Middleware/StartSession.php(121): Illuminate\\Pipeline\\Pipeline->Illuminate\\Pipeline\\{closure}(Object(Illuminate\\Http\\Request))
#35 /Users/aleksandr/projects/btf/vendor/laravel/framework/src/Illuminate/Session/Middleware/StartSession.php(64): Illuminate\\Session\\Middleware\\StartSession->handleStatefulRequest(Object(Illuminate\\Http\\Request), Object(Illuminate\\Session\\Store), Object(Closure))
#36 /Users/aleksandr/projects/btf/vendor/laravel/framework/src/Illuminate/Pipeline/Pipeline.php(209): Illuminate\\Session\\Middleware\\StartSession->handle(Object(Illuminate\\Http\\Request), Object(Closure))
#37 /Users/aleksandr/projects/btf/vendor/laravel/framework/src/Illuminate/Cookie/Middleware/AddQueuedCookiesToResponse.php(37): Illuminate\\Pipeline\\Pipeline->Illuminate\\Pipeline\\{closure}(Object(Illuminate\\Http\\Request))
#38 /Users/aleksandr/projects/btf/vendor/laravel/framework/src/Illuminate/Pipeline/Pipeline.php(209): Illuminate\\Cookie\\Middleware\\AddQueuedCookiesToResponse->handle(Object(Illuminate\\Http\\Request), Object(Closure))
#39 /Users/aleksandr/projects/btf/vendor/laravel/framework/src/Illuminate/Cookie/Middleware/EncryptCookies.php(75): Illuminate\\Pipeline\\Pipeline->Illuminate\\Pipeline\\{closure}(Object(Illuminate\\Http\\Request))
#40 /Users/aleksandr/projects/btf/vendor/laravel/framework/src/Illuminate/Pipeline/Pipeline.php(209): Illuminate\\Cookie\\Middleware\\EncryptCookies->handle(Object(Illuminate\\Http\\Request), Object(Closure))
#41 /Users/aleksandr/projects/btf/vendor/laravel/framework/src/Illuminate/Pipeline/Pipeline.php(127): Illuminate\\Pipeline\\Pipeline->Illuminate\\Pipeline\\{closure}(Object(Illuminate\\Http\\Request))
#42 /Users/aleksandr/projects/btf/vendor/laravel/framework/src/Illuminate/Routing/Router.php(807): Illuminate\\Pipeline\\Pipeline->then(Object(Closure))
#43 /Users/aleksandr/projects/btf/vendor/laravel/framework/src/Illuminate/Routing/Router.php(786): Illuminate\\Routing\\Router->runRouteWithinStack(Object(Illuminate\\Routing\\Route), Object(Illuminate\\Http\\Request))
#44 /Users/aleksandr/projects/btf/vendor/laravel/framework/src/Illuminate/Routing/Router.php(750): Illuminate\\Routing\\Router->runRoute(Object(Illuminate\\Http\\Request), Object(Illuminate\\Routing\\Route))
#45 /Users/aleksandr/projects/btf/vendor/laravel/framework/src/Illuminate/Routing/Router.php(739): Illuminate\\Routing\\Router->dispatchToRoute(Object(Illuminate\\Http\\Request))
#46 /Users/aleksandr/projects/btf/vendor/laravel/framework/src/Illuminate/Foundation/Http/Kernel.php(201): Illuminate\\Routing\\Router->dispatch(Object(Illuminate\\Http\\Request))
#47 /Users/aleksandr/projects/btf/vendor/laravel/framework/src/Illuminate/Pipeline/Pipeline.php(170): Illuminate\\Foundation\\Http\\Kernel->Illuminate\\Foundation\\Http\\{closure}(Object(Illuminate\\Http\\Request))
#48 /Users/aleksandr/projects/btf/vendor/barryvdh/laravel-debugbar/src/Middleware/InjectDebugbar.php(66): Illuminate\\Pipeline\\Pipeline->Illuminate\\Pipeline\\{closure}(Object(Illuminate\\Http\\Request))
#49 /Users/aleksandr/projects/btf/vendor/laravel/framework/src/Illuminate/Pipeline/Pipeline.php(209): Barryvdh\\Debugbar\\Middleware\\InjectDebugbar->handle(Object(Illuminate\\Http\\Request), Object(Closure))
#50 /Users/aleksandr/projects/btf/vendor/laravel/framework/src/Illuminate/Foundation/Http/Middleware/TransformsRequest.php(21): Illuminate\\Pipeline\\Pipeline->Illuminate\\Pipeline\\{closure}(Object(Illuminate\\Http\\Request))
#51 /Users/aleksandr/projects/btf/vendor/laravel/framework/src/Illuminate/Foundation/Http/Middleware/ConvertEmptyStringsToNull.php(31): Illuminate\\Foundation\\Http\\Middleware\\TransformsRequest->handle(Object(Illuminate\\Http\\Request), Object(Closure))
#52 /Users/aleksandr/projects/btf/vendor/laravel/framework/src/Illuminate/Pipeline/Pipeline.php(209): Illuminate\\Foundation\\Http\\Middleware\\ConvertEmptyStringsToNull->handle(Object(Illuminate\\Http\\Request), Object(Closure))
#53 /Users/aleksandr/projects/btf/vendor/laravel/framework/src/Illuminate/Foundation/Http/Middleware/TransformsRequest.php(21): Illuminate\\Pipeline\\Pipeline->Illuminate\\Pipeline\\{closure}(Object(Illuminate\\Http\\Request))
#54 /Users/aleksandr/projects/btf/vendor/laravel/framework/src/Illuminate/Foundation/Http/Middleware/TrimStrings.php(51): Illuminate\\Foundation\\Http\\Middleware\\TransformsRequest->handle(Object(Illuminate\\Http\\Request), Object(Closure))
#55 /Users/aleksandr/projects/btf/vendor/laravel/framework/src/Illuminate/Pipeline/Pipeline.php(209): Illuminate\\Foundation\\Http\\Middleware\\TrimStrings->handle(Object(Illuminate\\Http\\Request), Object(Closure))
#56 /Users/aleksandr/projects/btf/vendor/laravel/framework/src/Illuminate/Http/Middleware/ValidatePostSize.php(27): Illuminate\\Pipeline\\Pipeline->Illuminate\\Pipeline\\{closure}(Object(Illuminate\\Http\\Request))
#57 /Users/aleksandr/projects/btf/vendor/laravel/framework/src/Illuminate/Pipeline/Pipeline.php(209): Illuminate\\Http\\Middleware\\ValidatePostSize->handle(Object(Illuminate\\Http\\Request), Object(Closure))
#58 /Users/aleksandr/projects/btf/vendor/laravel/framework/src/Illuminate/Foundation/Http/Middleware/PreventRequestsDuringMaintenance.php(110): Illuminate\\Pipeline\\Pipeline->Illuminate\\Pipeline\\{closure}(Object(Illuminate\\Http\\Request))
#59 /Users/aleksandr/projects/btf/vendor/laravel/framework/src/Illuminate/Pipeline/Pipeline.php(209): Illuminate\\Foundation\\Http\\Middleware\\PreventRequestsDuringMaintenance->handle(Object(Illuminate\\Http\\Request), Object(Closure))
#60 /Users/aleksandr/projects/btf/vendor/laravel/framework/src/Illuminate/Http/Middleware/HandleCors.php(62): Illuminate\\Pipeline\\Pipeline->Illuminate\\Pipeline\\{closure}(Object(Illuminate\\Http\\Request))
#61 /Users/aleksandr/projects/btf/vendor/laravel/framework/src/Illuminate/Pipeline/Pipeline.php(209): Illuminate\\Http\\Middleware\\HandleCors->handle(Object(Illuminate\\Http\\Request), Object(Closure))
#62 /Users/aleksandr/projects/btf/vendor/laravel/framework/src/Illuminate/Http/Middleware/TrustProxies.php(58): Illuminate\\Pipeline\\Pipeline->Illuminate\\Pipeline\\{closure}(Object(Illuminate\\Http\\Request))
#63 /Users/aleksandr/projects/btf/vendor/laravel/framework/src/Illuminate/Pipeline/Pipeline.php(209): Illuminate\\Http\\Middleware\\TrustProxies->handle(Object(Illuminate\\Http\\Request), Object(Closure))
#64 /Users/aleksandr/projects/btf/vendor/laravel/framework/src/Illuminate/Pipeline/Pipeline.php(127): Illuminate\\Pipeline\\Pipeline->Illuminate\\Pipeline\\{closure}(Object(Illuminate\\Http\\Request))
#65 /Users/aleksandr/projects/btf/vendor/laravel/framework/src/Illuminate/Foundation/Http/Kernel.php(176): Illuminate\\Pipeline\\Pipeline->then(Object(Closure))
#66 /Users/aleksandr/projects/btf/vendor/laravel/framework/src/Illuminate/Foundation/Http/Kernel.php(145): Illuminate\\Foundation\\Http\\Kernel->sendRequestThroughRouter(Object(Illuminate\\Http\\Request))
#67 /Users/aleksandr/projects/btf/public/index.php(50): Illuminate\\Foundation\\Http\\Kernel->handle(Object(Illuminate\\Http\\Request))
#68 /Users/aleksandr/projects/btf/vendor/laravel/framework/src/Illuminate/Foundation/resources/server.php(23): require_once('/Users/aleksand...')
#69 {main}

[previous exception] [object] (PDOException(code: 42S22): SQLSTATE[42S22]: Column not found: 1054 Unknown column 'created_at2' in 'order clause' at /Users/aleksandr/projects/btf/vendor/laravel/framework/src/Illuminate/Database/Connection.php:407)
[stacktrace]
#0 /Users/aleksandr/projects/btf/vendor/laravel/framework/src/Illuminate/Database/Connection.php(407): PDO->prepare('select `id`, `n...')
#1 /Users/aleksandr/projects/btf/vendor/laravel/framework/src/Illuminate/Database/Connection.php(812): Illuminate\\Database\\Connection->Illuminate\\Database\\{closure}('select `id`, `n...', Array)
#2 /Users/aleksandr/projects/btf/vendor/laravel/framework/src/Illuminate/Database/Connection.php(779): Illuminate\\Database\\Connection->runQueryCallback('select `id`, `n...', Array, Object(Closure))
#3 /Users/aleksandr/projects/btf/vendor/laravel/framework/src/Illuminate/Database/Connection.php(398): Illuminate\\Database\\Connection->run('select `id`, `n...', Array, Object(Closure))
#4 /Users/aleksandr/projects/btf/vendor/laravel/framework/src/Illuminate/Database/Query/Builder.php(3106): Illuminate\\Database\\Connection->select('select `id`, `n...', Array, true)
#5 /Users/aleksandr/projects/btf/vendor/laravel/framework/src/Illuminate/Database/Query/Builder.php(3091): Illuminate\\Database\\Query\\Builder->runSelect()
#6 /Users/aleksandr/projects/btf/vendor/laravel/framework/src/Illuminate/Database/Query/Builder.php(3676): Illuminate\\Database\\Query\\Builder->Illuminate\\Database\\Query\\{closure}()
#7 /Users/aleksandr/projects/btf/vendor/laravel/framework/src/Illuminate/Database/Query/Builder.php(3090): Illuminate\\Database\\Query\\Builder->onceWithColumns(Array, Object(Closure))
#8 /Users/aleksandr/projects/btf/vendor/laravel/framework/src/Illuminate/Database/Eloquent/Builder.php(811): Illuminate\\Database\\Query\\Builder->get(Array)
#9 /Users/aleksandr/projects/btf/vendor/laravel/framework/src/Illuminate/Database/Eloquent/Builder.php(793): Illuminate\\Database\\Eloquent\\Builder->getModels(Array)
#10 /Users/aleksandr/projects/btf/vendor/laravel/framework/src/Illuminate/Database/Eloquent/Builder.php(1034): Illuminate\\Database\\Eloquent\\Builder->get(Array)
#11 /Users/aleksandr/projects/btf/app/Http/Controllers/Backend/UsersController.php(54): Illuminate\\Database\\Eloquent\\Builder->paginate(10)
#12 /Users/aleksandr/projects/btf/vendor/laravel/framework/src/Illuminate/Routing/Controller.php(54): App\\Http\\Controllers\\Backend\\UsersController->index(Object(Illuminate\\Http\\Request))
#13 /Users/aleksandr/projects/btf/vendor/laravel/framework/src/Illuminate/Routing/ControllerDispatcher.php(44): Illuminate\\Routing\\Controller->callAction('index', Array)
#14 /Users/aleksandr/projects/btf/vendor/laravel/framework/src/Illuminate/Routing/Route.php(266): Illuminate\\Routing\\ControllerDispatcher->dispatch(Object(Illuminate\\Routing\\Route), Object(App\\Http\\Controllers\\Backend\\UsersController), 'index')
#15 /Users/aleksandr/projects/btf/vendor/laravel/framework/src/Illuminate/Routing/Route.php(212): Illuminate\\Routing\\Route->runController()
#16 /Users/aleksandr/projects/btf/vendor/laravel/framework/src/Illuminate/Routing/Router.php(808): Illuminate\\Routing\\Route->run()
#17 /Users/aleksandr/projects/btf/vendor/laravel/framework/src/Illuminate/Pipeline/Pipeline.php(170): Illuminate\\Routing\\Router->Illuminate\\Routing\\{closure}(Object(Illuminate\\Http\\Request))
#18 /Users/aleksandr/projects/btf/app/Http/Middleware/AdminCheck.php(15): Illuminate\\Pipeline\\Pipeline->Illuminate\\Pipeline\\{closure}(Object(Illuminate\\Http\\Request))
#19 /Users/aleksandr/projects/btf/vendor/laravel/framework/src/Illuminate/Pipeline/Pipeline.php(209): App\\Http\\Middleware\\AdminCheck->handle(Object(Illuminate\\Http\\Request), Object(Closure))
#20 /Users/aleksandr/projects/btf/vendor/barryvdh/laravel-debugbar/src/Middleware/InjectDebugbar.php(66): Illuminate\\Pipeline\\Pipeline->Illuminate\\Pipeline\\{closure}(Object(Illuminate\\Http\\Request))
#21 /Users/aleksandr/projects/btf/vendor/laravel/framework/src/Illuminate/Pipeline/Pipeline.php(209): Barryvdh\\Debugbar\\Middleware\\InjectDebugbar->handle(Object(Illuminate\\Http\\Request), Object(Closure))
#22 /Users/aleksandr/projects/btf/app/Http/Middleware/UserActivity.php(20): Illuminate\\Pipeline\\Pipeline->Illuminate\\Pipeline\\{closure}(Object(Illuminate\\Http\\Request))
#23 /Users/aleksandr/projects/btf/vendor/laravel/framework/src/Illuminate/Pipeline/Pipeline.php(209): App\\Http\\Middleware\\UserActivity->handle(Object(Illuminate\\Http\\Request), Object(Closure))
#24 /Users/aleksandr/projects/btf/app/Http/Middleware/SetLocale.php(51): Illuminate\\Pipeline\\Pipeline->Illuminate\\Pipeline\\{closure}(Object(Illuminate\\Http\\Request))
#25 /Users/aleksandr/projects/btf/vendor/laravel/framework/src/Illuminate/Pipeline/Pipeline.php(209): App\\Http\\Middleware\\SetLocale->handle(Object(Illuminate\\Http\\Request), Object(Closure))
#26 /Users/aleksandr/projects/btf/vendor/erlandmuchasaj/laravel-gzip/src/Middleware/GzipEncodeResponse.php(19): Illuminate\\Pipeline\\Pipeline->Illuminate\\Pipeline\\{closure}(Object(Illuminate\\Http\\Request))
#27 /Users/aleksandr/projects/btf/vendor/laravel/framework/src/Illuminate/Pipeline/Pipeline.php(209): ErlandMuchasaj\\LaravelGzip\\Middleware\\GzipEncodeResponse->handle(Object(Illuminate\\Http\\Request), Object(Closure))
#28 /Users/aleksandr/projects/btf/vendor/laravel/framework/src/Illuminate/Routing/Middleware/SubstituteBindings.php(51): Illuminate\\Pipeline\\Pipeline->Illuminate\\Pipeline\\{closure}(Object(Illuminate\\Http\\Request))
#29 /Users/aleksandr/projects/btf/vendor/laravel/framework/src/Illuminate/Pipeline/Pipeline.php(209): Illuminate\\Routing\\Middleware\\SubstituteBindings->handle(Object(Illuminate\\Http\\Request), Object(Closure))
#30 /Users/aleksandr/projects/btf/vendor/laravel/framework/src/Illuminate/Auth/Middleware/Authenticate.php(64): Illuminate\\Pipeline\\Pipeline->Illuminate\\Pipeline\\{closure}(Object(Illuminate\\Http\\Request))
#31 /Users/aleksandr/projects/btf/vendor/laravel/framework/src/Illuminate/Pipeline/Pipeline.php(209): Illuminate\\Auth\\Middleware\\Authenticate->handle(Object(Illuminate\\Http\\Request), Object(Closure))
#32 /Users/aleksandr/projects/btf/vendor/laravel/framework/src/Illuminate/Foundation/Http/Middleware/VerifyCsrfToken.php(88): Illuminate\\Pipeline\\Pipeline->Illuminate\\Pipeline\\{closure}(Object(Illuminate\\Http\\Request))
#33 /Users/aleksandr/projects/btf/vendor/laravel/framework/src/Illuminate/Pipeline/Pipeline.php(209): Illuminate\\Foundation\\Http\\Middleware\\VerifyCsrfToken->handle(Object(Illuminate\\Http\\Request), Object(Closure))
#34 /Users/aleksandr/projects/btf/vendor/laravel/framework/src/Illuminate/View/Middleware/ShareErrorsFromSession.php(49): Illuminate\\Pipeline\\Pipeline->Illuminate\\Pipeline\\{closure}(Object(Illuminate\\Http\\Request))
#35 /Users/aleksandr/projects/btf/vendor/laravel/framework/src/Illuminate/Pipeline/Pipeline.php(209): Illuminate\\View\\Middleware\\ShareErrorsFromSession->handle(Object(Illuminate\\Http\\Request), Object(Closure))
#36 /Users/aleksandr/projects/btf/vendor/laravel/framework/src/Illuminate/Session/Middleware/StartSession.php(121): Illuminate\\Pipeline\\Pipeline->Illuminate\\Pipeline\\{closure}(Object(Illuminate\\Http\\Request))
#37 /Users/aleksandr/projects/btf/vendor/laravel/framework/src/Illuminate/Session/Middleware/StartSession.php(64): Illuminate\\Session\\Middleware\\StartSession->handleStatefulRequest(Object(Illuminate\\Http\\Request), Object(Illuminate\\Session\\Store), Object(Closure))
#38 /Users/aleksandr/projects/btf/vendor/laravel/framework/src/Illuminate/Pipeline/Pipeline.php(209): Illuminate\\Session\\Middleware\\StartSession->handle(Object(Illuminate\\Http\\Request), Object(Closure))
#39 /Users/aleksandr/projects/btf/vendor/laravel/framework/src/Illuminate/Cookie/Middleware/AddQueuedCookiesToResponse.php(37): Illuminate\\Pipeline\\Pipeline->Illuminate\\Pipeline\\{closure}(Object(Illuminate\\Http\\Request))
#40 /Users/aleksandr/projects/btf/vendor/laravel/framework/src/Illuminate/Pipeline/Pipeline.php(209): Illuminate\\Cookie\\Middleware\\AddQueuedCookiesToResponse->handle(Object(Illuminate\\Http\\Request), Object(Closure))
#41 /Users/aleksandr/projects/btf/vendor/laravel/framework/src/Illuminate/Cookie/Middleware/EncryptCookies.php(75): Illuminate\\Pipeline\\Pipeline->Illuminate\\Pipeline\\{closure}(Object(Illuminate\\Http\\Request))
#42 /Users/aleksandr/projects/btf/vendor/laravel/framework/src/Illuminate/Pipeline/Pipeline.php(209): Illuminate\\Cookie\\Middleware\\EncryptCookies->handle(Object(Illuminate\\Http\\Request), Object(Closure))
#43 /Users/aleksandr/projects/btf/vendor/laravel/framework/src/Illuminate/Pipeline/Pipeline.php(127): Illuminate\\Pipeline\\Pipeline->Illuminate\\Pipeline\\{closure}(Object(Illuminate\\Http\\Request))
#44 /Users/aleksandr/projects/btf/vendor/laravel/framework/src/Illuminate/Routing/Router.php(807): Illuminate\\Pipeline\\Pipeline->then(Object(Closure))
#45 /Users/aleksandr/projects/btf/vendor/laravel/framework/src/Illuminate/Routing/Router.php(786): Illuminate\\Routing\\Router->runRouteWithinStack(Object(Illuminate\\Routing\\Route), Object(Illuminate\\Http\\Request))
#46 /Users/aleksandr/projects/btf/vendor/laravel/framework/src/Illuminate/Routing/Router.php(750): Illuminate\\Routing\\Router->runRoute(Object(Illuminate\\Http\\Request), Object(Illuminate\\Routing\\Route))
#47 /Users/aleksandr/projects/btf/vendor/laravel/framework/src/Illuminate/Routing/Router.php(739): Illuminate\\Routing\\Router->dispatchToRoute(Object(Illuminate\\Http\\Request))
#48 /Users/aleksandr/projects/btf/vendor/laravel/framework/src/Illuminate/Foundation/Http/Kernel.php(201): Illuminate\\Routing\\Router->dispatch(Object(Illuminate\\Http\\Request))
#49 /Users/aleksandr/projects/btf/vendor/laravel/framework/src/Illuminate/Pipeline/Pipeline.php(170): Illuminate\\Foundation\\Http\\Kernel->Illuminate\\Foundation\\Http\\{closure}(Object(Illuminate\\Http\\Request))
#50 /Users/aleksandr/projects/btf/vendor/barryvdh/laravel-debugbar/src/Middleware/InjectDebugbar.php(66): Illuminate\\Pipeline\\Pipeline->Illuminate\\Pipeline\\{closure}(Object(Illuminate\\Http\\Request))
#51 /Users/aleksandr/projects/btf/vendor/laravel/framework/src/Illuminate/Pipeline/Pipeline.php(209): Barryvdh\\Debugbar\\Middleware\\InjectDebugbar->handle(Object(Illuminate\\Http\\Request), Object(Closure))
#52 /Users/aleksandr/projects/btf/vendor/laravel/framework/src/Illuminate/Foundation/Http/Middleware/TransformsRequest.php(21): Illuminate\\Pipeline\\Pipeline->Illuminate\\Pipeline\\{closure}(Object(Illuminate\\Http\\Request))
#53 /Users/aleksandr/projects/btf/vendor/laravel/framework/src/Illuminate/Foundation/Http/Middleware/ConvertEmptyStringsToNull.php(31): Illuminate\\Foundation\\Http\\Middleware\\TransformsRequest->handle(Object(Illuminate\\Http\\Request), Object(Closure))
#54 /Users/aleksandr/projects/btf/vendor/laravel/framework/src/Illuminate/Pipeline/Pipeline.php(209): Illuminate\\Foundation\\Http\\Middleware\\ConvertEmptyStringsToNull->handle(Object(Illuminate\\Http\\Request), Object(Closure))
#55 /Users/aleksandr/projects/btf/vendor/laravel/framework/src/Illuminate/Foundation/Http/Middleware/TransformsRequest.php(21): Illuminate\\Pipeline\\Pipeline->Illuminate\\Pipeline\\{closure}(Object(Illuminate\\Http\\Request))
#56 /Users/aleksandr/projects/btf/vendor/laravel/framework/src/Illuminate/Foundation/Http/Middleware/TrimStrings.php(51): Illuminate\\Foundation\\Http\\Middleware\\TransformsRequest->handle(Object(Illuminate\\Http\\Request), Object(Closure))
#57 /Users/aleksandr/projects/btf/vendor/laravel/framework/src/Illuminate/Pipeline/Pipeline.php(209): Illuminate\\Foundation\\Http\\Middleware\\TrimStrings->handle(Object(Illuminate\\Http\\Request), Object(Closure))
#58 /Users/aleksandr/projects/btf/vendor/laravel/framework/src/Illuminate/Http/Middleware/ValidatePostSize.php(27): Illuminate\\Pipeline\\Pipeline->Illuminate\\Pipeline\\{closure}(Object(Illuminate\\Http\\Request))
#59 /Users/aleksandr/projects/btf/vendor/laravel/framework/src/Illuminate/Pipeline/Pipeline.php(209): Illuminate\\Http\\Middleware\\ValidatePostSize->handle(Object(Illuminate\\Http\\Request), Object(Closure))
#60 /Users/aleksandr/projects/btf/vendor/laravel/framework/src/Illuminate/Foundation/Http/Middleware/PreventRequestsDuringMaintenance.php(110): Illuminate\\Pipeline\\Pipeline->Illuminate\\Pipeline\\{closure}(Object(Illuminate\\Http\\Request))
#61 /Users/aleksandr/projects/btf/vendor/laravel/framework/src/Illuminate/Pipeline/Pipeline.php(209): Illuminate\\Foundation\\Http\\Middleware\\PreventRequestsDuringMaintenance->handle(Object(Illuminate\\Http\\Request), Object(Closure))
#62 /Users/aleksandr/projects/btf/vendor/laravel/framework/src/Illuminate/Http/Middleware/HandleCors.php(62): Illuminate\\Pipeline\\Pipeline->Illuminate\\Pipeline\\{closure}(Object(Illuminate\\Http\\Request))
#63 /Users/aleksandr/projects/btf/vendor/laravel/framework/src/Illuminate/Pipeline/Pipeline.php(209): Illuminate\\Http\\Middleware\\HandleCors->handle(Object(Illuminate\\Http\\Request), Object(Closure))
#64 /Users/aleksandr/projects/btf/vendor/laravel/framework/src/Illuminate/Http/Middleware/TrustProxies.php(58): Illuminate\\Pipeline\\Pipeline->Illuminate\\Pipeline\\{closure}(Object(Illuminate\\Http\\Request))
#65 /Users/aleksandr/projects/btf/vendor/laravel/framework/src/Illuminate/Pipeline/Pipeline.php(209): Illuminate\\Http\\Middleware\\TrustProxies->handle(Object(Illuminate\\Http\\Request), Object(Closure))
#66 /Users/aleksandr/projects/btf/vendor/laravel/framework/src/Illuminate/Pipeline/Pipeline.php(127): Illuminate\\Pipeline\\Pipeline->Illuminate\\Pipeline\\{closure}(Object(Illuminate\\Http\\Request))
#67 /Users/aleksandr/projects/btf/vendor/laravel/framework/src/Illuminate/Foundation/Http/Kernel.php(176): Illuminate\\Pipeline\\Pipeline->then(Object(Closure))
#68 /Users/aleksandr/projects/btf/vendor/laravel/framework/src/Illuminate/Foundation/Http/Kernel.php(145): Illuminate\\Foundation\\Http\\Kernel->sendRequestThroughRouter(Object(Illuminate\\Http\\Request))
#69 /Users/aleksandr/projects/btf/public/index.php(50): Illuminate\\Foundation\\Http\\Kernel->handle(Object(Illuminate\\Http\\Request))
#70 /Users/aleksandr/projects/btf/vendor/laravel/framework/src/Illuminate/Foundation/resources/server.php(23): require_once('/Users/aleksand...')
#71 {main}
"} 
[2025-05-01 13:05:28] production.ERROR: Undefined array key "created_at" {"userId":1,"exception":"[object] (ErrorException(code: 0): Undefined array key \"created_at\" at /Users/aleksandr/projects/btf/app/Models/User.php:140)
[stacktrace]
#0 /Users/aleksandr/projects/btf/vendor/laravel/framework/src/Illuminate/Foundation/Bootstrap/HandleExceptions.php(256): Illuminate\\Foundation\\Bootstrap\\HandleExceptions->handleError(2, 'Undefined array...', '/Users/aleksand...', 140)
#1 /Users/aleksandr/projects/btf/app/Models/User.php(140): Illuminate\\Foundation\\Bootstrap\\HandleExceptions->Illuminate\\Foundation\\Bootstrap\\{closure}(2, 'Undefined array...', '/Users/aleksand...', 140)
#2 /Users/aleksandr/projects/btf/vendor/laravel/framework/src/Illuminate/Database/Eloquent/Concerns/HasAttributes.php(700): App\\Models\\User->getFormattedCreatedAtAttribute(NULL)
#3 /Users/aleksandr/projects/btf/vendor/laravel/framework/src/Illuminate/Database/Eloquent/Concerns/HasAttributes.php(750): Illuminate\\Database\\Eloquent\\Model->mutateAttribute('formatted_creat...', NULL)
#4 /Users/aleksandr/projects/btf/vendor/laravel/framework/src/Illuminate/Database/Eloquent/Concerns/HasAttributes.php(230): Illuminate\\Database\\Eloquent\\Model->mutateAttributeForArray('formatted_creat...', NULL)
#5 /Users/aleksandr/projects/btf/vendor/laravel/framework/src/Illuminate/Database/Eloquent/Model.php(1665): Illuminate\\Database\\Eloquent\\Model->attributesToArray()
#6 [internal function]: Illuminate\\Database\\Eloquent\\Model->Illuminate\\Database\\Eloquent\\{closure}()
#7 /Users/aleksandr/projects/btf/vendor/laravel/framework/src/Illuminate/Database/Eloquent/Concerns/PreventsCircularRecursion.php(46): call_user_func(Object(Closure))
#8 /Users/aleksandr/projects/btf/vendor/laravel/framework/src/Illuminate/Database/Eloquent/Model.php(1664): Illuminate\\Database\\Eloquent\\Model->withoutRecursion(Object(Closure), Object(Closure))
#9 /Users/aleksandr/projects/btf/vendor/laravel/framework/src/Illuminate/Collections/Traits/EnumeratesValues.php(950): Illuminate\\Database\\Eloquent\\Model->toArray()
#10 [internal function]: Illuminate\\Support\\Collection->Illuminate\\Support\\Traits\\{closure}(Object(App\\Models\\User), 0)
#11 /Users/aleksandr/projects/btf/vendor/laravel/framework/src/Illuminate/Collections/Arr.php(609): array_map(Object(Closure), Array, Array)
#12 /Users/aleksandr/projects/btf/vendor/laravel/framework/src/Illuminate/Collections/Collection.php(799): Illuminate\\Support\\Arr::map(Array, Object(Closure))
#13 /Users/aleksandr/projects/btf/vendor/laravel/framework/src/Illuminate/Database/Eloquent/Collection.php(388): Illuminate\\Support\\Collection->map(Object(Closure))
#14 /Users/aleksandr/projects/btf/vendor/laravel/framework/src/Illuminate/Collections/Traits/EnumeratesValues.php(950): Illuminate\\Database\\Eloquent\\Collection->map(Object(Closure))
#15 /Users/aleksandr/projects/btf/vendor/laravel/framework/src/Illuminate/Pagination/LengthAwarePaginator.php(208): Illuminate\\Support\\Collection->toArray()
#16 /Users/aleksandr/projects/btf/vendor/laravel/framework/src/Illuminate/Pagination/LengthAwarePaginator.php(230): Illuminate\\Pagination\\LengthAwarePaginator->toArray()
#17 [internal function]: Illuminate\\Pagination\\LengthAwarePaginator->jsonSerialize()
#18 /Users/aleksandr/projects/btf/vendor/laravel/framework/src/Illuminate/Http/JsonResponse.php(86): json_encode(Array, 0)
#19 /Users/aleksandr/projects/btf/vendor/symfony/http-foundation/JsonResponse.php(49): Illuminate\\Http\\JsonResponse->setData(Array)
#20 /Users/aleksandr/projects/btf/vendor/laravel/framework/src/Illuminate/Http/JsonResponse.php(32): Symfony\\Component\\HttpFoundation\\JsonResponse->__construct(Array, 200, Array, false)
#21 /Users/aleksandr/projects/btf/vendor/laravel/framework/src/Illuminate/Routing/ResponseFactory.php(104): Illuminate\\Http\\JsonResponse->__construct(Array, 200, Array, 0)
#22 /Users/aleksandr/projects/btf/app/Http/Controllers/Backend/UsersController.php(55): Illuminate\\Routing\\ResponseFactory->json(Array, 200, Array)
#23 /Users/aleksandr/projects/btf/vendor/laravel/framework/src/Illuminate/Routing/Controller.php(54): App\\Http\\Controllers\\Backend\\UsersController->index(Object(Illuminate\\Http\\Request))
#24 /Users/aleksandr/projects/btf/vendor/laravel/framework/src/Illuminate/Routing/ControllerDispatcher.php(44): Illuminate\\Routing\\Controller->callAction('index', Array)
#25 /Users/aleksandr/projects/btf/vendor/laravel/framework/src/Illuminate/Routing/Route.php(266): Illuminate\\Routing\\ControllerDispatcher->dispatch(Object(Illuminate\\Routing\\Route), Object(App\\Http\\Controllers\\Backend\\UsersController), 'index')
#26 /Users/aleksandr/projects/btf/vendor/laravel/framework/src/Illuminate/Routing/Route.php(212): Illuminate\\Routing\\Route->runController()
#27 /Users/aleksandr/projects/btf/vendor/laravel/framework/src/Illuminate/Routing/Router.php(808): Illuminate\\Routing\\Route->run()
#28 /Users/aleksandr/projects/btf/vendor/laravel/framework/src/Illuminate/Pipeline/Pipeline.php(170): Illuminate\\Routing\\Router->Illuminate\\Routing\\{closure}(Object(Illuminate\\Http\\Request))
#29 /Users/aleksandr/projects/btf/app/Http/Middleware/AdminCheck.php(15): Illuminate\\Pipeline\\Pipeline->Illuminate\\Pipeline\\{closure}(Object(Illuminate\\Http\\Request))
#30 /Users/aleksandr/projects/btf/vendor/laravel/framework/src/Illuminate/Pipeline/Pipeline.php(209): App\\Http\\Middleware\\AdminCheck->handle(Object(Illuminate\\Http\\Request), Object(Closure))
#31 /Users/aleksandr/projects/btf/vendor/barryvdh/laravel-debugbar/src/Middleware/InjectDebugbar.php(66): Illuminate\\Pipeline\\Pipeline->Illuminate\\Pipeline\\{closure}(Object(Illuminate\\Http\\Request))
#32 /Users/aleksandr/projects/btf/vendor/laravel/framework/src/Illuminate/Pipeline/Pipeline.php(209): Barryvdh\\Debugbar\\Middleware\\InjectDebugbar->handle(Object(Illuminate\\Http\\Request), Object(Closure))
#33 /Users/aleksandr/projects/btf/app/Http/Middleware/UserActivity.php(20): Illuminate\\Pipeline\\Pipeline->Illuminate\\Pipeline\\{closure}(Object(Illuminate\\Http\\Request))
#34 /Users/aleksandr/projects/btf/vendor/laravel/framework/src/Illuminate/Pipeline/Pipeline.php(209): App\\Http\\Middleware\\UserActivity->handle(Object(Illuminate\\Http\\Request), Object(Closure))
#35 /Users/aleksandr/projects/btf/app/Http/Middleware/SetLocale.php(51): Illuminate\\Pipeline\\Pipeline->Illuminate\\Pipeline\\{closure}(Object(Illuminate\\Http\\Request))
#36 /Users/aleksandr/projects/btf/vendor/laravel/framework/src/Illuminate/Pipeline/Pipeline.php(209): App\\Http\\Middleware\\SetLocale->handle(Object(Illuminate\\Http\\Request), Object(Closure))
#37 /Users/aleksandr/projects/btf/vendor/erlandmuchasaj/laravel-gzip/src/Middleware/GzipEncodeResponse.php(19): Illuminate\\Pipeline\\Pipeline->Illuminate\\Pipeline\\{closure}(Object(Illuminate\\Http\\Request))
#38 /Users/aleksandr/projects/btf/vendor/laravel/framework/src/Illuminate/Pipeline/Pipeline.php(209): ErlandMuchasaj\\LaravelGzip\\Middleware\\GzipEncodeResponse->handle(Object(Illuminate\\Http\\Request), Object(Closure))
#39 /Users/aleksandr/projects/btf/vendor/laravel/framework/src/Illuminate/Routing/Middleware/SubstituteBindings.php(51): Illuminate\\Pipeline\\Pipeline->Illuminate\\Pipeline\\{closure}(Object(Illuminate\\Http\\Request))
#40 /Users/aleksandr/projects/btf/vendor/laravel/framework/src/Illuminate/Pipeline/Pipeline.php(209): Illuminate\\Routing\\Middleware\\SubstituteBindings->handle(Object(Illuminate\\Http\\Request), Object(Closure))
#41 /Users/aleksandr/projects/btf/vendor/laravel/framework/src/Illuminate/Auth/Middleware/Authenticate.php(64): Illuminate\\Pipeline\\Pipeline->Illuminate\\Pipeline\\{closure}(Object(Illuminate\\Http\\Request))
#42 /Users/aleksandr/projects/btf/vendor/laravel/framework/src/Illuminate/Pipeline/Pipeline.php(209): Illuminate\\Auth\\Middleware\\Authenticate->handle(Object(Illuminate\\Http\\Request), Object(Closure))
#43 /Users/aleksandr/projects/btf/vendor/laravel/framework/src/Illuminate/Foundation/Http/Middleware/VerifyCsrfToken.php(88): Illuminate\\Pipeline\\Pipeline->Illuminate\\Pipeline\\{closure}(Object(Illuminate\\Http\\Request))
#44 /Users/aleksandr/projects/btf/vendor/laravel/framework/src/Illuminate/Pipeline/Pipeline.php(209): Illuminate\\Foundation\\Http\\Middleware\\VerifyCsrfToken->handle(Object(Illuminate\\Http\\Request), Object(Closure))
#45 /Users/aleksandr/projects/btf/vendor/laravel/framework/src/Illuminate/View/Middleware/ShareErrorsFromSession.php(49): Illuminate\\Pipeline\\Pipeline->Illuminate\\Pipeline\\{closure}(Object(Illuminate\\Http\\Request))
#46 /Users/aleksandr/projects/btf/vendor/laravel/framework/src/Illuminate/Pipeline/Pipeline.php(209): Illuminate\\View\\Middleware\\ShareErrorsFromSession->handle(Object(Illuminate\\Http\\Request), Object(Closure))
#47 /Users/aleksandr/projects/btf/vendor/laravel/framework/src/Illuminate/Session/Middleware/StartSession.php(121): Illuminate\\Pipeline\\Pipeline->Illuminate\\Pipeline\\{closure}(Object(Illuminate\\Http\\Request))
#48 /Users/aleksandr/projects/btf/vendor/laravel/framework/src/Illuminate/Session/Middleware/StartSession.php(64): Illuminate\\Session\\Middleware\\StartSession->handleStatefulRequest(Object(Illuminate\\Http\\Request), Object(Illuminate\\Session\\Store), Object(Closure))
#49 /Users/aleksandr/projects/btf/vendor/laravel/framework/src/Illuminate/Pipeline/Pipeline.php(209): Illuminate\\Session\\Middleware\\StartSession->handle(Object(Illuminate\\Http\\Request), Object(Closure))
#50 /Users/aleksandr/projects/btf/vendor/laravel/framework/src/Illuminate/Cookie/Middleware/AddQueuedCookiesToResponse.php(37): Illuminate\\Pipeline\\Pipeline->Illuminate\\Pipeline\\{closure}(Object(Illuminate\\Http\\Request))
#51 /Users/aleksandr/projects/btf/vendor/laravel/framework/src/Illuminate/Pipeline/Pipeline.php(209): Illuminate\\Cookie\\Middleware\\AddQueuedCookiesToResponse->handle(Object(Illuminate\\Http\\Request), Object(Closure))
#52 /Users/aleksandr/projects/btf/vendor/laravel/framework/src/Illuminate/Cookie/Middleware/EncryptCookies.php(75): Illuminate\\Pipeline\\Pipeline->Illuminate\\Pipeline\\{closure}(Object(Illuminate\\Http\\Request))
#53 /Users/aleksandr/projects/btf/vendor/laravel/framework/src/Illuminate/Pipeline/Pipeline.php(209): Illuminate\\Cookie\\Middleware\\EncryptCookies->handle(Object(Illuminate\\Http\\Request), Object(Closure))
#54 /Users/aleksandr/projects/btf/vendor/laravel/framework/src/Illuminate/Pipeline/Pipeline.php(127): Illuminate\\Pipeline\\Pipeline->Illuminate\\Pipeline\\{closure}(Object(Illuminate\\Http\\Request))
#55 /Users/aleksandr/projects/btf/vendor/laravel/framework/src/Illuminate/Routing/Router.php(807): Illuminate\\Pipeline\\Pipeline->then(Object(Closure))
#56 /Users/aleksandr/projects/btf/vendor/laravel/framework/src/Illuminate/Routing/Router.php(786): Illuminate\\Routing\\Router->runRouteWithinStack(Object(Illuminate\\Routing\\Route), Object(Illuminate\\Http\\Request))
#57 /Users/aleksandr/projects/btf/vendor/laravel/framework/src/Illuminate/Routing/Router.php(750): Illuminate\\Routing\\Router->runRoute(Object(Illuminate\\Http\\Request), Object(Illuminate\\Routing\\Route))
#58 /Users/aleksandr/projects/btf/vendor/laravel/framework/src/Illuminate/Routing/Router.php(739): Illuminate\\Routing\\Router->dispatchToRoute(Object(Illuminate\\Http\\Request))
#59 /Users/aleksandr/projects/btf/vendor/laravel/framework/src/Illuminate/Foundation/Http/Kernel.php(201): Illuminate\\Routing\\Router->dispatch(Object(Illuminate\\Http\\Request))
#60 /Users/aleksandr/projects/btf/vendor/laravel/framework/src/Illuminate/Pipeline/Pipeline.php(170): Illuminate\\Foundation\\Http\\Kernel->Illuminate\\Foundation\\Http\\{closure}(Object(Illuminate\\Http\\Request))
#61 /Users/aleksandr/projects/btf/vendor/barryvdh/laravel-debugbar/src/Middleware/InjectDebugbar.php(66): Illuminate\\Pipeline\\Pipeline->Illuminate\\Pipeline\\{closure}(Object(Illuminate\\Http\\Request))
#62 /Users/aleksandr/projects/btf/vendor/laravel/framework/src/Illuminate/Pipeline/Pipeline.php(209): Barryvdh\\Debugbar\\Middleware\\InjectDebugbar->handle(Object(Illuminate\\Http\\Request), Object(Closure))
#63 /Users/aleksandr/projects/btf/vendor/laravel/framework/src/Illuminate/Foundation/Http/Middleware/TransformsRequest.php(21): Illuminate\\Pipeline\\Pipeline->Illuminate\\Pipeline\\{closure}(Object(Illuminate\\Http\\Request))
#64 /Users/aleksandr/projects/btf/vendor/laravel/framework/src/Illuminate/Foundation/Http/Middleware/ConvertEmptyStringsToNull.php(31): Illuminate\\Foundation\\Http\\Middleware\\TransformsRequest->handle(Object(Illuminate\\Http\\Request), Object(Closure))
#65 /Users/aleksandr/projects/btf/vendor/laravel/framework/src/Illuminate/Pipeline/Pipeline.php(209): Illuminate\\Foundation\\Http\\Middleware\\ConvertEmptyStringsToNull->handle(Object(Illuminate\\Http\\Request), Object(Closure))
#66 /Users/aleksandr/projects/btf/vendor/laravel/framework/src/Illuminate/Foundation/Http/Middleware/TransformsRequest.php(21): Illuminate\\Pipeline\\Pipeline->Illuminate\\Pipeline\\{closure}(Object(Illuminate\\Http\\Request))
#67 /Users/aleksandr/projects/btf/vendor/laravel/framework/src/Illuminate/Foundation/Http/Middleware/TrimStrings.php(51): Illuminate\\Foundation\\Http\\Middleware\\TransformsRequest->handle(Object(Illuminate\\Http\\Request), Object(Closure))
#68 /Users/aleksandr/projects/btf/vendor/laravel/framework/src/Illuminate/Pipeline/Pipeline.php(209): Illuminate\\Foundation\\Http\\Middleware\\TrimStrings->handle(Object(Illuminate\\Http\\Request), Object(Closure))
#69 /Users/aleksandr/projects/btf/vendor/laravel/framework/src/Illuminate/Http/Middleware/ValidatePostSize.php(27): Illuminate\\Pipeline\\Pipeline->Illuminate\\Pipeline\\{closure}(Object(Illuminate\\Http\\Request))
#70 /Users/aleksandr/projects/btf/vendor/laravel/framework/src/Illuminate/Pipeline/Pipeline.php(209): Illuminate\\Http\\Middleware\\ValidatePostSize->handle(Object(Illuminate\\Http\\Request), Object(Closure))
#71 /Users/aleksandr/projects/btf/vendor/laravel/framework/src/Illuminate/Foundation/Http/Middleware/PreventRequestsDuringMaintenance.php(110): Illuminate\\Pipeline\\Pipeline->Illuminate\\Pipeline\\{closure}(Object(Illuminate\\Http\\Request))
#72 /Users/aleksandr/projects/btf/vendor/laravel/framework/src/Illuminate/Pipeline/Pipeline.php(209): Illuminate\\Foundation\\Http\\Middleware\\PreventRequestsDuringMaintenance->handle(Object(Illuminate\\Http\\Request), Object(Closure))
#73 /Users/aleksandr/projects/btf/vendor/laravel/framework/src/Illuminate/Http/Middleware/HandleCors.php(62): Illuminate\\Pipeline\\Pipeline->Illuminate\\Pipeline\\{closure}(Object(Illuminate\\Http\\Request))
#74 /Users/aleksandr/projects/btf/vendor/laravel/framework/src/Illuminate/Pipeline/Pipeline.php(209): Illuminate\\Http\\Middleware\\HandleCors->handle(Object(Illuminate\\Http\\Request), Object(Closure))
#75 /Users/aleksandr/projects/btf/vendor/laravel/framework/src/Illuminate/Http/Middleware/TrustProxies.php(58): Illuminate\\Pipeline\\Pipeline->Illuminate\\Pipeline\\{closure}(Object(Illuminate\\Http\\Request))
#76 /Users/aleksandr/projects/btf/vendor/laravel/framework/src/Illuminate/Pipeline/Pipeline.php(209): Illuminate\\Http\\Middleware\\TrustProxies->handle(Object(Illuminate\\Http\\Request), Object(Closure))
#77 /Users/aleksandr/projects/btf/vendor/laravel/framework/src/Illuminate/Pipeline/Pipeline.php(127): Illuminate\\Pipeline\\Pipeline->Illuminate\\Pipeline\\{closure}(Object(Illuminate\\Http\\Request))
#78 /Users/aleksandr/projects/btf/vendor/laravel/framework/src/Illuminate/Foundation/Http/Kernel.php(176): Illuminate\\Pipeline\\Pipeline->then(Object(Closure))
#79 /Users/aleksandr/projects/btf/vendor/laravel/framework/src/Illuminate/Foundation/Http/Kernel.php(145): Illuminate\\Foundation\\Http\\Kernel->sendRequestThroughRouter(Object(Illuminate\\Http\\Request))
#80 /Users/aleksandr/projects/btf/public/index.php(50): Illuminate\\Foundation\\Http\\Kernel->handle(Object(Illuminate\\Http\\Request))
#81 /Users/aleksandr/projects/btf/vendor/laravel/framework/src/Illuminate/Foundation/resources/server.php(23): require_once('/Users/aleksand...')
#82 {main}
"} 
[2025-05-01 16:27:28] production.ERROR: Unable to locate file in Vite manifest: resources/css/backend.css. {"view":{"view":"/Users/aleksandr/projects/btf/resources/views/backend/layouts/main.blade.php","data":{"your_ip":"<pre class=sf-dump id=sf-dump-999118459 data-indent-pad=\"  \">\"<span class=sf-dump-str title=\"13 characters\">192.168.0.102</span>\"
</pre><script>Sfdump(\"sf-dump-999118459\", {\"maxDepth\":3,\"maxStringLength\":160})</script>
","your_location":"<pre class=sf-dump id=sf-dump-1453535938 data-indent-pad=\"  \">\"<span class=sf-dump-str title=\"19 characters\">Kaliningrad, Russia</span>\"
</pre><script>Sfdump(\"sf-dump-1453535938\", {\"maxDepth\":3,\"maxStringLength\":160})</script>
","errors":"<pre class=sf-dump id=sf-dump-940449761 data-indent-pad=\"  \"><span class=sf-dump-note>Illuminate\\Support\\ViewErrorBag</span> {<a class=sf-dump-ref>#2003</a><samp data-depth=1 class=sf-dump-expanded>
  #<span class=sf-dump-protected title=\"Protected property\">bags</span>: []
</samp>}
</pre><script>Sfdump(\"sf-dump-940449761\", {\"maxDepth\":3,\"maxStringLength\":160})</script>
","settings":"<pre class=sf-dump id=sf-dump-788930470 data-indent-pad=\"  \"><span class=sf-dump-note>array:12</span> [<samp data-depth=1 class=sf-dump-expanded>
  \"<span class=sf-dump-key>phone</span>\" => \"<span class=sf-dump-str title=\"12 characters\">+74012313143</span>\"
  \"<span class=sf-dump-key>address</span>\" => \"<span class=sf-dump-str title=\"46 characters\">&#1075;. &#1050;&#1072;&#1083;&#1080;&#1085;&#1080;&#1085;&#1075;&#1088;&#1072;&#1076;, &#1085;&#1072;&#1073;&#1077;&#1088;&#1077;&#1078;&#1085;&#1072;&#1103; &#1055;&#1088;&#1072;&#1074;&#1072;&#1103;, 10, &#1083;&#1080;&#1090;&#1077;&#1088; &#1042;</span>\"
  \"<span class=sf-dump-key>schedule</span>\" => \"<span class=sf-dump-str title=\"89 characters\">&#1055;&#1085;-&#1055;&#1090;: 09:00 - 18:00, &lt;br class=&quot;d-md-none&quot;&gt; &#1055;&#1077;&#1088;&#1077;&#1088;&#1099;&#1074;: 13:00 - 14:00 &lt;br&gt; &#1057;&#1073;, &#1042;&#1089;: &#1042;&#1099;&#1093;&#1086;&#1076;&#1085;&#1086;&#1081;</span>\"
  \"<span class=sf-dump-key>coords</span>\" => \"<span class=sf-dump-str title=\"19 characters\">54.947113,20.159578</span>\"
  \"<span class=sf-dump-key>sitename</span>\" => \"<span class=sf-dump-str title=\"27 characters\">&#1041;&#1072;&#1083;&#1090;&#1080;&#1081;&#1089;&#1082;&#1072;&#1103; &#1090;&#1072;&#1073;&#1072;&#1095;&#1085;&#1072;&#1103; &#1092;&#1072;&#1073;&#1088;&#1080;&#1082;&#1072;</span>\"
  \"<span class=sf-dump-key>email</span>\" => \"<span class=sf-dump-str title=\"20 characters\">sekretar-kd@btf39.su</span>\"
  \"<span class=sf-dump-key>phone2</span>\" => \"<span class=sf-dump-str title=\"12 characters\">+74012313143</span>\"
  \"<span class=sf-dump-key>mobile</span>\" => \"<span class=sf-dump-str title=\"12 characters\">+79114547331</span>\"
  \"<span class=sf-dump-key>brands_count</span>\" => \"<span class=sf-dump-str title=\"2 characters\">15</span>\"
  \"<span class=sf-dump-key>distributors_count</span>\" => \"<span class=sf-dump-str title=\"2 characters\">20</span>\"
  \"<span class=sf-dump-key>years_count</span>\" => \"<span class=sf-dump-str title=\"2 characters\">27</span>\"
  \"<span class=sf-dump-key>employees_count</span>\" => \"<span class=sf-dump-str title=\"3 characters\">245</span>\"
</samp>]
</pre><script>Sfdump(\"sf-dump-788930470\", {\"maxDepth\":3,\"maxStringLength\":160})</script>
","currencySymbol":"<pre class=sf-dump id=sf-dump-1589943456 data-indent-pad=\"  \">\"<span class=sf-dump-str title=\"2 characters\">&#1088;.</span>\"
</pre><script>Sfdump(\"sf-dump-1589943456\", {\"maxDepth\":3,\"maxStringLength\":160})</script>
","currencies":"<pre class=sf-dump id=sf-dump-1577464799 data-indent-pad=\"  \"><span class=sf-dump-note>array:3</span> [<samp data-depth=1 class=sf-dump-expanded>
  \"<span class=sf-dump-key>RUB</span>\" => <span class=\"sf-dump-note sf-dump-ellipsization\" title=\"App\\Models\\Currency
\"><span class=\"sf-dump-ellipsis sf-dump-ellipsis-note\">App\\Models</span><span class=\"sf-dump-ellipsis sf-dump-ellipsis-note\">\\</span><span class=\"sf-dump-ellipsis-tail\">Currency</span></span> {<a class=sf-dump-ref>#2054</a><samp data-depth=2 class=sf-dump-compact>
    #<span class=sf-dump-protected title=\"Protected property\">connection</span>: \"<span class=sf-dump-str title=\"5 characters\">mysql</span>\"
    #<span class=sf-dump-protected title=\"Protected property\">table</span>: \"<span class=sf-dump-str title=\"10 characters\">currencies</span>\"
    #<span class=sf-dump-protected title=\"Protected property\">primaryKey</span>: \"<span class=sf-dump-str title=\"2 characters\">id</span>\"
    #<span class=sf-dump-protected title=\"Protected property\">keyType</span>: \"<span class=sf-dump-str title=\"3 characters\">int</span>\"
    +<span class=sf-dump-public title=\"Public property\">incrementing</span>: <span class=sf-dump-const>true</span>
    #<span class=sf-dump-protected title=\"Protected property\">with</span>: []
    #<span class=sf-dump-protected title=\"Protected property\">withCount</span>: []
    +<span class=sf-dump-public title=\"Public property\">preventsLazyLoading</span>: <span class=sf-dump-const>false</span>
    #<span class=sf-dump-protected title=\"Protected property\">perPage</span>: <span class=sf-dump-num>15</span>
    +<span class=sf-dump-public title=\"Public property\">exists</span>: <span class=sf-dump-const>true</span>
    +<span class=sf-dump-public title=\"Public property\">wasRecentlyCreated</span>: <span class=sf-dump-const>false</span>
    #<span class=sf-dump-protected title=\"Protected property\">escapeWhenCastingToString</span>: <span class=sf-dump-const>false</span>
    #<span class=sf-dump-protected title=\"Protected property\">attributes</span>: <span class=sf-dump-note>array:8</span> [<samp data-depth=3 class=sf-dump-compact>
      \"<span class=sf-dump-key>id</span>\" => <span class=sf-dump-num>1</span>
      \"<span class=sf-dump-key>code</span>\" => \"<span class=sf-dump-str title=\"3 characters\">RUB</span>\"
      \"<span class=sf-dump-key>name</span>\" => \"<span class=sf-dump-str title=\"5 characters\">&#1056;&#1091;&#1073;&#1083;&#1080;</span>\"
      \"<span class=sf-dump-key>symbol</span>\" => \"<span class=sf-dump-str>&#8381;</span>\"
      \"<span class=sf-dump-key>is_main</span>\" => <span class=sf-dump-num>1</span>
      \"<span class=sf-dump-key>rate</span>\" => <span class=sf-dump-num>1.0</span>
      \"<span class=sf-dump-key>created_at</span>\" => <span class=sf-dump-const>null</span>
      \"<span class=sf-dump-key>updated_at</span>\" => \"<span class=sf-dump-str title=\"19 characters\">2024-03-31 12:06:01</span>\"
    </samp>]
    #<span class=sf-dump-protected title=\"Protected property\">original</span>: <span class=sf-dump-note>array:8</span> [<samp data-depth=3 class=sf-dump-compact>
      \"<span class=sf-dump-key>id</span>\" => <span class=sf-dump-num>1</span>
      \"<span class=sf-dump-key>code</span>\" => \"<span class=sf-dump-str title=\"3 characters\">RUB</span>\"
      \"<span class=sf-dump-key>name</span>\" => \"<span class=sf-dump-str title=\"5 characters\">&#1056;&#1091;&#1073;&#1083;&#1080;</span>\"
      \"<span class=sf-dump-key>symbol</span>\" => \"<span class=sf-dump-str>&#8381;</span>\"
      \"<span class=sf-dump-key>is_main</span>\" => <span class=sf-dump-num>1</span>
      \"<span class=sf-dump-key>rate</span>\" => <span class=sf-dump-num>1.0</span>
      \"<span class=sf-dump-key>created_at</span>\" => <span class=sf-dump-const>null</span>
      \"<span class=sf-dump-key>updated_at</span>\" => \"<span class=sf-dump-str title=\"19 characters\">2024-03-31 12:06:01</span>\"
    </samp>]
    #<span class=sf-dump-protected title=\"Protected property\">changes</span>: []
    #<span class=sf-dump-protected title=\"Protected property\">casts</span>: []
    #<span class=sf-dump-protected title=\"Protected property\">classCastCache</span>: []
    #<span class=sf-dump-protected title=\"Protected property\">attributeCastCache</span>: []
    #<span class=sf-dump-protected title=\"Protected property\">dateFormat</span>: <span class=sf-dump-const>null</span>
    #<span class=sf-dump-protected title=\"Protected property\">appends</span>: []
    #<span class=sf-dump-protected title=\"Protected property\">dispatchesEvents</span>: []
    #<span class=sf-dump-protected title=\"Protected property\">observables</span>: []
    #<span class=sf-dump-protected title=\"Protected property\">relations</span>: []
    #<span class=sf-dump-protected title=\"Protected property\">touches</span>: []
    +<span class=sf-dump-public title=\"Public property\">timestamps</span>: <span class=sf-dump-const>true</span>
    +<span class=sf-dump-public title=\"Public property\">usesUniqueIds</span>: <span class=sf-dump-const>false</span>
    #<span class=sf-dump-protected title=\"Protected property\">hidden</span>: []
    #<span class=sf-dump-protected title=\"Protected property\">visible</span>: []
    #<span class=sf-dump-protected title=\"Protected property\">fillable</span>: <span class=sf-dump-note>array:1</span> [<samp data-depth=3 class=sf-dump-compact>
      <span class=sf-dump-index>0</span> => \"<span class=sf-dump-str title=\"4 characters\">rate</span>\"
    </samp>]
    #<span class=sf-dump-protected title=\"Protected property\">guarded</span>: <span class=sf-dump-note>array:1</span> [<samp data-depth=3 class=sf-dump-compact>
      <span class=sf-dump-index>0</span> => \"<span class=sf-dump-str>*</span>\"
    </samp>]
  </samp>}
  \"<span class=sf-dump-key>USD</span>\" => <span class=\"sf-dump-note sf-dump-ellipsization\" title=\"App\\Models\\Currency
\"><span class=\"sf-dump-ellipsis sf-dump-ellipsis-note\">App\\Models</span><span class=\"sf-dump-ellipsis sf-dump-ellipsis-note\">\\</span><span class=\"sf-dump-ellipsis-tail\">Currency</span></span> {<a class=sf-dump-ref>#2056</a><samp data-depth=2 class=sf-dump-compact>
    #<span class=sf-dump-protected title=\"Protected property\">connection</span>: \"<span class=sf-dump-str title=\"5 characters\">mysql</span>\"
    #<span class=sf-dump-protected title=\"Protected property\">table</span>: \"<span class=sf-dump-str title=\"10 characters\">currencies</span>\"
    #<span class=sf-dump-protected title=\"Protected property\">primaryKey</span>: \"<span class=sf-dump-str title=\"2 characters\">id</span>\"
    #<span class=sf-dump-protected title=\"Protected property\">keyType</span>: \"<span class=sf-dump-str title=\"3 characters\">int</span>\"
    +<span class=sf-dump-public title=\"Public property\">incrementing</span>: <span class=sf-dump-const>true</span>
    #<span class=sf-dump-protected title=\"Protected property\">with</span>: []
    #<span class=sf-dump-protected title=\"Protected property\">withCount</span>: []
    +<span class=sf-dump-public title=\"Public property\">preventsLazyLoading</span>: <span class=sf-dump-const>false</span>
    #<span class=sf-dump-protected title=\"Protected property\">perPage</span>: <span class=sf-dump-num>15</span>
    +<span class=sf-dump-public title=\"Public property\">exists</span>: <span class=sf-dump-const>true</span>
    +<span class=sf-dump-public title=\"Public property\">wasRecentlyCreated</span>: <span class=sf-dump-const>false</span>
    #<span class=sf-dump-protected title=\"Protected property\">escapeWhenCastingToString</span>: <span class=sf-dump-const>false</span>
    #<span class=sf-dump-protected title=\"Protected property\">attributes</span>: <span class=sf-dump-note>array:8</span> [<samp data-depth=3 class=sf-dump-compact>
      \"<span class=sf-dump-key>id</span>\" => <span class=sf-dump-num>2</span>
      \"<span class=sf-dump-key>code</span>\" => \"<span class=sf-dump-str title=\"3 characters\">USD</span>\"
      \"<span class=sf-dump-key>name</span>\" => \"<span class=sf-dump-str title=\"7 characters\">&#1044;&#1086;&#1083;&#1083;&#1072;&#1088;&#1099;</span>\"
      \"<span class=sf-dump-key>symbol</span>\" => \"<span class=sf-dump-str>$</span>\"
      \"<span class=sf-dump-key>is_main</span>\" => <span class=sf-dump-num>0</span>
      \"<span class=sf-dump-key>rate</span>\" => <span class=sf-dump-num>0.0108019931</span>
      \"<span class=sf-dump-key>created_at</span>\" => <span class=sf-dump-const>null</span>
      \"<span class=sf-dump-key>updated_at</span>\" => \"<span class=sf-dump-str title=\"19 characters\">2024-03-31 12:56:29</span>\"
    </samp>]
    #<span class=sf-dump-protected title=\"Protected property\">original</span>: <span class=sf-dump-note>array:8</span> [<samp data-depth=3 class=sf-dump-compact>
      \"<span class=sf-dump-key>id</span>\" => <span class=sf-dump-num>2</span>
      \"<span class=sf-dump-key>code</span>\" => \"<span class=sf-dump-str title=\"3 characters\">USD</span>\"
      \"<span class=sf-dump-key>name</span>\" => \"<span class=sf-dump-str title=\"7 characters\">&#1044;&#1086;&#1083;&#1083;&#1072;&#1088;&#1099;</span>\"
      \"<span class=sf-dump-key>symbol</span>\" => \"<span class=sf-dump-str>$</span>\"
      \"<span class=sf-dump-key>is_main</span>\" => <span class=sf-dump-num>0</span>
      \"<span class=sf-dump-key>rate</span>\" => <span class=sf-dump-num>0.0108019931</span>
      \"<span class=sf-dump-key>created_at</span>\" => <span class=sf-dump-const>null</span>
      \"<span class=sf-dump-key>updated_at</span>\" => \"<span class=sf-dump-str title=\"19 characters\">2024-03-31 12:56:29</span>\"
    </samp>]
    #<span class=sf-dump-protected title=\"Protected property\">changes</span>: []
    #<span class=sf-dump-protected title=\"Protected property\">casts</span>: []
    #<span class=sf-dump-protected title=\"Protected property\">classCastCache</span>: []
    #<span class=sf-dump-protected title=\"Protected property\">attributeCastCache</span>: []
    #<span class=sf-dump-protected title=\"Protected property\">dateFormat</span>: <span class=sf-dump-const>null</span>
    #<span class=sf-dump-protected title=\"Protected property\">appends</span>: []
    #<span class=sf-dump-protected title=\"Protected property\">dispatchesEvents</span>: []
    #<span class=sf-dump-protected title=\"Protected property\">observables</span>: []
    #<span class=sf-dump-protected title=\"Protected property\">relations</span>: []
    #<span class=sf-dump-protected title=\"Protected property\">touches</span>: []
    +<span class=sf-dump-public title=\"Public property\">timestamps</span>: <span class=sf-dump-const>true</span>
    +<span class=sf-dump-public title=\"Public property\">usesUniqueIds</span>: <span class=sf-dump-const>false</span>
    #<span class=sf-dump-protected title=\"Protected property\">hidden</span>: []
    #<span class=sf-dump-protected title=\"Protected property\">visible</span>: []
    #<span class=sf-dump-protected title=\"Protected property\">fillable</span>: <span class=sf-dump-note>array:1</span> [<samp data-depth=3 class=sf-dump-compact>
      <span class=sf-dump-index>0</span> => \"<span class=sf-dump-str title=\"4 characters\">rate</span>\"
    </samp>]
    #<span class=sf-dump-protected title=\"Protected property\">guarded</span>: <span class=sf-dump-note>array:1</span> [<samp data-depth=3 class=sf-dump-compact>
      <span class=sf-dump-index>0</span> => \"<span class=sf-dump-str>*</span>\"
    </samp>]
  </samp>}
  \"<span class=sf-dump-key>EUR</span>\" => <span class=\"sf-dump-note sf-dump-ellipsization\" title=\"App\\Models\\Currency
\"><span class=\"sf-dump-ellipsis sf-dump-ellipsis-note\">App\\Models</span><span class=\"sf-dump-ellipsis sf-dump-ellipsis-note\">\\</span><span class=\"sf-dump-ellipsis-tail\">Currency</span></span> {<a class=sf-dump-ref>#2090</a><samp data-depth=2 class=sf-dump-compact>
    #<span class=sf-dump-protected title=\"Protected property\">connection</span>: \"<span class=sf-dump-str title=\"5 characters\">mysql</span>\"
    #<span class=sf-dump-protected title=\"Protected property\">table</span>: \"<span class=sf-dump-str title=\"10 characters\">currencies</span>\"
    #<span class=sf-dump-protected title=\"Protected property\">primaryKey</span>: \"<span class=sf-dump-str title=\"2 characters\">id</span>\"
    #<span class=sf-dump-protected title=\"Protected property\">keyType</span>: \"<span class=sf-dump-str title=\"3 characters\">int</span>\"
    +<span class=sf-dump-public title=\"Public property\">incrementing</span>: <span class=sf-dump-const>true</span>
    #<span class=sf-dump-protected title=\"Protected property\">with</span>: []
    #<span class=sf-dump-protected title=\"Protected property\">withCount</span>: []
    +<span class=sf-dump-public title=\"Public property\">preventsLazyLoading</span>: <span class=sf-dump-const>false</span>
    #<span class=sf-dump-protected title=\"Protected property\">perPage</span>: <span class=sf-dump-num>15</span>
    +<span class=sf-dump-public title=\"Public property\">exists</span>: <span class=sf-dump-const>true</span>
    +<span class=sf-dump-public title=\"Public property\">wasRecentlyCreated</span>: <span class=sf-dump-const>false</span>
    #<span class=sf-dump-protected title=\"Protected property\">escapeWhenCastingToString</span>: <span class=sf-dump-const>false</span>
    #<span class=sf-dump-protected title=\"Protected property\">attributes</span>: <span class=sf-dump-note>array:8</span> [<samp data-depth=3 class=sf-dump-compact>
      \"<span class=sf-dump-key>id</span>\" => <span class=sf-dump-num>3</span>
      \"<span class=sf-dump-key>code</span>\" => \"<span class=sf-dump-str title=\"3 characters\">EUR</span>\"
      \"<span class=sf-dump-key>name</span>\" => \"<span class=sf-dump-str title=\"4 characters\">&#1045;&#1074;&#1088;&#1086;</span>\"
      \"<span class=sf-dump-key>symbol</span>\" => \"<span class=sf-dump-str>&#8364;</span>\"
      \"<span class=sf-dump-key>is_main</span>\" => <span class=sf-dump-num>0</span>
      \"<span class=sf-dump-key>rate</span>\" => <span class=sf-dump-num>0.0100045918</span>
      \"<span class=sf-dump-key>created_at</span>\" => <span class=sf-dump-const>null</span>
      \"<span class=sf-dump-key>updated_at</span>\" => \"<span class=sf-dump-str title=\"19 characters\">2024-03-31 12:56:29</span>\"
    </samp>]
    #<span class=sf-dump-protected title=\"Protected property\">original</span>: <span class=sf-dump-note>array:8</span> [<samp data-depth=3 class=sf-dump-compact>
      \"<span class=sf-dump-key>id</span>\" => <span class=sf-dump-num>3</span>
      \"<span class=sf-dump-key>code</span>\" => \"<span class=sf-dump-str title=\"3 characters\">EUR</span>\"
      \"<span class=sf-dump-key>name</span>\" => \"<span class=sf-dump-str title=\"4 characters\">&#1045;&#1074;&#1088;&#1086;</span>\"
      \"<span class=sf-dump-key>symbol</span>\" => \"<span class=sf-dump-str>&#8364;</span>\"
      \"<span class=sf-dump-key>is_main</span>\" => <span class=sf-dump-num>0</span>
      \"<span class=sf-dump-key>rate</span>\" => <span class=sf-dump-num>0.0100045918</span>
      \"<span class=sf-dump-key>created_at</span>\" => <span class=sf-dump-const>null</span>
      \"<span class=sf-dump-key>updated_at</span>\" => \"<span class=sf-dump-str title=\"19 characters\">2024-03-31 12:56:29</span>\"
    </samp>]
    #<span class=sf-dump-protected title=\"Protected property\">changes</span>: []
    #<span class=sf-dump-protected title=\"Protected property\">casts</span>: []
    #<span class=sf-dump-protected title=\"Protected property\">classCastCache</span>: []
    #<span class=sf-dump-protected title=\"Protected property\">attributeCastCache</span>: []
    #<span class=sf-dump-protected title=\"Protected property\">dateFormat</span>: <span class=sf-dump-const>null</span>
    #<span class=sf-dump-protected title=\"Protected property\">appends</span>: []
    #<span class=sf-dump-protected title=\"Protected property\">dispatchesEvents</span>: []
    #<span class=sf-dump-protected title=\"Protected property\">observables</span>: []
    #<span class=sf-dump-protected title=\"Protected property\">relations</span>: []
    #<span class=sf-dump-protected title=\"Protected property\">touches</span>: []
    +<span class=sf-dump-public title=\"Public property\">timestamps</span>: <span class=sf-dump-const>true</span>
    +<span class=sf-dump-public title=\"Public property\">usesUniqueIds</span>: <span class=sf-dump-const>false</span>
    #<span class=sf-dump-protected title=\"Protected property\">hidden</span>: []
    #<span class=sf-dump-protected title=\"Protected property\">visible</span>: []
    #<span class=sf-dump-protected title=\"Protected property\">fillable</span>: <span class=sf-dump-note>array:1</span> [<samp data-depth=3 class=sf-dump-compact>
      <span class=sf-dump-index>0</span> => \"<span class=sf-dump-str title=\"4 characters\">rate</span>\"
    </samp>]
    #<span class=sf-dump-protected title=\"Protected property\">guarded</span>: <span class=sf-dump-note>array:1</span> [<samp data-depth=3 class=sf-dump-compact>
      <span class=sf-dump-index>0</span> => \"<span class=sf-dump-str>*</span>\"
    </samp>]
  </samp>}
</samp>]
</pre><script>Sfdump(\"sf-dump-1577464799\", {\"maxDepth\":3,\"maxStringLength\":160})</script>
"}},"userId":1,"exception":"[object] (Spatie\\LaravelIgnition\\Exceptions\\ViewException(code: 0): Unable to locate file in Vite manifest: resources/css/backend.css. at /Users/aleksandr/projects/btf/vendor/laravel/framework/src/Illuminate/Foundation/Vite.php:987)
[stacktrace]
#0 /Users/aleksandr/projects/btf/vendor/laravel/framework/src/Illuminate/Foundation/Vite.php(390): Illuminate\\Foundation\\Vite->chunk(Array, 'resources/css/b...')
#1 /Users/aleksandr/projects/btf/resources/views/backend/layouts/main.blade.php(19): Illuminate\\Foundation\\Vite->__invoke(Object(Illuminate\\Support\\Collection))
#2 /Users/aleksandr/projects/btf/vendor/laravel/framework/src/Illuminate/Filesystem/Filesystem.php(123): require('/Users/aleksand...')
#3 /Users/aleksandr/projects/btf/vendor/laravel/framework/src/Illuminate/Filesystem/Filesystem.php(124): Illuminate\\Filesystem\\Filesystem::Illuminate\\Filesystem\\{closure}()
#4 /Users/aleksandr/projects/btf/vendor/laravel/framework/src/Illuminate/View/Engines/PhpEngine.php(58): Illuminate\\Filesystem\\Filesystem->getRequire('/Users/aleksand...', Array)
#5 /Users/aleksandr/projects/btf/vendor/laravel/framework/src/Illuminate/View/Engines/CompilerEngine.php(75): Illuminate\\View\\Engines\\PhpEngine->evaluatePath('/Users/aleksand...', Array)
#6 /Users/aleksandr/projects/btf/vendor/laravel/framework/src/Illuminate/View/View.php(209): Illuminate\\View\\Engines\\CompilerEngine->get('/Users/aleksand...', Array)
#7 /Users/aleksandr/projects/btf/vendor/laravel/framework/src/Illuminate/View/View.php(192): Illuminate\\View\\View->getContents()
#8 /Users/aleksandr/projects/btf/vendor/laravel/framework/src/Illuminate/View/View.php(161): Illuminate\\View\\View->renderContents()
#9 /Users/aleksandr/projects/btf/resources/views/backend/app.blade.php(18): Illuminate\\View\\View->render()
#10 /Users/aleksandr/projects/btf/vendor/laravel/framework/src/Illuminate/Filesystem/Filesystem.php(123): require('/Users/aleksand...')
#11 /Users/aleksandr/projects/btf/vendor/laravel/framework/src/Illuminate/Filesystem/Filesystem.php(124): Illuminate\\Filesystem\\Filesystem::Illuminate\\Filesystem\\{closure}()
#12 /Users/aleksandr/projects/btf/vendor/laravel/framework/src/Illuminate/View/Engines/PhpEngine.php(58): Illuminate\\Filesystem\\Filesystem->getRequire('/Users/aleksand...', Array)
#13 /Users/aleksandr/projects/btf/vendor/laravel/framework/src/Illuminate/View/Engines/CompilerEngine.php(75): Illuminate\\View\\Engines\\PhpEngine->evaluatePath('/Users/aleksand...', Array)
#14 /Users/aleksandr/projects/btf/vendor/laravel/framework/src/Illuminate/View/View.php(209): Illuminate\\View\\Engines\\CompilerEngine->get('/Users/aleksand...', Array)
#15 /Users/aleksandr/projects/btf/vendor/laravel/framework/src/Illuminate/View/View.php(192): Illuminate\\View\\View->getContents()
#16 /Users/aleksandr/projects/btf/vendor/laravel/framework/src/Illuminate/View/View.php(161): Illuminate\\View\\View->renderContents()
#17 /Users/aleksandr/projects/btf/vendor/laravel/framework/src/Illuminate/Http/Response.php(79): Illuminate\\View\\View->render()
#18 /Users/aleksandr/projects/btf/vendor/laravel/framework/src/Illuminate/Http/Response.php(35): Illuminate\\Http\\Response->setContent(Object(Illuminate\\View\\View))
#19 /Users/aleksandr/projects/btf/vendor/laravel/framework/src/Illuminate/Routing/Router.php(920): Illuminate\\Http\\Response->__construct(Object(Illuminate\\View\\View), 200, Array)
#20 /Users/aleksandr/projects/btf/vendor/laravel/framework/src/Illuminate/Routing/Router.php(887): Illuminate\\Routing\\Router::toResponse(Object(Illuminate\\Http\\Request), Object(Illuminate\\View\\View))
#21 /Users/aleksandr/projects/btf/vendor/laravel/framework/src/Illuminate/Routing/Router.php(807): Illuminate\\Routing\\Router->prepareResponse(Object(Illuminate\\Http\\Request), Object(Illuminate\\View\\View))
#22 /Users/aleksandr/projects/btf/vendor/laravel/framework/src/Illuminate/Pipeline/Pipeline.php(170): Illuminate\\Routing\\Router->Illuminate\\Routing\\{closure}(Object(Illuminate\\Http\\Request))
#23 /Users/aleksandr/projects/btf/vendor/barryvdh/laravel-debugbar/src/Middleware/InjectDebugbar.php(66): Illuminate\\Pipeline\\Pipeline->Illuminate\\Pipeline\\{closure}(Object(Illuminate\\Http\\Request))
#24 /Users/aleksandr/projects/btf/vendor/laravel/framework/src/Illuminate/Pipeline/Pipeline.php(209): Barryvdh\\Debugbar\\Middleware\\InjectDebugbar->handle(Object(Illuminate\\Http\\Request), Object(Closure))
#25 /Users/aleksandr/projects/btf/app/Http/Middleware/UserActivity.php(20): Illuminate\\Pipeline\\Pipeline->Illuminate\\Pipeline\\{closure}(Object(Illuminate\\Http\\Request))
#26 /Users/aleksandr/projects/btf/vendor/laravel/framework/src/Illuminate/Pipeline/Pipeline.php(209): App\\Http\\Middleware\\UserActivity->handle(Object(Illuminate\\Http\\Request), Object(Closure))
#27 /Users/aleksandr/projects/btf/app/Http/Middleware/SetLocale.php(51): Illuminate\\Pipeline\\Pipeline->Illuminate\\Pipeline\\{closure}(Object(Illuminate\\Http\\Request))
#28 /Users/aleksandr/projects/btf/vendor/laravel/framework/src/Illuminate/Pipeline/Pipeline.php(209): App\\Http\\Middleware\\SetLocale->handle(Object(Illuminate\\Http\\Request), Object(Closure))
#29 /Users/aleksandr/projects/btf/vendor/erlandmuchasaj/laravel-gzip/src/Middleware/GzipEncodeResponse.php(19): Illuminate\\Pipeline\\Pipeline->Illuminate\\Pipeline\\{closure}(Object(Illuminate\\Http\\Request))
#30 /Users/aleksandr/projects/btf/vendor/laravel/framework/src/Illuminate/Pipeline/Pipeline.php(209): ErlandMuchasaj\\LaravelGzip\\Middleware\\GzipEncodeResponse->handle(Object(Illuminate\\Http\\Request), Object(Closure))
#31 /Users/aleksandr/projects/btf/vendor/laravel/framework/src/Illuminate/Routing/Middleware/SubstituteBindings.php(51): Illuminate\\Pipeline\\Pipeline->Illuminate\\Pipeline\\{closure}(Object(Illuminate\\Http\\Request))
#32 /Users/aleksandr/projects/btf/vendor/laravel/framework/src/Illuminate/Pipeline/Pipeline.php(209): Illuminate\\Routing\\Middleware\\SubstituteBindings->handle(Object(Illuminate\\Http\\Request), Object(Closure))
#33 /Users/aleksandr/projects/btf/vendor/laravel/framework/src/Illuminate/Auth/Middleware/Authenticate.php(64): Illuminate\\Pipeline\\Pipeline->Illuminate\\Pipeline\\{closure}(Object(Illuminate\\Http\\Request))
#34 /Users/aleksandr/projects/btf/vendor/laravel/framework/src/Illuminate/Pipeline/Pipeline.php(209): Illuminate\\Auth\\Middleware\\Authenticate->handle(Object(Illuminate\\Http\\Request), Object(Closure))
#35 /Users/aleksandr/projects/btf/vendor/laravel/framework/src/Illuminate/Foundation/Http/Middleware/VerifyCsrfToken.php(88): Illuminate\\Pipeline\\Pipeline->Illuminate\\Pipeline\\{closure}(Object(Illuminate\\Http\\Request))
#36 /Users/aleksandr/projects/btf/vendor/laravel/framework/src/Illuminate/Pipeline/Pipeline.php(209): Illuminate\\Foundation\\Http\\Middleware\\VerifyCsrfToken->handle(Object(Illuminate\\Http\\Request), Object(Closure))
#37 /Users/aleksandr/projects/btf/vendor/laravel/framework/src/Illuminate/View/Middleware/ShareErrorsFromSession.php(49): Illuminate\\Pipeline\\Pipeline->Illuminate\\Pipeline\\{closure}(Object(Illuminate\\Http\\Request))
#38 /Users/aleksandr/projects/btf/vendor/laravel/framework/src/Illuminate/Pipeline/Pipeline.php(209): Illuminate\\View\\Middleware\\ShareErrorsFromSession->handle(Object(Illuminate\\Http\\Request), Object(Closure))
#39 /Users/aleksandr/projects/btf/vendor/laravel/framework/src/Illuminate/Session/Middleware/StartSession.php(121): Illuminate\\Pipeline\\Pipeline->Illuminate\\Pipeline\\{closure}(Object(Illuminate\\Http\\Request))
#40 /Users/aleksandr/projects/btf/vendor/laravel/framework/src/Illuminate/Session/Middleware/StartSession.php(64): Illuminate\\Session\\Middleware\\StartSession->handleStatefulRequest(Object(Illuminate\\Http\\Request), Object(Illuminate\\Session\\Store), Object(Closure))
#41 /Users/aleksandr/projects/btf/vendor/laravel/framework/src/Illuminate/Pipeline/Pipeline.php(209): Illuminate\\Session\\Middleware\\StartSession->handle(Object(Illuminate\\Http\\Request), Object(Closure))
#42 /Users/aleksandr/projects/btf/vendor/laravel/framework/src/Illuminate/Cookie/Middleware/AddQueuedCookiesToResponse.php(37): Illuminate\\Pipeline\\Pipeline->Illuminate\\Pipeline\\{closure}(Object(Illuminate\\Http\\Request))
#43 /Users/aleksandr/projects/btf/vendor/laravel/framework/src/Illuminate/Pipeline/Pipeline.php(209): Illuminate\\Cookie\\Middleware\\AddQueuedCookiesToResponse->handle(Object(Illuminate\\Http\\Request), Object(Closure))
#44 /Users/aleksandr/projects/btf/vendor/laravel/framework/src/Illuminate/Cookie/Middleware/EncryptCookies.php(75): Illuminate\\Pipeline\\Pipeline->Illuminate\\Pipeline\\{closure}(Object(Illuminate\\Http\\Request))
#45 /Users/aleksandr/projects/btf/vendor/laravel/framework/src/Illuminate/Pipeline/Pipeline.php(209): Illuminate\\Cookie\\Middleware\\EncryptCookies->handle(Object(Illuminate\\Http\\Request), Object(Closure))
#46 /Users/aleksandr/projects/btf/vendor/laravel/framework/src/Illuminate/Pipeline/Pipeline.php(127): Illuminate\\Pipeline\\Pipeline->Illuminate\\Pipeline\\{closure}(Object(Illuminate\\Http\\Request))
#47 /Users/aleksandr/projects/btf/vendor/laravel/framework/src/Illuminate/Routing/Router.php(807): Illuminate\\Pipeline\\Pipeline->then(Object(Closure))
#48 /Users/aleksandr/projects/btf/vendor/laravel/framework/src/Illuminate/Routing/Router.php(786): Illuminate\\Routing\\Router->runRouteWithinStack(Object(Illuminate\\Routing\\Route), Object(Illuminate\\Http\\Request))
#49 /Users/aleksandr/projects/btf/vendor/laravel/framework/src/Illuminate/Routing/Router.php(750): Illuminate\\Routing\\Router->runRoute(Object(Illuminate\\Http\\Request), Object(Illuminate\\Routing\\Route))
#50 /Users/aleksandr/projects/btf/vendor/laravel/framework/src/Illuminate/Routing/Router.php(739): Illuminate\\Routing\\Router->dispatchToRoute(Object(Illuminate\\Http\\Request))
#51 /Users/aleksandr/projects/btf/vendor/laravel/framework/src/Illuminate/Foundation/Http/Kernel.php(201): Illuminate\\Routing\\Router->dispatch(Object(Illuminate\\Http\\Request))
#52 /Users/aleksandr/projects/btf/vendor/laravel/framework/src/Illuminate/Pipeline/Pipeline.php(170): Illuminate\\Foundation\\Http\\Kernel->Illuminate\\Foundation\\Http\\{closure}(Object(Illuminate\\Http\\Request))
#53 /Users/aleksandr/projects/btf/vendor/barryvdh/laravel-debugbar/src/Middleware/InjectDebugbar.php(66): Illuminate\\Pipeline\\Pipeline->Illuminate\\Pipeline\\{closure}(Object(Illuminate\\Http\\Request))
#54 /Users/aleksandr/projects/btf/vendor/laravel/framework/src/Illuminate/Pipeline/Pipeline.php(209): Barryvdh\\Debugbar\\Middleware\\InjectDebugbar->handle(Object(Illuminate\\Http\\Request), Object(Closure))
#55 /Users/aleksandr/projects/btf/vendor/laravel/framework/src/Illuminate/Foundation/Http/Middleware/TransformsRequest.php(21): Illuminate\\Pipeline\\Pipeline->Illuminate\\Pipeline\\{closure}(Object(Illuminate\\Http\\Request))
#56 /Users/aleksandr/projects/btf/vendor/laravel/framework/src/Illuminate/Foundation/Http/Middleware/ConvertEmptyStringsToNull.php(31): Illuminate\\Foundation\\Http\\Middleware\\TransformsRequest->handle(Object(Illuminate\\Http\\Request), Object(Closure))
#57 /Users/aleksandr/projects/btf/vendor/laravel/framework/src/Illuminate/Pipeline/Pipeline.php(209): Illuminate\\Foundation\\Http\\Middleware\\ConvertEmptyStringsToNull->handle(Object(Illuminate\\Http\\Request), Object(Closure))
#58 /Users/aleksandr/projects/btf/vendor/laravel/framework/src/Illuminate/Foundation/Http/Middleware/TransformsRequest.php(21): Illuminate\\Pipeline\\Pipeline->Illuminate\\Pipeline\\{closure}(Object(Illuminate\\Http\\Request))
#59 /Users/aleksandr/projects/btf/vendor/laravel/framework/src/Illuminate/Foundation/Http/Middleware/TrimStrings.php(51): Illuminate\\Foundation\\Http\\Middleware\\TransformsRequest->handle(Object(Illuminate\\Http\\Request), Object(Closure))
#60 /Users/aleksandr/projects/btf/vendor/laravel/framework/src/Illuminate/Pipeline/Pipeline.php(209): Illuminate\\Foundation\\Http\\Middleware\\TrimStrings->handle(Object(Illuminate\\Http\\Request), Object(Closure))
#61 /Users/aleksandr/projects/btf/vendor/laravel/framework/src/Illuminate/Http/Middleware/ValidatePostSize.php(27): Illuminate\\Pipeline\\Pipeline->Illuminate\\Pipeline\\{closure}(Object(Illuminate\\Http\\Request))
#62 /Users/aleksandr/projects/btf/vendor/laravel/framework/src/Illuminate/Pipeline/Pipeline.php(209): Illuminate\\Http\\Middleware\\ValidatePostSize->handle(Object(Illuminate\\Http\\Request), Object(Closure))
#63 /Users/aleksandr/projects/btf/vendor/laravel/framework/src/Illuminate/Foundation/Http/Middleware/PreventRequestsDuringMaintenance.php(110): Illuminate\\Pipeline\\Pipeline->Illuminate\\Pipeline\\{closure}(Object(Illuminate\\Http\\Request))
#64 /Users/aleksandr/projects/btf/vendor/laravel/framework/src/Illuminate/Pipeline/Pipeline.php(209): Illuminate\\Foundation\\Http\\Middleware\\PreventRequestsDuringMaintenance->handle(Object(Illuminate\\Http\\Request), Object(Closure))
#65 /Users/aleksandr/projects/btf/vendor/laravel/framework/src/Illuminate/Http/Middleware/HandleCors.php(49): Illuminate\\Pipeline\\Pipeline->Illuminate\\Pipeline\\{closure}(Object(Illuminate\\Http\\Request))
#66 /Users/aleksandr/projects/btf/vendor/laravel/framework/src/Illuminate/Pipeline/Pipeline.php(209): Illuminate\\Http\\Middleware\\HandleCors->handle(Object(Illuminate\\Http\\Request), Object(Closure))
#67 /Users/aleksandr/projects/btf/vendor/laravel/framework/src/Illuminate/Http/Middleware/TrustProxies.php(58): Illuminate\\Pipeline\\Pipeline->Illuminate\\Pipeline\\{closure}(Object(Illuminate\\Http\\Request))
#68 /Users/aleksandr/projects/btf/vendor/laravel/framework/src/Illuminate/Pipeline/Pipeline.php(209): Illuminate\\Http\\Middleware\\TrustProxies->handle(Object(Illuminate\\Http\\Request), Object(Closure))
#69 /Users/aleksandr/projects/btf/vendor/laravel/framework/src/Illuminate/Pipeline/Pipeline.php(127): Illuminate\\Pipeline\\Pipeline->Illuminate\\Pipeline\\{closure}(Object(Illuminate\\Http\\Request))
#70 /Users/aleksandr/projects/btf/vendor/laravel/framework/src/Illuminate/Foundation/Http/Kernel.php(176): Illuminate\\Pipeline\\Pipeline->then(Object(Closure))
#71 /Users/aleksandr/projects/btf/vendor/laravel/framework/src/Illuminate/Foundation/Http/Kernel.php(145): Illuminate\\Foundation\\Http\\Kernel->sendRequestThroughRouter(Object(Illuminate\\Http\\Request))
#72 /Users/aleksandr/projects/btf/public/index.php(50): Illuminate\\Foundation\\Http\\Kernel->handle(Object(Illuminate\\Http\\Request))
#73 /Users/aleksandr/projects/btf/vendor/laravel/framework/src/Illuminate/Foundation/resources/server.php(23): require_once('/Users/aleksand...')
#74 {main}

[previous exception] [object] (Illuminate\\Foundation\\ViteException(code: 0): Unable to locate file in Vite manifest: resources/css/backend.css. at /Users/aleksandr/projects/btf/vendor/laravel/framework/src/Illuminate/Foundation/Vite.php:987)
[stacktrace]
#0 /Users/aleksandr/projects/btf/vendor/laravel/framework/src/Illuminate/Foundation/Vite.php(390): Illuminate\\Foundation\\Vite->chunk(Array, 'resources/css/b...')
#1 /Users/aleksandr/projects/btf/storage/framework/views/7459470b865f24c4f37e3aba8a81a3c2.php(19): Illuminate\\Foundation\\Vite->__invoke(Object(Illuminate\\Support\\Collection))
#2 /Users/aleksandr/projects/btf/vendor/laravel/framework/src/Illuminate/Filesystem/Filesystem.php(123): require('/Users/aleksand...')
#3 /Users/aleksandr/projects/btf/vendor/laravel/framework/src/Illuminate/Filesystem/Filesystem.php(124): Illuminate\\Filesystem\\Filesystem::Illuminate\\Filesystem\\{closure}()
#4 /Users/aleksandr/projects/btf/vendor/laravel/framework/src/Illuminate/View/Engines/PhpEngine.php(58): Illuminate\\Filesystem\\Filesystem->getRequire('/Users/aleksand...', Array)
#5 /Users/aleksandr/projects/btf/vendor/laravel/framework/src/Illuminate/View/Engines/CompilerEngine.php(75): Illuminate\\View\\Engines\\PhpEngine->evaluatePath('/Users/aleksand...', Array)
#6 /Users/aleksandr/projects/btf/vendor/laravel/framework/src/Illuminate/View/View.php(209): Illuminate\\View\\Engines\\CompilerEngine->get('/Users/aleksand...', Array)
#7 /Users/aleksandr/projects/btf/vendor/laravel/framework/src/Illuminate/View/View.php(192): Illuminate\\View\\View->getContents()
#8 /Users/aleksandr/projects/btf/vendor/laravel/framework/src/Illuminate/View/View.php(161): Illuminate\\View\\View->renderContents()
#9 /Users/aleksandr/projects/btf/storage/framework/views/764c61709ea29d27eb928f0088b73eec.php(18): Illuminate\\View\\View->render()
#10 /Users/aleksandr/projects/btf/vendor/laravel/framework/src/Illuminate/Filesystem/Filesystem.php(123): require('/Users/aleksand...')
#11 /Users/aleksandr/projects/btf/vendor/laravel/framework/src/Illuminate/Filesystem/Filesystem.php(124): Illuminate\\Filesystem\\Filesystem::Illuminate\\Filesystem\\{closure}()
#12 /Users/aleksandr/projects/btf/vendor/laravel/framework/src/Illuminate/View/Engines/PhpEngine.php(58): Illuminate\\Filesystem\\Filesystem->getRequire('/Users/aleksand...', Array)
#13 /Users/aleksandr/projects/btf/vendor/laravel/framework/src/Illuminate/View/Engines/CompilerEngine.php(75): Illuminate\\View\\Engines\\PhpEngine->evaluatePath('/Users/aleksand...', Array)
#14 /Users/aleksandr/projects/btf/vendor/laravel/framework/src/Illuminate/View/View.php(209): Illuminate\\View\\Engines\\CompilerEngine->get('/Users/aleksand...', Array)
#15 /Users/aleksandr/projects/btf/vendor/laravel/framework/src/Illuminate/View/View.php(192): Illuminate\\View\\View->getContents()
#16 /Users/aleksandr/projects/btf/vendor/laravel/framework/src/Illuminate/View/View.php(161): Illuminate\\View\\View->renderContents()
#17 /Users/aleksandr/projects/btf/vendor/laravel/framework/src/Illuminate/Http/Response.php(79): Illuminate\\View\\View->render()
#18 /Users/aleksandr/projects/btf/vendor/laravel/framework/src/Illuminate/Http/Response.php(35): Illuminate\\Http\\Response->setContent(Object(Illuminate\\View\\View))
#19 /Users/aleksandr/projects/btf/vendor/laravel/framework/src/Illuminate/Routing/Router.php(920): Illuminate\\Http\\Response->__construct(Object(Illuminate\\View\\View), 200, Array)
#20 /Users/aleksandr/projects/btf/vendor/laravel/framework/src/Illuminate/Routing/Router.php(887): Illuminate\\Routing\\Router::toResponse(Object(Illuminate\\Http\\Request), Object(Illuminate\\View\\View))
#21 /Users/aleksandr/projects/btf/vendor/laravel/framework/src/Illuminate/Routing/Router.php(807): Illuminate\\Routing\\Router->prepareResponse(Object(Illuminate\\Http\\Request), Object(Illuminate\\View\\View))
#22 /Users/aleksandr/projects/btf/vendor/laravel/framework/src/Illuminate/Pipeline/Pipeline.php(170): Illuminate\\Routing\\Router->Illuminate\\Routing\\{closure}(Object(Illuminate\\Http\\Request))
#23 /Users/aleksandr/projects/btf/vendor/barryvdh/laravel-debugbar/src/Middleware/InjectDebugbar.php(66): Illuminate\\Pipeline\\Pipeline->Illuminate\\Pipeline\\{closure}(Object(Illuminate\\Http\\Request))
#24 /Users/aleksandr/projects/btf/vendor/laravel/framework/src/Illuminate/Pipeline/Pipeline.php(209): Barryvdh\\Debugbar\\Middleware\\InjectDebugbar->handle(Object(Illuminate\\Http\\Request), Object(Closure))
#25 /Users/aleksandr/projects/btf/app/Http/Middleware/UserActivity.php(20): Illuminate\\Pipeline\\Pipeline->Illuminate\\Pipeline\\{closure}(Object(Illuminate\\Http\\Request))
#26 /Users/aleksandr/projects/btf/vendor/laravel/framework/src/Illuminate/Pipeline/Pipeline.php(209): App\\Http\\Middleware\\UserActivity->handle(Object(Illuminate\\Http\\Request), Object(Closure))
#27 /Users/aleksandr/projects/btf/app/Http/Middleware/SetLocale.php(51): Illuminate\\Pipeline\\Pipeline->Illuminate\\Pipeline\\{closure}(Object(Illuminate\\Http\\Request))
#28 /Users/aleksandr/projects/btf/vendor/laravel/framework/src/Illuminate/Pipeline/Pipeline.php(209): App\\Http\\Middleware\\SetLocale->handle(Object(Illuminate\\Http\\Request), Object(Closure))
#29 /Users/aleksandr/projects/btf/vendor/erlandmuchasaj/laravel-gzip/src/Middleware/GzipEncodeResponse.php(19): Illuminate\\Pipeline\\Pipeline->Illuminate\\Pipeline\\{closure}(Object(Illuminate\\Http\\Request))
#30 /Users/aleksandr/projects/btf/vendor/laravel/framework/src/Illuminate/Pipeline/Pipeline.php(209): ErlandMuchasaj\\LaravelGzip\\Middleware\\GzipEncodeResponse->handle(Object(Illuminate\\Http\\Request), Object(Closure))
#31 /Users/aleksandr/projects/btf/vendor/laravel/framework/src/Illuminate/Routing/Middleware/SubstituteBindings.php(51): Illuminate\\Pipeline\\Pipeline->Illuminate\\Pipeline\\{closure}(Object(Illuminate\\Http\\Request))
#32 /Users/aleksandr/projects/btf/vendor/laravel/framework/src/Illuminate/Pipeline/Pipeline.php(209): Illuminate\\Routing\\Middleware\\SubstituteBindings->handle(Object(Illuminate\\Http\\Request), Object(Closure))
#33 /Users/aleksandr/projects/btf/vendor/laravel/framework/src/Illuminate/Auth/Middleware/Authenticate.php(64): Illuminate\\Pipeline\\Pipeline->Illuminate\\Pipeline\\{closure}(Object(Illuminate\\Http\\Request))
#34 /Users/aleksandr/projects/btf/vendor/laravel/framework/src/Illuminate/Pipeline/Pipeline.php(209): Illuminate\\Auth\\Middleware\\Authenticate->handle(Object(Illuminate\\Http\\Request), Object(Closure))
#35 /Users/aleksandr/projects/btf/vendor/laravel/framework/src/Illuminate/Foundation/Http/Middleware/VerifyCsrfToken.php(88): Illuminate\\Pipeline\\Pipeline->Illuminate\\Pipeline\\{closure}(Object(Illuminate\\Http\\Request))
#36 /Users/aleksandr/projects/btf/vendor/laravel/framework/src/Illuminate/Pipeline/Pipeline.php(209): Illuminate\\Foundation\\Http\\Middleware\\VerifyCsrfToken->handle(Object(Illuminate\\Http\\Request), Object(Closure))
#37 /Users/aleksandr/projects/btf/vendor/laravel/framework/src/Illuminate/View/Middleware/ShareErrorsFromSession.php(49): Illuminate\\Pipeline\\Pipeline->Illuminate\\Pipeline\\{closure}(Object(Illuminate\\Http\\Request))
#38 /Users/aleksandr/projects/btf/vendor/laravel/framework/src/Illuminate/Pipeline/Pipeline.php(209): Illuminate\\View\\Middleware\\ShareErrorsFromSession->handle(Object(Illuminate\\Http\\Request), Object(Closure))
#39 /Users/aleksandr/projects/btf/vendor/laravel/framework/src/Illuminate/Session/Middleware/StartSession.php(121): Illuminate\\Pipeline\\Pipeline->Illuminate\\Pipeline\\{closure}(Object(Illuminate\\Http\\Request))
#40 /Users/aleksandr/projects/btf/vendor/laravel/framework/src/Illuminate/Session/Middleware/StartSession.php(64): Illuminate\\Session\\Middleware\\StartSession->handleStatefulRequest(Object(Illuminate\\Http\\Request), Object(Illuminate\\Session\\Store), Object(Closure))
#41 /Users/aleksandr/projects/btf/vendor/laravel/framework/src/Illuminate/Pipeline/Pipeline.php(209): Illuminate\\Session\\Middleware\\StartSession->handle(Object(Illuminate\\Http\\Request), Object(Closure))
#42 /Users/aleksandr/projects/btf/vendor/laravel/framework/src/Illuminate/Cookie/Middleware/AddQueuedCookiesToResponse.php(37): Illuminate\\Pipeline\\Pipeline->Illuminate\\Pipeline\\{closure}(Object(Illuminate\\Http\\Request))
#43 /Users/aleksandr/projects/btf/vendor/laravel/framework/src/Illuminate/Pipeline/Pipeline.php(209): Illuminate\\Cookie\\Middleware\\AddQueuedCookiesToResponse->handle(Object(Illuminate\\Http\\Request), Object(Closure))
#44 /Users/aleksandr/projects/btf/vendor/laravel/framework/src/Illuminate/Cookie/Middleware/EncryptCookies.php(75): Illuminate\\Pipeline\\Pipeline->Illuminate\\Pipeline\\{closure}(Object(Illuminate\\Http\\Request))
#45 /Users/aleksandr/projects/btf/vendor/laravel/framework/src/Illuminate/Pipeline/Pipeline.php(209): Illuminate\\Cookie\\Middleware\\EncryptCookies->handle(Object(Illuminate\\Http\\Request), Object(Closure))
#46 /Users/aleksandr/projects/btf/vendor/laravel/framework/src/Illuminate/Pipeline/Pipeline.php(127): Illuminate\\Pipeline\\Pipeline->Illuminate\\Pipeline\\{closure}(Object(Illuminate\\Http\\Request))
#47 /Users/aleksandr/projects/btf/vendor/laravel/framework/src/Illuminate/Routing/Router.php(807): Illuminate\\Pipeline\\Pipeline->then(Object(Closure))
#48 /Users/aleksandr/projects/btf/vendor/laravel/framework/src/Illuminate/Routing/Router.php(786): Illuminate\\Routing\\Router->runRouteWithinStack(Object(Illuminate\\Routing\\Route), Object(Illuminate\\Http\\Request))
#49 /Users/aleksandr/projects/btf/vendor/laravel/framework/src/Illuminate/Routing/Router.php(750): Illuminate\\Routing\\Router->runRoute(Object(Illuminate\\Http\\Request), Object(Illuminate\\Routing\\Route))
#50 /Users/aleksandr/projects/btf/vendor/laravel/framework/src/Illuminate/Routing/Router.php(739): Illuminate\\Routing\\Router->dispatchToRoute(Object(Illuminate\\Http\\Request))
#51 /Users/aleksandr/projects/btf/vendor/laravel/framework/src/Illuminate/Foundation/Http/Kernel.php(201): Illuminate\\Routing\\Router->dispatch(Object(Illuminate\\Http\\Request))
#52 /Users/aleksandr/projects/btf/vendor/laravel/framework/src/Illuminate/Pipeline/Pipeline.php(170): Illuminate\\Foundation\\Http\\Kernel->Illuminate\\Foundation\\Http\\{closure}(Object(Illuminate\\Http\\Request))
#53 /Users/aleksandr/projects/btf/vendor/barryvdh/laravel-debugbar/src/Middleware/InjectDebugbar.php(66): Illuminate\\Pipeline\\Pipeline->Illuminate\\Pipeline\\{closure}(Object(Illuminate\\Http\\Request))
#54 /Users/aleksandr/projects/btf/vendor/laravel/framework/src/Illuminate/Pipeline/Pipeline.php(209): Barryvdh\\Debugbar\\Middleware\\InjectDebugbar->handle(Object(Illuminate\\Http\\Request), Object(Closure))
#55 /Users/aleksandr/projects/btf/vendor/laravel/framework/src/Illuminate/Foundation/Http/Middleware/TransformsRequest.php(21): Illuminate\\Pipeline\\Pipeline->Illuminate\\Pipeline\\{closure}(Object(Illuminate\\Http\\Request))
#56 /Users/aleksandr/projects/btf/vendor/laravel/framework/src/Illuminate/Foundation/Http/Middleware/ConvertEmptyStringsToNull.php(31): Illuminate\\Foundation\\Http\\Middleware\\TransformsRequest->handle(Object(Illuminate\\Http\\Request), Object(Closure))
#57 /Users/aleksandr/projects/btf/vendor/laravel/framework/src/Illuminate/Pipeline/Pipeline.php(209): Illuminate\\Foundation\\Http\\Middleware\\ConvertEmptyStringsToNull->handle(Object(Illuminate\\Http\\Request), Object(Closure))
#58 /Users/aleksandr/projects/btf/vendor/laravel/framework/src/Illuminate/Foundation/Http/Middleware/TransformsRequest.php(21): Illuminate\\Pipeline\\Pipeline->Illuminate\\Pipeline\\{closure}(Object(Illuminate\\Http\\Request))
#59 /Users/aleksandr/projects/btf/vendor/laravel/framework/src/Illuminate/Foundation/Http/Middleware/TrimStrings.php(51): Illuminate\\Foundation\\Http\\Middleware\\TransformsRequest->handle(Object(Illuminate\\Http\\Request), Object(Closure))
#60 /Users/aleksandr/projects/btf/vendor/laravel/framework/src/Illuminate/Pipeline/Pipeline.php(209): Illuminate\\Foundation\\Http\\Middleware\\TrimStrings->handle(Object(Illuminate\\Http\\Request), Object(Closure))
#61 /Users/aleksandr/projects/btf/vendor/laravel/framework/src/Illuminate/Http/Middleware/ValidatePostSize.php(27): Illuminate\\Pipeline\\Pipeline->Illuminate\\Pipeline\\{closure}(Object(Illuminate\\Http\\Request))
#62 /Users/aleksandr/projects/btf/vendor/laravel/framework/src/Illuminate/Pipeline/Pipeline.php(209): Illuminate\\Http\\Middleware\\ValidatePostSize->handle(Object(Illuminate\\Http\\Request), Object(Closure))
#63 /Users/aleksandr/projects/btf/vendor/laravel/framework/src/Illuminate/Foundation/Http/Middleware/PreventRequestsDuringMaintenance.php(110): Illuminate\\Pipeline\\Pipeline->Illuminate\\Pipeline\\{closure}(Object(Illuminate\\Http\\Request))
#64 /Users/aleksandr/projects/btf/vendor/laravel/framework/src/Illuminate/Pipeline/Pipeline.php(209): Illuminate\\Foundation\\Http\\Middleware\\PreventRequestsDuringMaintenance->handle(Object(Illuminate\\Http\\Request), Object(Closure))
#65 /Users/aleksandr/projects/btf/vendor/laravel/framework/src/Illuminate/Http/Middleware/HandleCors.php(49): Illuminate\\Pipeline\\Pipeline->Illuminate\\Pipeline\\{closure}(Object(Illuminate\\Http\\Request))
#66 /Users/aleksandr/projects/btf/vendor/laravel/framework/src/Illuminate/Pipeline/Pipeline.php(209): Illuminate\\Http\\Middleware\\HandleCors->handle(Object(Illuminate\\Http\\Request), Object(Closure))
#67 /Users/aleksandr/projects/btf/vendor/laravel/framework/src/Illuminate/Http/Middleware/TrustProxies.php(58): Illuminate\\Pipeline\\Pipeline->Illuminate\\Pipeline\\{closure}(Object(Illuminate\\Http\\Request))
#68 /Users/aleksandr/projects/btf/vendor/laravel/framework/src/Illuminate/Pipeline/Pipeline.php(209): Illuminate\\Http\\Middleware\\TrustProxies->handle(Object(Illuminate\\Http\\Request), Object(Closure))
#69 /Users/aleksandr/projects/btf/vendor/laravel/framework/src/Illuminate/Pipeline/Pipeline.php(127): Illuminate\\Pipeline\\Pipeline->Illuminate\\Pipeline\\{closure}(Object(Illuminate\\Http\\Request))
#70 /Users/aleksandr/projects/btf/vendor/laravel/framework/src/Illuminate/Foundation/Http/Kernel.php(176): Illuminate\\Pipeline\\Pipeline->then(Object(Closure))
#71 /Users/aleksandr/projects/btf/vendor/laravel/framework/src/Illuminate/Foundation/Http/Kernel.php(145): Illuminate\\Foundation\\Http\\Kernel->sendRequestThroughRouter(Object(Illuminate\\Http\\Request))
#72 /Users/aleksandr/projects/btf/public/index.php(50): Illuminate\\Foundation\\Http\\Kernel->handle(Object(Illuminate\\Http\\Request))
#73 /Users/aleksandr/projects/btf/vendor/laravel/framework/src/Illuminate/Foundation/resources/server.php(23): require_once('/Users/aleksand...')
#74 {main}
"} 
[2025-05-01 16:28:00] production.ERROR: Unable to locate file in Vite manifest: resources/css/backend.css. {"view":{"view":"/Users/aleksandr/projects/btf/resources/views/backend/layouts/main.blade.php","data":{"your_ip":"<pre class=sf-dump id=sf-dump-1864789326 data-indent-pad=\"  \">\"<span class=sf-dump-str title=\"13 characters\">192.168.0.102</span>\"
</pre><script>Sfdump(\"sf-dump-1864789326\", {\"maxDepth\":3,\"maxStringLength\":160})</script>
","your_location":"<pre class=sf-dump id=sf-dump-191704621 data-indent-pad=\"  \">\"<span class=sf-dump-str title=\"19 characters\">Kaliningrad, Russia</span>\"
</pre><script>Sfdump(\"sf-dump-191704621\", {\"maxDepth\":3,\"maxStringLength\":160})</script>
","errors":"<pre class=sf-dump id=sf-dump-1017583030 data-indent-pad=\"  \"><span class=sf-dump-note>Illuminate\\Support\\ViewErrorBag</span> {<a class=sf-dump-ref>#2003</a><samp data-depth=1 class=sf-dump-expanded>
  #<span class=sf-dump-protected title=\"Protected property\">bags</span>: []
</samp>}
</pre><script>Sfdump(\"sf-dump-1017583030\", {\"maxDepth\":3,\"maxStringLength\":160})</script>
","settings":"<pre class=sf-dump id=sf-dump-1245775103 data-indent-pad=\"  \"><span class=sf-dump-note>array:12</span> [<samp data-depth=1 class=sf-dump-expanded>
  \"<span class=sf-dump-key>phone</span>\" => \"<span class=sf-dump-str title=\"12 characters\">+74012313143</span>\"
  \"<span class=sf-dump-key>address</span>\" => \"<span class=sf-dump-str title=\"46 characters\">&#1075;. &#1050;&#1072;&#1083;&#1080;&#1085;&#1080;&#1085;&#1075;&#1088;&#1072;&#1076;, &#1085;&#1072;&#1073;&#1077;&#1088;&#1077;&#1078;&#1085;&#1072;&#1103; &#1055;&#1088;&#1072;&#1074;&#1072;&#1103;, 10, &#1083;&#1080;&#1090;&#1077;&#1088; &#1042;</span>\"
  \"<span class=sf-dump-key>schedule</span>\" => \"<span class=sf-dump-str title=\"89 characters\">&#1055;&#1085;-&#1055;&#1090;: 09:00 - 18:00, &lt;br class=&quot;d-md-none&quot;&gt; &#1055;&#1077;&#1088;&#1077;&#1088;&#1099;&#1074;: 13:00 - 14:00 &lt;br&gt; &#1057;&#1073;, &#1042;&#1089;: &#1042;&#1099;&#1093;&#1086;&#1076;&#1085;&#1086;&#1081;</span>\"
  \"<span class=sf-dump-key>coords</span>\" => \"<span class=sf-dump-str title=\"19 characters\">54.947113,20.159578</span>\"
  \"<span class=sf-dump-key>sitename</span>\" => \"<span class=sf-dump-str title=\"27 characters\">&#1041;&#1072;&#1083;&#1090;&#1080;&#1081;&#1089;&#1082;&#1072;&#1103; &#1090;&#1072;&#1073;&#1072;&#1095;&#1085;&#1072;&#1103; &#1092;&#1072;&#1073;&#1088;&#1080;&#1082;&#1072;</span>\"
  \"<span class=sf-dump-key>email</span>\" => \"<span class=sf-dump-str title=\"20 characters\">sekretar-kd@btf39.su</span>\"
  \"<span class=sf-dump-key>phone2</span>\" => \"<span class=sf-dump-str title=\"12 characters\">+74012313143</span>\"
  \"<span class=sf-dump-key>mobile</span>\" => \"<span class=sf-dump-str title=\"12 characters\">+79114547331</span>\"
  \"<span class=sf-dump-key>brands_count</span>\" => \"<span class=sf-dump-str title=\"2 characters\">15</span>\"
  \"<span class=sf-dump-key>distributors_count</span>\" => \"<span class=sf-dump-str title=\"2 characters\">20</span>\"
  \"<span class=sf-dump-key>years_count</span>\" => \"<span class=sf-dump-str title=\"2 characters\">27</span>\"
  \"<span class=sf-dump-key>employees_count</span>\" => \"<span class=sf-dump-str title=\"3 characters\">245</span>\"
</samp>]
</pre><script>Sfdump(\"sf-dump-1245775103\", {\"maxDepth\":3,\"maxStringLength\":160})</script>
","currencySymbol":"<pre class=sf-dump id=sf-dump-547345172 data-indent-pad=\"  \">\"<span class=sf-dump-str title=\"2 characters\">&#1088;.</span>\"
</pre><script>Sfdump(\"sf-dump-547345172\", {\"maxDepth\":3,\"maxStringLength\":160})</script>
","currencies":"<pre class=sf-dump id=sf-dump-2082010495 data-indent-pad=\"  \"><span class=sf-dump-note>array:3</span> [<samp data-depth=1 class=sf-dump-expanded>
  \"<span class=sf-dump-key>RUB</span>\" => <span class=\"sf-dump-note sf-dump-ellipsization\" title=\"App\\Models\\Currency
\"><span class=\"sf-dump-ellipsis sf-dump-ellipsis-note\">App\\Models</span><span class=\"sf-dump-ellipsis sf-dump-ellipsis-note\">\\</span><span class=\"sf-dump-ellipsis-tail\">Currency</span></span> {<a class=sf-dump-ref>#2054</a><samp data-depth=2 class=sf-dump-compact>
    #<span class=sf-dump-protected title=\"Protected property\">connection</span>: \"<span class=sf-dump-str title=\"5 characters\">mysql</span>\"
    #<span class=sf-dump-protected title=\"Protected property\">table</span>: \"<span class=sf-dump-str title=\"10 characters\">currencies</span>\"
    #<span class=sf-dump-protected title=\"Protected property\">primaryKey</span>: \"<span class=sf-dump-str title=\"2 characters\">id</span>\"
    #<span class=sf-dump-protected title=\"Protected property\">keyType</span>: \"<span class=sf-dump-str title=\"3 characters\">int</span>\"
    +<span class=sf-dump-public title=\"Public property\">incrementing</span>: <span class=sf-dump-const>true</span>
    #<span class=sf-dump-protected title=\"Protected property\">with</span>: []
    #<span class=sf-dump-protected title=\"Protected property\">withCount</span>: []
    +<span class=sf-dump-public title=\"Public property\">preventsLazyLoading</span>: <span class=sf-dump-const>false</span>
    #<span class=sf-dump-protected title=\"Protected property\">perPage</span>: <span class=sf-dump-num>15</span>
    +<span class=sf-dump-public title=\"Public property\">exists</span>: <span class=sf-dump-const>true</span>
    +<span class=sf-dump-public title=\"Public property\">wasRecentlyCreated</span>: <span class=sf-dump-const>false</span>
    #<span class=sf-dump-protected title=\"Protected property\">escapeWhenCastingToString</span>: <span class=sf-dump-const>false</span>
    #<span class=sf-dump-protected title=\"Protected property\">attributes</span>: <span class=sf-dump-note>array:8</span> [<samp data-depth=3 class=sf-dump-compact>
      \"<span class=sf-dump-key>id</span>\" => <span class=sf-dump-num>1</span>
      \"<span class=sf-dump-key>code</span>\" => \"<span class=sf-dump-str title=\"3 characters\">RUB</span>\"
      \"<span class=sf-dump-key>name</span>\" => \"<span class=sf-dump-str title=\"5 characters\">&#1056;&#1091;&#1073;&#1083;&#1080;</span>\"
      \"<span class=sf-dump-key>symbol</span>\" => \"<span class=sf-dump-str>&#8381;</span>\"
      \"<span class=sf-dump-key>is_main</span>\" => <span class=sf-dump-num>1</span>
      \"<span class=sf-dump-key>rate</span>\" => <span class=sf-dump-num>1.0</span>
      \"<span class=sf-dump-key>created_at</span>\" => <span class=sf-dump-const>null</span>
      \"<span class=sf-dump-key>updated_at</span>\" => \"<span class=sf-dump-str title=\"19 characters\">2024-03-31 12:06:01</span>\"
    </samp>]
    #<span class=sf-dump-protected title=\"Protected property\">original</span>: <span class=sf-dump-note>array:8</span> [<samp data-depth=3 class=sf-dump-compact>
      \"<span class=sf-dump-key>id</span>\" => <span class=sf-dump-num>1</span>
      \"<span class=sf-dump-key>code</span>\" => \"<span class=sf-dump-str title=\"3 characters\">RUB</span>\"
      \"<span class=sf-dump-key>name</span>\" => \"<span class=sf-dump-str title=\"5 characters\">&#1056;&#1091;&#1073;&#1083;&#1080;</span>\"
      \"<span class=sf-dump-key>symbol</span>\" => \"<span class=sf-dump-str>&#8381;</span>\"
      \"<span class=sf-dump-key>is_main</span>\" => <span class=sf-dump-num>1</span>
      \"<span class=sf-dump-key>rate</span>\" => <span class=sf-dump-num>1.0</span>
      \"<span class=sf-dump-key>created_at</span>\" => <span class=sf-dump-const>null</span>
      \"<span class=sf-dump-key>updated_at</span>\" => \"<span class=sf-dump-str title=\"19 characters\">2024-03-31 12:06:01</span>\"
    </samp>]
    #<span class=sf-dump-protected title=\"Protected property\">changes</span>: []
    #<span class=sf-dump-protected title=\"Protected property\">casts</span>: []
    #<span class=sf-dump-protected title=\"Protected property\">classCastCache</span>: []
    #<span class=sf-dump-protected title=\"Protected property\">attributeCastCache</span>: []
    #<span class=sf-dump-protected title=\"Protected property\">dateFormat</span>: <span class=sf-dump-const>null</span>
    #<span class=sf-dump-protected title=\"Protected property\">appends</span>: []
    #<span class=sf-dump-protected title=\"Protected property\">dispatchesEvents</span>: []
    #<span class=sf-dump-protected title=\"Protected property\">observables</span>: []
    #<span class=sf-dump-protected title=\"Protected property\">relations</span>: []
    #<span class=sf-dump-protected title=\"Protected property\">touches</span>: []
    +<span class=sf-dump-public title=\"Public property\">timestamps</span>: <span class=sf-dump-const>true</span>
    +<span class=sf-dump-public title=\"Public property\">usesUniqueIds</span>: <span class=sf-dump-const>false</span>
    #<span class=sf-dump-protected title=\"Protected property\">hidden</span>: []
    #<span class=sf-dump-protected title=\"Protected property\">visible</span>: []
    #<span class=sf-dump-protected title=\"Protected property\">fillable</span>: <span class=sf-dump-note>array:1</span> [<samp data-depth=3 class=sf-dump-compact>
      <span class=sf-dump-index>0</span> => \"<span class=sf-dump-str title=\"4 characters\">rate</span>\"
    </samp>]
    #<span class=sf-dump-protected title=\"Protected property\">guarded</span>: <span class=sf-dump-note>array:1</span> [<samp data-depth=3 class=sf-dump-compact>
      <span class=sf-dump-index>0</span> => \"<span class=sf-dump-str>*</span>\"
    </samp>]
  </samp>}
  \"<span class=sf-dump-key>USD</span>\" => <span class=\"sf-dump-note sf-dump-ellipsization\" title=\"App\\Models\\Currency
\"><span class=\"sf-dump-ellipsis sf-dump-ellipsis-note\">App\\Models</span><span class=\"sf-dump-ellipsis sf-dump-ellipsis-note\">\\</span><span class=\"sf-dump-ellipsis-tail\">Currency</span></span> {<a class=sf-dump-ref>#2056</a><samp data-depth=2 class=sf-dump-compact>
    #<span class=sf-dump-protected title=\"Protected property\">connection</span>: \"<span class=sf-dump-str title=\"5 characters\">mysql</span>\"
    #<span class=sf-dump-protected title=\"Protected property\">table</span>: \"<span class=sf-dump-str title=\"10 characters\">currencies</span>\"
    #<span class=sf-dump-protected title=\"Protected property\">primaryKey</span>: \"<span class=sf-dump-str title=\"2 characters\">id</span>\"
    #<span class=sf-dump-protected title=\"Protected property\">keyType</span>: \"<span class=sf-dump-str title=\"3 characters\">int</span>\"
    +<span class=sf-dump-public title=\"Public property\">incrementing</span>: <span class=sf-dump-const>true</span>
    #<span class=sf-dump-protected title=\"Protected property\">with</span>: []
    #<span class=sf-dump-protected title=\"Protected property\">withCount</span>: []
    +<span class=sf-dump-public title=\"Public property\">preventsLazyLoading</span>: <span class=sf-dump-const>false</span>
    #<span class=sf-dump-protected title=\"Protected property\">perPage</span>: <span class=sf-dump-num>15</span>
    +<span class=sf-dump-public title=\"Public property\">exists</span>: <span class=sf-dump-const>true</span>
    +<span class=sf-dump-public title=\"Public property\">wasRecentlyCreated</span>: <span class=sf-dump-const>false</span>
    #<span class=sf-dump-protected title=\"Protected property\">escapeWhenCastingToString</span>: <span class=sf-dump-const>false</span>
    #<span class=sf-dump-protected title=\"Protected property\">attributes</span>: <span class=sf-dump-note>array:8</span> [<samp data-depth=3 class=sf-dump-compact>
      \"<span class=sf-dump-key>id</span>\" => <span class=sf-dump-num>2</span>
      \"<span class=sf-dump-key>code</span>\" => \"<span class=sf-dump-str title=\"3 characters\">USD</span>\"
      \"<span class=sf-dump-key>name</span>\" => \"<span class=sf-dump-str title=\"7 characters\">&#1044;&#1086;&#1083;&#1083;&#1072;&#1088;&#1099;</span>\"
      \"<span class=sf-dump-key>symbol</span>\" => \"<span class=sf-dump-str>$</span>\"
      \"<span class=sf-dump-key>is_main</span>\" => <span class=sf-dump-num>0</span>
      \"<span class=sf-dump-key>rate</span>\" => <span class=sf-dump-num>0.0108019931</span>
      \"<span class=sf-dump-key>created_at</span>\" => <span class=sf-dump-const>null</span>
      \"<span class=sf-dump-key>updated_at</span>\" => \"<span class=sf-dump-str title=\"19 characters\">2024-03-31 12:56:29</span>\"
    </samp>]
    #<span class=sf-dump-protected title=\"Protected property\">original</span>: <span class=sf-dump-note>array:8</span> [<samp data-depth=3 class=sf-dump-compact>
      \"<span class=sf-dump-key>id</span>\" => <span class=sf-dump-num>2</span>
      \"<span class=sf-dump-key>code</span>\" => \"<span class=sf-dump-str title=\"3 characters\">USD</span>\"
      \"<span class=sf-dump-key>name</span>\" => \"<span class=sf-dump-str title=\"7 characters\">&#1044;&#1086;&#1083;&#1083;&#1072;&#1088;&#1099;</span>\"
      \"<span class=sf-dump-key>symbol</span>\" => \"<span class=sf-dump-str>$</span>\"
      \"<span class=sf-dump-key>is_main</span>\" => <span class=sf-dump-num>0</span>
      \"<span class=sf-dump-key>rate</span>\" => <span class=sf-dump-num>0.0108019931</span>
      \"<span class=sf-dump-key>created_at</span>\" => <span class=sf-dump-const>null</span>
      \"<span class=sf-dump-key>updated_at</span>\" => \"<span class=sf-dump-str title=\"19 characters\">2024-03-31 12:56:29</span>\"
    </samp>]
    #<span class=sf-dump-protected title=\"Protected property\">changes</span>: []
    #<span class=sf-dump-protected title=\"Protected property\">casts</span>: []
    #<span class=sf-dump-protected title=\"Protected property\">classCastCache</span>: []
    #<span class=sf-dump-protected title=\"Protected property\">attributeCastCache</span>: []
    #<span class=sf-dump-protected title=\"Protected property\">dateFormat</span>: <span class=sf-dump-const>null</span>
    #<span class=sf-dump-protected title=\"Protected property\">appends</span>: []
    #<span class=sf-dump-protected title=\"Protected property\">dispatchesEvents</span>: []
    #<span class=sf-dump-protected title=\"Protected property\">observables</span>: []
    #<span class=sf-dump-protected title=\"Protected property\">relations</span>: []
    #<span class=sf-dump-protected title=\"Protected property\">touches</span>: []
    +<span class=sf-dump-public title=\"Public property\">timestamps</span>: <span class=sf-dump-const>true</span>
    +<span class=sf-dump-public title=\"Public property\">usesUniqueIds</span>: <span class=sf-dump-const>false</span>
    #<span class=sf-dump-protected title=\"Protected property\">hidden</span>: []
    #<span class=sf-dump-protected title=\"Protected property\">visible</span>: []
    #<span class=sf-dump-protected title=\"Protected property\">fillable</span>: <span class=sf-dump-note>array:1</span> [<samp data-depth=3 class=sf-dump-compact>
      <span class=sf-dump-index>0</span> => \"<span class=sf-dump-str title=\"4 characters\">rate</span>\"
    </samp>]
    #<span class=sf-dump-protected title=\"Protected property\">guarded</span>: <span class=sf-dump-note>array:1</span> [<samp data-depth=3 class=sf-dump-compact>
      <span class=sf-dump-index>0</span> => \"<span class=sf-dump-str>*</span>\"
    </samp>]
  </samp>}
  \"<span class=sf-dump-key>EUR</span>\" => <span class=\"sf-dump-note sf-dump-ellipsization\" title=\"App\\Models\\Currency
\"><span class=\"sf-dump-ellipsis sf-dump-ellipsis-note\">App\\Models</span><span class=\"sf-dump-ellipsis sf-dump-ellipsis-note\">\\</span><span class=\"sf-dump-ellipsis-tail\">Currency</span></span> {<a class=sf-dump-ref>#2090</a><samp data-depth=2 class=sf-dump-compact>
    #<span class=sf-dump-protected title=\"Protected property\">connection</span>: \"<span class=sf-dump-str title=\"5 characters\">mysql</span>\"
    #<span class=sf-dump-protected title=\"Protected property\">table</span>: \"<span class=sf-dump-str title=\"10 characters\">currencies</span>\"
    #<span class=sf-dump-protected title=\"Protected property\">primaryKey</span>: \"<span class=sf-dump-str title=\"2 characters\">id</span>\"
    #<span class=sf-dump-protected title=\"Protected property\">keyType</span>: \"<span class=sf-dump-str title=\"3 characters\">int</span>\"
    +<span class=sf-dump-public title=\"Public property\">incrementing</span>: <span class=sf-dump-const>true</span>
    #<span class=sf-dump-protected title=\"Protected property\">with</span>: []
    #<span class=sf-dump-protected title=\"Protected property\">withCount</span>: []
    +<span class=sf-dump-public title=\"Public property\">preventsLazyLoading</span>: <span class=sf-dump-const>false</span>
    #<span class=sf-dump-protected title=\"Protected property\">perPage</span>: <span class=sf-dump-num>15</span>
    +<span class=sf-dump-public title=\"Public property\">exists</span>: <span class=sf-dump-const>true</span>
    +<span class=sf-dump-public title=\"Public property\">wasRecentlyCreated</span>: <span class=sf-dump-const>false</span>
    #<span class=sf-dump-protected title=\"Protected property\">escapeWhenCastingToString</span>: <span class=sf-dump-const>false</span>
    #<span class=sf-dump-protected title=\"Protected property\">attributes</span>: <span class=sf-dump-note>array:8</span> [<samp data-depth=3 class=sf-dump-compact>
      \"<span class=sf-dump-key>id</span>\" => <span class=sf-dump-num>3</span>
      \"<span class=sf-dump-key>code</span>\" => \"<span class=sf-dump-str title=\"3 characters\">EUR</span>\"
      \"<span class=sf-dump-key>name</span>\" => \"<span class=sf-dump-str title=\"4 characters\">&#1045;&#1074;&#1088;&#1086;</span>\"
      \"<span class=sf-dump-key>symbol</span>\" => \"<span class=sf-dump-str>&#8364;</span>\"
      \"<span class=sf-dump-key>is_main</span>\" => <span class=sf-dump-num>0</span>
      \"<span class=sf-dump-key>rate</span>\" => <span class=sf-dump-num>0.0100045918</span>
      \"<span class=sf-dump-key>created_at</span>\" => <span class=sf-dump-const>null</span>
      \"<span class=sf-dump-key>updated_at</span>\" => \"<span class=sf-dump-str title=\"19 characters\">2024-03-31 12:56:29</span>\"
    </samp>]
    #<span class=sf-dump-protected title=\"Protected property\">original</span>: <span class=sf-dump-note>array:8</span> [<samp data-depth=3 class=sf-dump-compact>
      \"<span class=sf-dump-key>id</span>\" => <span class=sf-dump-num>3</span>
      \"<span class=sf-dump-key>code</span>\" => \"<span class=sf-dump-str title=\"3 characters\">EUR</span>\"
      \"<span class=sf-dump-key>name</span>\" => \"<span class=sf-dump-str title=\"4 characters\">&#1045;&#1074;&#1088;&#1086;</span>\"
      \"<span class=sf-dump-key>symbol</span>\" => \"<span class=sf-dump-str>&#8364;</span>\"
      \"<span class=sf-dump-key>is_main</span>\" => <span class=sf-dump-num>0</span>
      \"<span class=sf-dump-key>rate</span>\" => <span class=sf-dump-num>0.0100045918</span>
      \"<span class=sf-dump-key>created_at</span>\" => <span class=sf-dump-const>null</span>
      \"<span class=sf-dump-key>updated_at</span>\" => \"<span class=sf-dump-str title=\"19 characters\">2024-03-31 12:56:29</span>\"
    </samp>]
    #<span class=sf-dump-protected title=\"Protected property\">changes</span>: []
    #<span class=sf-dump-protected title=\"Protected property\">casts</span>: []
    #<span class=sf-dump-protected title=\"Protected property\">classCastCache</span>: []
    #<span class=sf-dump-protected title=\"Protected property\">attributeCastCache</span>: []
    #<span class=sf-dump-protected title=\"Protected property\">dateFormat</span>: <span class=sf-dump-const>null</span>
    #<span class=sf-dump-protected title=\"Protected property\">appends</span>: []
    #<span class=sf-dump-protected title=\"Protected property\">dispatchesEvents</span>: []
    #<span class=sf-dump-protected title=\"Protected property\">observables</span>: []
    #<span class=sf-dump-protected title=\"Protected property\">relations</span>: []
    #<span class=sf-dump-protected title=\"Protected property\">touches</span>: []
    +<span class=sf-dump-public title=\"Public property\">timestamps</span>: <span class=sf-dump-const>true</span>
    +<span class=sf-dump-public title=\"Public property\">usesUniqueIds</span>: <span class=sf-dump-const>false</span>
    #<span class=sf-dump-protected title=\"Protected property\">hidden</span>: []
    #<span class=sf-dump-protected title=\"Protected property\">visible</span>: []
    #<span class=sf-dump-protected title=\"Protected property\">fillable</span>: <span class=sf-dump-note>array:1</span> [<samp data-depth=3 class=sf-dump-compact>
      <span class=sf-dump-index>0</span> => \"<span class=sf-dump-str title=\"4 characters\">rate</span>\"
    </samp>]
    #<span class=sf-dump-protected title=\"Protected property\">guarded</span>: <span class=sf-dump-note>array:1</span> [<samp data-depth=3 class=sf-dump-compact>
      <span class=sf-dump-index>0</span> => \"<span class=sf-dump-str>*</span>\"
    </samp>]
  </samp>}
</samp>]
</pre><script>Sfdump(\"sf-dump-2082010495\", {\"maxDepth\":3,\"maxStringLength\":160})</script>
"}},"userId":1,"exception":"[object] (Spatie\\LaravelIgnition\\Exceptions\\ViewException(code: 0): Unable to locate file in Vite manifest: resources/css/backend.css. at /Users/aleksandr/projects/btf/vendor/laravel/framework/src/Illuminate/Foundation/Vite.php:987)
[stacktrace]
#0 /Users/aleksandr/projects/btf/vendor/laravel/framework/src/Illuminate/Foundation/Vite.php(390): Illuminate\\Foundation\\Vite->chunk(Array, 'resources/css/b...')
#1 /Users/aleksandr/projects/btf/resources/views/backend/layouts/main.blade.php(19): Illuminate\\Foundation\\Vite->__invoke(Object(Illuminate\\Support\\Collection))
#2 /Users/aleksandr/projects/btf/vendor/laravel/framework/src/Illuminate/Filesystem/Filesystem.php(123): require('/Users/aleksand...')
#3 /Users/aleksandr/projects/btf/vendor/laravel/framework/src/Illuminate/Filesystem/Filesystem.php(124): Illuminate\\Filesystem\\Filesystem::Illuminate\\Filesystem\\{closure}()
#4 /Users/aleksandr/projects/btf/vendor/laravel/framework/src/Illuminate/View/Engines/PhpEngine.php(58): Illuminate\\Filesystem\\Filesystem->getRequire('/Users/aleksand...', Array)
#5 /Users/aleksandr/projects/btf/vendor/laravel/framework/src/Illuminate/View/Engines/CompilerEngine.php(75): Illuminate\\View\\Engines\\PhpEngine->evaluatePath('/Users/aleksand...', Array)
#6 /Users/aleksandr/projects/btf/vendor/laravel/framework/src/Illuminate/View/View.php(209): Illuminate\\View\\Engines\\CompilerEngine->get('/Users/aleksand...', Array)
#7 /Users/aleksandr/projects/btf/vendor/laravel/framework/src/Illuminate/View/View.php(192): Illuminate\\View\\View->getContents()
#8 /Users/aleksandr/projects/btf/vendor/laravel/framework/src/Illuminate/View/View.php(161): Illuminate\\View\\View->renderContents()
#9 /Users/aleksandr/projects/btf/resources/views/backend/app.blade.php(18): Illuminate\\View\\View->render()
#10 /Users/aleksandr/projects/btf/vendor/laravel/framework/src/Illuminate/Filesystem/Filesystem.php(123): require('/Users/aleksand...')
#11 /Users/aleksandr/projects/btf/vendor/laravel/framework/src/Illuminate/Filesystem/Filesystem.php(124): Illuminate\\Filesystem\\Filesystem::Illuminate\\Filesystem\\{closure}()
#12 /Users/aleksandr/projects/btf/vendor/laravel/framework/src/Illuminate/View/Engines/PhpEngine.php(58): Illuminate\\Filesystem\\Filesystem->getRequire('/Users/aleksand...', Array)
#13 /Users/aleksandr/projects/btf/vendor/laravel/framework/src/Illuminate/View/Engines/CompilerEngine.php(75): Illuminate\\View\\Engines\\PhpEngine->evaluatePath('/Users/aleksand...', Array)
#14 /Users/aleksandr/projects/btf/vendor/laravel/framework/src/Illuminate/View/View.php(209): Illuminate\\View\\Engines\\CompilerEngine->get('/Users/aleksand...', Array)
#15 /Users/aleksandr/projects/btf/vendor/laravel/framework/src/Illuminate/View/View.php(192): Illuminate\\View\\View->getContents()
#16 /Users/aleksandr/projects/btf/vendor/laravel/framework/src/Illuminate/View/View.php(161): Illuminate\\View\\View->renderContents()
#17 /Users/aleksandr/projects/btf/vendor/laravel/framework/src/Illuminate/Http/Response.php(79): Illuminate\\View\\View->render()
#18 /Users/aleksandr/projects/btf/vendor/laravel/framework/src/Illuminate/Http/Response.php(35): Illuminate\\Http\\Response->setContent(Object(Illuminate\\View\\View))
#19 /Users/aleksandr/projects/btf/vendor/laravel/framework/src/Illuminate/Routing/Router.php(920): Illuminate\\Http\\Response->__construct(Object(Illuminate\\View\\View), 200, Array)
#20 /Users/aleksandr/projects/btf/vendor/laravel/framework/src/Illuminate/Routing/Router.php(887): Illuminate\\Routing\\Router::toResponse(Object(Illuminate\\Http\\Request), Object(Illuminate\\View\\View))
#21 /Users/aleksandr/projects/btf/vendor/laravel/framework/src/Illuminate/Routing/Router.php(807): Illuminate\\Routing\\Router->prepareResponse(Object(Illuminate\\Http\\Request), Object(Illuminate\\View\\View))
#22 /Users/aleksandr/projects/btf/vendor/laravel/framework/src/Illuminate/Pipeline/Pipeline.php(170): Illuminate\\Routing\\Router->Illuminate\\Routing\\{closure}(Object(Illuminate\\Http\\Request))
#23 /Users/aleksandr/projects/btf/vendor/barryvdh/laravel-debugbar/src/Middleware/InjectDebugbar.php(66): Illuminate\\Pipeline\\Pipeline->Illuminate\\Pipeline\\{closure}(Object(Illuminate\\Http\\Request))
#24 /Users/aleksandr/projects/btf/vendor/laravel/framework/src/Illuminate/Pipeline/Pipeline.php(209): Barryvdh\\Debugbar\\Middleware\\InjectDebugbar->handle(Object(Illuminate\\Http\\Request), Object(Closure))
#25 /Users/aleksandr/projects/btf/app/Http/Middleware/UserActivity.php(20): Illuminate\\Pipeline\\Pipeline->Illuminate\\Pipeline\\{closure}(Object(Illuminate\\Http\\Request))
#26 /Users/aleksandr/projects/btf/vendor/laravel/framework/src/Illuminate/Pipeline/Pipeline.php(209): App\\Http\\Middleware\\UserActivity->handle(Object(Illuminate\\Http\\Request), Object(Closure))
#27 /Users/aleksandr/projects/btf/app/Http/Middleware/SetLocale.php(51): Illuminate\\Pipeline\\Pipeline->Illuminate\\Pipeline\\{closure}(Object(Illuminate\\Http\\Request))
#28 /Users/aleksandr/projects/btf/vendor/laravel/framework/src/Illuminate/Pipeline/Pipeline.php(209): App\\Http\\Middleware\\SetLocale->handle(Object(Illuminate\\Http\\Request), Object(Closure))
#29 /Users/aleksandr/projects/btf/vendor/erlandmuchasaj/laravel-gzip/src/Middleware/GzipEncodeResponse.php(19): Illuminate\\Pipeline\\Pipeline->Illuminate\\Pipeline\\{closure}(Object(Illuminate\\Http\\Request))
#30 /Users/aleksandr/projects/btf/vendor/laravel/framework/src/Illuminate/Pipeline/Pipeline.php(209): ErlandMuchasaj\\LaravelGzip\\Middleware\\GzipEncodeResponse->handle(Object(Illuminate\\Http\\Request), Object(Closure))
#31 /Users/aleksandr/projects/btf/vendor/laravel/framework/src/Illuminate/Routing/Middleware/SubstituteBindings.php(51): Illuminate\\Pipeline\\Pipeline->Illuminate\\Pipeline\\{closure}(Object(Illuminate\\Http\\Request))
#32 /Users/aleksandr/projects/btf/vendor/laravel/framework/src/Illuminate/Pipeline/Pipeline.php(209): Illuminate\\Routing\\Middleware\\SubstituteBindings->handle(Object(Illuminate\\Http\\Request), Object(Closure))
#33 /Users/aleksandr/projects/btf/vendor/laravel/framework/src/Illuminate/Auth/Middleware/Authenticate.php(64): Illuminate\\Pipeline\\Pipeline->Illuminate\\Pipeline\\{closure}(Object(Illuminate\\Http\\Request))
#34 /Users/aleksandr/projects/btf/vendor/laravel/framework/src/Illuminate/Pipeline/Pipeline.php(209): Illuminate\\Auth\\Middleware\\Authenticate->handle(Object(Illuminate\\Http\\Request), Object(Closure))
#35 /Users/aleksandr/projects/btf/vendor/laravel/framework/src/Illuminate/Foundation/Http/Middleware/VerifyCsrfToken.php(88): Illuminate\\Pipeline\\Pipeline->Illuminate\\Pipeline\\{closure}(Object(Illuminate\\Http\\Request))
#36 /Users/aleksandr/projects/btf/vendor/laravel/framework/src/Illuminate/Pipeline/Pipeline.php(209): Illuminate\\Foundation\\Http\\Middleware\\VerifyCsrfToken->handle(Object(Illuminate\\Http\\Request), Object(Closure))
#37 /Users/aleksandr/projects/btf/vendor/laravel/framework/src/Illuminate/View/Middleware/ShareErrorsFromSession.php(49): Illuminate\\Pipeline\\Pipeline->Illuminate\\Pipeline\\{closure}(Object(Illuminate\\Http\\Request))
#38 /Users/aleksandr/projects/btf/vendor/laravel/framework/src/Illuminate/Pipeline/Pipeline.php(209): Illuminate\\View\\Middleware\\ShareErrorsFromSession->handle(Object(Illuminate\\Http\\Request), Object(Closure))
#39 /Users/aleksandr/projects/btf/vendor/laravel/framework/src/Illuminate/Session/Middleware/StartSession.php(121): Illuminate\\Pipeline\\Pipeline->Illuminate\\Pipeline\\{closure}(Object(Illuminate\\Http\\Request))
#40 /Users/aleksandr/projects/btf/vendor/laravel/framework/src/Illuminate/Session/Middleware/StartSession.php(64): Illuminate\\Session\\Middleware\\StartSession->handleStatefulRequest(Object(Illuminate\\Http\\Request), Object(Illuminate\\Session\\Store), Object(Closure))
#41 /Users/aleksandr/projects/btf/vendor/laravel/framework/src/Illuminate/Pipeline/Pipeline.php(209): Illuminate\\Session\\Middleware\\StartSession->handle(Object(Illuminate\\Http\\Request), Object(Closure))
#42 /Users/aleksandr/projects/btf/vendor/laravel/framework/src/Illuminate/Cookie/Middleware/AddQueuedCookiesToResponse.php(37): Illuminate\\Pipeline\\Pipeline->Illuminate\\Pipeline\\{closure}(Object(Illuminate\\Http\\Request))
#43 /Users/aleksandr/projects/btf/vendor/laravel/framework/src/Illuminate/Pipeline/Pipeline.php(209): Illuminate\\Cookie\\Middleware\\AddQueuedCookiesToResponse->handle(Object(Illuminate\\Http\\Request), Object(Closure))
#44 /Users/aleksandr/projects/btf/vendor/laravel/framework/src/Illuminate/Cookie/Middleware/EncryptCookies.php(75): Illuminate\\Pipeline\\Pipeline->Illuminate\\Pipeline\\{closure}(Object(Illuminate\\Http\\Request))
#45 /Users/aleksandr/projects/btf/vendor/laravel/framework/src/Illuminate/Pipeline/Pipeline.php(209): Illuminate\\Cookie\\Middleware\\EncryptCookies->handle(Object(Illuminate\\Http\\Request), Object(Closure))
#46 /Users/aleksandr/projects/btf/vendor/laravel/framework/src/Illuminate/Pipeline/Pipeline.php(127): Illuminate\\Pipeline\\Pipeline->Illuminate\\Pipeline\\{closure}(Object(Illuminate\\Http\\Request))
#47 /Users/aleksandr/projects/btf/vendor/laravel/framework/src/Illuminate/Routing/Router.php(807): Illuminate\\Pipeline\\Pipeline->then(Object(Closure))
#48 /Users/aleksandr/projects/btf/vendor/laravel/framework/src/Illuminate/Routing/Router.php(786): Illuminate\\Routing\\Router->runRouteWithinStack(Object(Illuminate\\Routing\\Route), Object(Illuminate\\Http\\Request))
#49 /Users/aleksandr/projects/btf/vendor/laravel/framework/src/Illuminate/Routing/Router.php(750): Illuminate\\Routing\\Router->runRoute(Object(Illuminate\\Http\\Request), Object(Illuminate\\Routing\\Route))
#50 /Users/aleksandr/projects/btf/vendor/laravel/framework/src/Illuminate/Routing/Router.php(739): Illuminate\\Routing\\Router->dispatchToRoute(Object(Illuminate\\Http\\Request))
#51 /Users/aleksandr/projects/btf/vendor/laravel/framework/src/Illuminate/Foundation/Http/Kernel.php(201): Illuminate\\Routing\\Router->dispatch(Object(Illuminate\\Http\\Request))
#52 /Users/aleksandr/projects/btf/vendor/laravel/framework/src/Illuminate/Pipeline/Pipeline.php(170): Illuminate\\Foundation\\Http\\Kernel->Illuminate\\Foundation\\Http\\{closure}(Object(Illuminate\\Http\\Request))
#53 /Users/aleksandr/projects/btf/vendor/barryvdh/laravel-debugbar/src/Middleware/InjectDebugbar.php(66): Illuminate\\Pipeline\\Pipeline->Illuminate\\Pipeline\\{closure}(Object(Illuminate\\Http\\Request))
#54 /Users/aleksandr/projects/btf/vendor/laravel/framework/src/Illuminate/Pipeline/Pipeline.php(209): Barryvdh\\Debugbar\\Middleware\\InjectDebugbar->handle(Object(Illuminate\\Http\\Request), Object(Closure))
#55 /Users/aleksandr/projects/btf/vendor/laravel/framework/src/Illuminate/Foundation/Http/Middleware/TransformsRequest.php(21): Illuminate\\Pipeline\\Pipeline->Illuminate\\Pipeline\\{closure}(Object(Illuminate\\Http\\Request))
#56 /Users/aleksandr/projects/btf/vendor/laravel/framework/src/Illuminate/Foundation/Http/Middleware/ConvertEmptyStringsToNull.php(31): Illuminate\\Foundation\\Http\\Middleware\\TransformsRequest->handle(Object(Illuminate\\Http\\Request), Object(Closure))
#57 /Users/aleksandr/projects/btf/vendor/laravel/framework/src/Illuminate/Pipeline/Pipeline.php(209): Illuminate\\Foundation\\Http\\Middleware\\ConvertEmptyStringsToNull->handle(Object(Illuminate\\Http\\Request), Object(Closure))
#58 /Users/aleksandr/projects/btf/vendor/laravel/framework/src/Illuminate/Foundation/Http/Middleware/TransformsRequest.php(21): Illuminate\\Pipeline\\Pipeline->Illuminate\\Pipeline\\{closure}(Object(Illuminate\\Http\\Request))
#59 /Users/aleksandr/projects/btf/vendor/laravel/framework/src/Illuminate/Foundation/Http/Middleware/TrimStrings.php(51): Illuminate\\Foundation\\Http\\Middleware\\TransformsRequest->handle(Object(Illuminate\\Http\\Request), Object(Closure))
#60 /Users/aleksandr/projects/btf/vendor/laravel/framework/src/Illuminate/Pipeline/Pipeline.php(209): Illuminate\\Foundation\\Http\\Middleware\\TrimStrings->handle(Object(Illuminate\\Http\\Request), Object(Closure))
#61 /Users/aleksandr/projects/btf/vendor/laravel/framework/src/Illuminate/Http/Middleware/ValidatePostSize.php(27): Illuminate\\Pipeline\\Pipeline->Illuminate\\Pipeline\\{closure}(Object(Illuminate\\Http\\Request))
#62 /Users/aleksandr/projects/btf/vendor/laravel/framework/src/Illuminate/Pipeline/Pipeline.php(209): Illuminate\\Http\\Middleware\\ValidatePostSize->handle(Object(Illuminate\\Http\\Request), Object(Closure))
#63 /Users/aleksandr/projects/btf/vendor/laravel/framework/src/Illuminate/Foundation/Http/Middleware/PreventRequestsDuringMaintenance.php(110): Illuminate\\Pipeline\\Pipeline->Illuminate\\Pipeline\\{closure}(Object(Illuminate\\Http\\Request))
#64 /Users/aleksandr/projects/btf/vendor/laravel/framework/src/Illuminate/Pipeline/Pipeline.php(209): Illuminate\\Foundation\\Http\\Middleware\\PreventRequestsDuringMaintenance->handle(Object(Illuminate\\Http\\Request), Object(Closure))
#65 /Users/aleksandr/projects/btf/vendor/laravel/framework/src/Illuminate/Http/Middleware/HandleCors.php(49): Illuminate\\Pipeline\\Pipeline->Illuminate\\Pipeline\\{closure}(Object(Illuminate\\Http\\Request))
#66 /Users/aleksandr/projects/btf/vendor/laravel/framework/src/Illuminate/Pipeline/Pipeline.php(209): Illuminate\\Http\\Middleware\\HandleCors->handle(Object(Illuminate\\Http\\Request), Object(Closure))
#67 /Users/aleksandr/projects/btf/vendor/laravel/framework/src/Illuminate/Http/Middleware/TrustProxies.php(58): Illuminate\\Pipeline\\Pipeline->Illuminate\\Pipeline\\{closure}(Object(Illuminate\\Http\\Request))
#68 /Users/aleksandr/projects/btf/vendor/laravel/framework/src/Illuminate/Pipeline/Pipeline.php(209): Illuminate\\Http\\Middleware\\TrustProxies->handle(Object(Illuminate\\Http\\Request), Object(Closure))
#69 /Users/aleksandr/projects/btf/vendor/laravel/framework/src/Illuminate/Pipeline/Pipeline.php(127): Illuminate\\Pipeline\\Pipeline->Illuminate\\Pipeline\\{closure}(Object(Illuminate\\Http\\Request))
#70 /Users/aleksandr/projects/btf/vendor/laravel/framework/src/Illuminate/Foundation/Http/Kernel.php(176): Illuminate\\Pipeline\\Pipeline->then(Object(Closure))
#71 /Users/aleksandr/projects/btf/vendor/laravel/framework/src/Illuminate/Foundation/Http/Kernel.php(145): Illuminate\\Foundation\\Http\\Kernel->sendRequestThroughRouter(Object(Illuminate\\Http\\Request))
#72 /Users/aleksandr/projects/btf/public/index.php(50): Illuminate\\Foundation\\Http\\Kernel->handle(Object(Illuminate\\Http\\Request))
#73 /Users/aleksandr/projects/btf/vendor/laravel/framework/src/Illuminate/Foundation/resources/server.php(23): require_once('/Users/aleksand...')
#74 {main}

[previous exception] [object] (Illuminate\\Foundation\\ViteException(code: 0): Unable to locate file in Vite manifest: resources/css/backend.css. at /Users/aleksandr/projects/btf/vendor/laravel/framework/src/Illuminate/Foundation/Vite.php:987)
[stacktrace]
#0 /Users/aleksandr/projects/btf/vendor/laravel/framework/src/Illuminate/Foundation/Vite.php(390): Illuminate\\Foundation\\Vite->chunk(Array, 'resources/css/b...')
#1 /Users/aleksandr/projects/btf/storage/framework/views/7459470b865f24c4f37e3aba8a81a3c2.php(19): Illuminate\\Foundation\\Vite->__invoke(Object(Illuminate\\Support\\Collection))
#2 /Users/aleksandr/projects/btf/vendor/laravel/framework/src/Illuminate/Filesystem/Filesystem.php(123): require('/Users/aleksand...')
#3 /Users/aleksandr/projects/btf/vendor/laravel/framework/src/Illuminate/Filesystem/Filesystem.php(124): Illuminate\\Filesystem\\Filesystem::Illuminate\\Filesystem\\{closure}()
#4 /Users/aleksandr/projects/btf/vendor/laravel/framework/src/Illuminate/View/Engines/PhpEngine.php(58): Illuminate\\Filesystem\\Filesystem->getRequire('/Users/aleksand...', Array)
#5 /Users/aleksandr/projects/btf/vendor/laravel/framework/src/Illuminate/View/Engines/CompilerEngine.php(75): Illuminate\\View\\Engines\\PhpEngine->evaluatePath('/Users/aleksand...', Array)
#6 /Users/aleksandr/projects/btf/vendor/laravel/framework/src/Illuminate/View/View.php(209): Illuminate\\View\\Engines\\CompilerEngine->get('/Users/aleksand...', Array)
#7 /Users/aleksandr/projects/btf/vendor/laravel/framework/src/Illuminate/View/View.php(192): Illuminate\\View\\View->getContents()
#8 /Users/aleksandr/projects/btf/vendor/laravel/framework/src/Illuminate/View/View.php(161): Illuminate\\View\\View->renderContents()
#9 /Users/aleksandr/projects/btf/storage/framework/views/764c61709ea29d27eb928f0088b73eec.php(18): Illuminate\\View\\View->render()
#10 /Users/aleksandr/projects/btf/vendor/laravel/framework/src/Illuminate/Filesystem/Filesystem.php(123): require('/Users/aleksand...')
#11 /Users/aleksandr/projects/btf/vendor/laravel/framework/src/Illuminate/Filesystem/Filesystem.php(124): Illuminate\\Filesystem\\Filesystem::Illuminate\\Filesystem\\{closure}()
#12 /Users/aleksandr/projects/btf/vendor/laravel/framework/src/Illuminate/View/Engines/PhpEngine.php(58): Illuminate\\Filesystem\\Filesystem->getRequire('/Users/aleksand...', Array)
#13 /Users/aleksandr/projects/btf/vendor/laravel/framework/src/Illuminate/View/Engines/CompilerEngine.php(75): Illuminate\\View\\Engines\\PhpEngine->evaluatePath('/Users/aleksand...', Array)
#14 /Users/aleksandr/projects/btf/vendor/laravel/framework/src/Illuminate/View/View.php(209): Illuminate\\View\\Engines\\CompilerEngine->get('/Users/aleksand...', Array)
#15 /Users/aleksandr/projects/btf/vendor/laravel/framework/src/Illuminate/View/View.php(192): Illuminate\\View\\View->getContents()
#16 /Users/aleksandr/projects/btf/vendor/laravel/framework/src/Illuminate/View/View.php(161): Illuminate\\View\\View->renderContents()
#17 /Users/aleksandr/projects/btf/vendor/laravel/framework/src/Illuminate/Http/Response.php(79): Illuminate\\View\\View->render()
#18 /Users/aleksandr/projects/btf/vendor/laravel/framework/src/Illuminate/Http/Response.php(35): Illuminate\\Http\\Response->setContent(Object(Illuminate\\View\\View))
#19 /Users/aleksandr/projects/btf/vendor/laravel/framework/src/Illuminate/Routing/Router.php(920): Illuminate\\Http\\Response->__construct(Object(Illuminate\\View\\View), 200, Array)
#20 /Users/aleksandr/projects/btf/vendor/laravel/framework/src/Illuminate/Routing/Router.php(887): Illuminate\\Routing\\Router::toResponse(Object(Illuminate\\Http\\Request), Object(Illuminate\\View\\View))
#21 /Users/aleksandr/projects/btf/vendor/laravel/framework/src/Illuminate/Routing/Router.php(807): Illuminate\\Routing\\Router->prepareResponse(Object(Illuminate\\Http\\Request), Object(Illuminate\\View\\View))
#22 /Users/aleksandr/projects/btf/vendor/laravel/framework/src/Illuminate/Pipeline/Pipeline.php(170): Illuminate\\Routing\\Router->Illuminate\\Routing\\{closure}(Object(Illuminate\\Http\\Request))
#23 /Users/aleksandr/projects/btf/vendor/barryvdh/laravel-debugbar/src/Middleware/InjectDebugbar.php(66): Illuminate\\Pipeline\\Pipeline->Illuminate\\Pipeline\\{closure}(Object(Illuminate\\Http\\Request))
#24 /Users/aleksandr/projects/btf/vendor/laravel/framework/src/Illuminate/Pipeline/Pipeline.php(209): Barryvdh\\Debugbar\\Middleware\\InjectDebugbar->handle(Object(Illuminate\\Http\\Request), Object(Closure))
#25 /Users/aleksandr/projects/btf/app/Http/Middleware/UserActivity.php(20): Illuminate\\Pipeline\\Pipeline->Illuminate\\Pipeline\\{closure}(Object(Illuminate\\Http\\Request))
#26 /Users/aleksandr/projects/btf/vendor/laravel/framework/src/Illuminate/Pipeline/Pipeline.php(209): App\\Http\\Middleware\\UserActivity->handle(Object(Illuminate\\Http\\Request), Object(Closure))
#27 /Users/aleksandr/projects/btf/app/Http/Middleware/SetLocale.php(51): Illuminate\\Pipeline\\Pipeline->Illuminate\\Pipeline\\{closure}(Object(Illuminate\\Http\\Request))
#28 /Users/aleksandr/projects/btf/vendor/laravel/framework/src/Illuminate/Pipeline/Pipeline.php(209): App\\Http\\Middleware\\SetLocale->handle(Object(Illuminate\\Http\\Request), Object(Closure))
#29 /Users/aleksandr/projects/btf/vendor/erlandmuchasaj/laravel-gzip/src/Middleware/GzipEncodeResponse.php(19): Illuminate\\Pipeline\\Pipeline->Illuminate\\Pipeline\\{closure}(Object(Illuminate\\Http\\Request))
#30 /Users/aleksandr/projects/btf/vendor/laravel/framework/src/Illuminate/Pipeline/Pipeline.php(209): ErlandMuchasaj\\LaravelGzip\\Middleware\\GzipEncodeResponse->handle(Object(Illuminate\\Http\\Request), Object(Closure))
#31 /Users/aleksandr/projects/btf/vendor/laravel/framework/src/Illuminate/Routing/Middleware/SubstituteBindings.php(51): Illuminate\\Pipeline\\Pipeline->Illuminate\\Pipeline\\{closure}(Object(Illuminate\\Http\\Request))
#32 /Users/aleksandr/projects/btf/vendor/laravel/framework/src/Illuminate/Pipeline/Pipeline.php(209): Illuminate\\Routing\\Middleware\\SubstituteBindings->handle(Object(Illuminate\\Http\\Request), Object(Closure))
#33 /Users/aleksandr/projects/btf/vendor/laravel/framework/src/Illuminate/Auth/Middleware/Authenticate.php(64): Illuminate\\Pipeline\\Pipeline->Illuminate\\Pipeline\\{closure}(Object(Illuminate\\Http\\Request))
#34 /Users/aleksandr/projects/btf/vendor/laravel/framework/src/Illuminate/Pipeline/Pipeline.php(209): Illuminate\\Auth\\Middleware\\Authenticate->handle(Object(Illuminate\\Http\\Request), Object(Closure))
#35 /Users/aleksandr/projects/btf/vendor/laravel/framework/src/Illuminate/Foundation/Http/Middleware/VerifyCsrfToken.php(88): Illuminate\\Pipeline\\Pipeline->Illuminate\\Pipeline\\{closure}(Object(Illuminate\\Http\\Request))
#36 /Users/aleksandr/projects/btf/vendor/laravel/framework/src/Illuminate/Pipeline/Pipeline.php(209): Illuminate\\Foundation\\Http\\Middleware\\VerifyCsrfToken->handle(Object(Illuminate\\Http\\Request), Object(Closure))
#37 /Users/aleksandr/projects/btf/vendor/laravel/framework/src/Illuminate/View/Middleware/ShareErrorsFromSession.php(49): Illuminate\\Pipeline\\Pipeline->Illuminate\\Pipeline\\{closure}(Object(Illuminate\\Http\\Request))
#38 /Users/aleksandr/projects/btf/vendor/laravel/framework/src/Illuminate/Pipeline/Pipeline.php(209): Illuminate\\View\\Middleware\\ShareErrorsFromSession->handle(Object(Illuminate\\Http\\Request), Object(Closure))
#39 /Users/aleksandr/projects/btf/vendor/laravel/framework/src/Illuminate/Session/Middleware/StartSession.php(121): Illuminate\\Pipeline\\Pipeline->Illuminate\\Pipeline\\{closure}(Object(Illuminate\\Http\\Request))
#40 /Users/aleksandr/projects/btf/vendor/laravel/framework/src/Illuminate/Session/Middleware/StartSession.php(64): Illuminate\\Session\\Middleware\\StartSession->handleStatefulRequest(Object(Illuminate\\Http\\Request), Object(Illuminate\\Session\\Store), Object(Closure))
#41 /Users/aleksandr/projects/btf/vendor/laravel/framework/src/Illuminate/Pipeline/Pipeline.php(209): Illuminate\\Session\\Middleware\\StartSession->handle(Object(Illuminate\\Http\\Request), Object(Closure))
#42 /Users/aleksandr/projects/btf/vendor/laravel/framework/src/Illuminate/Cookie/Middleware/AddQueuedCookiesToResponse.php(37): Illuminate\\Pipeline\\Pipeline->Illuminate\\Pipeline\\{closure}(Object(Illuminate\\Http\\Request))
#43 /Users/aleksandr/projects/btf/vendor/laravel/framework/src/Illuminate/Pipeline/Pipeline.php(209): Illuminate\\Cookie\\Middleware\\AddQueuedCookiesToResponse->handle(Object(Illuminate\\Http\\Request), Object(Closure))
#44 /Users/aleksandr/projects/btf/vendor/laravel/framework/src/Illuminate/Cookie/Middleware/EncryptCookies.php(75): Illuminate\\Pipeline\\Pipeline->Illuminate\\Pipeline\\{closure}(Object(Illuminate\\Http\\Request))
#45 /Users/aleksandr/projects/btf/vendor/laravel/framework/src/Illuminate/Pipeline/Pipeline.php(209): Illuminate\\Cookie\\Middleware\\EncryptCookies->handle(Object(Illuminate\\Http\\Request), Object(Closure))
#46 /Users/aleksandr/projects/btf/vendor/laravel/framework/src/Illuminate/Pipeline/Pipeline.php(127): Illuminate\\Pipeline\\Pipeline->Illuminate\\Pipeline\\{closure}(Object(Illuminate\\Http\\Request))
#47 /Users/aleksandr/projects/btf/vendor/laravel/framework/src/Illuminate/Routing/Router.php(807): Illuminate\\Pipeline\\Pipeline->then(Object(Closure))
#48 /Users/aleksandr/projects/btf/vendor/laravel/framework/src/Illuminate/Routing/Router.php(786): Illuminate\\Routing\\Router->runRouteWithinStack(Object(Illuminate\\Routing\\Route), Object(Illuminate\\Http\\Request))
#49 /Users/aleksandr/projects/btf/vendor/laravel/framework/src/Illuminate/Routing/Router.php(750): Illuminate\\Routing\\Router->runRoute(Object(Illuminate\\Http\\Request), Object(Illuminate\\Routing\\Route))
#50 /Users/aleksandr/projects/btf/vendor/laravel/framework/src/Illuminate/Routing/Router.php(739): Illuminate\\Routing\\Router->dispatchToRoute(Object(Illuminate\\Http\\Request))
#51 /Users/aleksandr/projects/btf/vendor/laravel/framework/src/Illuminate/Foundation/Http/Kernel.php(201): Illuminate\\Routing\\Router->dispatch(Object(Illuminate\\Http\\Request))
#52 /Users/aleksandr/projects/btf/vendor/laravel/framework/src/Illuminate/Pipeline/Pipeline.php(170): Illuminate\\Foundation\\Http\\Kernel->Illuminate\\Foundation\\Http\\{closure}(Object(Illuminate\\Http\\Request))
#53 /Users/aleksandr/projects/btf/vendor/barryvdh/laravel-debugbar/src/Middleware/InjectDebugbar.php(66): Illuminate\\Pipeline\\Pipeline->Illuminate\\Pipeline\\{closure}(Object(Illuminate\\Http\\Request))
#54 /Users/aleksandr/projects/btf/vendor/laravel/framework/src/Illuminate/Pipeline/Pipeline.php(209): Barryvdh\\Debugbar\\Middleware\\InjectDebugbar->handle(Object(Illuminate\\Http\\Request), Object(Closure))
#55 /Users/aleksandr/projects/btf/vendor/laravel/framework/src/Illuminate/Foundation/Http/Middleware/TransformsRequest.php(21): Illuminate\\Pipeline\\Pipeline->Illuminate\\Pipeline\\{closure}(Object(Illuminate\\Http\\Request))
#56 /Users/aleksandr/projects/btf/vendor/laravel/framework/src/Illuminate/Foundation/Http/Middleware/ConvertEmptyStringsToNull.php(31): Illuminate\\Foundation\\Http\\Middleware\\TransformsRequest->handle(Object(Illuminate\\Http\\Request), Object(Closure))
#57 /Users/aleksandr/projects/btf/vendor/laravel/framework/src/Illuminate/Pipeline/Pipeline.php(209): Illuminate\\Foundation\\Http\\Middleware\\ConvertEmptyStringsToNull->handle(Object(Illuminate\\Http\\Request), Object(Closure))
#58 /Users/aleksandr/projects/btf/vendor/laravel/framework/src/Illuminate/Foundation/Http/Middleware/TransformsRequest.php(21): Illuminate\\Pipeline\\Pipeline->Illuminate\\Pipeline\\{closure}(Object(Illuminate\\Http\\Request))
#59 /Users/aleksandr/projects/btf/vendor/laravel/framework/src/Illuminate/Foundation/Http/Middleware/TrimStrings.php(51): Illuminate\\Foundation\\Http\\Middleware\\TransformsRequest->handle(Object(Illuminate\\Http\\Request), Object(Closure))
#60 /Users/aleksandr/projects/btf/vendor/laravel/framework/src/Illuminate/Pipeline/Pipeline.php(209): Illuminate\\Foundation\\Http\\Middleware\\TrimStrings->handle(Object(Illuminate\\Http\\Request), Object(Closure))
#61 /Users/aleksandr/projects/btf/vendor/laravel/framework/src/Illuminate/Http/Middleware/ValidatePostSize.php(27): Illuminate\\Pipeline\\Pipeline->Illuminate\\Pipeline\\{closure}(Object(Illuminate\\Http\\Request))
#62 /Users/aleksandr/projects/btf/vendor/laravel/framework/src/Illuminate/Pipeline/Pipeline.php(209): Illuminate\\Http\\Middleware\\ValidatePostSize->handle(Object(Illuminate\\Http\\Request), Object(Closure))
#63 /Users/aleksandr/projects/btf/vendor/laravel/framework/src/Illuminate/Foundation/Http/Middleware/PreventRequestsDuringMaintenance.php(110): Illuminate\\Pipeline\\Pipeline->Illuminate\\Pipeline\\{closure}(Object(Illuminate\\Http\\Request))
#64 /Users/aleksandr/projects/btf/vendor/laravel/framework/src/Illuminate/Pipeline/Pipeline.php(209): Illuminate\\Foundation\\Http\\Middleware\\PreventRequestsDuringMaintenance->handle(Object(Illuminate\\Http\\Request), Object(Closure))
#65 /Users/aleksandr/projects/btf/vendor/laravel/framework/src/Illuminate/Http/Middleware/HandleCors.php(49): Illuminate\\Pipeline\\Pipeline->Illuminate\\Pipeline\\{closure}(Object(Illuminate\\Http\\Request))
#66 /Users/aleksandr/projects/btf/vendor/laravel/framework/src/Illuminate/Pipeline/Pipeline.php(209): Illuminate\\Http\\Middleware\\HandleCors->handle(Object(Illuminate\\Http\\Request), Object(Closure))
#67 /Users/aleksandr/projects/btf/vendor/laravel/framework/src/Illuminate/Http/Middleware/TrustProxies.php(58): Illuminate\\Pipeline\\Pipeline->Illuminate\\Pipeline\\{closure}(Object(Illuminate\\Http\\Request))
#68 /Users/aleksandr/projects/btf/vendor/laravel/framework/src/Illuminate/Pipeline/Pipeline.php(209): Illuminate\\Http\\Middleware\\TrustProxies->handle(Object(Illuminate\\Http\\Request), Object(Closure))
#69 /Users/aleksandr/projects/btf/vendor/laravel/framework/src/Illuminate/Pipeline/Pipeline.php(127): Illuminate\\Pipeline\\Pipeline->Illuminate\\Pipeline\\{closure}(Object(Illuminate\\Http\\Request))
#70 /Users/aleksandr/projects/btf/vendor/laravel/framework/src/Illuminate/Foundation/Http/Kernel.php(176): Illuminate\\Pipeline\\Pipeline->then(Object(Closure))
#71 /Users/aleksandr/projects/btf/vendor/laravel/framework/src/Illuminate/Foundation/Http/Kernel.php(145): Illuminate\\Foundation\\Http\\Kernel->sendRequestThroughRouter(Object(Illuminate\\Http\\Request))
#72 /Users/aleksandr/projects/btf/public/index.php(50): Illuminate\\Foundation\\Http\\Kernel->handle(Object(Illuminate\\Http\\Request))
#73 /Users/aleksandr/projects/btf/vendor/laravel/framework/src/Illuminate/Foundation/resources/server.php(23): require_once('/Users/aleksand...')
#74 {main}
"} 
